gene_symbol,tmt_plex,Mmus_BAL-TAL_LVR_BSL_Rep1_B1,Mmus_BAL-TAL_LVR_BSL_Rep2_B2,Mmus_BAL-TAL_LVR_BSL_Rep3_B3,Mmus_BAL-TAL_LVR_GC_Rep1_G1,Mmus_BAL-TAL_LVR_GC_Rep2_G2,Mmus_BAL-TAL_LVR_GC_Rep3_G3,Mmus_BAL-TAL_LVR_FLT_Rep1_F1,Mmus_BAL-TAL_LVR_FLT_Rep2_F2,Mmus_BAL-TAL_LVR_FLT_Rep3_F3,Mmus_BAL-TAL_LVR_BSL_Rep4_B4,Mmus_BAL-TAL_LVR_BSL_Rep5_B6,Mmus_BAL-TAL_LVR_BSL_Rep6_B7,Mmus_BAL-TAL_LVR_GC_Rep4_G5,Mmus_BAL-TAL_LVR_GC_Rep5_G6,Mmus_BAL-TAL_LVR_GC_Rep6_G7,Mmus_BAL-TAL_LVR_FLT_Rep4_F4,Mmus_BAL-TAL_LVR_FLT_Rep5_F5,Mmus_BAL-TAL_LVR_FLT_Rep6_F6
Cps1,plex_1,0.93,1.01,1.09,1.29,0.82,0.87,0.99,0.98,0.76,,,,,,,,,
Fasn,plex_1,0.67,0.75,0.92,1.0,0.6,1.0,1.09,1.19,1.3,,,,,,,,,
Aldh1l1,plex_1,0.73,0.82,0.92,1.34,0.76,1.07,1.07,0.95,0.84,,,,,,,,,
Pcx,plex_1,0.88,0.94,1.03,1.2,0.82,0.84,1.15,1.05,0.8,,,,,,,,,
Sardh,plex_1,0.83,0.86,1.01,1.29,0.78,0.99,1.19,1.11,0.79,,,,,,,,,
Myh9,plex_1,0.98,0.93,1.01,1.23,0.85,0.91,1.03,0.98,0.84,,,,,,,,,
Sptan1,plex_1,0.94,0.94,1.05,1.29,0.87,0.91,0.99,0.96,0.79,,,,,,,,,
Dmgdh,plex_1,0.87,0.88,1.03,1.36,0.82,0.95,1.15,1.12,0.8,,,,,,,,,
Tln1,plex_1,0.96,0.91,1.0,1.35,0.91,0.96,1.09,1.06,0.8,,,,,,,,,
Eef2,plex_1,0.85,0.94,1.03,1.32,0.8,0.94,1.11,0.97,0.81,,,,,,,,,
Alb,plex_1,1.53,1.2,0.85,1.05,0.75,1.06,0.65,0.96,0.61,,,,,,,,,
C3,plex_1,1.18,1.05,1.0,1.32,0.78,0.96,0.87,0.88,0.71,,,,,,,,,
Cltc,plex_1,0.97,0.88,1.04,1.37,0.84,0.94,1.07,0.94,0.77,,,,,,,,,
Atp5b,plex_1,0.92,0.9,1.04,1.28,0.84,0.95,1.13,1.06,0.76,,,,,,,,,
Aldh6a1,plex_1,0.9,0.9,1.03,1.38,0.84,0.95,1.17,1.05,0.79,,,,,,,,,
Agl,plex_1,0.84,0.93,1.07,1.49,0.81,0.97,1.05,0.9,0.92,,,,,,,,,
Cat,plex_1,0.78,0.96,1.06,1.23,0.77,0.94,1.1,0.94,0.87,,,,,,,,,
Hspd1,plex_1,0.95,0.93,1.04,1.22,0.79,0.92,1.16,0.99,0.8,,,,,,,,,
Pygl,plex_1,0.88,0.88,1.15,1.34,0.88,1.05,1.17,0.96,0.96,,,,,,,,,
Mthfd1,plex_1,0.82,0.87,0.97,1.33,0.8,1.0,1.1,0.98,0.85,,,,,,,,,
Aldh2,plex_1,0.85,0.95,1.0,1.23,0.78,0.92,1.09,1.01,0.81,,,,,,,,,
Ehhadh,plex_1,0.84,0.96,1.01,1.37,0.78,0.9,1.02,0.91,0.92,,,,,,,,,
Aass,plex_1,0.77,0.98,1.03,1.52,0.81,0.84,1.07,1.14,0.82,,,,,,,,,
Acaa2,plex_1,0.91,0.89,1.04,1.3,0.82,0.89,1.11,1.02,0.78,,,,,,,,,
Hsp90ab1,plex_1,0.88,0.9,1.0,1.32,0.8,0.99,1.12,0.97,0.84,,,,,,,,,
Eef1a1,plex_1,0.87,0.95,1.01,1.24,0.81,0.88,1.14,0.93,0.83,,,,,,,,,
Hadha,plex_1,0.93,0.98,1.09,1.34,0.84,0.96,1.22,1.1,0.81,,,,,,,,,
Glud1,plex_1,0.96,0.94,1.11,1.27,0.84,0.87,1.1,1.05,0.74,,,,,,,,,
Vcp,plex_1,0.9,0.94,1.05,1.28,0.79,0.93,1.1,0.95,0.74,,,,,,,,,
aco1,plex_1,0.87,0.9,1.03,1.39,0.74,0.92,1.07,0.9,0.8,,,,,,,,,
Aco1,plex_1,0.87,0.9,1.03,1.39,0.74,0.92,1.07,0.9,0.8,,,,,,,,,
Ass1,plex_1,0.77,0.96,1.09,1.36,0.76,0.87,0.94,0.96,0.85,,,,,,,,,
Flnb,plex_1,0.81,0.87,0.97,1.23,0.8,0.89,1.14,0.99,0.8,,,,,,,,,
Tkfc,plex_1,0.83,0.8,1.13,1.17,0.75,0.95,1.18,1.04,0.94,,,,,,,,,
Dhtkd1,plex_1,0.86,0.98,1.07,1.33,0.77,0.9,1.11,1.07,0.81,,,,,,,,,
Hmgcs2,plex_1,0.84,0.94,1.02,1.21,0.86,0.92,1.22,1.1,0.9,,,,,,,,,
Hspa8,plex_1,0.86,0.91,1.01,1.25,0.77,0.96,1.13,0.96,0.81,,,,,,,,,
Actn4,plex_1,0.95,0.97,1.05,1.27,0.83,0.91,1.06,0.96,0.84,,,,,,,,,
Sdha,plex_1,0.86,0.93,1.0,1.24,0.79,0.94,1.11,1.03,0.8,,,,,,,,,
Hacl1,plex_1,0.81,0.86,0.96,1.36,0.68,1.06,1.12,0.89,0.86,,,,,,,,,
Hacl1,plex_1,0.81,0.86,0.96,1.36,0.68,1.06,1.12,0.89,0.86,,,,,,,,,
Hsp90b1,plex_1,1.0,0.96,1.02,1.22,0.86,0.94,1.1,0.93,0.77,,,,,,,,,
Hspa9,plex_1,0.93,0.92,1.09,1.23,0.78,0.91,1.16,1.09,0.82,,,,,,,,,
Atp5a1,plex_1,0.95,0.87,1.01,1.23,0.81,0.9,1.12,1.07,0.76,,,,,,,,,
Aco2,plex_1,0.83,0.87,0.99,1.23,0.81,0.92,1.17,1.15,0.78,,,,,,,,,
Acly,plex_1,0.67,0.75,0.84,0.95,0.62,1.04,1.02,1.1,1.07,,,,,,,,,
Mug1,plex_1,1.43,1.34,1.32,1.27,0.8,0.65,0.81,0.71,0.64,,,,,,,,,
Iqgap2,plex_1,0.87,0.92,1.08,1.47,0.85,1.07,1.14,1.03,0.86,,,,,,,,,
Ephx2,plex_1,0.8,0.87,1.0,1.39,0.76,0.92,1.13,1.01,0.89,,,,,,,,,
Gapdh,plex_1,0.82,0.79,1.05,1.24,0.81,0.96,1.18,1.07,0.84,,,,,,,,,
Slc25a13,plex_1,0.84,0.95,1.01,1.35,0.82,0.93,1.16,1.0,0.85,,,,,,,,,
Slc25a13,plex_1,0.84,0.95,1.01,1.35,0.82,0.93,1.16,1.0,0.85,,,,,,,,,
Ahcy,plex_1,0.81,0.9,1.09,1.48,0.78,0.98,1.14,0.96,0.83,,,,,,,,,
P4hb,plex_1,0.89,0.94,1.03,1.26,0.83,0.96,1.22,1.04,0.81,,,,,,,,,
P4hb,plex_1,0.89,0.94,1.03,1.26,0.83,0.96,1.22,1.04,0.81,,,,,,,,,
P4hb,plex_1,0.89,0.94,1.03,1.26,0.83,0.96,1.22,1.04,0.81,,,,,,,,,
P4hb,plex_1,0.89,0.94,1.03,1.26,0.83,0.96,1.22,1.04,0.81,,,,,,,,,
Acat1,plex_1,1.07,0.93,1.06,1.28,0.84,0.84,1.07,0.96,0.82,,,,,,,,,
Gm20425,plex_1,1.25,1.05,0.91,1.09,0.86,1.01,0.87,0.96,0.7,,,,,,,,,
Nnt,plex_1,0.87,0.97,0.96,1.26,0.83,0.91,1.1,0.95,0.76,,,,,,,,,
Nnt,plex_1,0.87,0.97,0.96,1.26,0.83,0.91,1.1,0.95,0.76,,,,,,,,,
Snd1,plex_1,0.92,0.99,1.09,1.3,0.88,0.91,1.09,0.9,0.8,,,,,,,,,
Uroc1,plex_1,0.82,0.82,1.08,1.36,0.75,0.99,1.09,0.97,0.82,,,,,,,,,
Uroc1,plex_1,0.82,0.82,1.08,1.36,0.75,0.99,1.09,0.97,0.82,,,,,,,,,
Pgk1,plex_1,0.86,0.85,1.0,1.34,0.8,0.96,1.1,1.03,0.81,,,,,,,,,
Krt18,plex_1,0.97,0.97,0.96,1.17,0.83,0.93,0.96,0.9,0.65,,,,,,,,,
Hadhb,plex_1,0.92,0.92,1.08,1.3,0.84,0.95,1.31,1.1,0.82,,,,,,,,,
Hpd,plex_1,0.84,0.9,0.97,1.34,0.76,0.98,1.05,0.89,0.86,,,,,,,,,
EG433182,plex_1,0.83,0.85,0.99,1.18,0.77,0.95,1.16,1.09,0.88,,,,,,,,,
Got2,plex_1,0.86,0.91,1.05,1.25,0.9,0.95,1.15,1.05,0.8,,,,,,,,,
Aldh1a1,plex_1,0.67,0.94,1.02,1.45,0.86,1.05,1.42,1.08,0.82,,,,,,,,,
Acox1,plex_1,0.74,0.9,0.92,1.38,0.84,0.95,1.27,0.98,1.0,,,,,,,,,
Pzp,plex_1,1.31,1.22,1.13,1.2,0.93,1.09,0.77,0.93,0.87,,,,,,,,,
Rrbp1,plex_1,0.94,0.94,1.09,1.25,0.79,0.88,1.12,0.92,0.72,,,,,,,,,
Pgm2,plex_1,0.84,0.93,1.09,1.41,0.83,1.0,1.06,0.96,0.83,,,,,,,,,
Pgm2,plex_1,0.84,0.93,1.09,1.41,0.83,1.0,1.06,0.96,0.83,,,,,,,,,
Pgm1,plex_1,0.84,0.93,1.09,1.41,0.83,1.0,1.06,0.96,0.83,,,,,,,,,
Hsd17b4,plex_1,0.79,1.0,1.01,1.41,0.75,0.99,1.19,0.95,1.02,,,,,,,,,
Aldob,plex_1,0.81,0.87,1.11,1.24,0.78,0.92,1.13,0.99,0.91,,,,,,,,,
Mat1a,plex_1,0.86,0.92,1.06,1.35,0.8,0.88,1.12,0.93,0.99,,,,,,,,,
Mttp,plex_1,0.83,0.88,0.99,1.34,0.73,0.97,1.13,0.96,0.9,,,,,,,,,
Krt8,plex_1,1.03,0.98,0.94,1.18,0.74,0.94,0.92,0.86,0.69,,,,,,,,,
Fbp1,plex_1,0.76,0.84,0.98,1.27,0.85,1.0,1.13,1.02,0.83,,,,,,,,,
Tubb4b,plex_1,0.9,0.9,1.04,1.29,0.83,0.93,1.06,0.97,0.83,,,,,,,,,
Fn1,plex_1,1.07,1.09,0.95,1.38,0.84,1.02,1.01,1.14,0.79,,,,,,,,,
Fn1,plex_1,1.07,1.09,0.95,1.38,0.84,1.02,1.01,1.14,0.79,,,,,,,,,
Fn1,plex_1,1.07,1.09,0.95,1.38,0.84,1.02,1.01,1.14,0.79,,,,,,,,,
Fn1,plex_1,1.07,1.09,0.95,1.38,0.84,1.02,1.01,1.14,0.79,,,,,,,,,
Fn1,plex_1,1.07,1.09,0.95,1.38,0.84,1.02,1.01,1.14,0.79,,,,,,,,,
Idh1,plex_1,0.9,0.82,1.0,1.36,0.8,0.99,1.09,0.98,0.85,,,,,,,,,
Idh1,plex_1,0.9,0.82,1.0,1.36,0.8,0.99,1.09,0.98,0.85,,,,,,,,,
Idh1,plex_1,0.9,0.82,1.0,1.36,0.8,0.99,1.09,0.98,0.85,,,,,,,,,
Atp1a1,plex_1,0.9,1.02,1.13,1.36,0.8,0.91,1.07,1.09,0.81,,,,,,,,,
Hspa5,plex_1,0.99,1.0,1.06,1.22,0.86,0.84,1.11,0.96,0.78,,,,,,,,,
Tkt,plex_1,0.91,0.84,1.04,1.21,0.74,0.89,1.0,0.94,0.85,,,,,,,,,
Slc27a2,plex_1,0.91,0.93,1.07,1.4,0.79,0.85,1.17,0.99,0.86,,,,,,,,,
Pdia3,plex_1,0.99,0.93,1.03,1.21,0.84,0.88,1.06,0.93,0.81,,,,,,,,,
Aldh8a1,plex_1,0.79,0.8,1.02,1.31,0.75,0.89,0.96,0.94,0.82,,,,,,,,,
Acadvl,plex_1,0.93,0.97,1.04,1.34,0.77,0.91,1.14,1.19,0.78,,,,,,,,,
Gldc,plex_1,0.98,1.01,1.26,1.41,0.92,1.05,1.15,1.1,0.79,,,,,,,,,
Sptbn1,plex_1,0.93,0.89,1.02,1.34,0.88,0.95,1.04,0.96,0.76,,,,,,,,,
Selenbp1,plex_1,0.84,0.92,1.05,1.35,0.8,0.97,1.12,0.86,0.83,,,,,,,,,
Rgn,plex_1,0.86,0.91,1.02,1.39,0.78,0.94,1.02,0.84,0.83,,,,,,,,,
Ugp2,plex_1,0.77,0.96,1.0,1.26,0.84,1.11,1.2,0.95,0.9,,,,,,,,,
Ces1d,plex_1,0.82,0.83,0.89,1.29,0.8,1.02,1.08,0.83,0.84,,,,,,,,,
Acsl1,plex_1,0.84,1.02,1.18,1.37,0.8,0.94,1.06,0.94,0.78,,,,,,,,,
Eprs,plex_1,0.91,1.0,1.06,1.36,0.82,0.96,1.1,0.95,0.85,,,,,,,,,
Dpyd,plex_1,0.86,0.91,1.08,1.48,0.83,0.97,1.02,0.87,0.84,,,,,,,,,
Bhmt,plex_1,0.76,0.9,1.0,1.33,0.77,1.04,1.43,1.28,0.8,,,,,,,,,
Pcca,plex_1,0.89,0.86,0.97,1.16,0.78,0.91,1.11,1.02,0.78,,,,,,,,,
Hal,plex_1,0.88,0.89,0.97,1.57,0.92,0.94,1.0,0.99,0.77,,,,,,,,,
Hdlbp,plex_1,0.97,1.02,1.09,1.32,0.82,0.92,1.11,0.93,0.76,,,,,,,,,
Acat3,plex_1,0.78,0.86,0.95,1.37,0.72,0.94,1.08,0.97,0.81,,,,,,,,,
Actb,plex_1,0.96,0.97,1.05,1.26,0.83,0.91,1.02,0.98,0.83,,,,,,,,,
Actg1,plex_1,0.96,0.97,1.05,1.26,0.83,0.91,1.02,0.98,0.83,,,,,,,,,
Akr1c6,plex_1,0.88,0.94,1.11,1.32,0.81,0.85,0.97,0.79,0.83,,,,,,,,,
Otc,plex_1,0.99,0.94,1.07,1.33,0.76,0.92,1.08,1.04,0.81,,,,,,,,,
Otc,plex_1,0.99,0.94,1.07,1.33,0.76,0.92,1.08,1.04,0.81,,,,,,,,,
Pdia4,plex_1,0.94,1.03,1.04,1.27,0.82,0.86,1.06,0.85,0.82,,,,,,,,,
Pdia4,plex_1,0.94,1.03,1.04,1.27,0.82,0.86,1.06,0.85,0.82,,,,,,,,,
Suox,plex_1,1.03,0.92,1.1,1.41,0.82,1.08,1.08,1.03,0.79,,,,,,,,,
Lonp1,plex_1,0.91,0.95,1.06,1.26,0.76,0.9,1.06,0.94,0.79,,,,,,,,,
Acad11,plex_1,0.82,0.91,1.06,1.33,0.7,1.05,1.16,0.99,0.92,,,,,,,,,
Sec14l2,plex_1,0.84,0.84,1.01,1.37,0.81,0.92,1.1,0.93,0.84,,,,,,,,,
Gpt,plex_1,0.78,0.88,1.01,1.38,0.79,1.03,1.07,1.02,0.87,,,,,,,,,
Pck1,plex_1,0.98,1.03,1.28,1.24,0.76,0.75,1.07,1.01,0.54,,,,,,,,,
Uba1,plex_1,0.98,0.91,1.03,1.33,0.9,0.98,1.09,0.92,0.82,,,,,,,,,
Aldh9a1,plex_1,0.82,0.84,0.97,1.37,0.8,1.04,1.15,1.03,0.77,,,,,,,,,
Scp2,plex_1,0.89,1.04,1.18,1.42,0.84,0.8,0.99,0.81,0.89,,,,,,,,,
Mccc1,plex_1,0.87,0.87,1.07,1.4,0.87,0.91,1.07,0.99,0.77,,,,,,,,,
Plec,plex_1,0.98,0.95,1.08,1.32,0.87,0.95,1.06,0.99,0.79,,,,,,,,,
Lrp1,plex_1,1.03,1.06,1.11,1.29,0.84,0.94,0.97,0.99,0.75,,,,,,,,,
Lrpprc,plex_1,0.83,0.91,1.0,1.3,0.78,0.89,1.17,1.09,0.79,,,,,,,,,
Pklr,plex_1,0.85,0.84,1.08,1.03,0.68,0.99,0.99,0.8,1.04,,,,,,,,,
Pklr,plex_1,0.85,0.84,1.08,1.03,0.68,0.99,0.99,0.8,1.04,,,,,,,,,
Pklr,plex_1,0.85,0.84,1.08,1.03,0.68,0.99,0.99,0.8,1.04,,,,,,,,,
Uox,plex_1,0.79,0.97,1.13,1.21,0.75,0.91,0.99,0.89,0.86,,,,,,,,,
Tuba1c,plex_1,0.87,1.03,0.98,1.29,0.77,0.89,1.07,0.94,0.85,,,,,,,,,
Papss2,plex_1,0.8,0.82,0.86,1.39,0.83,1.09,1.22,1.09,0.89,,,,,,,,,
Dpys,plex_1,0.89,0.91,1.1,1.45,0.88,0.98,1.08,0.87,0.82,,,,,,,,,
Ca3,plex_1,0.75,0.82,1.09,1.27,0.9,1.03,1.08,0.86,0.78,,,,,,,,,
Aldh1b1,plex_1,0.88,0.8,0.96,1.28,0.83,0.94,1.12,1.14,0.64,,,,,,,,,
Ogdh,plex_1,0.95,1.0,1.06,1.26,0.83,0.89,1.15,1.16,0.87,,,,,,,,,
Fh,plex_1,0.85,0.9,1.06,1.27,0.78,0.9,1.13,1.07,0.84,,,,,,,,,
Acsf2,plex_1,0.9,1.04,1.06,1.41,0.88,1.02,1.36,1.22,0.86,,,,,,,,,
Abat,plex_1,0.74,0.93,0.95,1.46,0.75,0.97,1.13,1.12,0.81,,,,,,,,,
Cyp2d26,plex_1,0.84,0.87,0.95,1.36,0.77,0.99,1.16,1.04,0.83,,,,,,,,,
Anxa6,plex_1,0.88,0.85,0.94,1.26,0.84,0.93,1.06,0.98,0.83,,,,,,,,,
Immt,plex_1,0.89,1.0,1.05,1.22,0.83,0.92,1.11,0.96,0.77,,,,,,,,,
Maob,plex_1,0.94,0.9,1.01,1.33,0.8,1.01,1.17,1.11,0.75,,,,,,,,,
Abca8a,plex_1,0.9,0.9,1.06,1.26,0.82,0.8,0.95,0.83,0.71,,,,,,,,,
Abca8a,plex_1,0.9,0.9,1.06,1.26,0.82,0.8,0.95,0.83,0.71,,,,,,,,,
Oat,plex_1,0.86,1.19,0.9,1.63,0.76,0.99,1.29,1.11,0.92,,,,,,,,,
Aldh7a1,plex_1,0.8,1.0,1.04,1.44,0.78,0.95,1.18,1.07,0.77,,,,,,,,,
Sord,plex_1,0.76,0.88,0.98,1.34,0.74,0.99,1.08,0.93,0.77,,,,,,,,,
Etfdh,plex_1,0.94,0.91,0.95,1.3,0.84,0.98,1.11,1.08,0.83,,,,,,,,,
Acadl,plex_1,1.01,0.96,0.98,1.41,0.87,1.0,1.25,1.07,0.91,,,,,,,,,
Hsp90aa1,plex_1,0.97,0.93,1.02,1.27,0.81,0.96,1.14,1.03,0.84,,,,,,,,,
Fah,plex_1,0.83,0.88,1.0,1.33,0.84,1.03,1.05,0.92,0.86,,,,,,,,,
Hspg2,plex_1,1.02,0.94,1.01,1.27,0.85,0.9,1.02,0.96,0.8,,,,,,,,,
Hspg2,plex_1,1.02,0.94,1.01,1.27,0.85,0.9,1.02,0.96,0.8,,,,,,,,,
Hgd,plex_1,0.85,0.9,0.97,1.34,0.79,0.93,1.04,1.06,0.91,,,,,,,,,
Aifm1,plex_1,0.94,0.91,1.02,1.16,0.84,0.88,1.1,0.98,0.79,,,,,,,,,
Hspa4,plex_1,0.97,0.96,1.08,1.32,0.84,0.9,1.11,1.0,0.79,,,,,,,,,
Acads,plex_1,0.89,0.89,1.01,1.29,0.9,0.95,1.09,1.01,0.78,,,,,,,,,
Mdh2,plex_1,0.95,0.98,1.1,1.32,0.86,1.0,1.15,1.2,0.82,,,,,,,,,
Cyb5r3,plex_1,0.82,0.86,1.0,1.31,0.76,0.96,1.07,0.86,0.8,,,,,,,,,
Cyb5r3,plex_1,0.82,0.86,1.0,1.31,0.76,0.96,1.07,0.86,0.8,,,,,,,,,
Gdi2,plex_1,0.98,0.89,0.98,1.34,0.78,0.96,1.04,1.0,0.78,,,,,,,,,
Gdi2,plex_1,0.98,0.89,0.98,1.34,0.78,0.96,1.04,1.0,0.78,,,,,,,,,
Gdi2,plex_1,0.98,0.89,0.98,1.34,0.78,0.96,1.04,1.0,0.78,,,,,,,,,
Got1,plex_1,0.77,0.85,0.93,1.41,0.78,0.91,1.0,0.99,0.89,,,,,,,,,
Me1,plex_1,0.76,0.84,0.97,1.09,0.57,1.02,1.13,1.15,1.05,,,,,,,,,
Acaa1a,plex_1,0.8,0.95,0.98,1.41,0.77,0.94,1.21,0.96,0.9,,,,,,,,,
Cyp1a2,plex_1,0.77,1.05,1.0,1.61,0.84,0.87,1.2,1.15,0.79,,,,,,,,,
Por,plex_1,0.85,0.94,1.02,1.32,0.72,0.87,1.19,0.98,0.82,,,,,,,,,
Slc27a5,plex_1,0.85,0.96,1.09,1.42,0.77,0.84,0.97,0.88,0.9,,,,,,,,,
Oplah,plex_1,0.87,0.93,0.99,1.33,0.77,0.97,1.13,0.97,0.85,,,,,,,,,
Fmo3,plex_1,0.88,0.89,0.88,1.4,0.78,0.92,1.11,0.85,0.76,,,,,,,,,
Shmt1,plex_1,0.81,0.82,1.01,1.41,0.79,1.01,1.08,0.99,0.85,,,,,,,,,
Arg1,plex_1,0.89,0.88,1.05,1.32,0.8,0.94,1.04,0.94,0.88,,,,,,,,,
Ndufs1,plex_1,0.84,0.92,1.03,1.33,0.8,0.93,1.21,1.21,0.81,,,,,,,,,
Glyat,plex_1,0.92,1.04,1.17,1.41,0.82,0.91,1.21,1.08,0.76,,,,,,,,,
Aars,plex_1,0.92,0.94,0.96,1.41,0.8,0.96,1.13,1.04,0.85,,,,,,,,,
Pccb,plex_1,0.87,0.96,1.09,1.32,0.78,0.96,1.14,1.06,0.81,,,,,,,,,
Pccb,plex_1,0.87,0.96,1.09,1.32,0.78,0.96,1.14,1.06,0.81,,,,,,,,,
Aldh4a1,plex_1,0.83,0.91,0.99,1.31,0.81,0.95,1.08,1.03,0.74,,,,,,,,,
Ftcd,plex_1,0.79,0.87,1.0,1.37,0.83,0.95,0.99,0.95,0.8,,,,,,,,,
Gpd2,plex_1,1.01,0.93,1.04,1.24,0.77,0.96,1.16,1.01,0.91,,,,,,,,,
Acsm1,plex_1,1.0,0.97,1.09,1.55,0.85,1.0,1.28,1.09,0.84,,,,,,,,,
Prdx6,plex_1,0.88,0.92,1.02,1.35,0.77,1.03,1.11,0.95,0.81,,,,,,,,,
Vwa8,plex_1,0.79,0.85,0.9,1.34,0.77,1.02,1.24,1.03,0.87,,,,,,,,,
Agxt2,plex_1,0.91,1.07,1.08,1.49,0.93,1.03,1.16,0.99,0.81,,,,,,,,,
Abcd3,plex_1,0.82,0.89,0.94,1.49,0.7,1.01,1.2,1.15,0.9,,,,,,,,,
Sult1a1,plex_1,0.76,0.76,0.86,1.29,0.79,1.1,1.38,1.09,0.88,,,,,,,,,
Calr,plex_1,0.99,1.0,1.15,1.39,0.85,1.01,1.12,0.88,0.83,,,,,,,,,
Acad10,plex_1,0.84,0.86,0.92,1.32,0.85,0.94,1.06,0.92,0.82,,,,,,,,,
Tgm2,plex_1,0.96,0.95,1.05,1.29,0.88,0.98,1.08,0.98,0.73,,,,,,,,,
Alad,plex_1,0.86,0.75,0.79,1.27,0.8,1.06,1.1,1.02,0.83,,,,,,,,,
Alad,plex_1,0.86,0.75,0.79,1.27,0.8,1.06,1.1,1.02,0.83,,,,,,,,,
Uqcrc2,plex_1,1.01,0.91,1.0,1.33,0.79,0.9,1.15,1.03,0.8,,,,,,,,,
Flna,plex_1,1.55,0.95,0.86,1.02,0.87,0.84,1.0,0.99,0.68,,,,,,,,,
Glul,plex_1,0.82,0.98,0.98,1.41,0.77,0.86,1.08,1.06,0.79,,,,,,,,,
Cpt2,plex_1,0.82,0.93,1.01,1.3,0.85,0.96,1.15,1.16,0.81,,,,,,,,,
Trap1,plex_1,0.89,0.95,0.98,1.29,0.76,0.86,1.1,1.07,0.74,,,,,,,,,
Ces1f,plex_1,0.78,0.99,1.04,1.36,0.81,0.99,1.14,0.9,0.9,,,,,,,,,
Acsl5,plex_1,0.76,0.78,0.9,1.25,0.76,1.07,1.14,1.03,0.91,,,,,,,,,
Ldha,plex_1,0.89,0.86,1.07,1.39,0.79,0.9,1.01,0.87,0.88,,,,,,,,,
Dld,plex_1,0.9,0.96,1.03,1.25,0.72,0.93,1.12,1.02,0.82,,,,,,,,,
Suclg2,plex_1,0.85,0.86,0.94,1.25,0.83,0.93,1.15,1.07,0.77,,,,,,,,,
Hibadh,plex_1,0.85,0.89,0.96,1.25,0.83,0.99,1.14,1.16,0.8,,,,,,,,,
Rpn1,plex_1,1.03,0.96,1.02,1.35,0.87,0.97,1.1,0.93,0.78,,,,,,,,,
Rpn1,plex_1,1.03,0.96,1.02,1.35,0.87,0.97,1.1,0.93,0.78,,,,,,,,,
Ugt1a1,plex_1,0.84,0.84,0.91,1.28,0.76,1.01,1.19,0.96,0.8,,,,,,,,,
Bckdha,plex_1,0.91,0.99,1.12,1.36,0.77,0.89,1.02,0.96,0.75,,,,,,,,,
Bckdha,plex_1,0.91,0.99,1.12,1.36,0.77,0.89,1.02,0.96,0.75,,,,,,,,,
Asl,plex_1,0.83,0.89,1.08,1.36,0.76,0.96,1.11,1.08,0.82,,,,,,,,,
Aldh3a2,plex_1,0.84,0.87,0.94,1.4,0.71,1.09,1.21,1.12,0.88,,,,,,,,,
Aldh3a2,plex_1,0.84,0.87,0.94,1.4,0.71,1.09,1.21,1.12,0.88,,,,,,,,,
Aldh3a2,plex_1,0.84,0.87,0.94,1.4,0.71,1.09,1.21,1.12,0.88,,,,,,,,,
Rpl4,plex_1,0.92,1.01,1.06,1.3,0.8,0.95,1.11,1.02,0.79,,,,,,,,,
Amdhd1,plex_1,0.89,0.88,1.05,1.32,0.82,0.95,0.98,0.95,0.89,,,,,,,,,
Etfa,plex_1,0.91,1.0,1.11,1.35,0.78,0.99,1.11,1.04,0.82,,,,,,,,,
Ces2a,plex_1,0.93,0.89,1.08,1.53,0.81,1.04,0.92,0.94,0.83,,,,,,,,,
Hadh,plex_1,0.95,0.94,1.05,1.27,0.78,0.97,1.34,1.14,0.87,,,,,,,,,
Idh2,plex_1,1.03,0.89,1.29,1.42,0.85,1.06,1.15,1.21,0.94,,,,,,,,,
Gbe1,plex_1,0.91,0.96,1.16,1.42,0.8,1.04,1.05,1.08,1.01,,,,,,,,,
Gclc,plex_1,0.75,0.96,1.0,1.3,0.8,0.98,1.01,0.9,0.79,,,,,,,,,
Pah,plex_1,0.78,0.94,1.02,1.4,0.8,0.87,0.91,0.83,0.92,,,,,,,,,
Bdh1,plex_1,0.84,0.87,1.0,1.26,0.88,1.03,1.1,1.01,0.76,,,,,,,,,
Atic,plex_1,0.84,0.83,0.98,1.3,0.78,0.92,1.0,0.9,0.78,,,,,,,,,
Lmna,plex_1,1.09,0.93,1.12,1.32,0.84,0.96,0.89,0.9,0.8,,,,,,,,,
Gpx1,plex_1,0.89,0.85,0.96,1.27,0.77,0.97,1.08,1.07,0.74,,,,,,,,,
Haao,plex_1,0.82,0.94,1.12,1.33,0.75,0.93,1.0,0.8,0.81,,,,,,,,,
Rdx,plex_1,0.9,0.96,1.1,1.34,0.82,0.95,1.07,0.9,0.81,,,,,,,,,
Rdx,plex_1,0.9,0.96,1.1,1.34,0.82,0.95,1.07,0.9,0.81,,,,,,,,,
Rdx,plex_1,0.9,0.96,1.1,1.34,0.82,0.95,1.07,0.9,0.81,,,,,,,,,
Gpi,plex_1,0.86,0.89,1.01,1.24,0.81,0.99,1.1,1.0,0.88,,,,,,,,,
,plex_1,0.79,0.82,0.94,1.43,0.78,1.09,1.29,1.12,0.83,,,,,,,,,
Cct5,plex_1,0.85,0.89,1.01,1.3,0.79,0.93,1.07,1.01,0.75,,,,,,,,,
Cct3,plex_1,0.94,0.92,1.09,1.39,0.82,0.97,1.2,0.97,0.86,,,,,,,,,
Gnmt,plex_1,0.67,0.76,1.05,1.49,0.75,1.04,1.0,0.88,0.9,,,,,,,,,
Eif4a1,plex_1,0.94,0.92,1.08,1.3,0.78,0.91,1.02,0.97,0.79,,,,,,,,,
Dync1h1,plex_1,0.82,0.87,1.02,1.32,0.82,0.94,1.06,0.93,0.79,,,,,,,,,
Sds,plex_1,0.98,1.01,1.17,1.42,0.85,0.79,0.97,0.99,0.87,,,,,,,,,
Adh5,plex_1,0.85,0.82,0.98,1.41,0.84,0.99,1.08,0.96,0.79,,,,,,,,,
Uqcrc1,plex_1,0.92,0.98,1.12,1.26,0.73,0.89,1.16,1.03,0.82,,,,,,,,,
Uqcrc1,plex_1,0.92,0.98,1.12,1.26,0.73,0.89,1.16,1.03,0.82,,,,,,,,,
Pls3,plex_1,0.92,0.88,1.11,1.37,0.8,0.97,1.01,0.84,0.79,,,,,,,,,
Pls3,plex_1,0.92,0.88,1.11,1.37,0.8,0.97,1.01,0.84,0.79,,,,,,,,,
Pls3,plex_1,0.92,0.88,1.11,1.37,0.8,0.97,1.01,0.84,0.79,,,,,,,,,
Atp2a2,plex_1,0.9,1.02,1.05,1.29,0.79,0.79,0.97,0.95,0.78,,,,,,,,,
Ctnna1,plex_1,1.07,1.04,1.18,1.36,0.91,0.97,1.05,1.04,0.76,,,,,,,,,
Tufm,plex_1,0.94,0.94,1.06,1.26,0.84,0.96,1.13,1.08,0.8,,,,,,,,,
Ganab,plex_1,0.94,0.89,1.09,1.25,0.77,0.87,1.03,0.93,0.81,,,,,,,,,
Ivd,plex_1,0.95,0.97,0.95,1.52,0.94,1.06,1.08,1.01,0.82,,,,,,,,,
Cct2,plex_1,0.93,0.95,1.05,1.24,0.86,0.99,1.15,1.03,0.83,,,,,,,,,
Plg,plex_1,1.2,1.16,1.05,1.35,0.99,1.05,1.03,1.15,0.92,,,,,,,,,
Plg,plex_1,1.2,1.16,1.05,1.35,0.99,1.05,1.03,1.15,0.92,,,,,,,,,
Copa,plex_1,0.91,0.91,1.08,1.3,0.86,0.94,1.12,0.93,0.82,,,,,,,,,
Prdx1,plex_1,0.83,0.9,1.03,1.28,0.79,1.02,1.14,0.99,0.79,,,,,,,,,
Gpd1,plex_1,0.9,0.97,1.08,1.29,0.85,0.88,1.16,0.93,0.88,,,,,,,,,
Hnrnpa2b1,plex_1,0.98,0.94,1.09,1.3,0.87,0.8,0.96,0.94,0.81,,,,,,,,,
Tars,plex_1,0.81,0.95,1.08,1.47,0.84,1.06,1.25,1.06,0.9,,,,,,,,,
Pabpc1,plex_1,0.93,0.92,1.12,1.33,0.89,0.96,1.14,0.98,0.84,,,,,,,,,
Gstm1,plex_1,0.7,0.98,0.94,1.5,0.82,1.02,1.18,0.96,0.86,,,,,,,,,
Rnh1,plex_1,0.94,0.98,1.09,1.29,0.75,1.0,1.1,1.11,0.83,,,,,,,,,
Rnh1,plex_1,0.94,0.98,1.09,1.29,0.75,1.0,1.1,1.11,0.83,,,,,,,,,
Rnh1,plex_1,0.94,0.98,1.09,1.29,0.75,1.0,1.1,1.11,0.83,,,,,,,,,
Sptbn2,plex_1,0.99,1.1,1.17,1.63,1.01,0.85,0.99,1.12,0.83,,,,,,,,,
Sptbn2,plex_1,0.99,1.1,1.17,1.63,1.01,0.85,0.99,1.12,0.83,,,,,,,,,
Hsd17b10,plex_1,0.88,0.83,0.96,1.28,0.89,0.94,1.15,1.05,0.75,,,,,,,,,
Cand1,plex_1,0.84,0.84,0.97,1.47,0.82,0.93,1.05,1.25,0.87,,,,,,,,,
Fmo5,plex_1,0.89,1.03,1.15,1.41,0.72,0.82,0.99,0.9,0.91,,,,,,,,,
Cth,plex_1,0.72,0.84,0.97,1.51,0.78,1.03,1.19,1.21,0.8,,,,,,,,,
Vcl,plex_1,1.01,1.04,1.07,1.28,0.79,0.86,1.0,0.95,0.86,,,,,,,,,
Gcdh,plex_1,0.86,0.93,1.13,1.39,0.82,1.03,1.08,1.13,0.77,,,,,,,,,
Ces3a,plex_1,0.95,1.19,1.39,1.53,0.89,0.68,1.02,0.8,0.79,,,,,,,,,
Cluh,plex_1,0.95,0.92,1.1,1.35,0.85,1.04,1.05,1.15,0.87,,,,,,,,,
Psmd2,plex_1,0.82,0.92,1.01,1.29,0.91,0.94,1.09,0.94,0.77,,,,,,,,,
Psmd2,plex_1,0.82,0.92,1.01,1.29,0.91,0.94,1.09,0.94,0.77,,,,,,,,,
Psmd2,plex_1,0.82,0.92,1.01,1.29,0.91,0.94,1.09,0.94,0.77,,,,,,,,,
Adh1,plex_1,0.82,0.86,0.99,1.32,0.78,1.02,0.98,0.83,0.77,,,,,,,,,
Hnrnpm,plex_1,1.06,1.05,1.1,1.28,0.87,0.92,1.04,0.99,0.88,,,,,,,,,
Rpn2,plex_1,1.13,0.94,1.05,1.49,1.02,0.92,1.24,1.12,0.88,,,,,,,,,
Prodh,plex_1,0.84,0.87,0.9,1.36,0.73,0.92,1.06,1.08,0.83,,,,,,,,,
Sucla2,plex_1,0.95,1.01,1.11,1.31,0.8,0.87,1.13,1.11,0.81,,,,,,,,,
Aldh5a1,plex_1,0.85,0.91,1.01,1.23,0.8,0.93,1.11,1.04,0.84,,,,,,,,,
Pm20d1,plex_1,0.75,0.88,0.98,1.35,0.75,0.99,1.17,1.0,0.83,,,,,,,,,
Hnrnpk,plex_1,0.98,0.96,1.14,1.34,0.8,0.94,1.02,0.9,0.79,,,,,,,,,
Tst,plex_1,0.89,0.86,1.03,1.29,0.79,0.98,1.16,1.0,0.81,,,,,,,,,
Acad8,plex_1,0.92,0.95,1.1,1.22,0.79,0.94,0.97,0.95,0.75,,,,,,,,,
Mccc2,plex_1,0.86,0.9,0.98,1.39,0.82,1.01,1.06,1.1,0.8,,,,,,,,,
Cyp2c50,plex_1,0.81,0.91,1.03,1.69,0.83,0.87,1.09,0.96,0.73,,,,,,,,,
Gc,plex_1,1.16,1.0,0.99,1.16,0.79,0.88,0.83,0.92,0.69,,,,,,,,,
Acox2,plex_1,0.89,1.03,1.1,1.53,0.76,0.96,1.09,0.92,0.98,,,,,,,,,
Akr1d1,plex_1,0.72,0.94,1.04,1.33,0.65,1.01,1.19,0.94,0.78,,,,,,,,,
Cyp2e1,plex_1,0.93,1.1,1.23,1.46,0.8,0.87,1.02,0.87,0.62,,,,,,,,,
Cs,plex_1,0.82,0.94,1.0,1.22,0.77,0.94,1.04,1.16,0.8,,,,,,,,,
Fga,plex_1,1.09,1.0,0.94,1.13,0.77,0.91,0.98,0.95,0.72,,,,,,,,,
Fga,plex_1,1.09,1.0,0.94,1.13,0.77,0.91,0.98,0.95,0.72,,,,,,,,,
Sec23a,plex_1,0.88,1.06,1.07,1.22,0.74,0.87,1.08,0.96,0.8,,,,,,,,,
Sec23a,plex_1,0.88,1.06,1.07,1.22,0.74,0.87,1.08,0.96,0.8,,,,,,,,,
Gstz1,plex_1,0.94,0.94,0.98,1.45,0.87,1.04,1.08,0.93,0.81,,,,,,,,,
Canx,plex_1,0.93,0.84,0.97,1.21,0.74,0.89,1.02,0.86,0.74,,,,,,,,,
Acadm,plex_1,0.91,0.9,0.98,1.28,0.79,0.97,1.23,1.09,0.82,,,,,,,,,
Tcp1,plex_1,0.86,0.93,0.92,1.18,0.75,0.91,1.11,0.94,0.73,,,,,,,,,
Adk,plex_1,0.81,0.97,1.06,1.38,0.76,0.89,1.08,0.9,0.82,,,,,,,,,
Adk,plex_1,0.81,0.97,1.06,1.38,0.76,0.89,1.08,0.9,0.82,,,,,,,,,
Akr1a1,plex_1,0.86,0.95,1.08,1.45,0.85,0.94,1.18,0.99,0.8,,,,,,,,,
Hmgcl,plex_1,0.88,0.93,1.06,1.25,0.88,0.84,1.18,1.0,0.76,,,,,,,,,
Ugt2b1,plex_1,0.92,1.06,1.25,1.43,0.71,0.87,0.99,0.92,0.76,,,,,,,,,
Gulo,plex_1,0.99,0.97,1.03,1.44,0.93,1.1,1.2,0.99,0.94,,,,,,,,,
Hbbt1,plex_1,1.34,1.16,0.51,0.97,0.99,1.1,0.66,0.75,0.73,,,,,,,,,
Pnp,plex_1,0.88,0.96,1.0,1.5,0.92,0.95,1.09,1.0,0.85,,,,,,,,,
Comt,plex_1,0.88,0.98,1.12,1.34,0.86,0.9,1.12,0.98,0.8,,,,,,,,,
Comt,plex_1,0.88,0.98,1.12,1.34,0.86,0.9,1.12,0.98,0.8,,,,,,,,,
Pdia5,plex_1,0.96,0.97,1.01,1.29,0.84,0.86,1.06,0.9,0.81,,,,,,,,,
Gckr,plex_1,0.76,0.79,1.18,1.56,0.8,1.01,1.0,0.94,0.85,,,,,,,,,
Copb1,plex_1,0.82,0.92,1.14,1.29,0.72,0.94,1.09,0.98,0.8,,,,,,,,,
Gamt,plex_1,0.8,0.84,0.94,1.19,0.89,1.03,1.19,1.01,0.93,,,,,,,,,
Gamt,plex_1,0.8,0.84,0.94,1.19,0.89,1.03,1.19,1.01,0.93,,,,,,,,,
Ndrg2,plex_1,0.79,0.86,1.11,1.39,0.83,0.97,1.08,1.03,0.8,,,,,,,,,
Chdh,plex_1,0.81,0.81,0.94,1.25,0.8,1.0,1.23,1.17,0.76,,,,,,,,,
Xylb,plex_1,0.77,0.84,1.03,1.32,0.65,0.91,0.93,0.83,0.75,,,,,,,,,
Xylb,plex_1,0.77,0.84,1.03,1.32,0.65,0.91,0.93,0.83,0.75,,,,,,,,,
Mut,plex_1,0.9,1.04,1.08,1.44,0.84,0.91,1.12,1.01,0.9,,,,,,,,,
Nit2,plex_1,0.8,0.9,1.07,1.38,0.8,0.92,1.03,0.92,0.82,,,,,,,,,
Acsm5,plex_1,0.86,0.96,1.02,1.37,0.82,0.91,1.1,1.06,0.82,,,,,,,,,
Hyou1,plex_1,0.96,0.99,1.07,1.32,0.92,1.05,1.17,0.92,0.77,,,,,,,,,
Cbr1,plex_1,0.9,0.81,0.87,1.31,0.77,0.95,1.01,0.94,0.73,,,,,,,,,
Dbt,plex_1,0.86,0.95,1.03,1.31,0.73,0.87,0.99,0.93,0.77,,,,,,,,,
Psmd1,plex_1,0.81,0.93,0.93,1.28,0.74,0.88,1.0,0.94,0.77,,,,,,,,,
Serpina3k,plex_1,1.64,1.09,1.28,1.03,0.72,0.67,0.96,0.91,0.67,,,,,,,,,
Usp5,plex_1,0.77,0.87,0.96,1.16,0.84,1.04,0.97,0.98,0.72,,,,,,,,,
Usp5,plex_1,0.77,0.87,0.96,1.16,0.84,1.04,0.97,0.98,0.72,,,,,,,,,
Marc2,plex_1,0.88,0.99,1.0,1.28,0.76,0.88,1.09,1.09,0.78,,,,,,,,,
Vdac1,plex_1,0.92,0.95,0.97,1.23,0.83,0.96,1.12,1.1,0.8,,,,,,,,,
Vdac1,plex_1,0.92,0.95,0.97,1.23,0.83,0.96,1.12,1.1,0.8,,,,,,,,,
Ywhae,plex_1,0.86,0.92,1.01,1.34,0.89,0.97,1.1,0.98,0.82,,,,,,,,,
Cyp2d10,plex_1,0.95,1.1,1.2,1.48,0.91,1.01,1.06,0.95,0.93,,,,,,,,,
Tpi1,plex_1,0.89,0.97,1.11,1.34,0.75,0.93,1.02,0.98,0.86,,,,,,,,,
Fmo1,plex_1,0.82,0.97,1.01,1.36,0.73,1.08,1.08,0.97,0.84,,,,,,,,,
Txnrd1,plex_1,0.72,0.87,0.97,1.15,0.75,0.93,1.12,0.98,0.85,,,,,,,,,
Txnrd1,plex_1,0.72,0.87,0.97,1.15,0.75,0.93,1.12,0.98,0.85,,,,,,,,,
Hsd11b1,plex_1,0.85,0.9,1.06,1.36,0.81,0.93,0.99,0.85,0.83,,,,,,,,,
Cyp2c40,plex_1,1.0,0.82,0.97,1.49,0.72,1.17,1.26,0.99,0.53,,,,,,,,,
Cyp2c40,plex_1,1.0,0.82,0.97,1.49,0.72,1.17,1.26,0.99,0.53,,,,,,,,,
Cct8,plex_1,0.93,0.84,1.03,1.19,0.77,0.89,1.09,1.02,0.8,,,,,,,,,
Cct8,plex_1,0.93,0.84,1.03,1.19,0.77,0.89,1.09,1.02,0.8,,,,,,,,,
Cct8,plex_1,0.93,0.84,1.03,1.19,0.77,0.89,1.09,1.02,0.8,,,,,,,,,
Pdia6,plex_1,0.96,0.95,1.06,1.27,0.89,0.89,1.11,0.9,0.74,,,,,,,,,
Pdia6,plex_1,0.96,0.95,1.06,1.27,0.89,0.89,1.11,0.9,0.74,,,,,,,,,
Khk,plex_1,0.8,0.81,1.05,1.24,0.69,0.94,1.04,1.05,0.89,,,,,,,,,
Bhmt2,plex_1,0.8,0.85,0.97,1.39,0.88,0.99,1.09,1.01,0.85,,,,,,,,,
Ehd3,plex_1,0.8,0.9,1.04,1.45,0.88,0.95,1.05,0.97,0.71,,,,,,,,,
Pgam1,plex_1,0.84,0.93,1.04,1.32,0.8,0.97,1.06,0.95,0.8,,,,,,,,,
Aspdh,plex_1,0.92,0.97,1.21,1.45,0.81,1.0,1.03,0.96,0.92,,,,,,,,,
Stard10,plex_1,0.83,0.87,1.09,1.38,0.81,0.84,1.0,0.88,0.77,,,,,,,,,
Hsdl2,plex_1,0.93,0.95,1.09,1.58,0.86,0.93,1.05,1.0,0.77,,,,,,,,,
Cbs,plex_1,0.8,1.06,1.1,1.45,0.81,0.88,0.99,0.9,0.9,,,,,,,,,
Ak2,plex_1,0.88,0.93,1.07,1.24,0.82,1.0,1.16,1.08,0.77,,,,,,,,,
Shmt2,plex_1,0.97,1.1,1.19,1.7,0.98,1.14,1.34,1.22,1.03,,,,,,,,,
Fabp1,plex_1,0.66,0.76,0.85,1.33,0.68,1.06,1.36,0.85,0.79,,,,,,,,,
Sec31a,plex_1,0.85,0.89,1.0,1.27,0.77,0.83,1.07,0.87,0.79,,,,,,,,,
Cyp2a12,plex_1,0.76,0.97,1.03,1.46,0.81,1.0,1.21,1.09,0.7,,,,,,,,,
Cpox,plex_1,0.81,0.96,1.1,1.3,0.85,0.83,1.12,1.09,0.8,,,,,,,,,
Rdh7,plex_1,0.91,1.03,1.11,1.34,0.92,1.1,1.08,1.02,0.82,,,,,,,,,
Ugt2b34,plex_1,0.9,0.97,1.03,1.36,0.81,0.97,1.11,1.02,0.78,,,,,,,,,
Kyat3,plex_1,0.94,0.82,0.87,1.38,0.99,1.24,1.33,1.2,0.81,,,,,,,,,
Bckdhb,plex_1,0.9,1.01,1.11,1.39,0.73,0.82,0.93,0.92,0.66,,,,,,,,,
Grhpr,plex_1,1.07,0.97,1.31,1.59,1.04,1.03,1.1,1.01,0.86,,,,,,,,,
Gls2,plex_1,0.89,0.93,1.01,1.39,0.84,0.99,0.96,1.14,0.76,,,,,,,,,
Acaca,plex_1,0.78,0.9,0.98,1.13,0.72,0.98,1.04,1.01,1.07,,,,,,,,,
Acaca,plex_1,0.78,0.9,0.98,1.13,0.72,0.98,1.04,1.01,1.07,,,,,,,,,
Cpt1a,plex_1,0.78,0.96,1.09,1.39,0.78,1.07,1.36,1.13,0.85,,,,,,,,,
Ddx3x,plex_1,0.91,0.9,1.14,1.33,0.75,0.77,1.06,0.93,0.76,,,,,,,,,
Ddx3x,plex_1,0.91,0.9,1.14,1.33,0.75,0.77,1.06,0.93,0.76,,,,,,,,,
Ddx3x,plex_1,0.91,0.9,1.14,1.33,0.75,0.77,1.06,0.93,0.76,,,,,,,,,
Ces1,plex_1,0.73,0.76,0.74,1.44,0.82,1.14,1.18,1.03,0.79,,,,,,,,,
Agxt,plex_1,0.68,0.74,0.79,1.38,0.81,1.2,0.99,0.9,0.7,,,,,,,,,
Gm20390,plex_1,0.89,0.86,1.09,1.34,0.88,0.97,1.18,1.03,0.74,,,,,,,,,
Eif4g1,plex_1,0.84,0.94,1.04,1.41,0.8,0.95,1.07,0.97,0.91,,,,,,,,,
Aldh1a7,plex_1,0.72,0.92,1.07,1.45,0.73,1.14,1.48,1.28,0.84,,,,,,,,,
Nqo2,plex_1,0.79,0.96,1.05,1.47,0.75,0.99,1.04,0.87,0.89,,,,,,,,,
Qdpr,plex_1,0.87,0.92,1.08,1.42,0.82,1.09,1.08,0.94,0.88,,,,,,,,,
Stip1,plex_1,0.95,0.95,1.03,1.3,0.8,0.98,1.04,0.96,0.88,,,,,,,,,
Stip1,plex_1,0.95,0.95,1.03,1.3,0.8,0.98,1.04,0.96,0.88,,,,,,,,,
Ndufv1,plex_1,0.8,0.96,1.04,1.27,0.85,0.93,1.16,1.21,0.85,,,,,,,,,
Ndufv1,plex_1,0.8,0.96,1.04,1.27,0.85,0.93,1.16,1.21,0.85,,,,,,,,,
Esd,plex_1,0.77,0.87,1.08,1.42,0.82,0.98,1.12,0.93,0.86,,,,,,,,,
Esd,plex_1,0.77,0.87,1.08,1.42,0.82,0.98,1.12,0.93,0.86,,,,,,,,,
Hnrnpu,plex_1,0.92,0.93,0.99,1.2,0.76,0.88,1.0,0.93,0.78,,,,,,,,,
Gm28062,plex_1,0.92,0.93,0.99,1.2,0.76,0.88,1.0,0.93,0.78,,,,,,,,,
Pbld2,plex_1,0.82,0.9,0.99,1.25,0.69,0.92,1.05,0.83,0.82,,,,,,,,,
Ppa1,plex_1,0.87,0.94,1.02,1.44,0.85,1.03,1.09,1.06,0.76,,,,,,,,,
Baat,plex_1,0.73,1.07,1.11,1.3,0.72,0.87,0.94,0.82,0.92,,,,,,,,,
Gys2,plex_1,0.69,0.85,0.93,1.32,0.89,0.83,0.98,0.94,0.81,,,,,,,,,
Aldoa,plex_1,1.18,1.01,0.86,1.14,0.95,0.93,0.98,0.99,0.88,,,,,,,,,
Ncl,plex_1,0.96,0.93,1.08,1.27,0.79,0.88,1.03,0.97,0.83,,,,,,,,,
Ncl,plex_1,0.96,0.93,1.08,1.27,0.79,0.88,1.03,0.97,0.83,,,,,,,,,
Ncl,plex_1,0.96,0.93,1.08,1.27,0.79,0.88,1.03,0.97,0.83,,,,,,,,,
Ncl,plex_1,0.96,0.93,1.08,1.27,0.79,0.88,1.03,0.97,0.83,,,,,,,,,
Acad9,plex_1,0.84,0.88,1.02,1.41,0.83,0.96,1.19,1.18,0.74,,,,,,,,,
Abcb11,plex_1,1.08,1.11,1.16,1.51,0.86,1.01,1.06,1.18,0.85,,,,,,,,,
Echs1,plex_1,0.9,0.91,1.13,1.23,0.82,1.01,1.21,1.05,0.81,,,,,,,,,
Cyp2a5,plex_1,0.82,1.21,0.91,1.4,0.88,0.89,1.21,1.22,0.76,,,,,,,,,
Cyp2a5,plex_1,0.82,1.21,0.91,1.4,0.88,0.89,1.21,1.22,0.76,,,,,,,,,
Pa2g4,plex_1,0.82,0.95,1.03,1.23,0.74,0.86,0.97,0.88,0.79,,,,,,,,,
Copg1,plex_1,0.91,0.97,1.2,1.34,0.91,1.04,1.11,1.07,0.89,,,,,,,,,
Crot,plex_1,0.9,0.98,1.05,1.33,0.82,1.05,1.16,1.1,0.7,,,,,,,,,
Eif3a,plex_1,0.89,0.99,1.1,1.3,0.86,0.98,1.11,1.01,0.8,,,,,,,,,
Eif3b,plex_1,0.95,0.95,0.97,1.26,0.83,0.97,1.08,0.92,0.85,,,,,,,,,
Park7,plex_1,0.95,0.9,1.01,1.36,0.85,0.95,1.04,1.0,0.79,,,,,,,,,
Xdh,plex_1,0.86,1.02,1.12,1.39,0.87,1.08,1.2,1.0,0.88,,,,,,,,,
Xdh,plex_1,0.86,1.02,1.12,1.39,0.87,1.08,1.2,1.0,0.88,,,,,,,,,
Xdh,plex_1,0.86,1.02,1.12,1.39,0.87,1.08,1.2,1.0,0.88,,,,,,,,,
Ap2a2,plex_1,0.87,0.82,1.06,1.36,0.79,0.96,1.07,0.95,0.86,,,,,,,,,
Ap2a2,plex_1,0.87,0.82,1.06,1.36,0.79,0.96,1.07,0.95,0.86,,,,,,,,,
Ces2e,plex_1,0.77,0.86,0.96,1.31,0.7,1.15,1.33,1.11,0.81,,,,,,,,,
Adh4,plex_1,0.76,0.95,1.12,1.53,0.84,0.95,1.24,1.16,0.89,,,,,,,,,
A1cf,plex_1,0.97,1.04,1.11,1.4,0.81,1.12,1.26,0.98,0.79,,,,,,,,,
A1cf,plex_1,0.97,1.04,1.11,1.4,0.81,1.12,1.26,0.98,0.79,,,,,,,,,
Hpx,plex_1,1.45,1.23,0.96,1.13,0.91,1.06,0.87,0.98,0.68,,,,,,,,,
Wdr1,plex_1,0.84,0.9,1.03,1.23,0.83,0.86,1.05,0.93,0.73,,,,,,,,,
Akr1c12,plex_1,0.78,0.86,1.05,1.31,0.8,0.96,1.05,0.89,0.76,,,,,,,,,
Hibch,plex_1,0.87,0.95,1.07,1.34,0.76,0.92,1.12,1.11,0.85,,,,,,,,,
Uggt1,plex_1,0.9,0.95,1.0,1.31,0.76,0.92,1.07,0.88,0.7,,,,,,,,,
Echdc3,plex_1,0.92,0.88,0.94,1.21,0.77,1.05,1.13,1.01,0.71,,,,,,,,,
Ap1b1,plex_1,0.94,0.9,1.13,1.54,0.86,1.04,0.93,0.97,0.74,,,,,,,,,
Cryz,plex_1,0.84,1.04,1.01,1.33,0.69,0.91,1.15,0.84,0.86,,,,,,,,,
Actr3,plex_1,0.91,0.92,1.08,1.39,0.91,0.86,1.02,0.88,0.79,,,,,,,,,
Ldhd,plex_1,0.82,1.01,1.16,1.48,0.94,0.93,1.77,1.03,0.84,,,,,,,,,
Cobll1,plex_1,0.84,0.95,1.05,1.27,0.79,0.84,1.08,1.03,0.84,,,,,,,,,
Cobll1,plex_1,0.84,0.95,1.05,1.27,0.79,0.84,1.08,1.03,0.84,,,,,,,,,
Ddah1,plex_1,0.83,0.8,0.99,1.3,0.74,1.1,1.0,1.02,0.88,,,,,,,,,
Fgg,plex_1,1.27,1.11,0.91,1.16,0.73,1.02,0.99,1.07,0.71,,,,,,,,,
Fgg,plex_1,1.27,1.11,0.91,1.16,0.73,1.02,0.99,1.07,0.71,,,,,,,,,
C4b,plex_1,1.09,0.98,0.98,1.07,0.88,0.95,0.92,0.88,0.76,,,,,,,,,
Acot4,plex_1,0.77,0.93,0.92,1.32,0.69,1.1,1.27,1.04,0.89,,,,,,,,,
Dhdh,plex_1,0.91,0.99,1.09,1.29,0.84,1.04,1.18,0.94,0.79,,,,,,,,,
Dhdh,plex_1,0.91,0.99,1.09,1.29,0.84,1.04,1.18,0.94,0.79,,,,,,,,,
Psma1,plex_1,0.79,0.9,0.96,1.2,0.68,0.87,0.98,0.89,0.72,,,,,,,,,
Decr1,plex_1,0.9,0.8,1.0,1.22,0.8,1.05,1.15,1.12,0.84,,,,,,,,,
Plin2,plex_1,1.01,1.1,1.28,1.96,0.73,1.51,1.32,1.3,0.82,,,,,,,,,
Slc4a1,plex_1,1.27,1.21,0.66,1.09,1.02,1.21,0.61,0.78,0.6,,,,,,,,,
Mdh1,plex_1,0.87,1.12,1.04,1.47,0.84,0.94,0.93,0.91,0.71,,,,,,,,,
Rack1,plex_1,0.96,1.02,1.06,1.38,0.97,0.96,1.25,1.02,0.84,,,,,,,,,
Cct4,plex_1,0.98,0.85,0.99,1.23,0.74,0.93,1.11,0.97,0.86,,,,,,,,,
Cct4,plex_1,0.98,0.85,0.99,1.23,0.74,0.93,1.11,0.97,0.86,,,,,,,,,
Lap3,plex_1,0.91,0.91,0.93,1.64,0.79,0.99,1.0,1.07,0.82,,,,,,,,,
Lap3,plex_1,0.91,0.91,0.93,1.64,0.79,0.99,1.0,1.07,0.82,,,,,,,,,
Hnrnpf,plex_1,1.0,0.9,1.02,1.28,0.88,0.89,1.11,0.9,0.85,,,,,,,,,
Eci1,plex_1,0.89,0.94,1.01,1.31,0.79,1.0,1.25,1.13,0.87,,,,,,,,,
Txnrd2,plex_1,0.82,0.94,1.05,1.23,0.74,0.93,1.07,1.05,0.86,,,,,,,,,
Txnrd2,plex_1,0.82,0.94,1.05,1.23,0.74,0.93,1.07,1.05,0.86,,,,,,,,,
Gm4952,plex_1,1.06,0.85,1.07,1.22,0.88,0.81,1.24,1.01,0.86,,,,,,,,,
Dhx9,plex_1,0.91,1.0,1.07,1.29,0.8,0.92,1.06,0.92,0.9,,,,,,,,,
Dhx9,plex_1,0.91,1.0,1.07,1.29,0.8,0.92,1.06,0.92,0.9,,,,,,,,,
Adck3,plex_1,0.92,0.97,0.97,1.33,0.81,0.89,1.07,1.0,0.92,,,,,,,,,
Pdcd6ip,plex_1,0.87,0.96,1.05,1.32,0.8,0.89,1.08,0.93,0.79,,,,,,,,,
Pdcd6ip,plex_1,0.87,0.96,1.05,1.32,0.8,0.89,1.08,0.93,0.79,,,,,,,,,
Pdzk1,plex_1,0.96,0.97,1.04,1.23,0.84,0.95,1.09,0.95,0.85,,,,,,,,,
Ctnnd1,plex_1,0.9,0.87,0.95,1.14,0.77,0.87,1.0,0.91,0.73,,,,,,,,,
Ctnnd1,plex_1,0.9,0.87,0.95,1.14,0.77,0.87,1.0,0.91,0.73,,,,,,,,,
Ctnnd1,plex_1,0.9,0.87,0.95,1.14,0.77,0.87,1.0,0.91,0.73,,,,,,,,,
Psme1,plex_1,0.77,0.83,0.91,1.17,0.92,1.15,1.09,0.96,0.73,,,,,,,,,
Cyp3a41a,plex_1,0.99,0.5,0.67,1.35,0.56,1.87,1.37,1.41,0.5,,,,,,,,,
Amacr,plex_1,0.84,1.02,1.02,1.39,0.78,0.95,1.14,1.05,0.82,,,,,,,,,
Map4,plex_1,1.02,1.0,1.12,1.34,0.83,1.01,1.11,0.97,0.92,,,,,,,,,
Map4,plex_1,1.02,1.0,1.12,1.34,0.83,1.01,1.11,0.97,0.92,,,,,,,,,
Ppia,plex_1,1.13,0.89,1.17,1.43,0.85,0.99,1.21,1.04,0.97,,,,,,,,,
Ppia,plex_1,1.13,0.89,1.17,1.43,0.85,0.99,1.21,1.04,0.97,,,,,,,,,
Gcat,plex_1,0.9,1.08,0.97,1.4,0.88,1.09,1.16,1.08,0.85,,,,,,,,,
Rps3a,plex_1,0.86,1.06,1.11,1.24,0.8,0.88,1.1,1.02,0.74,,,,,,,,,
Msra,plex_1,0.86,0.86,1.03,1.28,0.84,0.98,1.16,1.12,0.82,,,,,,,,,
Msra,plex_1,0.86,0.86,1.03,1.28,0.84,0.98,1.16,1.12,0.82,,,,,,,,,
Gstp1,plex_1,0.86,0.91,1.03,1.27,0.84,0.89,1.0,0.84,0.83,,,,,,,,,
Slc25a5,plex_1,0.83,0.96,1.1,1.27,0.78,0.93,1.13,1.09,0.85,,,,,,,,,
Rplp0,plex_1,0.96,0.99,1.14,1.3,0.89,0.95,1.2,1.06,0.83,,,,,,,,,
Dhrs1,plex_1,0.92,1.07,1.23,1.52,0.78,0.99,1.08,0.92,0.8,,,,,,,,,
Akr7a2,plex_1,0.84,0.95,1.04,1.29,0.84,0.9,1.13,1.01,0.85,,,,,,,,,
Mup10,plex_1,0.58,1.71,1.69,2.04,0.59,0.52,1.85,1.82,0.53,,,,,,,,,
Mup1,plex_1,0.58,1.71,1.69,2.04,0.59,0.52,1.85,1.82,0.53,,,,,,,,,
Ctsd,plex_1,1.01,1.08,1.15,1.4,0.65,0.84,0.93,0.91,0.69,,,,,,,,,
Etfb,plex_1,0.86,0.85,1.01,1.29,0.86,0.96,1.15,1.11,0.78,,,,,,,,,
Rpl3,plex_1,0.88,1.04,1.1,1.23,0.81,0.92,1.1,0.99,0.84,,,,,,,,,
Cyp2c29,plex_1,0.81,0.95,1.1,1.7,0.84,1.14,1.19,0.97,0.85,,,,,,,,,
Hbat1,plex_1,1.48,1.25,0.54,1.03,1.12,1.18,0.69,0.77,0.75,,,,,,,,,
Agmat,plex_1,0.9,0.92,1.02,1.34,0.88,0.99,1.13,1.02,0.82,,,,,,,,,
Lman1,plex_1,0.88,0.88,1.04,1.25,0.71,0.92,1.03,1.06,0.78,,,,,,,,,
Pdhb,plex_1,0.86,0.86,0.99,1.29,0.84,0.93,1.08,1.17,0.86,,,,,,,,,
Dlat,plex_1,0.74,0.88,0.96,1.05,0.74,0.9,1.04,0.97,0.79,,,,,,,,,
Sephs2,plex_1,0.85,0.97,1.08,1.61,0.88,0.95,1.35,0.98,0.89,,,,,,,,,
Pcbp1,plex_1,0.89,0.96,1.03,1.24,0.84,0.91,1.0,0.92,0.79,,,,,,,,,
Kmo,plex_1,0.84,1.01,1.01,1.35,0.82,0.92,1.16,1.22,0.82,,,,,,,,,
Kmo,plex_1,0.84,1.01,1.01,1.35,0.82,0.92,1.16,1.22,0.82,,,,,,,,,
Phb,plex_1,0.88,0.88,0.97,1.3,0.8,0.94,1.11,0.99,0.78,,,,,,,,,
Eef1g,plex_1,0.9,0.94,1.14,1.19,0.79,0.94,1.05,1.09,0.76,,,,,,,,,
Apeh,plex_1,0.86,1.09,1.03,1.46,0.93,0.95,1.11,1.03,0.88,,,,,,,,,
Apeh,plex_1,0.86,1.09,1.03,1.46,0.93,0.95,1.11,1.03,0.88,,,,,,,,,
Bphl,plex_1,0.85,1.12,1.2,1.44,0.81,0.94,1.12,1.08,0.78,,,,,,,,,
Bphl,plex_1,0.85,1.12,1.2,1.44,0.81,0.94,1.12,1.08,0.78,,,,,,,,,
Pipox,plex_1,0.78,0.93,1.12,1.35,0.78,0.91,1.04,0.91,0.9,,,,,,,,,
Ndufa10,plex_1,0.85,0.94,1.03,1.36,0.83,0.94,1.14,1.26,0.82,,,,,,,,,
D10Jhu81e,plex_1,0.89,0.89,1.02,1.31,0.8,0.95,1.03,1.03,0.77,,,,,,,,,
Ndufa9,plex_1,0.88,0.91,1.03,1.33,0.81,0.99,1.18,1.22,0.77,,,,,,,,,
Ndufa9,plex_1,0.88,0.91,1.03,1.33,0.81,0.99,1.18,1.22,0.77,,,,,,,,,
Hnrnpl,plex_1,1.0,1.07,1.25,1.18,0.8,0.96,1.05,0.93,0.81,,,,,,,,,
Ech1,plex_1,0.87,0.92,0.98,1.43,0.76,1.0,1.27,1.08,0.75,,,,,,,,,
Cct6a,plex_1,0.96,0.96,1.03,1.25,0.81,1.03,1.1,1.0,0.89,,,,,,,,,
Tpm3,plex_1,1.13,1.06,0.89,1.21,0.86,0.89,0.92,0.99,0.77,,,,,,,,,
Sfpq,plex_1,0.96,0.95,1.04,1.2,0.69,0.94,0.99,0.92,0.79,,,,,,,,,
Acot3,plex_1,0.77,0.84,0.86,1.19,0.76,1.28,1.41,1.13,0.73,,,,,,,,,
Pgrmc1,plex_1,0.84,0.89,1.03,1.46,0.82,0.98,1.14,0.95,0.8,,,,,,,,,
Pgrmc1,plex_1,0.84,0.89,1.03,1.46,0.82,0.98,1.14,0.95,0.8,,,,,,,,,
Pgrmc1,plex_1,0.84,0.89,1.03,1.46,0.82,0.98,1.14,0.95,0.8,,,,,,,,,
Cyp27a1,plex_1,0.93,1.02,1.3,1.58,0.72,0.83,1.04,1.03,0.8,,,,,,,,,
Sec14l4,plex_1,0.89,0.86,1.11,1.32,0.82,0.82,0.91,0.78,0.83,,,,,,,,,
Cyc1,plex_1,0.88,0.9,1.02,1.35,0.8,0.94,1.12,1.13,0.8,,,,,,,,,
Atp5h,plex_1,0.85,0.84,0.97,1.17,0.85,0.87,1.15,1.0,0.75,,,,,,,,,
Hoga1,plex_1,0.97,0.95,1.09,1.53,0.89,0.99,1.19,1.02,0.81,,,,,,,,,
Cyp2c70,plex_1,1.01,1.14,1.09,1.58,0.86,0.88,0.92,0.83,0.84,,,,,,,,,
Cct7,plex_1,0.89,0.95,1.11,1.37,0.82,0.95,1.13,0.97,0.86,,,,,,,,,
Cct7,plex_1,0.89,0.95,1.11,1.37,0.82,0.95,1.13,0.97,0.86,,,,,,,,,
H2-Ke6,plex_1,0.91,1.08,1.16,1.57,0.85,1.05,1.11,0.9,0.8,,,,,,,,,
Dlst,plex_1,0.85,0.83,1.0,1.22,0.71,0.91,1.15,1.08,0.85,,,,,,,,,
Akr1c14,plex_1,0.72,0.92,1.07,1.27,0.82,0.94,1.12,0.88,0.87,,,,,,,,,
Rpl5,plex_1,0.97,0.96,1.09,1.35,0.79,0.97,1.13,1.03,0.76,,,,,,,,,
Letm1,plex_1,0.98,0.95,1.02,1.24,0.71,0.95,1.09,1.04,0.77,,,,,,,,,
Slc25a3,plex_1,0.87,1.03,1.14,1.35,0.77,0.9,1.11,1.08,0.79,,,,,,,,,
Slc25a3,plex_1,0.87,1.03,1.14,1.35,0.77,0.9,1.11,1.08,0.79,,,,,,,,,
Rps3,plex_1,0.95,1.01,1.03,1.33,0.79,0.91,1.18,1.01,0.82,,,,,,,,,
Pecr,plex_1,0.84,0.89,1.04,1.48,0.81,0.99,0.97,1.01,0.89,,,,,,,,,
Pecr,plex_1,0.84,0.89,1.04,1.48,0.81,0.99,0.97,1.01,0.89,,,,,,,,,
Gsta3,plex_1,0.83,0.86,1.0,1.39,0.88,0.95,1.09,0.86,0.86,,,,,,,,,
Gsta3,plex_1,0.83,0.86,1.0,1.39,0.88,0.95,1.09,0.86,0.86,,,,,,,,,
Ak3,plex_1,0.86,0.94,1.08,1.29,0.84,1.0,1.22,1.04,0.89,,,,,,,,,
Cyp2f2,plex_1,0.57,1.09,1.3,1.43,0.81,0.73,1.26,1.23,0.75,,,,,,,,,
Adhfe1,plex_1,0.89,0.97,1.06,1.43,0.94,1.12,1.3,1.22,0.9,,,,,,,,,
Adhfe1,plex_1,0.89,0.97,1.06,1.43,0.94,1.12,1.3,1.22,0.9,,,,,,,,,
Prkcsh,plex_1,1.04,0.9,1.11,1.28,0.79,0.93,1.04,0.92,0.87,,,,,,,,,
Spr,plex_1,0.91,0.9,1.09,1.33,0.77,1.0,0.94,0.94,0.86,,,,,,,,,
Rps4x,plex_1,0.93,0.93,1.07,1.36,0.76,1.0,1.2,1.02,0.79,,,,,,,,,
Arcn1,plex_1,0.86,0.85,1.08,1.21,0.78,0.87,1.12,0.91,0.78,,,,,,,,,
Kynu,plex_1,0.68,0.92,1.07,1.44,0.68,0.89,1.07,0.96,0.78,,,,,,,,,
Kynu,plex_1,0.68,0.92,1.07,1.44,0.68,0.89,1.07,0.96,0.78,,,,,,,,,
Slc25a20,plex_1,0.86,0.89,1.14,1.32,0.85,0.97,1.12,1.04,0.75,,,,,,,,,
Cndp2,plex_1,0.9,0.89,0.98,1.26,0.84,1.11,1.28,1.04,0.85,,,,,,,,,
Mvp,plex_1,0.97,0.94,1.07,1.24,0.84,1.11,1.08,1.0,0.98,,,,,,,,,
Vim,plex_1,1.53,0.89,0.85,1.01,0.94,0.89,0.91,0.85,0.6,,,,,,,,,
Vim,plex_1,1.53,0.89,0.85,1.01,0.94,0.89,0.91,0.85,0.6,,,,,,,,,
Ctsb,plex_1,0.79,0.75,0.96,1.24,0.72,0.85,0.88,0.94,0.67,,,,,,,,,
Ctsb,plex_1,0.79,0.75,0.96,1.24,0.72,0.85,0.88,0.94,0.67,,,,,,,,,
Gck,plex_1,0.77,0.9,1.18,1.36,0.71,0.82,0.92,0.96,0.99,,,,,,,,,
Phb2,plex_1,1.08,0.81,0.95,1.35,0.74,1.03,1.16,1.13,0.79,,,,,,,,,
Gstk1,plex_1,0.94,1.01,1.18,1.49,0.78,0.98,1.18,1.08,0.88,,,,,,,,,
Acy1,plex_1,0.88,0.94,1.14,1.45,0.82,0.85,1.06,1.03,0.81,,,,,,,,,
Pebp1,plex_1,0.8,0.9,1.05,1.45,0.82,1.03,1.23,1.0,0.89,,,,,,,,,
Ppp2r1a,plex_1,0.83,0.93,0.92,1.37,0.86,0.91,1.03,1.02,0.81,,,,,,,,,
Eci2,plex_1,0.88,0.97,0.93,1.29,0.84,0.93,1.09,0.93,0.73,,,,,,,,,
Eci2,plex_1,0.88,0.97,0.93,1.29,0.84,0.93,1.09,0.93,0.73,,,,,,,,,
Eci2,plex_1,0.88,0.97,0.93,1.29,0.84,0.93,1.09,0.93,0.73,,,,,,,,,
Ugt2b17,plex_1,0.98,1.03,1.13,1.34,0.71,1.01,1.21,1.13,0.85,,,,,,,,,
Nadk2,plex_1,1.01,0.9,1.02,1.2,0.87,0.97,1.12,1.01,0.82,,,,,,,,,
Rpl7,plex_1,0.78,1.02,1.1,1.4,0.8,1.0,1.19,1.07,0.82,,,,,,,,,
Vars,plex_1,0.96,0.94,1.14,1.36,0.84,0.96,1.05,0.96,0.81,,,,,,,,,
Vars,plex_1,0.96,0.94,1.14,1.36,0.84,0.96,1.05,0.96,0.81,,,,,,,,,
Gcn1l1,plex_1,0.89,0.93,1.07,1.27,0.74,0.92,1.25,1.03,0.76,,,,,,,,,
Gcn1,plex_1,0.89,0.93,1.07,1.27,0.74,0.92,1.25,1.03,0.76,,,,,,,,,
Apoe,plex_1,1.01,1.05,1.17,1.38,0.76,0.89,0.93,0.82,0.63,,,,,,,,,
Apoe,plex_1,1.01,1.05,1.17,1.38,0.76,0.89,0.93,0.82,0.63,,,,,,,,,
Apoe,plex_1,1.01,1.05,1.17,1.38,0.76,0.89,0.93,0.82,0.63,,,,,,,,,
Ddc,plex_1,0.82,0.79,0.99,1.4,0.72,0.94,1.09,0.98,0.69,,,,,,,,,
Aadac,plex_1,0.71,0.88,1.09,1.48,0.84,0.99,1.06,0.86,0.82,,,,,,,,,
Sqrdl,plex_1,0.68,0.77,0.79,1.33,0.71,0.75,0.89,0.62,0.87,,,,,,,,,
Eif4b,plex_1,0.97,1.1,1.13,1.31,0.79,0.89,1.07,0.87,0.87,,,,,,,,,
Aox3,plex_1,0.75,0.94,1.08,1.37,0.95,0.88,0.99,0.93,0.87,,,,,,,,,
Dpp4,plex_1,0.95,0.95,1.11,1.34,0.82,0.9,0.96,0.95,0.79,,,,,,,,,
Ces3b,plex_1,1.04,1.28,1.73,1.47,1.4,1.1,1.03,1.06,1.18,,,,,,,,,
Hsd17b2,plex_1,0.96,1.12,0.91,1.72,0.8,0.92,1.2,0.96,0.64,,,,,,,,,
Cap1,plex_1,0.85,0.85,0.96,1.48,0.8,0.97,0.98,0.89,0.8,,,,,,,,,
Tomm70,plex_1,1.02,0.95,1.22,1.47,0.88,0.97,1.32,1.21,0.77,,,,,,,,,
Tomm70a,plex_1,1.02,0.95,1.22,1.47,0.88,0.97,1.32,1.21,0.77,,,,,,,,,
Tomm70a,plex_1,1.02,0.95,1.22,1.47,0.88,0.97,1.32,1.21,0.77,,,,,,,,,
Dpp3,plex_1,0.83,1.0,1.03,1.25,0.81,0.96,1.11,0.93,0.83,,,,,,,,,
Dpp3,plex_1,0.83,1.0,1.03,1.25,0.81,0.96,1.11,0.93,0.83,,,,,,,,,
Calm1,plex_1,0.92,0.89,1.06,1.35,0.82,0.92,1.04,0.9,0.8,,,,,,,,,
Naprt,plex_1,0.86,0.84,0.99,1.37,0.78,1.03,1.06,0.89,0.76,,,,,,,,,
Opa1,plex_1,0.95,0.86,1.02,1.28,0.83,0.96,1.06,1.03,0.79,,,,,,,,,
Opa1,plex_1,0.95,0.86,1.02,1.28,0.83,0.96,1.06,1.03,0.79,,,,,,,,,
Amt,plex_1,0.87,0.9,1.15,1.28,0.78,0.89,1.09,1.0,0.76,,,,,,,,,
Sult1d1,plex_1,0.8,0.95,1.02,1.57,0.87,0.99,1.0,0.92,0.89,,,,,,,,,
Hsd17b13,plex_1,0.97,0.86,1.06,1.33,0.76,0.93,1.09,1.03,0.79,,,,,,,,,
Lmnb2,plex_1,1.06,1.05,1.06,1.41,0.84,1.0,1.03,1.01,0.84,,,,,,,,,
Lmnb2,plex_1,1.06,1.05,1.06,1.41,0.84,1.0,1.03,1.01,0.84,,,,,,,,,
Apoa1,plex_1,1.72,1.22,0.81,1.21,0.84,0.96,0.78,0.82,0.54,,,,,,,,,
Apoa1,plex_1,1.72,1.22,0.81,1.21,0.84,0.96,0.78,0.82,0.54,,,,,,,,,
Actn1,plex_1,1.12,1.01,1.11,1.29,0.9,0.95,1.1,0.9,0.78,,,,,,,,,
Atp5o,plex_1,0.9,0.95,1.07,1.26,0.77,0.87,1.2,1.05,0.78,,,,,,,,,
Fkbp4,plex_1,0.89,0.91,0.95,1.22,0.88,0.93,1.12,1.05,0.83,,,,,,,,,
Eef1d,plex_1,0.9,0.96,1.12,1.13,0.9,0.95,1.09,1.0,0.81,,,,,,,,,
Rpl6,plex_1,0.95,0.95,1.07,1.27,0.77,0.88,1.21,1.04,0.79,,,,,,,,,
Dnm1l,plex_1,0.83,0.86,0.89,1.25,0.71,0.9,1.02,0.9,0.8,,,,,,,,,
Rpsa,plex_1,0.96,0.89,1.05,1.24,0.8,0.96,1.1,0.92,0.72,,,,,,,,,
Tpmt,plex_1,1.04,0.91,1.34,1.64,0.92,1.18,1.35,1.05,1.05,,,,,,,,,
Gne,plex_1,0.86,0.98,0.93,1.36,0.78,0.92,0.99,0.93,0.7,,,,,,,,,
Mecr,plex_1,0.91,1.02,1.11,1.25,0.85,0.84,1.07,1.02,0.74,,,,,,,,,
Ybx1,plex_1,0.87,0.85,0.92,1.17,0.79,0.95,1.02,0.83,0.67,,,,,,,,,
Ybx1,plex_1,0.87,0.85,0.92,1.17,0.79,0.95,1.02,0.83,0.67,,,,,,,,,
Ybx1,plex_1,0.87,0.85,0.92,1.17,0.79,0.95,1.02,0.83,0.67,,,,,,,,,
FAM120A,plex_1,1.05,1.09,1.11,1.52,0.96,1.08,1.17,0.94,0.8,,,,,,,,,
Txndc5,plex_1,1.03,0.86,0.9,1.13,0.85,0.89,1.15,0.88,0.81,,,,,,,,,
Blvrb,plex_1,1.17,1.03,0.91,1.35,0.91,1.3,0.86,0.85,0.87,,,,,,,,,
Capza2,plex_1,0.94,0.84,1.06,1.79,0.91,1.0,1.08,0.91,0.97,,,,,,,,,
Prdx2,plex_1,1.01,1.09,0.84,1.13,0.86,0.95,0.9,0.88,0.85,,,,,,,,,
Acy3,plex_1,0.99,0.92,1.11,1.43,0.84,1.06,0.95,0.99,0.81,,,,,,,,,
Suclg1,plex_1,0.85,0.92,1.02,1.23,0.77,0.88,1.07,1.06,0.73,,,,,,,,,
Nipsnap1,plex_1,1.02,0.9,1.05,1.34,0.89,0.98,1.1,1.11,0.85,,,,,,,,,
Pter,plex_1,0.94,0.97,1.12,1.53,0.79,0.98,1.18,0.86,0.79,,,,,,,,,
Dstn,plex_1,0.98,0.98,1.05,1.28,0.8,0.9,0.99,0.89,0.86,,,,,,,,,
Apob,plex_1,0.81,0.91,0.99,1.2,0.76,0.94,1.08,1.03,0.8,,,,,,,,,
Psma5,plex_1,0.98,0.89,1.11,1.41,0.85,0.99,1.22,1.0,0.77,,,,,,,,,
Psma5,plex_1,0.98,0.89,1.11,1.41,0.85,0.99,1.22,1.0,0.77,,,,,,,,,
Psma5,plex_1,0.98,0.89,1.11,1.41,0.85,0.99,1.22,1.0,0.77,,,,,,,,,
Mpst,plex_1,0.9,0.97,1.03,1.33,0.86,0.99,1.22,1.15,0.77,,,,,,,,,
Mpst,plex_1,0.9,0.97,1.03,1.33,0.86,0.99,1.22,1.15,0.77,,,,,,,,,
Mpst,plex_1,0.9,0.97,1.03,1.33,0.86,0.99,1.22,1.15,0.77,,,,,,,,,
Kif13b,plex_1,1.14,1.08,1.14,1.42,0.92,1.03,1.39,1.01,0.9,,,,,,,,,
Taldo1,plex_1,0.88,0.93,1.09,1.34,0.77,0.95,1.1,0.99,0.85,,,,,,,,,
Pfn1,plex_1,0.8,0.95,1.07,1.24,0.81,0.92,1.06,0.92,0.84,,,,,,,,,
Faah,plex_1,0.99,0.87,1.11,1.63,0.88,1.16,1.08,1.09,0.88,,,,,,,,,
Ttc38,plex_1,0.79,0.82,1.11,1.35,0.76,0.87,1.06,0.95,0.83,,,,,,,,,
Atp11c,plex_1,0.91,1.12,1.12,1.43,0.9,0.87,1.05,0.95,0.78,,,,,,,,,
Abhd14b,plex_1,0.97,1.17,1.17,1.37,0.86,0.98,1.06,0.97,0.88,,,,,,,,,
Abhd14b,plex_1,0.97,1.17,1.17,1.37,0.86,0.98,1.06,0.97,0.88,,,,,,,,,
Rpl7a,plex_1,1.02,0.95,1.1,1.32,0.82,0.91,1.21,1.15,0.8,,,,,,,,,
Coasy,plex_1,0.91,0.86,1.06,1.42,0.8,1.01,1.01,0.99,0.79,,,,,,,,,
Psmc5,plex_1,0.9,0.95,1.12,1.21,0.84,0.93,1.12,1.05,0.84,,,,,,,,,
Gstm2,plex_1,0.63,1.03,0.88,1.28,0.68,1.05,1.2,1.11,0.75,,,,,,,,,
Pbld2,plex_1,0.85,0.81,0.98,1.29,0.89,1.04,1.21,0.98,0.84,,,,,,,,,
Pbld1,plex_1,0.85,0.81,0.98,1.29,0.89,1.04,1.21,0.98,0.84,,,,,,,,,
Slc25a15,plex_1,0.81,0.96,1.07,1.3,0.81,0.99,1.24,1.19,0.83,,,,,,,,,
Pdha1,plex_1,0.86,0.86,0.91,1.18,0.67,0.92,0.97,1.05,0.83,,,,,,,,,
Ugt2b36,plex_1,0.85,1.04,1.17,1.45,0.83,0.99,1.12,1.02,0.9,,,,,,,,,
Ugt2b36,plex_1,0.85,1.04,1.17,1.45,0.83,0.99,1.12,1.02,0.9,,,,,,,,,
Hrsp12,plex_1,0.81,0.73,0.93,1.28,0.76,0.9,1.17,0.91,0.77,,,,,,,,,
Gk,plex_1,0.89,1.07,1.11,1.52,0.78,0.94,1.06,0.97,0.86,,,,,,,,,
Gk,plex_1,0.89,1.07,1.11,1.52,0.78,0.94,1.06,0.97,0.86,,,,,,,,,
Idh3g,plex_1,0.94,1.02,1.22,1.48,0.74,0.95,1.3,1.25,0.79,,,,,,,,,
Psmc4,plex_1,0.88,1.15,1.12,1.44,0.77,0.96,1.19,1.13,0.95,,,,,,,,,
Uqcrfs1,plex_1,0.95,1.08,1.12,1.3,0.73,0.87,1.08,1.13,0.76,,,,,,,,,
Iars2,plex_1,0.81,0.91,1.02,1.26,0.73,0.91,1.04,0.96,0.75,,,,,,,,,
Slc9a3r1,plex_1,0.85,0.95,0.99,1.36,0.85,0.95,1.1,0.97,0.84,,,,,,,,,
Lcp1,plex_1,0.95,0.95,1.13,1.37,0.8,1.06,1.03,0.86,0.76,,,,,,,,,
Pcyt2,plex_1,0.82,0.94,0.95,1.18,0.78,1.01,0.96,0.94,0.96,,,,,,,,,
Pcyt2,plex_1,0.82,0.94,0.95,1.18,0.78,1.01,0.96,0.94,0.96,,,,,,,,,
Hdgf,plex_1,0.94,0.93,1.06,1.31,0.84,0.88,1.03,0.91,0.79,,,,,,,,,
Psmc3,plex_1,0.9,0.86,1.02,1.26,0.79,1.0,1.08,1.05,0.88,,,,,,,,,
Mlycd,plex_1,0.83,0.9,0.98,1.39,0.8,0.96,1.03,1.17,0.75,,,,,,,,,
Psmc2,plex_1,1.23,1.19,1.12,1.69,1.07,1.27,1.35,1.26,0.97,,,,,,,,,
Inmt,plex_1,0.83,1.21,1.24,1.28,0.75,0.83,0.84,0.91,1.11,,,,,,,,,
Tubb2a,plex_1,0.89,1.22,1.25,1.6,0.88,1.2,1.31,1.04,1.24,,,,,,,,,
Rtcb,plex_1,1.09,0.93,1.07,1.25,0.87,0.99,1.06,0.9,0.78,,,,,,,,,
Anxa5,plex_1,0.94,0.77,0.93,1.08,0.75,0.89,1.06,0.93,0.69,,,,,,,,,
Eif5a,plex_1,0.9,0.89,0.92,1.32,0.79,0.83,0.95,0.93,0.71,,,,,,,,,
Sdhb,plex_1,0.8,0.93,1.12,1.22,0.7,0.91,1.02,0.98,0.75,,,,,,,,,
Nomo1,plex_1,0.99,1.14,0.94,1.23,0.81,0.79,1.06,1.07,0.75,,,,,,,,,
Arf3,plex_1,0.9,0.94,1.05,1.32,0.81,0.94,1.07,0.93,0.81,,,,,,,,,
Nucb1,plex_1,0.83,0.85,1.02,1.1,0.79,0.9,1.03,0.86,0.79,,,,,,,,,
Fggy,plex_1,0.81,0.87,1.12,1.5,0.86,1.18,1.19,1.24,0.92,,,,,,,,,
Acss2,plex_1,0.85,0.87,0.84,1.31,0.76,1.37,1.03,1.23,0.92,,,,,,,,,
Erp44,plex_1,0.86,0.95,1.05,1.18,0.82,0.86,1.01,0.9,0.78,,,,,,,,,
Ctnnb1,plex_1,0.93,0.94,1.03,1.36,0.81,0.91,1.14,1.07,0.81,,,,,,,,,
Fahd1,plex_1,0.87,0.92,1.04,1.27,0.78,0.96,1.03,0.95,0.76,,,,,,,,,
Hebp1,plex_1,0.81,0.89,0.97,1.14,0.93,0.9,1.06,0.98,0.81,,,,,,,,,
Ca2,plex_1,1.45,1.28,0.58,1.06,0.99,1.26,0.77,0.86,0.79,,,,,,,,,
Rps2,plex_1,0.83,0.97,1.19,1.36,0.74,0.94,1.15,0.98,0.79,,,,,,,,,
Rps2,plex_1,0.83,0.97,1.19,1.36,0.74,0.94,1.15,0.98,0.79,,,,,,,,,
Ddb1,plex_1,0.88,0.93,1.05,1.31,0.87,0.98,1.01,0.97,0.82,,,,,,,,,
Vdac2,plex_1,0.91,0.84,1.1,1.3,0.9,0.92,1.05,1.04,0.83,,,,,,,,,
Hnrnpa3,plex_1,1.0,0.92,1.04,1.29,0.81,0.85,1.02,0.94,0.82,,,,,,,,,
Hnrnpa3,plex_1,1.0,0.92,1.04,1.29,0.81,0.85,1.02,0.94,0.82,,,,,,,,,
Ddost,plex_1,0.97,0.96,1.15,1.44,0.96,0.89,1.04,0.97,0.83,,,,,,,,,
Ddost,plex_1,0.97,0.96,1.15,1.44,0.96,0.89,1.04,0.97,0.83,,,,,,,,,
Ddost,plex_1,0.97,0.96,1.15,1.44,0.96,0.89,1.04,0.97,0.83,,,,,,,,,
Ugdh,plex_1,0.72,0.81,1.01,1.44,0.76,1.15,1.34,1.21,0.83,,,,,,,,,
Lta4h,plex_1,0.9,0.84,0.96,1.28,0.78,1.0,1.02,0.92,0.89,,,,,,,,,
Psmc6,plex_1,0.88,1.0,1.06,1.38,0.88,0.91,1.07,1.0,0.89,,,,,,,,,
Dcxr,plex_1,0.73,0.9,1.0,1.27,0.75,1.11,1.21,1.09,0.82,,,,,,,,,
Ndufs2,plex_1,0.88,1.0,1.14,1.25,0.8,0.98,1.16,1.25,0.81,,,,,,,,,
Mettl7b,plex_1,0.89,0.96,1.05,1.46,0.74,0.91,1.2,1.1,0.96,,,,,,,,,
Vps35,plex_1,0.88,0.93,1.11,1.42,1.0,0.96,1.1,0.97,0.75,,,,,,,,,
Gsto1,plex_1,0.86,0.92,1.0,1.25,0.9,1.06,1.3,0.99,0.86,,,,,,,,,
Glod4,plex_1,0.87,0.91,1.05,1.23,0.77,1.0,0.99,0.9,0.82,,,,,,,,,
Kpnb1,plex_1,0.87,0.82,0.9,1.31,0.73,0.97,1.12,0.97,0.83,,,,,,,,,
Kpnb1,plex_1,0.87,0.82,0.9,1.31,0.73,0.97,1.12,0.97,0.83,,,,,,,,,
Kpnb1,plex_1,0.87,0.82,0.9,1.31,0.73,0.97,1.12,0.97,0.83,,,,,,,,,
Kpnb1,plex_1,0.87,0.82,0.9,1.31,0.73,0.97,1.12,0.97,0.83,,,,,,,,,
Lpp,plex_1,0.78,0.9,0.92,1.19,0.81,0.94,1.23,0.88,0.82,,,,,,,,,
Serbp1,plex_1,0.88,1.19,1.13,1.29,0.71,0.85,1.07,0.98,0.88,,,,,,,,,
Ephx1,plex_1,0.87,0.95,1.11,1.29,0.73,0.77,0.99,0.95,0.9,,,,,,,,,
Dars,plex_1,0.89,0.95,1.09,1.39,0.72,0.92,1.09,1.02,0.88,,,,,,,,,
Ahsg,plex_1,1.46,1.13,1.09,1.3,0.76,1.1,0.74,0.94,0.58,,,,,,,,,
Ahsg,plex_1,1.46,1.13,1.09,1.3,0.76,1.1,0.74,0.94,0.58,,,,,,,,,
Ahsg,plex_1,1.46,1.13,1.09,1.3,0.76,1.1,0.74,0.94,0.58,,,,,,,,,
Prdx3,plex_1,0.84,0.89,0.99,1.24,0.87,0.94,1.2,1.1,0.83,,,,,,,,,
Hnrnph2,plex_1,0.91,0.97,1.17,1.46,0.8,0.9,0.94,0.97,0.78,,,,,,,,,
Npm1,plex_1,0.91,1.0,1.07,1.16,0.69,0.84,1.02,0.95,0.77,,,,,,,,,
Col14a1,plex_1,1.16,0.86,1.21,1.26,1.02,0.92,1.31,0.83,0.72,,,,,,,,,
Col14a1,plex_1,1.16,0.86,1.21,1.26,1.02,0.92,1.31,0.83,0.72,,,,,,,,,
Gstt3,plex_1,0.78,0.87,1.07,1.59,0.76,1.13,1.04,1.03,0.75,,,,,,,,,
Gstt3,plex_1,0.78,0.87,1.07,1.59,0.76,1.13,1.04,1.03,0.75,,,,,,,,,
Galm,plex_1,0.75,0.79,1.08,1.3,0.76,0.94,1.15,0.9,0.85,,,,,,,,,
Hsd3b3,plex_1,0.9,1.03,1.1,1.33,0.85,0.89,0.96,0.87,0.83,,,,,,,,,
Txnl1,plex_1,0.86,0.84,0.96,1.28,0.84,0.9,1.0,0.96,0.75,,,,,,,,,
Txnl1,plex_1,0.86,0.84,0.96,1.28,0.84,0.9,1.0,0.96,0.75,,,,,,,,,
Cyp2c39,plex_1,0.8,0.83,0.97,1.17,0.82,1.03,1.2,1.26,0.77,,,,,,,,,
Erap1,plex_1,1.01,0.95,0.99,1.41,0.87,1.01,0.99,0.96,0.8,,,,,,,,,
Prdx5,plex_1,1.02,0.95,1.13,1.3,0.88,0.97,1.19,1.09,0.84,,,,,,,,,
Prdx5,plex_1,1.02,0.95,1.13,1.3,0.88,0.97,1.19,1.09,0.84,,,,,,,,,
Prdx5,plex_1,1.02,0.95,1.13,1.3,0.88,0.97,1.19,1.09,0.84,,,,,,,,,
Prdx5,plex_1,1.02,0.95,1.13,1.3,0.88,0.97,1.19,1.09,0.84,,,,,,,,,
Cenpv,plex_1,0.92,0.92,0.98,1.3,0.88,0.97,1.06,1.03,0.83,,,,,,,,,
Serpina1b,plex_1,1.42,1.07,1.04,1.1,0.86,1.02,0.79,0.87,0.63,,,,,,,,,
Hao1,plex_1,0.88,0.96,1.09,1.27,0.81,0.88,1.07,0.78,0.82,,,,,,,,,
Prdx4,plex_1,0.95,1.04,1.13,1.28,0.82,0.94,1.14,0.83,0.81,,,,,,,,,
Stt3a,plex_1,0.95,0.86,1.14,1.31,0.78,0.77,0.99,0.95,0.72,,,,,,,,,
Stt3a,plex_1,0.95,0.86,1.14,1.31,0.78,0.77,0.99,0.95,0.72,,,,,,,,,
Stt3a,plex_1,0.95,0.86,1.14,1.31,0.78,0.77,0.99,0.95,0.72,,,,,,,,,
Stt3a,plex_1,0.95,0.86,1.14,1.31,0.78,0.77,0.99,0.95,0.72,,,,,,,,,
Stt3a,plex_1,0.95,0.86,1.14,1.31,0.78,0.77,0.99,0.95,0.72,,,,,,,,,
Stt3a,plex_1,0.95,0.86,1.14,1.31,0.78,0.77,0.99,0.95,0.72,,,,,,,,,
Stt3a,plex_1,0.95,0.86,1.14,1.31,0.78,0.77,0.99,0.95,0.72,,,,,,,,,
Rars,plex_1,0.8,0.97,0.99,1.24,0.75,0.98,1.02,0.94,0.81,,,,,,,,,
Nipsnap3b,plex_1,0.9,0.84,0.97,1.29,0.69,0.96,1.19,0.89,0.81,,,,,,,,,
Cfl1,plex_1,0.96,0.98,1.06,1.42,0.89,0.99,1.16,0.95,0.81,,,,,,,,,
Myo1b,plex_1,0.82,0.94,1.0,1.27,0.91,0.84,1.02,0.92,0.84,,,,,,,,,
Sec24a,plex_1,0.92,0.89,0.94,1.42,0.74,0.89,1.13,1.02,0.79,,,,,,,,,
Dpysl2,plex_1,1.03,1.0,1.04,1.36,0.91,0.95,1.02,0.93,0.86,,,,,,,,,
Cyp2d22,plex_1,0.7,0.89,1.1,1.37,0.81,0.79,1.04,0.96,0.82,,,,,,,,,
Cyp2d22,plex_1,0.7,0.89,1.1,1.37,0.81,0.79,1.04,0.96,0.82,,,,,,,,,
Marc1,plex_1,0.77,0.85,1.01,1.28,0.7,1.06,1.12,1.13,0.75,,,,,,,,,
Scrn2,plex_1,0.95,0.85,1.14,1.48,0.93,1.08,1.2,0.97,0.82,,,,,,,,,
Nap1l4,plex_1,0.97,1.09,1.12,1.25,0.83,0.95,0.83,1.0,0.83,,,,,,,,,
Nap1l4,plex_1,0.97,1.09,1.12,1.25,0.83,0.95,0.83,1.0,0.83,,,,,,,,,
Nap1l4,plex_1,0.97,1.09,1.12,1.25,0.83,0.95,0.83,1.0,0.83,,,,,,,,,
Sept9,plex_1,0.78,0.8,1.03,1.1,0.79,0.84,0.98,0.88,0.79,,,,,,,,,
Sept9,plex_1,0.78,0.8,1.03,1.1,0.79,0.84,0.98,0.88,0.79,,,,,,,,,
Sept9,plex_1,0.78,0.8,1.03,1.1,0.79,0.84,0.98,0.88,0.79,,,,,,,,,
Ugt2a3,plex_1,0.92,0.87,1.17,1.38,0.77,0.86,0.99,0.97,0.88,,,,,,,,,
Pitrm1,plex_1,1.0,0.82,0.93,1.32,0.8,0.99,1.13,1.02,0.76,,,,,,,,,
Ppib,plex_1,0.98,0.95,1.06,1.29,0.92,0.89,1.08,0.89,0.73,,,,,,,,,
Acsm3,plex_1,0.89,0.84,0.99,1.4,0.9,0.99,1.25,1.18,0.86,,,,,,,,,
Ndufv2,plex_1,0.87,1.0,0.97,1.28,0.84,0.94,1.12,1.03,0.93,,,,,,,,,
Hsph1,plex_1,0.99,1.06,1.03,1.51,0.74,1.04,1.17,0.97,0.77,,,,,,,,,
Qprt,plex_1,0.87,0.88,1.07,1.31,0.79,0.92,1.14,1.01,0.87,,,,,,,,,
Col6a3,plex_1,2.02,0.84,1.15,1.31,1.14,0.86,1.0,0.98,0.71,,,,,,,,,
Clpx,plex_1,0.89,1.03,1.11,1.6,0.92,1.09,1.41,1.05,1.08,,,,,,,,,
Glyctk,plex_1,1.0,0.95,1.03,1.3,0.75,0.89,1.11,1.06,0.78,,,,,,,,,
Slc25a10,plex_1,0.87,0.99,1.31,1.32,0.67,1.14,1.18,1.21,0.69,,,,,,,,,
Iigp1,plex_1,0.92,0.8,0.99,1.45,1.24,1.19,1.12,0.98,0.68,,,,,,,,,
Cox6b1,plex_1,0.91,1.05,0.97,1.23,0.76,0.86,1.1,1.15,0.71,,,,,,,,,
Coq6,plex_1,0.88,0.83,1.08,1.36,1.52,0.77,1.32,0.98,0.84,,,,,,,,,
Hagh,plex_1,0.89,1.07,1.12,1.44,0.84,1.03,1.08,0.99,0.83,,,,,,,,,
Hagh,plex_1,0.89,1.07,1.12,1.44,0.84,1.03,1.08,0.99,0.83,,,,,,,,,
Hagh,plex_1,0.89,1.07,1.12,1.44,0.84,1.03,1.08,0.99,0.83,,,,,,,,,
Hagh,plex_1,0.89,1.07,1.12,1.44,0.84,1.03,1.08,0.99,0.83,,,,,,,,,
Ddx1,plex_1,0.96,0.88,0.96,1.25,0.73,0.84,0.92,1.04,0.75,,,,,,,,,
Ddx1,plex_1,0.96,0.88,0.96,1.25,0.73,0.84,0.92,1.04,0.75,,,,,,,,,
Nampt,plex_1,0.82,0.95,1.11,1.29,0.91,0.92,0.98,0.92,0.7,,,,,,,,,
Lactb2,plex_1,0.8,0.97,1.08,1.54,0.77,0.85,1.07,1.01,0.88,,,,,,,,,
Nit1,plex_1,0.76,0.86,0.97,1.22,0.88,0.87,1.05,0.9,0.72,,,,,,,,,
Ppa2,plex_1,0.85,0.96,1.08,1.3,0.81,0.93,1.15,0.99,0.75,,,,,,,,,
Ighm,plex_1,1.19,1.08,0.8,1.13,0.9,1.29,0.72,1.26,0.88,,,,,,,,,
Lrrc59,plex_1,1.04,0.9,1.0,1.41,0.93,0.85,1.26,1.02,0.71,,,,,,,,,
Fgb,plex_1,1.36,1.11,0.89,1.06,0.89,1.0,0.81,1.0,0.66,,,,,,,,,
Pkm,plex_1,1.28,0.98,1.01,1.22,0.9,0.98,0.99,0.99,0.73,,,,,,,,,
Ces1e,plex_1,0.56,0.8,0.8,1.28,0.86,0.82,1.0,0.9,0.96,,,,,,,,,
Psap,plex_1,0.94,1.01,1.17,1.56,0.94,0.97,0.93,1.01,0.67,,,,,,,,,
Psap,plex_1,0.94,1.01,1.17,1.56,0.94,0.97,0.93,1.01,0.67,,,,,,,,,
Psap,plex_1,0.94,1.01,1.17,1.56,0.94,0.97,0.93,1.01,0.67,,,,,,,,,
Psap,plex_1,0.94,1.01,1.17,1.56,0.94,0.97,0.93,1.01,0.67,,,,,,,,,
Psap,plex_1,0.94,1.01,1.17,1.56,0.94,0.97,0.93,1.01,0.67,,,,,,,,,
Psap,plex_1,0.94,1.01,1.17,1.56,0.94,0.97,0.93,1.01,0.67,,,,,,,,,
Psap,plex_1,0.94,1.01,1.17,1.56,0.94,0.97,0.93,1.01,0.67,,,,,,,,,
Psap,plex_1,0.94,1.01,1.17,1.56,0.94,0.97,0.93,1.01,0.67,,,,,,,,,
Psap,plex_1,0.94,1.01,1.17,1.56,0.94,0.97,0.93,1.01,0.67,,,,,,,,,
Psap,plex_1,0.94,1.01,1.17,1.56,0.94,0.97,0.93,1.01,0.67,,,,,,,,,
Psap,plex_1,0.94,1.01,1.17,1.56,0.94,0.97,0.93,1.01,0.67,,,,,,,,,
Psap,plex_1,0.94,1.01,1.17,1.56,0.94,0.97,0.93,1.01,0.67,,,,,,,,,
Psap,plex_1,0.94,1.01,1.17,1.56,0.94,0.97,0.93,1.01,0.67,,,,,,,,,
Sult2a1,plex_1,0.84,0.37,0.4,1.16,0.75,1.85,0.8,1.16,0.91,,,,,,,,,
Ugt1a6b,plex_1,0.94,1.0,1.09,1.5,0.9,0.82,1.04,0.92,0.9,,,,,,,,,
Psmc1,plex_1,1.03,0.94,0.92,1.15,0.68,0.99,1.05,0.8,0.7,,,,,,,,,
Rps27a,plex_1,0.96,1.07,1.21,1.61,0.88,1.08,1.07,0.94,0.96,,,,,,,,,
Acss3,plex_1,0.82,0.85,0.87,1.24,0.68,1.05,1.19,1.2,0.78,,,,,,,,,
Sars,plex_1,1.0,0.99,1.16,1.52,0.92,1.04,1.17,1.05,0.83,,,,,,,,,
Sod1,plex_1,0.82,0.95,0.98,1.22,0.74,0.9,1.14,0.99,0.9,,,,,,,,,
Ttpa,plex_1,0.78,0.78,0.97,1.41,0.74,1.03,1.1,0.91,0.82,,,,,,,,,
Ttpa,plex_1,0.78,0.78,0.97,1.41,0.74,1.03,1.1,0.91,0.82,,,,,,,,,
Kyat1,plex_1,0.92,0.91,1.23,1.38,0.72,0.85,1.06,0.87,0.68,,,,,,,,,
Glo1,plex_1,0.92,0.95,1.39,1.38,0.86,0.92,1.05,0.9,0.84,,,,,,,,,
Actr2,plex_1,0.9,0.92,1.09,1.25,0.73,0.92,1.04,0.85,0.75,,,,,,,,,
Prosc,plex_1,0.9,1.04,1.09,1.29,0.91,0.84,1.09,1.1,0.87,,,,,,,,,
Syncrip,plex_1,0.86,0.89,1.03,1.19,0.91,0.86,1.01,0.97,0.78,,,,,,,,,
Psma7,plex_1,0.93,0.88,1.01,1.28,0.78,0.95,1.03,0.94,0.75,,,,,,,,,
Pgd,plex_1,0.93,0.92,0.99,1.22,0.89,1.25,1.4,1.25,1.03,,,,,,,,,
Pgd,plex_1,0.93,0.92,0.99,1.22,0.89,1.25,1.4,1.25,1.03,,,,,,,,,
Kars,plex_1,0.95,0.89,1.04,1.13,0.87,0.96,0.97,0.98,0.83,,,,,,,,,
Kars,plex_1,0.95,0.89,1.04,1.13,0.87,0.96,0.97,0.98,0.83,,,,,,,,,
Kars,plex_1,0.95,0.89,1.04,1.13,0.87,0.96,0.97,0.98,0.83,,,,,,,,,
Kars,plex_1,0.95,0.89,1.04,1.13,0.87,0.96,0.97,0.98,0.83,,,,,,,,,
Ptbp1,plex_1,1.02,0.9,1.02,1.29,0.8,0.92,1.01,1.04,0.77,,,,,,,,,
Lars,plex_1,1.04,1.14,1.24,1.51,1.07,1.07,1.14,1.38,0.91,,,,,,,,,
Pdxk,plex_1,0.96,1.03,1.18,1.82,0.94,1.17,1.29,1.25,0.98,,,,,,,,,
Tpp2,plex_1,0.84,0.93,1.05,1.25,0.8,0.86,0.95,0.98,0.82,,,,,,,,,
Gstt1,plex_1,0.78,0.94,1.03,1.44,0.8,1.0,1.08,1.05,0.86,,,,,,,,,
Asgr1,plex_1,0.79,0.99,0.99,1.32,0.86,0.95,1.01,1.0,0.75,,,,,,,,,
Eif2s3x,plex_1,0.95,1.02,1.13,1.33,0.9,0.97,1.07,1.04,0.89,,,,,,,,,
Cbr4,plex_1,0.9,0.99,1.11,1.4,0.84,0.9,1.23,1.02,0.82,,,,,,,,,
Cttn,plex_1,0.71,1.0,0.96,1.19,0.71,0.84,1.08,0.92,0.79,,,,,,,,,
Cttn,plex_1,0.71,1.0,0.96,1.19,0.71,0.84,1.08,0.92,0.79,,,,,,,,,
Cttn,plex_1,0.71,1.0,0.96,1.19,0.71,0.84,1.08,0.92,0.79,,,,,,,,,
Cyp2c54,plex_1,0.74,1.1,1.18,1.77,0.91,0.75,1.24,0.97,0.69,,,,,,,,,
Iars,plex_1,1.03,1.07,1.14,1.24,0.86,1.02,1.17,1.09,0.73,,,,,,,,,
Cyp2j5,plex_1,0.85,0.97,1.06,1.53,0.88,0.91,1.1,0.92,0.84,,,,,,,,,
Man2a1,plex_1,1.23,0.99,1.02,1.27,0.84,1.07,1.14,1.01,0.82,,,,,,,,,
Eif4a2,plex_1,0.78,0.9,0.95,1.32,0.75,1.07,1.13,0.91,0.86,,,,,,,,,
Eif4a2,plex_1,0.78,0.9,0.95,1.32,0.75,1.07,1.13,0.91,0.86,,,,,,,,,
Bbox1,plex_1,0.92,0.96,1.02,1.36,0.86,0.92,1.16,1.11,0.87,,,,,,,,,
Rps17,plex_1,0.88,0.93,1.04,1.29,0.89,0.9,1.14,1.07,0.81,,,,,,,,,
Hrg,plex_1,0.96,0.81,0.78,1.69,0.95,0.74,1.22,0.76,0.98,,,,,,,,,
Hrg,plex_1,0.96,0.81,0.78,1.69,0.95,0.74,1.22,0.76,0.98,,,,,,,,,
Slc25a11,plex_1,0.86,0.97,1.17,1.42,0.75,0.99,1.24,1.13,0.93,,,,,,,,,
,plex_1,1.0,0.87,1.25,1.36,0.76,0.98,1.18,1.2,0.98,,,,,,,,,
Cox4i1,plex_1,0.87,1.1,1.12,1.34,0.79,0.87,1.19,1.16,0.79,,,,,,,,,
Atp5c1,plex_1,0.92,0.97,1.08,1.25,0.75,0.93,1.12,1.06,0.71,,,,,,,,,
Eif3d,plex_1,0.93,0.96,0.92,1.48,0.79,0.91,0.9,0.93,0.77,,,,,,,,,
Lypla1,plex_1,0.88,0.97,1.18,1.44,0.93,1.09,1.29,1.11,0.84,,,,,,,,,
Vdac3,plex_1,0.81,0.86,0.9,1.13,0.78,0.83,1.35,0.9,0.77,,,,,,,,,
Vdac3-ps1,plex_1,0.81,0.86,0.9,1.13,0.78,0.83,1.35,0.9,0.77,,,,,,,,,
D2hgdh,plex_1,0.94,0.9,1.15,1.36,0.72,1.03,1.11,1.03,0.86,,,,,,,,,
D2hgdh,plex_1,0.94,0.9,1.15,1.36,0.72,1.03,1.11,1.03,0.86,,,,,,,,,
Farsa,plex_1,1.06,1.1,1.24,1.4,0.8,1.0,1.26,1.13,1.09,,,,,,,,,
Psma6,plex_1,0.97,0.92,0.96,1.38,0.85,1.12,0.94,0.86,0.81,,,,,,,,,
H6pd,plex_1,0.81,0.98,1.15,1.15,1.05,0.94,1.18,1.0,1.0,,,,,,,,,
H6pd,plex_1,0.81,0.98,1.15,1.15,1.05,0.94,1.18,1.0,1.0,,,,,,,,,
Sfxn1,plex_1,0.97,1.03,1.14,1.39,0.87,1.05,1.25,1.31,0.88,,,,,,,,,
Rpl10,plex_1,0.73,0.98,1.11,1.35,0.88,0.96,1.16,1.03,0.82,,,,,,,,,
Ethe1,plex_1,0.9,0.99,1.04,1.27,0.75,1.0,1.11,1.2,0.74,,,,,,,,,
Rhoa,plex_1,0.84,0.78,1.02,1.55,0.83,0.94,1.09,1.04,0.84,,,,,,,,,
Ywhaz,plex_1,0.88,1.06,1.03,1.36,0.81,0.92,1.12,0.93,0.83,,,,,,,,,
Anpep,plex_1,0.95,0.94,1.03,1.57,0.79,0.96,1.16,1.01,0.74,,,,,,,,,
Myl6,plex_1,1.0,0.85,0.87,1.41,0.9,0.93,1.05,0.89,0.83,,,,,,,,,
,plex_1,0.85,0.89,0.96,1.35,0.81,1.05,1.13,1.06,0.76,,,,,,,,,
Dnpep,plex_1,0.85,0.89,0.96,1.35,0.81,1.05,1.13,1.06,0.76,,,,,,,,,
Dnpep,plex_1,0.85,0.89,0.96,1.35,0.81,1.05,1.13,1.06,0.76,,,,,,,,,
Dnpep,plex_1,0.85,0.89,0.96,1.35,0.81,1.05,1.13,1.06,0.76,,,,,,,,,
Spta1,plex_1,1.13,1.13,0.65,0.96,1.0,1.09,0.69,0.85,0.71,,,,,,,,,
Psmd7,plex_1,0.92,1.03,1.06,1.33,0.74,1.1,1.2,1.07,0.82,,,,,,,,,
Lgals9,plex_1,1.0,0.95,1.1,1.28,0.87,1.07,0.98,1.08,0.78,,,,,,,,,
Lgals9,plex_1,1.0,0.95,1.1,1.28,0.87,1.07,0.98,1.08,0.78,,,,,,,,,
Lgals9,plex_1,1.0,0.95,1.1,1.28,0.87,1.07,0.98,1.08,0.78,,,,,,,,,
Lgals9,plex_1,1.0,0.95,1.1,1.28,0.87,1.07,0.98,1.08,0.78,,,,,,,,,
Lgals9,plex_1,1.0,0.95,1.1,1.28,0.87,1.07,0.98,1.08,0.78,,,,,,,,,
Ppt1,plex_1,1.4,1.54,1.37,1.29,0.65,0.7,1.18,1.06,0.77,,,,,,,,,
Ppt1,plex_1,1.4,1.54,1.37,1.29,0.65,0.7,1.18,1.06,0.77,,,,,,,,,
Nono,plex_1,1.05,1.08,1.05,1.26,0.94,0.88,1.02,0.94,0.9,,,,,,,,,
Nono,plex_1,1.05,1.08,1.05,1.26,0.94,0.88,1.02,0.94,0.9,,,,,,,,,
Hmgb1,plex_1,0.93,0.97,1.15,1.26,0.76,0.86,1.01,0.98,0.84,,,,,,,,,
Arhgdia,plex_1,0.86,0.8,0.9,1.25,0.84,1.02,0.99,1.01,0.7,,,,,,,,,
Mars,plex_1,0.85,0.89,0.94,1.29,0.72,1.03,1.03,0.85,0.85,,,,,,,,,
Mars,plex_1,0.85,0.89,0.94,1.29,0.72,1.03,1.03,0.85,0.85,,,,,,,,,
Acadsb,plex_1,0.86,1.04,1.07,1.39,0.83,0.97,1.09,1.01,0.89,,,,,,,,,
Clic4,plex_1,0.95,0.98,1.19,1.45,0.82,1.09,1.17,1.31,0.82,,,,,,,,,
Pycrl,plex_1,0.85,0.93,1.01,1.15,0.69,0.82,0.97,0.95,0.71,,,,,,,,,
Vapa,plex_1,1.14,1.23,1.48,1.49,0.91,1.06,1.21,1.12,1.01,,,,,,,,,
Cmbl,plex_1,0.64,0.8,0.97,1.37,0.7,1.05,1.19,1.0,0.72,,,,,,,,,
Cnn3,plex_1,0.96,1.01,1.13,1.49,0.92,1.13,1.19,1.02,1.09,,,,,,,,,
Pon1,plex_1,0.95,1.0,0.97,1.61,0.83,1.17,1.42,1.04,0.73,,,,,,,,,
Gstt2,plex_1,0.75,0.92,0.85,1.31,0.83,1.02,1.06,1.05,0.73,,,,,,,,,
Psmd4,plex_1,0.9,1.03,0.94,1.27,0.81,0.98,0.99,0.86,0.88,,,,,,,,,
Atp5d,plex_1,1.14,1.03,1.48,1.94,0.88,1.12,1.13,1.1,0.86,,,,,,,,,
Mavs,plex_1,1.1,0.94,1.31,1.96,1.0,1.15,1.38,1.21,0.85,,,,,,,,,
Sar1b,plex_1,0.84,0.89,1.12,1.36,0.78,1.03,1.22,0.91,0.85,,,,,,,,,
Rab1a,plex_1,0.83,1.17,1.09,1.28,0.64,0.75,0.98,0.82,0.81,,,,,,,,,
Cald1,plex_1,0.91,0.86,0.94,1.21,0.76,0.92,1.02,0.94,0.79,,,,,,,,,
Psmd3,plex_1,0.85,0.92,1.09,1.33,0.86,0.91,1.07,1.01,0.9,,,,,,,,,
Bpnt1,plex_1,0.93,1.09,1.18,1.71,0.93,1.06,1.07,0.88,0.77,,,,,,,,,
Mia3,plex_1,0.79,0.93,1.0,1.33,0.86,0.91,1.07,0.87,0.84,,,,,,,,,
Hdhd3,plex_1,0.8,0.86,0.91,1.21,0.77,0.85,0.97,0.99,0.69,,,,,,,,,
Mocs1,plex_1,0.9,1.03,1.09,1.37,0.81,0.92,1.19,1.1,0.89,,,,,,,,,
Eef1b,plex_1,0.87,1.01,1.05,1.19,0.74,0.9,1.12,1.05,0.77,,,,,,,,,
Dnaja1,plex_1,0.9,0.9,1.0,1.18,0.72,0.99,1.18,0.98,0.83,,,,,,,,,
Eif3h,plex_1,0.9,1.05,1.05,1.24,0.76,0.82,1.03,0.84,0.8,,,,,,,,,
Eif3h,plex_1,0.9,1.05,1.05,1.24,0.76,0.82,1.03,0.84,0.8,,,,,,,,,
Eif3h,plex_1,0.9,1.05,1.05,1.24,0.76,0.82,1.03,0.84,0.8,,,,,,,,,
Eif3h,plex_1,0.9,1.05,1.05,1.24,0.76,0.82,1.03,0.84,0.8,,,,,,,,,
Kng1,plex_1,1.2,1.12,0.88,1.35,0.84,1.02,0.97,1.0,0.82,,,,,,,,,
Sept7,plex_1,0.92,0.9,1.09,1.25,0.76,0.89,0.98,0.93,0.71,,,,,,,,,
Sept7,plex_1,0.92,0.9,1.09,1.25,0.76,0.89,0.98,0.93,0.71,,,,,,,,,
Sept7,plex_1,0.92,0.9,1.09,1.25,0.76,0.89,0.98,0.93,0.71,,,,,,,,,
Sept7,plex_1,0.92,0.9,1.09,1.25,0.76,0.89,0.98,0.93,0.71,,,,,,,,,
Aadat,plex_1,0.94,0.95,1.0,1.34,0.9,0.98,1.06,1.01,0.75,,,,,,,,,
Gchfr,plex_1,0.86,0.98,0.95,1.4,0.77,1.05,1.08,1.06,0.81,,,,,,,,,
Ddx5,plex_1,0.89,0.93,0.99,1.29,0.78,0.82,0.92,0.92,0.84,,,,,,,,,
Lonp2,plex_1,1.03,0.95,1.19,1.48,0.96,1.05,1.26,1.23,0.76,,,,,,,,,
Khsrp,plex_1,0.92,0.99,1.07,1.3,0.88,0.93,0.99,0.94,0.79,,,,,,,,,
Rdh9,plex_1,0.82,1.01,0.85,1.47,0.76,1.02,1.15,1.06,0.81,,,,,,,,,
Rpl23,plex_1,0.98,1.03,1.13,1.35,0.79,0.93,1.19,0.95,0.78,,,,,,,,,
Tuba4a,plex_1,0.86,0.85,1.07,1.3,0.98,1.42,1.03,0.87,0.72,,,,,,,,,
Scly,plex_1,0.95,0.94,1.12,1.48,0.92,0.99,1.1,0.94,0.92,,,,,,,,,
Ugt3a2,plex_1,0.89,0.91,1.03,1.46,0.85,1.14,1.28,1.03,0.83,,,,,,,,,
Rps6,plex_1,0.94,1.01,1.09,1.26,0.79,0.94,1.22,0.99,0.87,,,,,,,,,
Oxsm,plex_1,0.91,0.77,0.87,1.11,0.75,0.83,1.17,0.96,0.83,,,,,,,,,
Oxsm,plex_1,0.91,0.77,0.87,1.11,0.75,0.83,1.17,0.96,0.83,,,,,,,,,
Btf3,plex_1,1.0,0.87,1.15,1.33,0.84,0.9,1.25,1.02,0.96,,,,,,,,,
Thnsl2,plex_1,0.92,1.02,1.28,1.92,0.81,1.27,1.22,1.15,0.94,,,,,,,,,
Nars,plex_1,0.95,1.05,1.16,1.92,0.99,1.05,1.14,0.98,0.66,,,,,,,,,
Copb2,plex_1,0.91,1.0,1.06,1.28,0.8,0.93,1.02,0.86,0.79,,,,,,,,,
Slc25a22,plex_1,0.83,0.93,1.06,1.42,0.83,0.99,1.13,1.33,0.88,,,,,,,,,
Hbb-b2,plex_1,1.46,1.27,0.53,1.11,1.01,1.24,0.76,0.82,0.82,,,,,,,,,
Hbb-b2,plex_1,1.46,1.27,0.53,1.11,1.01,1.24,0.76,0.82,0.82,,,,,,,,,
Rad23b,plex_1,0.79,1.04,1.11,1.4,0.87,0.95,1.14,1.04,0.91,,,,,,,,,
Atl3,plex_1,0.76,0.94,0.94,1.3,0.74,1.02,1.06,0.92,0.83,,,,,,,,,
Snrnp200,plex_1,0.78,0.93,1.03,1.28,0.82,0.78,0.99,1.16,0.66,,,,,,,,,
,plex_1,0.87,0.99,1.05,1.44,0.88,0.87,1.07,0.9,0.82,,,,,,,,,
Ak4,plex_1,0.85,0.91,0.95,1.26,0.9,0.83,0.98,1.07,0.93,,,,,,,,,
Mtch2,plex_1,1.09,1.08,1.24,1.53,0.79,1.17,1.17,1.19,0.98,,,,,,,,,
Mtch2,plex_1,1.09,1.08,1.24,1.53,0.79,1.17,1.17,1.19,0.98,,,,,,,,,
Fdxr,plex_1,0.84,0.93,1.05,1.16,0.66,0.94,1.1,0.87,0.84,,,,,,,,,
Fdxr,plex_1,0.84,0.93,1.05,1.16,0.66,0.94,1.1,0.87,0.84,,,,,,,,,
Fech,plex_1,0.86,0.91,1.06,1.51,0.82,0.98,1.1,1.06,0.88,,,,,,,,,
Cyp2b9,plex_1,0.97,0.96,1.12,1.63,0.87,1.04,1.38,1.24,0.79,,,,,,,,,
Zadh2,plex_1,0.88,0.9,1.06,1.37,0.82,1.01,1.1,1.05,0.78,,,,,,,,,
Ces1c,plex_1,1.28,1.11,0.92,1.4,0.92,1.09,0.82,0.83,0.72,,,,,,,,,
Ppp2ca,plex_1,0.95,0.9,0.92,1.34,0.85,0.99,1.02,1.0,0.9,,,,,,,,,
Gsr,plex_1,0.96,1.06,1.26,1.42,0.9,1.03,1.21,1.06,0.83,,,,,,,,,
Gsr,plex_1,0.96,1.06,1.26,1.42,0.9,1.03,1.21,1.06,0.83,,,,,,,,,
Gsr,plex_1,0.96,1.06,1.26,1.42,0.9,1.03,1.21,1.06,0.83,,,,,,,,,
Gsr,plex_1,0.96,1.06,1.26,1.42,0.9,1.03,1.21,1.06,0.83,,,,,,,,,
Macrod1,plex_1,0.99,0.98,1.09,1.42,0.8,0.93,1.09,0.96,0.85,,,,,,,,,
H2afy,plex_1,1.0,0.94,1.14,1.37,0.77,0.92,1.12,1.02,0.88,,,,,,,,,
H2afy,plex_1,1.0,0.94,1.14,1.37,0.77,0.92,1.12,1.02,0.88,,,,,,,,,
C1qbp,plex_1,0.9,0.75,1.11,1.3,0.84,0.9,1.34,1.34,0.74,,,,,,,,,
Rpl17,plex_1,0.9,0.99,1.06,1.3,0.78,0.88,1.16,0.99,0.82,,,,,,,,,
Rpl17,plex_1,0.9,0.99,1.06,1.3,0.78,0.88,1.16,0.99,0.82,,,,,,,,,
Rpl17,plex_1,0.9,0.99,1.06,1.3,0.78,0.88,1.16,0.99,0.82,,,,,,,,,
Rpl17,plex_1,0.9,0.99,1.06,1.3,0.78,0.88,1.16,0.99,0.82,,,,,,,,,
Samm50,plex_1,0.99,1.02,1.08,1.41,0.98,1.11,1.27,1.15,0.97,,,,,,,,,
Cdv3,plex_1,0.95,1.01,0.95,1.23,0.7,1.09,1.19,0.93,0.56,,,,,,,,,
Cdv3,plex_1,0.95,1.01,0.95,1.23,0.7,1.09,1.19,0.93,0.56,,,,,,,,,
Ptgr2,plex_1,0.83,0.9,1.09,1.39,0.77,0.94,1.03,1.03,0.88,,,,,,,,,
Mettl7a1,plex_1,0.89,1.02,1.06,1.41,0.75,0.9,1.04,0.86,0.78,,,,,,,,,
Abce1,plex_1,0.94,0.93,1.06,1.43,0.85,0.86,1.14,1.13,0.89,,,,,,,,,
Pgls,plex_1,0.9,0.83,1.09,1.37,0.71,1.09,1.14,0.79,0.89,,,,,,,,,
Matr3,plex_1,1.07,1.08,1.13,1.35,0.9,1.01,1.17,1.01,0.94,,,,,,,,,
Matr3,plex_1,1.07,1.08,1.13,1.35,0.9,1.01,1.17,1.01,0.94,,,,,,,,,
Matr3,plex_1,1.07,1.08,1.13,1.35,0.9,1.01,1.17,1.01,0.94,,,,,,,,,
Matr3,plex_1,1.07,1.08,1.13,1.35,0.9,1.01,1.17,1.01,0.94,,,,,,,,,
Rpl8,plex_1,0.97,1.11,1.24,1.32,0.68,0.89,1.12,1.15,0.88,,,,,,,,,
Anxa4,plex_1,0.86,0.88,0.99,1.24,0.77,1.01,1.07,0.91,0.92,,,,,,,,,
Xpnpep1,plex_1,0.97,0.98,1.13,1.55,0.98,1.11,0.97,1.18,0.85,,,,,,,,,
Abca6,plex_1,0.91,0.83,0.98,1.38,0.75,0.82,0.98,0.78,0.63,,,,,,,,,
Acaa1b,plex_1,0.67,0.81,0.92,1.36,0.61,0.83,0.95,0.79,0.81,,,,,,,,,
Acaa1b,plex_1,0.67,0.81,0.92,1.36,0.61,0.83,0.95,0.79,0.81,,,,,,,,,
Atp5f1,plex_1,0.96,0.9,1.12,1.51,0.83,0.96,1.07,1.17,0.83,,,,,,,,,
Paics,plex_1,0.85,1.15,1.39,1.29,1.69,1.67,1.12,1.26,1.89,,,,,,,,,
Dhfr,plex_1,0.89,0.9,1.04,1.39,0.72,0.88,1.15,1.09,0.86,,,,,,,,,
Sept2,plex_1,0.96,0.93,1.08,1.66,0.7,1.22,1.04,1.14,0.9,,,,,,,,,
Sept2,plex_1,0.96,0.93,1.08,1.66,0.7,1.22,1.04,1.14,0.9,,,,,,,,,
Gnb2,plex_1,0.91,0.9,0.94,1.51,0.79,1.14,1.05,0.91,1.06,,,,,,,,,
Gnb2,plex_1,0.91,0.9,0.94,1.51,0.79,1.14,1.05,0.91,1.06,,,,,,,,,
Rpl9,plex_1,0.78,0.84,1.09,1.3,0.76,0.96,1.14,1.0,0.69,,,,,,,,,
,plex_1,0.71,0.68,1.15,1.26,1.12,0.9,1.09,0.6,1.29,,,,,,,,,
Ndufa7,plex_1,0.82,1.02,1.07,1.28,0.78,0.88,1.19,1.15,0.84,,,,,,,,,
Psmd11,plex_1,0.95,0.81,0.99,1.3,0.75,0.94,1.05,1.03,0.82,,,,,,,,,
Psmd11,plex_1,0.95,0.81,0.99,1.3,0.75,0.94,1.05,1.03,0.82,,,,,,,,,
Ces2g,plex_1,1.31,0.96,1.03,1.29,0.95,1.1,1.25,1.08,0.97,,,,,,,,,
Idh3a,plex_1,0.9,0.92,1.1,1.38,0.79,0.88,1.12,1.01,0.65,,,,,,,,,
Itgb1,plex_1,1.05,0.99,1.08,1.29,0.84,0.96,1.03,1.05,0.86,,,,,,,,,
,plex_1,0.95,0.95,1.21,1.49,0.78,0.98,1.1,0.95,0.92,,,,,,,,,
Hist2h4,plex_1,1.34,0.88,1.17,1.45,0.88,1.01,1.41,1.13,0.83,,,,,,,,,
Mpc1,plex_1,0.96,0.84,0.91,1.4,0.72,1.04,1.12,1.15,0.81,,,,,,,,,
Mpc1,plex_1,0.96,0.84,0.91,1.4,0.72,1.04,1.12,1.15,0.81,,,,,,,,,
Uso1,plex_1,0.95,0.89,1.02,1.23,0.77,0.89,1.04,0.97,0.77,,,,,,,,,
Hist1h2bf,plex_1,1.25,0.88,1.03,1.43,0.93,0.88,1.23,1.11,0.73,,,,,,,,,
Hist1h2bb,plex_1,1.25,0.88,1.03,1.43,0.93,0.88,1.23,1.11,0.73,,,,,,,,,
Gclm,plex_1,0.95,0.93,1.2,1.22,0.87,0.91,0.94,0.84,0.69,,,,,,,,,
Gclm,plex_1,0.95,0.93,1.2,1.22,0.87,0.91,0.94,0.84,0.69,,,,,,,,,
Aacs,plex_1,0.63,0.82,0.91,1.3,0.66,1.28,1.2,1.21,0.96,,,,,,,,,
Dhrs4,plex_1,0.9,0.9,1.04,1.35,0.77,0.9,1.07,0.86,0.84,,,,,,,,,
Lman2,plex_1,0.71,0.69,0.86,1.09,0.72,0.89,1.09,1.02,0.75,,,,,,,,,
Upf1,plex_1,1.18,1.08,1.06,1.29,0.84,1.09,1.23,1.0,0.81,,,,,,,,,
Upf1,plex_1,1.18,1.08,1.06,1.29,0.84,1.09,1.23,1.0,0.81,,,,,,,,,
Txn,plex_1,0.93,0.96,0.96,1.25,0.78,0.98,0.97,0.89,0.75,,,,,,,,,
Hist1h1e,plex_1,1.02,0.92,1.09,1.29,0.77,0.92,1.14,1.15,0.82,,,,,,,,,
Cmpk1,plex_1,0.89,0.84,1.03,1.33,0.73,0.94,1.07,0.94,0.83,,,,,,,,,
Blmh,plex_1,0.77,1.11,0.8,1.64,0.63,1.03,0.99,0.98,0.74,,,,,,,,,
Ube2l3,plex_1,0.83,0.86,0.88,1.28,0.82,0.93,1.11,0.88,0.75,,,,,,,,,
Ddx39b,plex_1,1.0,0.97,1.19,1.46,0.89,0.91,1.0,0.91,0.75,,,,,,,,,
Eif3c,plex_1,0.89,1.02,1.11,1.41,0.74,0.86,0.98,0.89,0.83,,,,,,,,,
Acot12,plex_1,0.92,1.12,1.11,1.52,0.89,0.94,1.07,0.93,0.85,,,,,,,,,
Cdh2,plex_1,1.16,1.22,1.21,1.68,0.86,0.96,1.25,0.93,0.76,,,,,,,,,
Apool,plex_1,0.86,0.89,1.0,1.21,0.84,0.9,1.13,0.96,0.74,,,,,,,,,
Prpf19,plex_1,0.87,0.91,1.22,1.46,0.91,0.93,1.16,1.32,0.83,,,,,,,,,
Gart,plex_1,1.09,1.07,1.35,1.2,1.39,1.46,1.21,1.08,1.54,,,,,,,,,
Stoml2,plex_1,0.96,1.19,1.03,1.57,0.85,0.85,1.48,1.0,0.98,,,,,,,,,
Ndufv3,plex_1,0.9,0.96,1.14,1.36,0.84,0.97,1.19,1.03,0.78,,,,,,,,,
Nop56,plex_1,0.88,0.75,1.02,1.05,0.69,0.71,0.82,0.83,0.72,,,,,,,,,
Ola1,plex_1,0.83,1.07,0.96,1.24,0.68,0.99,1.11,1.07,0.83,,,,,,,,,
Lactb,plex_1,0.97,0.98,1.25,1.44,0.92,1.13,1.22,1.07,0.95,,,,,,,,,
Grpel1,plex_1,0.81,0.95,1.03,1.34,0.83,0.93,1.08,1.09,0.81,,,,,,,,,
Psma4,plex_1,0.94,0.97,1.15,1.52,0.94,1.05,1.24,1.04,0.91,,,,,,,,,
Psma4,plex_1,0.94,0.97,1.15,1.52,0.94,1.05,1.24,1.04,0.91,,,,,,,,,
As3mt,plex_1,0.96,0.89,0.99,1.3,0.88,0.86,1.18,1.03,1.01,,,,,,,,,
Lima1,plex_1,0.93,0.97,1.06,1.18,0.87,0.91,1.07,0.99,0.8,,,,,,,,,
Scrn3,plex_1,1.04,0.92,1.17,1.22,0.82,0.95,0.99,1.0,0.92,,,,,,,,,
Cdc42,plex_1,0.84,0.95,1.07,1.33,0.88,1.06,1.06,0.98,0.83,,,,,,,,,
Rps8,plex_1,0.83,0.97,1.04,1.13,0.7,0.79,1.06,0.94,0.75,,,,,,,,,
Afg3l2,plex_1,0.89,0.89,1.11,1.29,0.68,0.96,1.0,1.03,0.77,,,,,,,,,
Gstm6,plex_1,0.62,0.85,0.77,1.6,0.76,0.98,1.1,1.1,0.79,,,,,,,,,
Akr1c13,plex_1,0.86,0.91,1.02,1.36,0.87,0.99,1.01,1.01,0.85,,,,,,,,,
Strap,plex_1,0.74,0.77,0.91,1.11,0.72,0.73,0.85,0.82,0.71,,,,,,,,,
Pmpcb,plex_1,0.81,0.87,0.98,1.42,0.81,0.81,1.22,0.91,0.71,,,,,,,,,
Pmpcb,plex_1,0.81,0.87,0.98,1.42,0.81,0.81,1.22,0.91,0.71,,,,,,,,,
Rplp2,plex_1,1.0,1.01,1.07,1.15,0.8,0.88,1.09,1.01,0.78,,,,,,,,,
Slco1b2,plex_1,1.04,1.16,1.36,1.59,1.0,1.22,1.11,1.2,0.89,,,,,,,,,
Slco1b2,plex_1,1.04,1.16,1.36,1.59,1.0,1.22,1.11,1.2,0.89,,,,,,,,,
Slco1b2,plex_1,1.04,1.16,1.36,1.59,1.0,1.22,1.11,1.2,0.89,,,,,,,,,
Slc25a12,plex_1,0.86,1.18,1.21,1.35,1.0,0.97,1.24,1.21,1.15,,,,,,,,,
Psmb1,plex_1,0.77,0.83,0.94,1.14,0.86,0.95,1.06,0.88,0.77,,,,,,,,,
Arpc1a,plex_1,0.84,0.8,1.0,1.27,0.74,1.02,1.08,1.04,0.74,,,,,,,,,
Acnat1,plex_1,0.91,0.97,0.99,1.42,0.9,0.97,1.18,0.89,0.93,,,,,,,,,
Ndufs3,plex_1,1.02,1.09,1.2,1.38,0.66,1.07,1.32,1.25,0.92,,,,,,,,,
Myo18a,plex_1,0.9,1.07,0.94,1.3,0.81,0.88,1.06,0.83,0.76,,,,,,,,,
Myo18a,plex_1,0.9,1.07,0.94,1.3,0.81,0.88,1.06,0.83,0.76,,,,,,,,,
Myo18a,plex_1,0.9,1.07,0.94,1.3,0.81,0.88,1.06,0.83,0.76,,,,,,,,,
Arpc2,plex_1,0.99,0.91,1.12,1.38,0.96,0.92,1.06,0.95,0.76,,,,,,,,,
Mtco2,plex_1,1.01,1.06,1.12,1.29,0.8,0.92,1.13,1.11,0.81,,,,,,,,,
Gda,plex_1,0.82,0.87,0.96,1.23,0.84,0.92,0.97,0.87,0.69,,,,,,,,,
Urah,plex_1,0.75,0.84,1.05,1.32,0.79,0.85,1.05,0.92,0.79,,,,,,,,,
Ndufb10,plex_1,0.96,1.21,1.24,1.66,1.01,0.98,1.24,1.46,0.96,,,,,,,,,
Atp6v1a,plex_1,0.96,0.95,1.06,1.3,0.81,0.92,0.99,0.96,0.77,,,,,,,,,
Hint1,plex_1,0.84,0.9,1.09,1.35,0.76,0.91,1.1,0.91,0.74,,,,,,,,,
Atad3,plex_1,0.89,0.98,1.01,1.19,0.73,0.87,1.19,1.15,0.8,,,,,,,,,
Ap2b1,plex_1,0.86,0.75,0.97,1.48,0.78,0.83,0.92,0.95,0.77,,,,,,,,,
Ap2b1,plex_1,0.86,0.75,0.97,1.48,0.78,0.83,0.92,0.95,0.77,,,,,,,,,
Sod2,plex_1,0.87,0.9,1.05,1.18,0.81,0.88,1.12,1.08,0.82,,,,,,,,,
Mtdh,plex_1,1.36,1.14,1.17,1.94,1.04,1.07,1.12,1.32,0.74,,,,,,,,,
Farsb,plex_1,0.81,1.06,1.16,1.43,0.77,0.81,1.07,0.92,0.88,,,,,,,,,
Farsb,plex_1,0.81,1.06,1.16,1.43,0.77,0.81,1.07,0.92,0.88,,,,,,,,,
Pnpo,plex_1,0.86,0.85,1.07,1.27,0.77,0.85,1.15,0.99,0.7,,,,,,,,,
Itih4,plex_1,1.22,0.85,0.86,1.08,0.84,1.01,0.91,1.01,0.63,,,,,,,,,
Ahsa1,plex_1,0.88,0.86,0.94,1.25,0.84,0.84,1.0,0.85,0.76,,,,,,,,,
Mif,plex_1,0.78,0.91,1.05,1.26,0.77,0.93,0.88,0.94,0.71,,,,,,,,,
Lasp1,plex_1,0.86,0.94,1.4,1.2,0.85,0.95,1.05,0.98,0.92,,,,,,,,,
Tardbp,plex_1,0.9,0.94,0.97,1.22,0.78,0.81,0.95,0.96,0.75,,,,,,,,,
Jup,plex_1,1.08,0.98,1.02,1.96,0.88,0.98,1.37,0.99,0.91,,,,,,,,,
Vwa5a,plex_1,1.11,1.13,1.23,1.54,0.98,0.99,1.37,1.21,0.81,,,,,,,,,
Hyi,plex_1,0.92,0.97,1.18,1.76,0.77,0.93,1.16,0.89,0.81,,,,,,,,,
,plex_1,0.74,0.51,0.35,1.66,1.21,1.68,0.88,1.21,1.03,,,,,,,,,
Prep,plex_1,0.92,0.9,1.06,1.41,0.76,0.97,0.97,0.94,0.79,,,,,,,,,
Prep,plex_1,0.92,0.9,1.06,1.41,0.76,0.97,0.97,0.94,0.79,,,,,,,,,
Prep,plex_1,0.92,0.9,1.06,1.41,0.76,0.97,0.97,0.94,0.79,,,,,,,,,
Ywhag,plex_1,0.91,1.02,1.16,1.3,0.73,1.14,1.17,0.84,0.94,,,,,,,,,
Anxa2,plex_1,1.44,1.27,0.83,1.66,1.2,1.29,1.46,1.24,0.98,,,,,,,,,
Prodh2,plex_1,0.85,0.87,1.27,1.66,0.78,1.15,1.23,1.16,0.68,,,,,,,,,
Timm44,plex_1,0.88,0.89,1.03,1.2,0.83,0.89,1.03,1.0,0.72,,,,,,,,,
Pcbp2,plex_1,0.85,0.89,1.05,1.25,0.89,0.86,1.13,0.92,0.85,,,,,,,,,
Clybl,plex_1,0.95,0.91,0.96,1.26,0.77,0.91,1.07,1.05,0.8,,,,,,,,,
Osbp,plex_1,0.96,0.9,1.06,1.37,0.9,0.94,1.14,0.95,0.82,,,,,,,,,
Coq9,plex_1,0.76,1.01,1.01,1.22,0.71,0.8,1.09,1.01,0.77,,,,,,,,,
Atad1,plex_1,0.79,1.04,1.15,1.39,0.85,1.1,1.12,1.06,0.81,,,,,,,,,
Rps15,plex_1,0.87,0.82,0.99,1.1,0.71,0.89,1.07,1.07,0.75,,,,,,,,,
Rps15,plex_1,0.87,0.82,0.99,1.1,0.71,0.89,1.07,1.07,0.75,,,,,,,,,
Tns1,plex_1,0.95,1.09,0.99,1.61,0.9,1.12,1.07,0.95,0.83,,,,,,,,,
Tns1,plex_1,0.95,1.09,0.99,1.61,0.9,1.12,1.07,0.95,0.83,,,,,,,,,
Tns1,plex_1,0.95,1.09,0.99,1.61,0.9,1.12,1.07,0.95,0.83,,,,,,,,,
Tns1,plex_1,0.95,1.09,0.99,1.61,0.9,1.12,1.07,0.95,0.83,,,,,,,,,
Tns1,plex_1,0.95,1.09,0.99,1.61,0.9,1.12,1.07,0.95,0.83,,,,,,,,,
Isoc2a,plex_1,0.92,0.99,1.05,1.41,0.84,1.0,1.08,1.07,0.8,,,,,,,,,
Mogs,plex_1,1.04,1.08,1.22,1.39,0.99,0.83,1.1,1.02,0.92,,,,,,,,,
Mogs,plex_1,1.04,1.08,1.22,1.39,0.99,0.83,1.1,1.02,0.92,,,,,,,,,
Mogs,plex_1,1.04,1.08,1.22,1.39,0.99,0.83,1.1,1.02,0.92,,,,,,,,,
Hnrnpul2,plex_1,0.98,0.91,1.14,1.19,1.08,1.01,0.91,1.02,1.01,,,,,,,,,
Gphn,plex_1,0.84,0.9,0.92,1.17,0.71,0.95,1.09,1.0,0.79,,,,,,,,,
Ckm,plex_1,1.63,0.86,0.79,0.58,1.26,0.74,0.58,1.08,0.61,,,,,,,,,
Aimp1,plex_1,1.01,1.27,1.35,1.66,0.82,0.99,1.31,1.12,0.85,,,,,,,,,
Mrc1,plex_1,1.14,0.77,1.31,1.41,0.8,0.93,0.97,0.83,0.74,,,,,,,,,
Lmnb1,plex_1,1.05,0.87,1.08,1.24,0.89,0.96,1.06,0.83,0.82,,,,,,,,,
Sf3b1,plex_1,0.83,0.92,1.07,1.34,0.79,0.86,0.95,0.83,0.62,,,,,,,,,
Sf3b1,plex_1,0.83,0.92,1.07,1.34,0.79,0.86,0.95,0.83,0.62,,,,,,,,,
Igh,plex_1,0.93,0.9,0.87,1.54,0.85,1.0,1.68,1.02,0.99,,,,,,,,,
Erp29,plex_1,1.03,1.0,1.29,1.41,0.91,1.02,1.02,1.04,0.87,,,,,,,,,
Dnajc3,plex_1,1.03,0.88,1.04,1.25,0.84,0.75,1.02,0.89,0.78,,,,,,,,,
Ank1,plex_1,1.26,1.08,0.94,1.36,0.94,1.15,0.96,1.08,1.05,,,,,,,,,
Rps11,plex_1,0.82,0.95,1.1,1.29,0.8,0.95,1.23,1.11,0.87,,,,,,,,,
Carkd,plex_1,1.12,1.06,1.4,1.65,0.85,1.06,1.26,0.92,0.99,,,,,,,,,
Naxd,plex_1,1.12,1.06,1.4,1.65,0.85,1.06,1.26,0.92,0.99,,,,,,,,,
PSME2b,plex_1,0.8,0.84,0.96,1.29,0.99,1.09,1.08,0.95,0.82,,,,,,,,,
Cyb5b,plex_1,0.88,0.89,0.93,1.2,0.75,1.0,1.24,1.01,0.79,,,,,,,,,
Gnpnat1,plex_1,0.8,0.77,1.09,1.55,0.66,1.09,1.2,1.1,0.83,,,,,,,,,
Acbd5,plex_1,0.89,1.03,1.07,1.6,0.95,1.06,1.21,1.05,0.9,,,,,,,,,
Acbd5,plex_1,0.89,1.03,1.07,1.6,0.95,1.06,1.21,1.05,0.9,,,,,,,,,
Tnks1bp1,plex_1,0.74,1.06,1.08,1.04,0.99,1.16,1.17,0.81,0.79,,,,,,,,,
Acot13,plex_1,0.83,0.93,1.09,1.52,0.77,1.03,1.1,1.07,0.82,,,,,,,,,
Dsp,plex_1,1.0,1.01,1.0,1.29,0.8,0.92,1.01,0.95,0.87,,,,,,,,,
Mybbp1a,plex_1,0.89,0.84,1.03,1.36,0.9,0.87,1.07,1.06,0.85,,,,,,,,,
Bcl2l13,plex_1,1.23,0.9,1.08,1.79,1.31,1.51,1.5,1.24,1.04,,,,,,,,,
Bcl2l13,plex_1,1.23,0.9,1.08,1.79,1.31,1.51,1.5,1.24,1.04,,,,,,,,,
Bcl2l13,plex_1,1.23,0.9,1.08,1.79,1.31,1.51,1.5,1.24,1.04,,,,,,,,,
Rbp1,plex_1,1.17,0.89,0.82,1.56,0.83,1.29,0.98,0.86,1.0,,,,,,,,,
Srp68,plex_1,0.89,0.86,0.89,1.26,0.75,0.89,1.05,0.81,0.77,,,,,,,,,
Atp5j,plex_1,0.92,1.08,1.14,1.34,0.91,0.95,1.15,1.15,0.8,,,,,,,,,
Nudt19,plex_1,0.79,0.92,1.23,1.46,0.97,0.97,1.0,0.96,0.96,,,,,,,,,
Eif3e,plex_1,0.98,0.96,1.09,1.24,1.0,0.93,1.18,0.99,0.87,,,,,,,,,
L2hgdh,plex_1,1.0,1.05,1.16,1.34,0.9,1.04,1.15,1.03,0.9,,,,,,,,,
Psmb4,plex_1,0.89,0.91,0.94,1.24,0.91,0.84,1.0,0.87,0.86,,,,,,,,,
Ociad1,plex_1,0.86,0.99,1.09,1.27,0.74,0.91,1.03,1.04,0.82,,,,,,,,,
Naxe,plex_1,0.84,0.88,0.99,1.26,0.86,0.9,1.07,1.0,0.76,,,,,,,,,
Gmps,plex_1,0.83,0.82,1.05,1.29,0.75,0.77,0.93,0.78,0.62,,,,,,,,,
Cox5a,plex_1,0.86,0.88,1.17,1.38,0.81,0.89,1.31,1.12,0.85,,,,,,,,,
Rpl10a,plex_1,0.99,1.0,1.17,1.36,0.96,0.93,1.12,1.0,0.73,,,,,,,,,
Eif3f,plex_1,0.83,0.84,0.95,1.18,0.72,0.88,1.08,0.88,0.69,,,,,,,,,
Eif3f,plex_1,0.83,0.84,0.95,1.18,0.72,0.88,1.08,0.88,0.69,,,,,,,,,
Eif3f,plex_1,0.83,0.84,0.95,1.18,0.72,0.88,1.08,0.88,0.69,,,,,,,,,
Eif3f,plex_1,0.83,0.84,0.95,1.18,0.72,0.88,1.08,0.88,0.69,,,,,,,,,
Aldh16a1,plex_1,0.71,0.64,0.84,1.12,0.63,0.92,0.99,0.9,0.83,,,,,,,,,
Sec24c,plex_1,0.86,0.97,1.06,1.42,0.84,0.99,1.15,0.95,0.75,,,,,,,,,
Sec24c,plex_1,0.86,0.97,1.06,1.42,0.84,0.99,1.15,0.95,0.75,,,,,,,,,
Sec24c,plex_1,0.86,0.97,1.06,1.42,0.84,0.99,1.15,0.95,0.75,,,,,,,,,
F2,plex_1,1.05,1.06,0.88,1.3,0.88,0.86,0.84,1.14,0.64,,,,,,,,,
F2,plex_1,1.05,1.06,0.88,1.3,0.88,0.86,0.84,1.14,0.64,,,,,,,,,
Clic1,plex_1,0.76,1.11,1.18,1.22,1.04,1.16,1.18,1.02,0.77,,,,,,,,,
Psma2,plex_1,1.56,1.03,1.11,1.37,0.87,0.99,1.25,1.05,0.98,,,,,,,,,
Tfg,plex_1,0.8,0.82,1.04,1.24,0.79,0.87,1.16,0.98,0.72,,,,,,,,,
Tfg,plex_1,0.8,0.82,1.04,1.24,0.79,0.87,1.16,0.98,0.72,,,,,,,,,
Rps19,plex_1,0.88,1.05,1.14,1.23,0.82,0.89,1.11,1.07,0.86,,,,,,,,,
Mtap,plex_1,0.89,1.11,1.04,1.27,0.82,1.1,1.1,0.95,0.82,,,,,,,,,
Hsd17b12,plex_1,0.87,1.02,1.17,1.44,0.65,1.0,1.27,1.1,0.86,,,,,,,,,
Cox5b,plex_1,0.89,0.92,1.06,1.36,0.85,0.89,1.11,1.13,0.83,,,,,,,,,
Cox5b,plex_1,0.89,0.92,1.06,1.36,0.85,0.89,1.11,1.13,0.83,,,,,,,,,
Galk1,plex_1,1.04,0.98,1.05,1.2,0.82,0.92,1.09,0.88,0.89,,,,,,,,,
Galk1,plex_1,1.04,0.98,1.05,1.2,0.82,0.92,1.09,0.88,0.89,,,,,,,,,
G3bp1,plex_1,0.89,0.88,0.96,1.13,0.76,0.85,0.96,0.94,0.81,,,,,,,,,
Rps10,plex_1,0.9,0.84,0.97,1.33,0.75,0.93,1.09,1.0,0.78,,,,,,,,,
Capzb,plex_1,0.84,0.89,1.01,1.07,0.79,0.86,0.94,0.98,0.78,,,,,,,,,
Capzb,plex_1,0.84,0.89,1.01,1.07,0.79,0.86,0.94,0.98,0.78,,,,,,,,,
Capzb,plex_1,0.84,0.89,1.01,1.07,0.79,0.86,0.94,0.98,0.78,,,,,,,,,
Prpf8,plex_1,0.98,0.97,1.01,1.19,0.71,0.76,0.88,0.99,0.73,,,,,,,,,
Cope,plex_1,0.82,0.93,1.04,1.24,0.79,1.05,1.14,0.99,0.82,,,,,,,,,
Tagln2,plex_1,0.88,1.01,0.86,1.13,0.75,0.97,0.93,0.97,0.73,,,,,,,,,
Hnrnpa1,plex_1,0.98,1.03,0.88,1.15,0.84,0.83,1.01,0.86,0.75,,,,,,,,,
Hnrnpc,plex_1,0.93,0.89,0.94,1.19,0.78,0.84,1.0,1.0,0.81,,,,,,,,,
Hist1h3b,plex_1,1.05,1.0,1.11,1.36,0.79,0.86,1.28,1.09,0.92,,,,,,,,,
Hist1h3e,plex_1,1.05,1.0,1.11,1.36,0.79,0.86,1.28,1.09,0.92,,,,,,,,,
Eif3l,plex_1,0.85,0.97,1.15,1.31,0.84,1.06,1.19,1.11,0.87,,,,,,,,,
Isoc1,plex_1,0.89,0.99,1.16,1.51,0.84,1.14,1.21,1.06,0.78,,,,,,,,,
Ttc36,plex_1,0.89,0.78,0.99,1.37,0.85,0.9,1.15,0.95,0.87,,,,,,,,,
Cecr5,plex_1,0.96,1.14,1.16,1.55,0.87,0.94,1.18,1.05,0.87,,,,,,,,,
Tpt1,plex_1,0.94,0.86,1.15,1.28,0.88,1.04,1.2,1.11,0.9,,,,,,,,,
Coro1b,plex_1,0.86,1.1,1.1,1.25,0.71,0.89,0.97,0.86,0.76,,,,,,,,,
Apoh,plex_1,1.36,1.25,1.18,1.38,0.99,1.25,0.92,1.37,0.76,,,,,,,,,
,plex_1,1.36,1.25,1.18,1.38,0.99,1.25,0.92,1.37,0.76,,,,,,,,,
Ide,plex_1,0.78,0.95,1.05,1.32,0.73,0.9,1.08,0.93,0.87,,,,,,,,,
Decr2,plex_1,0.73,1.08,0.95,1.4,0.77,1.02,1.24,1.02,0.98,,,,,,,,,
Decr2,plex_1,0.73,1.08,0.95,1.4,0.77,1.02,1.24,1.02,0.98,,,,,,,,,
Decr2,plex_1,0.73,1.08,0.95,1.4,0.77,1.02,1.24,1.02,0.98,,,,,,,,,
Idh3b,plex_1,0.86,0.9,1.06,1.24,0.82,0.8,1.11,1.08,0.8,,,,,,,,,
Uqcrb,plex_1,0.95,0.85,1.05,1.28,0.83,0.94,1.15,1.08,0.78,,,,,,,,,
Uqcrb,plex_1,0.95,0.85,1.05,1.28,0.83,0.94,1.15,1.08,0.78,,,,,,,,,
Pon3,plex_1,1.06,0.93,1.1,1.29,0.77,0.89,1.12,1.06,0.82,,,,,,,,,
Pdlim5,plex_1,1.03,0.89,1.04,1.31,0.73,0.9,1.05,1.01,0.76,,,,,,,,,
Ptges2,plex_1,0.9,0.99,1.22,1.45,0.88,1.03,1.26,1.14,0.92,,,,,,,,,
Rmdn3,plex_1,0.94,0.85,1.09,1.26,0.83,0.8,1.1,0.9,0.77,,,,,,,,,
Fabp5,plex_1,1.04,0.95,0.88,0.79,0.7,0.77,0.99,0.83,0.87,,,,,,,,,
Fdps,plex_1,0.71,0.67,0.74,1.4,0.73,1.52,1.16,1.42,0.87,,,,,,,,,
Shpk,plex_1,0.98,0.94,1.11,1.68,0.85,1.25,1.34,1.29,1.17,,,,,,,,,
Crym,plex_1,0.95,1.05,1.09,1.31,0.76,0.91,1.21,0.97,0.93,,,,,,,,,
Psmb7,plex_1,0.98,1.11,1.13,1.36,0.81,0.92,1.11,0.92,0.97,,,,,,,,,
Psmb7,plex_1,0.98,1.11,1.13,1.36,0.81,0.92,1.11,0.92,0.97,,,,,,,,,
Thrap3,plex_1,0.93,1.04,1.1,1.2,0.8,0.86,0.97,0.96,0.8,,,,,,,,,
Rab5c,plex_1,0.85,1.13,1.06,1.22,0.88,0.91,1.04,0.84,0.75,,,,,,,,,
Rps14,plex_1,0.88,0.98,1.16,1.36,0.97,0.9,1.16,1.1,0.85,,,,,,,,,
rps14,plex_1,0.88,0.98,1.16,1.36,0.97,0.9,1.16,1.1,0.85,,,,,,,,,
Rps5,plex_1,0.82,0.92,1.05,1.46,0.79,0.96,1.14,1.12,0.74,,,,,,,,,
Cyb5a,plex_1,0.91,1.11,1.1,1.52,0.92,1.03,1.31,1.01,1.01,,,,,,,,,
Gpd1l,plex_1,1.02,0.9,1.18,1.67,0.96,0.98,1.18,1.17,0.88,,,,,,,,,
Ctage5,plex_1,1.01,1.09,1.24,1.51,0.91,1.09,1.25,1.16,0.87,,,,,,,,,
Ctage5,plex_1,1.01,1.09,1.24,1.51,0.91,1.09,1.25,1.16,0.87,,,,,,,,,
Itih2,plex_1,1.27,1.03,1.06,1.4,0.92,1.04,0.95,1.06,0.83,,,,,,,,,
Thrsp,plex_1,0.57,0.77,0.87,0.9,0.51,0.91,1.07,1.14,0.78,,,,,,,,,
St13,plex_1,1.04,1.04,1.11,1.45,0.89,1.02,1.15,1.07,0.82,,,,,,,,,
Tymp,plex_1,0.79,0.97,1.01,1.32,0.77,0.81,0.89,0.93,0.86,,,,,,,,,
Rpl12,plex_1,1.09,1.12,1.25,1.46,0.88,1.07,1.31,1.38,1.03,,,,,,,,,
Samhd1,plex_1,0.97,0.92,1.03,1.35,0.95,0.9,1.1,1.07,0.65,,,,,,,,,
Samhd1,plex_1,0.97,0.92,1.03,1.35,0.95,0.9,1.1,1.07,0.65,,,,,,,,,
Eif2s2,plex_1,0.98,1.17,1.14,1.38,0.86,0.92,1.24,1.02,0.92,,,,,,,,,
Qars,plex_1,0.91,0.8,1.01,1.28,0.69,0.79,1.12,0.9,0.69,,,,,,,,,
Rab7a,plex_1,0.86,0.9,0.9,1.49,0.79,0.84,0.98,0.93,0.86,,,,,,,,,
Gdi1,plex_1,0.84,0.73,1.01,1.15,0.69,0.76,0.94,0.87,0.79,,,,,,,,,
Rab18,plex_1,0.95,1.13,1.28,1.35,0.93,1.19,1.14,1.26,0.92,,,,,,,,,
Ugt1a5,plex_1,0.85,0.56,0.64,1.16,0.62,1.66,1.61,1.44,0.77,,,,,,,,,
Ugt1a5,plex_1,0.85,0.56,0.64,1.16,0.62,1.66,1.61,1.44,0.77,,,,,,,,,
Ugt1a5,plex_1,0.85,0.56,0.64,1.16,0.62,1.66,1.61,1.44,0.77,,,,,,,,,
mKIAA0038,plex_1,0.83,0.97,1.04,1.44,0.79,0.95,0.89,0.85,0.76,,,,,,,,,
Eif4h,plex_1,0.83,0.97,1.04,1.44,0.79,0.95,0.89,0.85,0.76,,,,,,,,,
Eif4h,plex_1,0.83,0.97,1.04,1.44,0.79,0.95,0.89,0.85,0.76,,,,,,,,,
Ppif,plex_1,0.97,1.29,1.3,1.39,0.77,1.24,1.06,1.31,0.9,,,,,,,,,
Atp1b1,plex_1,0.93,0.88,1.01,1.26,0.79,0.9,1.07,1.05,0.74,,,,,,,,,
Hmbs,plex_1,0.87,0.95,0.93,1.09,0.92,1.02,1.17,0.9,0.77,,,,,,,,,
Sptb,plex_1,1.51,1.45,0.94,1.1,0.98,1.41,0.78,0.89,0.75,,,,,,,,,
Fermt2,plex_1,0.7,0.98,1.03,1.24,0.86,0.87,0.92,0.99,0.81,,,,,,,,,
Gnai2,plex_1,0.93,0.86,1.13,1.27,1.08,0.81,1.06,1.06,0.91,,,,,,,,,
Cnpy2,plex_1,0.92,0.92,1.17,1.24,0.81,0.9,0.96,0.84,0.81,,,,,,,,,
Rpl32,plex_1,0.94,1.05,1.06,1.19,0.86,0.97,1.06,1.02,0.88,,,,,,,,,
Abcf1,plex_1,1.86,1.17,1.2,2.03,0.99,1.07,1.58,1.27,0.85,,,,,,,,,
Slc26a1,plex_1,0.81,0.99,1.13,1.49,0.76,1.02,1.18,0.9,0.82,,,,,,,,,
Slc26a1,plex_1,0.81,0.99,1.13,1.49,0.76,1.02,1.18,0.9,0.82,,,,,,,,,
Slc26a1,plex_1,0.81,0.99,1.13,1.49,0.76,1.02,1.18,0.9,0.82,,,,,,,,,
Sult2a8,plex_1,0.6,1.2,1.61,1.33,0.76,0.79,1.02,0.91,0.58,,,,,,,,,
Sult2a8,plex_1,0.6,1.2,1.61,1.33,0.76,0.79,1.02,0.91,0.58,,,,,,,,,
Pura,plex_1,1.06,1.36,1.02,1.66,0.84,1.12,1.15,0.91,0.96,,,,,,,,,
Pigr,plex_1,1.04,1.28,1.25,1.86,0.92,1.18,1.27,1.16,0.93,,,,,,,,,
Stbd1,plex_1,0.7,1.16,1.14,1.27,0.77,0.71,0.97,0.82,0.99,,,,,,,,,
Srp72,plex_1,1.01,0.91,1.0,1.3,0.88,0.92,1.11,1.12,0.84,,,,,,,,,
Rab14,plex_1,0.94,0.87,1.08,1.41,0.87,0.89,1.06,1.02,0.86,,,,,,,,,
Ndufb8,plex_1,0.77,0.88,0.89,1.3,0.7,0.98,1.1,1.02,0.73,,,,,,,,,
Ndufb8,plex_1,0.77,0.88,0.89,1.3,0.7,0.98,1.1,1.02,0.73,,,,,,,,,
Fus,plex_1,0.98,1.02,1.06,1.3,0.77,0.82,0.92,0.87,0.74,,,,,,,,,
Atp5l,plex_1,0.92,0.87,1.15,1.34,0.85,0.89,1.27,1.08,0.74,,,,,,,,,
Pmpca,plex_1,0.99,1.02,1.16,1.17,0.83,0.93,1.26,1.21,0.78,,,,,,,,,
Pmpca,plex_1,0.99,1.02,1.16,1.17,0.83,0.93,1.26,1.21,0.78,,,,,,,,,
Rps7,plex_1,0.93,0.94,1.05,1.21,0.68,0.9,1.09,1.03,0.79,,,,,,,,,
Ndufa8,plex_1,0.97,0.95,1.18,1.37,0.72,0.8,1.12,1.15,0.93,,,,,,,,,
Psmd12,plex_1,0.76,0.77,0.9,1.17,0.62,0.83,1.02,0.9,0.74,,,,,,,,,
Psmd12,plex_1,0.76,0.77,0.9,1.17,0.62,0.83,1.02,0.9,0.74,,,,,,,,,
Tat,plex_1,1.51,1.51,1.33,1.17,0.95,0.92,0.73,1.26,0.73,,,,,,,,,
Dazap1,plex_1,0.81,1.06,1.04,1.24,0.83,0.89,1.07,1.0,0.87,,,,,,,,,
Dazap1,plex_1,0.81,1.06,1.04,1.24,0.83,0.89,1.07,1.0,0.87,,,,,,,,,
Dazap1,plex_1,0.81,1.06,1.04,1.24,0.83,0.89,1.07,1.0,0.87,,,,,,,,,
Fabp4,plex_1,1.14,1.1,0.87,0.72,1.56,0.92,1.41,1.32,1.68,,,,,,,,,
Rpl22,plex_1,0.83,0.82,0.93,1.26,0.87,0.89,1.05,0.91,0.72,,,,,,,,,
Fahd2a,plex_1,1.01,1.06,1.11,1.36,0.72,1.13,1.2,1.05,0.88,,,,,,,,,
Plin3,plex_1,0.95,1.09,1.1,1.31,0.83,1.33,1.19,1.1,1.07,,,,,,,,,
Dhrs11,plex_1,0.82,0.79,0.81,1.07,0.74,1.0,0.9,0.79,0.77,,,,,,,,,
Nsfl1c,plex_1,0.84,0.87,1.02,1.15,0.82,0.87,1.0,0.84,0.82,,,,,,,,,
Nsfl1c,plex_1,0.84,0.87,1.02,1.15,0.82,0.87,1.0,0.84,0.82,,,,,,,,,
Nsfl1c,plex_1,0.84,0.87,1.02,1.15,0.82,0.87,1.0,0.84,0.82,,,,,,,,,
Endog,plex_1,0.88,0.81,0.91,1.18,0.89,0.89,1.05,1.07,0.75,,,,,,,,,
H2-D1,plex_1,0.98,0.92,1.19,1.22,1.11,1.11,1.21,1.02,0.84,,,,,,,,,
Acot2,plex_1,0.81,0.85,0.78,1.24,0.85,1.1,1.19,1.06,0.83,,,,,,,,,
Gspt1,plex_1,0.8,0.86,1.08,1.38,0.84,0.89,0.96,0.87,0.86,,,,,,,,,
Gspt1,plex_1,0.8,0.86,1.08,1.38,0.84,0.89,0.96,0.87,0.86,,,,,,,,,
Rpl13,plex_1,0.88,0.9,1.05,1.25,0.82,1.0,1.11,1.08,0.81,,,,,,,,,
Slc25a1,plex_1,0.75,0.96,1.04,1.32,0.72,0.9,1.1,1.12,0.81,,,,,,,,,
Rpl14,plex_1,1.0,1.17,1.3,1.45,0.74,0.99,1.38,1.15,0.95,,,,,,,,,
Ppp1cb,plex_1,0.97,1.22,0.98,1.22,0.74,1.0,0.87,1.02,1.03,,,,,,,,,
Asph,plex_1,1.04,1.11,1.04,1.29,0.82,0.95,1.2,1.08,0.83,,,,,,,,,
Atox1,plex_1,0.98,0.96,1.17,1.41,0.82,1.03,1.18,1.08,0.98,,,,,,,,,
Snx2,plex_1,0.91,1.01,1.05,1.42,0.68,0.85,1.1,0.94,0.89,,,,,,,,,
Prps1,plex_1,0.97,1.04,1.02,1.38,0.72,1.02,1.2,1.0,0.95,,,,,,,,,
Prps1l3,plex_1,0.97,1.04,1.02,1.38,0.72,1.02,1.2,1.0,0.95,,,,,,,,,
Prps1,plex_1,0.97,1.04,1.02,1.38,0.72,1.02,1.2,1.0,0.95,,,,,,,,,
Fbl,plex_1,0.97,0.98,1.09,1.2,0.85,0.86,1.0,0.88,0.73,,,,,,,,,
Fbl,plex_1,0.97,0.98,1.09,1.2,0.85,0.86,1.0,0.88,0.73,,,,,,,,,
Ppid,plex_1,1.0,0.86,1.02,1.4,0.89,0.92,1.16,1.06,0.91,,,,,,,,,
Ppid,plex_1,1.0,0.86,1.02,1.4,0.89,0.92,1.16,1.06,0.91,,,,,,,,,
Hsd17b6,plex_1,1.08,1.01,1.27,1.45,0.78,0.85,0.91,1.03,0.97,,,,,,,,,
Vat1,plex_1,0.97,0.86,0.94,1.26,0.96,0.96,1.11,0.95,0.86,,,,,,,,,
Vat1,plex_1,0.97,0.86,0.94,1.26,0.96,0.96,1.11,0.95,0.86,,,,,,,,,
Abcc3,plex_1,1.06,0.75,0.8,1.5,0.9,0.92,1.11,0.59,0.64,,,,,,,,,
Abcc3,plex_1,1.06,0.75,0.8,1.5,0.9,0.92,1.11,0.59,0.64,,,,,,,,,
Abcc3,plex_1,1.06,0.75,0.8,1.5,0.9,0.92,1.11,0.59,0.64,,,,,,,,,
Abcc3,plex_1,1.06,0.75,0.8,1.5,0.9,0.92,1.11,0.59,0.64,,,,,,,,,
Abcc3,plex_1,1.06,0.75,0.8,1.5,0.9,0.92,1.11,0.59,0.64,,,,,,,,,
Cse1l,plex_1,0.86,0.89,1.01,1.34,0.79,1.04,1.12,0.95,0.81,,,,,,,,,
Rmdn2,plex_1,0.94,1.02,1.18,1.42,0.78,1.07,1.07,0.96,0.95,,,,,,,,,
Wars,plex_1,0.87,1.08,0.99,1.49,0.87,1.03,1.15,1.04,0.76,,,,,,,,,
Wars,plex_1,0.87,1.08,0.99,1.49,0.87,1.03,1.15,1.04,0.76,,,,,,,,,
Wars,plex_1,0.87,1.08,0.99,1.49,0.87,1.03,1.15,1.04,0.76,,,,,,,,,
Psma3,plex_1,0.84,0.85,0.97,1.25,0.8,1.01,0.95,0.88,0.77,,,,,,,,,
Eif2s1,plex_1,1.18,0.9,1.1,1.46,0.88,1.12,1.17,0.98,0.95,,,,,,,,,
Kif5b,plex_1,0.91,0.94,1.06,1.26,0.82,0.8,1.14,1.08,0.82,,,,,,,,,
Npepl1,plex_1,0.93,1.1,1.13,1.33,0.83,1.01,1.0,0.97,0.83,,,,,,,,,
Npepl1,plex_1,0.93,1.1,1.13,1.33,0.83,1.01,1.0,0.97,0.83,,,,,,,,,
Npepl1,plex_1,0.93,1.1,1.13,1.33,0.83,1.01,1.0,0.97,0.83,,,,,,,,,
Npepl1,plex_1,0.93,1.1,1.13,1.33,0.83,1.01,1.0,0.97,0.83,,,,,,,,,
Dbnl,plex_1,0.92,1.0,1.03,1.14,0.83,0.78,1.02,0.98,0.93,,,,,,,,,
Dbnl,plex_1,0.92,1.0,1.03,1.14,0.83,0.78,1.02,0.98,0.93,,,,,,,,,
Dbnl,plex_1,0.92,1.0,1.03,1.14,0.83,0.78,1.02,0.98,0.93,,,,,,,,,
Ap1g1,plex_1,0.85,0.82,0.98,1.25,0.78,0.96,1.05,1.01,0.82,,,,,,,,,
Hnrnpul1,plex_1,0.89,0.92,0.97,1.12,0.82,0.83,0.92,0.89,0.79,,,,,,,,,
Hnrnpul1,plex_1,0.89,0.92,0.97,1.12,0.82,0.83,0.92,0.89,0.79,,,,,,,,,
Coro1c,plex_1,1.01,0.95,1.01,1.31,0.78,0.92,1.0,0.99,0.92,,,,,,,,,
Urod,plex_1,0.91,0.96,0.98,1.41,0.86,1.0,1.02,0.98,0.84,,,,,,,,,
Cp,plex_1,1.6,1.47,1.39,1.36,1.07,1.36,1.51,1.43,1.19,,,,,,,,,
Tpd52l2,plex_1,0.96,0.86,1.0,1.48,0.84,0.9,1.1,1.03,0.67,,,,,,,,,
Tpd52l2,plex_1,0.96,0.86,1.0,1.48,0.84,0.9,1.1,1.03,0.67,,,,,,,,,
Tpd52l2,plex_1,0.96,0.86,1.0,1.48,0.84,0.9,1.1,1.03,0.67,,,,,,,,,
Tpd52l2,plex_1,0.96,0.86,1.0,1.48,0.84,0.9,1.1,1.03,0.67,,,,,,,,,
Myo1c,plex_1,0.93,0.84,0.97,1.29,0.8,0.92,0.95,0.94,0.81,,,,,,,,,
Myo1c,plex_1,0.93,0.84,0.97,1.29,0.8,0.92,0.95,0.94,0.81,,,,,,,,,
Myo1c,plex_1,0.93,0.84,0.97,1.29,0.8,0.92,0.95,0.94,0.81,,,,,,,,,
Phyhd1,plex_1,0.83,0.85,1.02,1.18,0.71,0.95,1.1,0.92,0.77,,,,,,,,,
Fkbp8,plex_1,0.97,1.2,1.13,1.38,1.01,0.9,1.35,1.15,0.96,,,,,,,,,
Eftud2,plex_1,1.38,1.44,0.95,1.51,0.97,1.1,0.95,0.75,0.84,,,,,,,,,
Eftud2,plex_1,1.38,1.44,0.95,1.51,0.97,1.1,0.95,0.75,0.84,,,,,,,,,
Eftud2,plex_1,1.38,1.44,0.95,1.51,0.97,1.1,0.95,0.75,0.84,,,,,,,,,
Eftud2,plex_1,1.38,1.44,0.95,1.51,0.97,1.1,0.95,0.75,0.84,,,,,,,,,
Eftud2,plex_1,1.38,1.44,0.95,1.51,0.97,1.1,0.95,0.75,0.84,,,,,,,,,
Eftud2,plex_1,1.38,1.44,0.95,1.51,0.97,1.1,0.95,0.75,0.84,,,,,,,,,
Hnrnpd,plex_1,1.04,1.08,1.05,1.32,0.9,0.83,1.04,0.95,0.88,,,,,,,,,
Hnrnpd,plex_1,1.04,1.08,1.05,1.32,0.9,0.83,1.04,0.95,0.88,,,,,,,,,
Cyp3a44,plex_1,1.03,0.84,0.79,1.62,0.8,1.25,1.51,1.11,0.62,,,,,,,,,
Tpr,plex_1,0.83,0.97,0.99,1.15,0.77,0.86,1.08,0.84,0.79,,,,,,,,,
Ndufa3,plex_1,1.8,1.63,1.74,2.29,0.84,1.74,1.47,1.77,1.01,,,,,,,,,
Epb41,plex_1,1.05,1.11,0.93,1.17,0.87,1.01,1.01,1.0,0.84,,,,,,,,,
Hspe1,plex_1,0.95,0.95,1.03,1.22,0.81,0.91,1.07,1.06,0.8,,,,,,,,,
Psmd13,plex_1,1.26,1.16,1.25,1.56,1.11,1.15,1.27,1.2,0.85,,,,,,,,,
Napa,plex_1,1.08,0.87,1.03,1.49,1.02,1.11,1.16,1.13,0.92,,,,,,,,,
Nudc,plex_1,0.88,1.12,1.05,1.29,0.72,0.93,1.12,0.99,0.88,,,,,,,,,
Dera,plex_1,0.64,0.7,1.07,1.4,0.84,0.9,1.06,1.22,0.96,,,,,,,,,
Fth1,plex_1,0.77,0.69,1.1,1.38,1.07,0.86,1.05,0.65,1.34,,,,,,,,,
Cisd1,plex_1,0.8,0.9,0.99,1.15,0.81,0.93,1.05,1.2,0.75,,,,,,,,,
Dync1i2,plex_1,0.75,1.02,0.75,1.24,0.62,0.66,0.91,0.85,0.62,,,,,,,,,
Aprt,plex_1,0.91,0.8,0.72,1.3,0.8,1.04,1.44,1.18,0.61,,,,,,,,,
Sf3b3,plex_1,0.81,0.86,0.97,1.34,0.78,0.78,0.93,0.89,0.75,,,,,,,,,
Sf3b3,plex_1,0.81,0.86,0.97,1.34,0.78,0.78,0.93,0.89,0.75,,,,,,,,,
Ggact,plex_1,0.77,0.91,1.16,1.35,0.8,0.93,1.11,0.89,0.84,,,,,,,,,
Ggact,plex_1,0.77,0.91,1.16,1.35,0.8,0.93,1.11,0.89,0.84,,,,,,,,,
Ggact,plex_1,0.77,0.91,1.16,1.35,0.8,0.93,1.11,0.89,0.84,,,,,,,,,
Psmb6,plex_1,1.01,1.03,1.12,1.33,0.77,0.87,1.1,0.98,0.85,,,,,,,,,
Hacd3,plex_1,0.99,0.86,0.99,1.46,0.75,0.93,1.12,0.93,0.85,,,,,,,,,
Galt,plex_1,0.79,0.71,0.94,1.34,0.85,1.0,0.95,0.93,0.74,,,,,,,,,
Galt,plex_1,0.79,0.71,0.94,1.34,0.85,1.0,0.95,0.93,0.74,,,,,,,,,
Myl12b,plex_1,1.22,0.98,1.12,1.25,0.92,1.16,0.98,0.89,0.77,,,,,,,,,
Sorbs2,plex_1,0.96,0.97,1.06,1.44,0.81,0.87,1.06,0.89,0.84,,,,,,,,,
Sorbs2,plex_1,0.96,0.97,1.06,1.44,0.81,0.87,1.06,0.89,0.84,,,,,,,,,
COI,plex_1,0.89,0.93,0.95,1.29,0.83,1.01,1.03,1.06,0.59,,,,,,,,,
Mtco1,plex_1,0.89,0.93,0.95,1.29,0.83,1.01,1.03,1.06,0.59,,,,,,,,,
Hsd17b11,plex_1,0.79,0.94,0.98,1.34,0.71,0.81,1.05,0.98,0.76,,,,,,,,,
Eif1,plex_1,1.09,1.16,1.48,1.48,1.08,1.43,1.14,1.09,1.08,,,,,,,,,
Acat2,plex_1,0.73,0.67,0.77,1.15,0.74,1.14,1.46,0.85,1.03,,,,,,,,,
Rtn4ip1,plex_1,0.9,1.02,1.15,1.57,0.68,1.16,1.39,0.99,0.73,,,,,,,,,
Rtn4ip1,plex_1,0.9,1.02,1.15,1.57,0.68,1.16,1.39,0.99,0.73,,,,,,,,,
Igk,plex_1,0.82,0.64,0.58,1.28,0.91,1.04,0.91,1.02,0.85,,,,,,,,,
Nedd4,plex_1,1.28,1.35,1.46,1.19,1.57,1.1,1.51,1.32,1.41,,,,,,,,,
Lum,plex_1,2.61,0.91,1.42,1.34,1.29,0.9,0.86,0.98,0.61,,,,,,,,,
Dhx15,plex_1,1.02,0.97,1.08,1.44,0.96,0.94,1.12,0.96,0.85,,,,,,,,,
Echdc1,plex_1,0.86,0.77,0.9,1.29,0.87,1.08,1.13,0.99,0.91,,,,,,,,,
Echdc1,plex_1,0.86,0.77,0.9,1.29,0.87,1.08,1.13,0.99,0.91,,,,,,,,,
Scfd1,plex_1,1.17,1.14,1.34,1.51,1.36,1.28,1.56,1.32,1.28,,,,,,,,,
Marcks,plex_1,0.94,0.9,1.13,1.18,0.78,0.82,1.1,1.01,0.79,,,,,,,,,
Hykk,plex_1,0.8,0.83,0.93,1.34,0.65,0.97,1.05,1.01,0.86,,,,,,,,,
Mgll,plex_1,1.09,0.94,1.3,1.56,0.95,1.08,1.46,1.22,0.96,,,,,,,,,
Cpne3,plex_1,0.88,0.99,1.28,1.38,0.86,1.07,1.11,1.01,0.99,,,,,,,,,
Eif3i,plex_1,0.88,1.0,1.07,1.32,0.8,1.04,1.07,0.88,0.86,,,,,,,,,
Acot1,plex_1,0.86,0.95,0.95,1.32,0.88,1.0,1.17,1.03,0.82,,,,,,,,,
Sec61a1,plex_1,0.92,0.98,1.13,1.42,0.82,0.92,1.15,0.98,0.78,,,,,,,,,
Sec61a1,plex_1,0.92,0.98,1.13,1.42,0.82,0.92,1.15,0.98,0.78,,,,,,,,,
Apoa4,plex_1,1.53,1.21,0.89,1.15,0.87,0.97,1.08,1.08,0.7,,,,,,,,,
Ptbp3,plex_1,0.91,1.02,1.03,1.47,0.76,0.79,0.98,0.78,0.76,,,,,,,,,
Ptbp3,plex_1,0.91,1.02,1.03,1.47,0.76,0.79,0.98,0.78,0.76,,,,,,,,,
Ptbp3,plex_1,0.91,1.02,1.03,1.47,0.76,0.79,0.98,0.78,0.76,,,,,,,,,
Ptbp3,plex_1,0.91,1.02,1.03,1.47,0.76,0.79,0.98,0.78,0.76,,,,,,,,,
Prkar2a,plex_1,0.83,0.86,0.95,1.2,0.8,0.92,0.97,1.01,0.73,,,,,,,,,
Prkar2a,plex_1,0.83,0.86,0.95,1.2,0.8,0.92,0.97,1.01,0.73,,,,,,,,,
Dnm2,plex_1,0.99,1.04,1.06,1.25,0.81,0.98,1.04,0.83,0.83,,,,,,,,,
Surf4,plex_1,0.71,0.75,1.01,1.39,0.8,1.01,1.05,1.04,0.69,,,,,,,,,
Ece1,plex_1,0.98,1.27,0.97,1.28,0.71,1.0,1.01,0.89,0.94,,,,,,,,,
Ece1,plex_1,0.98,1.27,0.97,1.28,0.71,1.0,1.01,0.89,0.94,,,,,,,,,
Ece1,plex_1,0.98,1.27,0.97,1.28,0.71,1.0,1.01,0.89,0.94,,,,,,,,,
Bag3,plex_1,0.74,0.75,0.81,1.2,0.78,0.79,1.13,0.96,0.72,,,,,,,,,
Gars,plex_1,1.01,0.96,0.89,1.47,0.83,0.82,0.92,0.96,0.71,,,,,,,,,
Ndufb9,plex_1,0.86,0.98,1.07,1.32,0.83,0.97,1.21,1.18,0.9,,,,,,,,,
Csad,plex_1,1.95,0.86,1.73,0.84,0.86,0.49,0.56,0.54,1.04,,,,,,,,,
Upb1,plex_1,0.81,0.92,0.99,1.45,0.95,0.93,0.93,0.88,0.94,,,,,,,,,
Ahnak,plex_1,1.2,0.78,0.91,1.2,0.84,0.86,0.99,1.15,0.76,,,,,,,,,
Cyp3a25,plex_1,0.98,1.79,1.83,2.82,1.52,1.61,1.89,1.31,1.04,,,,,,,,,
Vapb,plex_1,0.96,0.86,1.16,1.51,0.71,1.0,1.1,1.09,0.86,,,,,,,,,
Pdcd4,plex_1,1.19,1.07,1.28,1.27,0.84,0.94,0.86,1.01,0.81,,,,,,,,,
Crip2,plex_1,0.8,0.98,1.03,1.25,0.77,0.97,1.01,0.96,0.79,,,,,,,,,
Mpc2,plex_1,1.06,0.65,1.12,1.45,1.0,1.16,1.39,1.4,0.75,,,,,,,,,
Fads2,plex_1,0.79,1.01,1.07,1.21,0.63,0.84,1.04,0.83,0.85,,,,,,,,,
Fads2,plex_1,0.79,1.01,1.07,1.21,0.63,0.84,1.04,0.83,0.85,,,,,,,,,
Fads2,plex_1,0.79,1.01,1.07,1.21,0.63,0.84,1.04,0.83,0.85,,,,,,,,,
Ndufs4,plex_1,0.96,0.83,0.97,1.32,0.74,0.98,1.02,1.24,0.69,,,,,,,,,
Ndufs4,plex_1,0.96,0.83,0.97,1.32,0.74,0.98,1.02,1.24,0.69,,,,,,,,,
Ndufs4,plex_1,0.96,0.83,0.97,1.32,0.74,0.98,1.02,1.24,0.69,,,,,,,,,
Nans,plex_1,1.19,1.15,1.16,1.69,0.74,0.83,1.58,1.26,0.95,,,,,,,,,
Rps12,plex_1,0.95,0.96,1.07,1.35,0.87,0.86,1.03,0.98,0.75,,,,,,,,,
Mthfsl,plex_1,0.97,1.04,0.98,1.35,0.73,0.87,1.05,1.02,0.75,,,,,,,,,
Mthfs,plex_1,0.97,1.04,0.98,1.35,0.73,0.87,1.05,1.02,0.75,,,,,,,,,
Rpl13a,plex_1,0.73,0.8,1.16,1.53,0.75,1.05,1.33,1.03,0.77,,,,,,,,,
Tecr,plex_1,0.87,0.95,1.07,1.4,0.83,0.99,1.15,1.01,0.86,,,,,,,,,
Purb,plex_1,1.88,1.62,1.51,1.42,1.41,1.1,1.94,1.4,0.83,,,,,,,,,
Rps15a,plex_1,0.91,0.97,1.19,1.56,0.85,1.03,1.21,1.06,0.89,,,,,,,,,
Acin1,plex_1,0.98,0.95,1.33,1.43,0.86,1.46,1.15,1.1,1.21,,,,,,,,,
Ywhab,plex_1,0.91,0.93,0.93,1.26,0.84,0.97,1.02,0.85,0.69,,,,,,,,,
Ywhab,plex_1,0.91,0.93,0.93,1.26,0.84,0.97,1.02,0.85,0.69,,,,,,,,,
Anxa7,plex_1,0.95,0.97,1.1,1.37,0.83,0.89,1.17,0.86,0.83,,,,,,,,,
Hnrnpab,plex_1,0.97,0.88,1.03,1.16,0.81,0.82,1.0,0.98,0.77,,,,,,,,,
Hnrnpab,plex_1,0.97,0.88,1.03,1.16,0.81,0.82,1.0,0.98,0.77,,,,,,,,,
Hnrnpab,plex_1,0.97,0.88,1.03,1.16,0.81,0.82,1.0,0.98,0.77,,,,,,,,,
Mylk,plex_1,0.98,0.98,0.98,1.28,0.85,0.82,0.99,0.93,0.8,,,,,,,,,
Slc25a42,plex_1,1.03,0.7,0.93,1.28,0.86,0.99,1.15,0.97,0.77,,,,,,,,,
Psmd6,plex_1,1.05,0.96,1.01,1.37,0.93,0.92,1.07,1.0,0.9,,,,,,,,,
Pepd,plex_1,1.3,1.11,1.16,1.47,1.04,1.32,1.76,1.65,1.07,,,,,,,,,
Hp,plex_1,1.06,1.26,1.32,1.22,0.9,0.92,1.62,0.85,0.79,,,,,,,,,
Pyroxd2,plex_1,0.66,0.85,1.03,1.69,1.59,1.09,1.48,1.16,0.89,,,,,,,,,
Dbi,plex_1,0.82,0.7,0.93,1.22,0.79,1.04,1.18,1.04,0.86,,,,,,,,,
Pmm2,plex_1,0.84,0.91,1.05,1.25,0.83,0.83,1.0,0.95,0.85,,,,,,,,,
Abhd11,plex_1,1.12,1.06,0.85,1.49,0.9,1.13,1.07,1.07,0.76,,,,,,,,,
Abhd11,plex_1,1.12,1.06,0.85,1.49,0.9,1.13,1.07,1.07,0.76,,,,,,,,,
Tmem214,plex_1,1.08,1.19,1.12,1.63,1.01,1.18,1.38,1.28,0.88,,,,,,,,,
Tmem214,plex_1,1.08,1.19,1.12,1.63,1.01,1.18,1.38,1.28,0.88,,,,,,,,,
Sept11,plex_1,0.93,0.91,1.15,1.13,0.85,0.92,1.08,1.01,0.78,,,,,,,,,
Sept11,plex_1,0.93,0.91,1.15,1.13,0.85,0.92,1.08,1.01,0.78,,,,,,,,,
Sept11,plex_1,0.93,0.91,1.15,1.13,0.85,0.92,1.08,1.01,0.78,,,,,,,,,
Sept11,plex_1,0.93,0.91,1.15,1.13,0.85,0.92,1.08,1.01,0.78,,,,,,,,,
Sept11,plex_1,0.93,0.91,1.15,1.13,0.85,0.92,1.08,1.01,0.78,,,,,,,,,
Mgst1,plex_1,0.89,0.92,1.06,1.33,0.73,0.89,1.15,0.92,0.81,,,,,,,,,
Mgst1,plex_1,0.89,0.92,1.06,1.33,0.73,0.89,1.15,0.92,0.81,,,,,,,,,
Cbx3,plex_1,1.42,1.26,1.16,1.69,1.03,1.26,1.32,0.88,0.97,,,,,,,,,
Cbx3,plex_1,1.42,1.26,1.16,1.69,1.03,1.26,1.32,0.88,0.97,,,,,,,,,
Serpinc1,plex_1,1.11,1.0,1.02,1.28,0.71,1.08,0.94,0.76,0.9,,,,,,,,,
Rad23a,plex_1,0.98,1.08,1.03,1.32,0.75,1.13,0.79,1.09,0.73,,,,,,,,,
Sntb1,plex_1,1.35,1.39,1.23,1.74,0.95,1.03,1.52,1.06,0.86,,,,,,,,,
Lgals3bp,plex_1,1.04,0.7,1.18,1.32,1.07,0.96,0.85,0.88,0.67,,,,,,,,,
Tha1,plex_1,0.94,0.8,0.91,1.03,0.81,0.88,1.24,1.1,0.89,,,,,,,,,
Stard5,plex_1,0.87,1.02,1.09,1.37,0.73,0.93,1.14,0.9,0.81,,,,,,,,,
Rtn4,plex_1,1.05,0.77,0.94,1.62,0.77,1.04,1.07,0.9,1.0,,,,,,,,,
Csde1,plex_1,1.27,0.93,1.13,1.81,1.17,0.89,1.08,1.31,0.83,,,,,,,,,
Epb41l2,plex_1,1.2,0.98,1.42,1.24,0.96,1.03,1.32,1.25,0.76,,,,,,,,,
Epb41l2,plex_1,1.2,0.98,1.42,1.24,0.96,1.03,1.32,1.25,0.76,,,,,,,,,
Ostf1,plex_1,0.84,0.98,0.81,1.27,0.77,0.99,1.11,0.89,0.65,,,,,,,,,
Psmd5,plex_1,0.86,0.91,0.99,1.26,0.7,0.88,1.0,0.91,0.77,,,,,,,,,
Ap2m1,plex_1,1.06,0.9,1.61,1.32,0.64,1.01,1.17,0.95,0.77,,,,,,,,,
Glrx3,plex_1,0.86,0.86,0.97,1.25,0.77,0.99,1.07,0.97,0.82,,,,,,,,,
Rpl15,plex_1,1.03,1.03,1.05,1.28,0.74,1.05,1.3,1.2,0.9,,,,,,,,,
Col1a1,plex_1,1.81,0.88,0.99,1.54,1.16,0.8,1.32,1.11,0.82,,,,,,,,,
Ppp1r7,plex_1,0.92,0.86,1.02,1.26,0.81,1.07,1.14,0.94,0.77,,,,,,,,,
Cgn,plex_1,0.85,1.26,1.08,1.23,0.84,1.2,0.96,0.77,0.85,,,,,,,,,
Cgn,plex_1,0.85,1.26,1.08,1.23,0.84,1.2,0.96,0.77,0.85,,,,,,,,,
Cgn,plex_1,0.85,1.26,1.08,1.23,0.84,1.2,0.96,0.77,0.85,,,,,,,,,
Cgn,plex_1,0.85,1.26,1.08,1.23,0.84,1.2,0.96,0.77,0.85,,,,,,,,,
Psmb2,plex_1,0.83,1.0,1.04,1.67,0.67,1.09,1.12,1.12,1.11,,,,,,,,,
Ctsz,plex_1,0.89,1.09,1.16,1.34,0.71,0.93,1.05,1.13,0.72,,,,,,,,,
Sorbs1,plex_1,0.87,0.92,1.07,1.18,0.8,1.03,1.15,1.12,0.93,,,,,,,,,
Pitpnb,plex_1,0.91,1.06,1.4,1.64,0.77,0.92,1.2,1.12,0.82,,,,,,,,,
Pitpnb,plex_1,0.91,1.06,1.4,1.64,0.77,0.92,1.2,1.12,0.82,,,,,,,,,
Psmb3,plex_1,0.92,0.8,0.97,1.17,0.75,0.95,1.1,0.92,0.79,,,,,,,,,
Rpl23a,plex_1,0.99,0.93,1.01,1.38,0.78,0.87,1.12,1.04,0.85,,,,,,,,,
Rpl23a-ps3,plex_1,0.99,0.93,1.01,1.38,0.78,0.87,1.12,1.04,0.85,,,,,,,,,
Rpl23a,plex_1,0.99,0.93,1.01,1.38,0.78,0.87,1.12,1.04,0.85,,,,,,,,,
Pafah1b1,plex_1,1.0,1.02,1.14,1.38,0.97,1.03,1.22,1.12,0.89,,,,,,,,,
Pafah1b1,plex_1,1.0,1.02,1.14,1.38,0.97,1.03,1.22,1.12,0.89,,,,,,,,,
Pafah1b1,plex_1,1.0,1.02,1.14,1.38,0.97,1.03,1.22,1.12,0.89,,,,,,,,,
Pafah1b1,plex_1,1.0,1.02,1.14,1.38,0.97,1.03,1.22,1.12,0.89,,,,,,,,,
Ndufa12,plex_1,1.01,1.13,1.13,1.34,0.77,0.96,1.23,1.16,0.78,,,,,,,,,
Ndufa12,plex_1,1.01,1.13,1.13,1.34,0.77,0.96,1.23,1.16,0.78,,,,,,,,,
Ndufa12,plex_1,1.01,1.13,1.13,1.34,0.77,0.96,1.23,1.16,0.78,,,,,,,,,
Dnajb11,plex_1,1.24,1.17,1.09,1.45,1.17,0.96,1.28,0.87,0.93,,,,,,,,,
Entpd5,plex_1,0.84,0.83,0.93,1.32,0.63,1.01,1.15,1.04,0.85,,,,,,,,,
Entpd5,plex_1,0.84,0.83,0.93,1.32,0.63,1.01,1.15,1.04,0.85,,,,,,,,,
Capza1,plex_1,0.83,0.86,0.94,1.08,1.15,0.95,0.96,0.75,0.63,,,,,,,,,
Mlec,plex_1,0.88,1.13,1.15,1.34,0.76,0.85,1.03,0.78,0.75,,,,,,,,,
Gm20547,plex_1,1.17,1.1,0.86,1.0,0.78,0.9,0.84,0.75,0.59,,,,,,,,,
Iyd,plex_1,0.87,0.94,1.01,1.39,0.83,1.0,1.21,0.96,0.79,,,,,,,,,
Cfh,plex_1,1.11,1.17,1.09,1.25,0.82,0.89,0.75,0.84,0.7,,,,,,,,,
Sec22b,plex_1,1.13,1.18,1.1,1.53,0.95,1.06,1.18,1.08,0.9,,,,,,,,,
Ywhah,plex_1,1.09,1.02,1.32,1.34,0.91,1.09,1.13,1.08,0.83,,,,,,,,,
Mrps36,plex_1,1.05,0.97,0.97,1.38,0.92,0.95,1.21,1.27,0.78,,,,,,,,,
Metap2,plex_1,0.91,1.21,1.24,1.72,0.79,1.27,1.17,1.23,0.96,,,,,,,,,
Metap2,plex_1,0.91,1.21,1.24,1.72,0.79,1.27,1.17,1.23,0.96,,,,,,,,,
Metap2,plex_1,0.91,1.21,1.24,1.72,0.79,1.27,1.17,1.23,0.96,,,,,,,,,
Col6a1,plex_1,2.93,0.71,1.46,1.21,1.08,0.88,1.2,1.07,0.67,,,,,,,,,
Ndufs6,plex_1,0.87,0.99,1.02,1.37,0.9,0.96,1.16,1.37,0.72,,,,,,,,,
Ssb,plex_1,0.9,0.99,1.08,1.28,0.89,0.89,1.04,1.15,0.87,,,,,,,,,
Cdc42bpb,plex_1,0.84,1.26,1.44,1.41,1.02,1.1,1.02,1.07,0.87,,,,,,,,,
Anp32a,plex_1,1.04,0.93,1.02,1.2,0.97,0.89,0.91,0.92,0.91,,,,,,,,,
Ddx58,plex_1,0.67,0.71,0.9,1.28,0.62,1.1,1.01,0.77,0.73,,,,,,,,,
Adrm1,plex_1,0.98,1.2,1.16,1.38,0.79,0.91,1.02,1.07,0.81,,,,,,,,,
Rmdn1,plex_1,0.73,0.84,0.9,1.24,0.75,0.96,1.17,1.03,0.87,,,,,,,,,
Rps13,plex_1,0.9,0.86,1.09,1.37,0.68,1.04,1.19,0.99,0.81,,,,,,,,,
Dynll2,plex_1,0.84,0.87,0.99,1.16,0.84,1.09,1.23,1.09,1.03,,,,,,,,,
Pcyox1,plex_1,0.96,0.98,1.06,1.32,0.85,1.03,1.14,1.08,0.72,,,,,,,,,
Pcyox1,plex_1,0.96,0.98,1.06,1.32,0.85,1.03,1.14,1.08,0.72,,,,,,,,,
Tdo2,plex_1,0.91,1.2,1.54,1.49,0.94,0.88,1.37,1.05,0.85,,,,,,,,,
Tdo2,plex_1,0.91,1.2,1.54,1.49,0.94,0.88,1.37,1.05,0.85,,,,,,,,,
Eif5b,plex_1,1.03,1.23,1.15,1.37,0.81,0.97,1.17,0.94,0.85,,,,,,,,,
Rnpep,plex_1,1.07,0.97,1.22,1.54,0.91,1.2,1.29,1.03,0.88,,,,,,,,,
Cyp2c37,plex_1,0.91,0.88,0.91,1.43,0.84,1.02,1.15,1.0,0.76,,,,,,,,,
Sf3a1,plex_1,0.94,1.05,1.15,1.23,0.87,0.89,1.03,0.95,0.84,,,,,,,,,
Nmt1,plex_1,0.95,1.12,1.17,1.68,0.8,0.9,1.13,0.91,0.95,,,,,,,,,
Tor1aip1,plex_1,1.07,1.11,1.08,1.38,1.0,0.99,0.96,1.09,0.95,,,,,,,,,
Tor1aip1,plex_1,1.07,1.11,1.08,1.38,1.0,0.99,0.96,1.09,0.95,,,,,,,,,
Tor1aip1,plex_1,1.07,1.11,1.08,1.38,1.0,0.99,0.96,1.09,0.95,,,,,,,,,
Isg15,plex_1,0.97,0.89,0.81,1.25,0.92,1.09,1.0,1.02,0.8,,,,,,,,,
Gpam,plex_1,0.77,0.79,1.09,1.29,0.7,0.84,0.99,1.03,0.95,,,,,,,,,
Gpam,plex_1,0.77,0.79,1.09,1.29,0.7,0.84,0.99,1.03,0.95,,,,,,,,,
Ran,plex_1,0.98,0.87,1.0,1.3,0.86,1.02,1.04,1.01,0.77,,,,,,,,,
Pfkl,plex_1,1.45,0.87,0.94,1.87,0.84,1.15,1.4,1.0,0.81,,,,,,,,,
Dcps,plex_1,0.92,0.94,1.07,1.31,0.9,0.96,1.0,0.93,0.83,,,,,,,,,
Itih1,plex_1,1.09,0.91,0.91,1.68,0.72,0.87,1.1,1.08,0.75,,,,,,,,,
Itih1,plex_1,1.09,0.91,0.91,1.68,0.72,0.87,1.1,1.08,0.75,,,,,,,,,
Itih1,plex_1,1.09,0.91,0.91,1.68,0.72,0.87,1.1,1.08,0.75,,,,,,,,,
Itih1,plex_1,1.09,0.91,0.91,1.68,0.72,0.87,1.1,1.08,0.75,,,,,,,,,
Hspa1b,plex_1,0.91,0.86,1.01,1.26,0.97,0.9,1.05,1.03,0.83,,,,,,,,,
Hspa1b,plex_1,0.91,0.86,1.01,1.26,0.97,0.9,1.05,1.03,0.83,,,,,,,,,
Gpt2,plex_1,0.79,0.85,1.04,1.61,0.74,1.32,1.51,1.15,0.9,,,,,,,,,
Erlin2,plex_1,1.3,1.02,1.53,1.88,0.82,0.73,1.04,1.25,0.91,,,,,,,,,
Npepps,plex_1,0.9,1.1,1.39,1.35,0.91,0.92,1.23,0.91,0.83,,,,,,,,,
Gusb,plex_1,0.94,1.0,1.45,1.45,1.04,1.05,1.06,0.96,0.93,,,,,,,,,
Gusb,plex_1,0.94,1.0,1.45,1.45,1.04,1.05,1.06,0.96,0.93,,,,,,,,,
Ceacam1,plex_1,0.8,0.86,1.01,1.18,0.64,0.94,0.98,0.9,0.8,,,,,,,,,
Ceacam1,plex_1,0.8,0.86,1.01,1.18,0.64,0.94,0.98,0.9,0.8,,,,,,,,,
Psmd14,plex_1,1.28,1.17,1.12,1.35,0.97,1.2,1.11,0.93,0.92,,,,,,,,,
Bcap31,plex_1,0.87,1.01,1.0,1.32,0.71,0.88,1.04,0.83,0.83,,,,,,,,,
Ubap2l,plex_1,0.87,0.99,1.24,1.88,0.68,0.84,1.37,1.53,0.72,,,,,,,,,
Ubap2l,plex_1,0.87,0.99,1.24,1.88,0.68,0.84,1.37,1.53,0.72,,,,,,,,,
Dsg2,plex_1,0.93,0.98,1.44,1.43,1.21,0.8,1.24,1.0,0.97,,,,,,,,,
Sf3a3,plex_1,1.03,0.88,1.06,1.15,0.94,0.81,1.15,1.43,0.78,,,,,,,,,
Ndufb11,plex_1,0.74,0.97,1.04,1.15,0.72,0.85,0.94,0.97,0.76,,,,,,,,,
Ndufb11,plex_1,0.74,0.97,1.04,1.15,0.72,0.85,0.94,0.97,0.76,,,,,,,,,
Srsf1,plex_1,1.01,0.96,1.13,1.38,0.82,0.95,1.02,0.96,0.72,,,,,,,,,
Srsf1,plex_1,1.01,0.96,1.13,1.38,0.82,0.95,1.02,0.96,0.72,,,,,,,,,
Manf,plex_1,0.87,1.09,1.04,1.26,0.83,0.93,0.98,0.98,0.82,,,,,,,,,
Akr1c20,plex_1,1.07,1.06,1.01,1.55,0.9,1.09,1.44,1.11,1.05,,,,,,,,,
Gorasp2,plex_1,1.23,1.03,1.29,1.72,0.91,1.09,1.37,1.13,0.94,,,,,,,,,
Gorasp2,plex_1,1.23,1.03,1.29,1.72,0.91,1.09,1.37,1.13,0.94,,,,,,,,,
Gorasp2,plex_1,1.23,1.03,1.29,1.72,0.91,1.09,1.37,1.13,0.94,,,,,,,,,
Gorasp2,plex_1,1.23,1.03,1.29,1.72,0.91,1.09,1.37,1.13,0.94,,,,,,,,,
Selo,plex_1,0.9,0.95,1.13,1.42,0.73,0.92,0.87,0.75,0.65,,,,,,,,,
Selo,plex_1,0.9,0.95,1.13,1.42,0.73,0.92,0.87,0.75,0.65,,,,,,,,,
Clptm1,plex_1,0.99,0.93,1.13,1.41,0.81,0.91,1.07,0.92,0.87,,,,,,,,,
Rpl21,plex_1,0.77,1.05,1.05,1.16,0.79,0.86,1.09,0.96,0.77,,,,,,,,,
Rplp1,plex_1,0.8,0.93,1.0,1.02,0.68,0.66,1.13,0.96,0.74,,,,,,,,,
Ppm1b,plex_1,1.05,1.24,0.98,1.92,1.24,1.1,1.95,1.29,1.34,,,,,,,,,
Ppm1b,plex_1,1.05,1.24,0.98,1.92,1.24,1.1,1.95,1.29,1.34,,,,,,,,,
Aspg,plex_1,0.67,0.95,1.03,1.43,0.67,0.98,0.99,0.83,0.74,,,,,,,,,
Nsdhl,plex_1,0.7,1.03,0.71,1.23,0.56,0.97,1.18,1.12,0.67,,,,,,,,,
Nsdhl,plex_1,0.7,1.03,0.71,1.23,0.56,0.97,1.18,1.12,0.67,,,,,,,,,
Usp14,plex_1,0.78,0.91,0.82,1.25,0.61,0.92,1.04,1.02,0.66,,,,,,,,,
Usp14,plex_1,0.78,0.91,0.82,1.25,0.61,0.92,1.04,1.02,0.66,,,,,,,,,
Prrc1,plex_1,0.82,0.85,1.0,1.14,0.76,0.97,0.95,0.86,0.89,,,,,,,,,
Rpl27,plex_1,0.68,0.79,1.05,1.41,0.82,0.97,1.3,1.31,0.85,,,,,,,,,
Mbl2,plex_1,1.23,1.28,1.23,1.48,0.79,1.05,0.94,1.24,0.73,,,,,,,,,
Ca1,plex_1,1.22,1.0,0.61,1.13,1.02,0.94,0.73,0.58,0.84,,,,,,,,,
Gale,plex_1,0.73,0.78,0.86,1.14,0.82,1.14,1.02,1.06,0.7,,,,,,,,,
Sec13,plex_1,0.93,1.12,1.03,1.4,1.38,1.04,1.16,1.15,0.83,,,,,,,,,
Rab11b,plex_1,0.95,0.99,1.18,1.36,0.66,0.81,1.04,0.92,0.74,,,,,,,,,
Rab11b,plex_1,0.95,0.99,1.18,1.36,0.66,0.81,1.04,0.92,0.74,,,,,,,,,
Gsn,plex_1,1.29,1.12,0.86,1.17,0.72,0.91,0.79,0.9,0.72,,,,,,,,,
Gsn,plex_1,1.29,1.12,0.86,1.17,0.72,0.91,0.79,0.9,0.72,,,,,,,,,
Enpep,plex_1,1.18,1.17,1.24,1.77,0.88,1.09,1.5,1.33,1.12,,,,,,,,,
Myg1,plex_1,0.86,0.89,1.08,1.57,0.83,0.76,1.17,1.38,0.8,,,,,,,,,
Elavl1,plex_1,0.84,0.9,0.92,1.34,0.72,0.91,1.09,0.9,0.86,,,,,,,,,
Fads1,plex_1,1.15,1.16,0.85,1.35,0.97,1.11,1.09,0.97,0.87,,,,,,,,,
Reep6,plex_1,0.91,0.86,0.97,1.31,0.71,0.84,1.13,1.09,0.73,,,,,,,,,
Fkbp2,plex_1,0.93,0.99,1.06,1.28,0.76,0.82,1.06,0.88,0.92,,,,,,,,,
Psmb5,plex_1,0.93,0.99,1.07,1.42,0.65,0.86,1.23,0.92,0.95,,,,,,,,,
Plaa,plex_1,0.84,0.91,1.04,1.35,0.8,0.89,1.13,0.95,0.78,,,,,,,,,
Rap1a,plex_1,0.77,0.69,0.9,1.09,0.72,0.74,1.11,1.02,0.67,,,,,,,,,
Gm9392,plex_1,0.77,0.69,0.9,1.09,0.72,0.74,1.11,1.02,0.67,,,,,,,,,
Rap1a,plex_1,0.77,0.69,0.9,1.09,0.72,0.74,1.11,1.02,0.67,,,,,,,,,
Yars,plex_1,0.95,0.93,1.24,1.29,0.99,1.02,1.23,1.14,0.9,,,,,,,,,
Yars,plex_1,0.95,0.93,1.24,1.29,0.99,1.02,1.23,1.14,0.9,,,,,,,,,
H1f0,plex_1,1.03,0.99,1.16,1.4,0.78,0.92,1.06,1.03,0.89,,,,,,,,,
Otub1,plex_1,0.78,0.78,0.88,1.14,0.66,0.91,1.0,0.84,0.88,,,,,,,,,
Snx3,plex_1,0.96,0.95,1.08,1.32,0.74,0.93,1.06,1.01,0.98,,,,,,,,,
Gsta4,plex_1,0.93,0.93,1.04,1.37,0.85,1.13,1.01,1.17,0.75,,,,,,,,,
Gcsh,plex_1,0.89,0.79,1.1,1.32,0.78,0.93,1.08,0.98,0.7,,,,,,,,,
Ruvbl1,plex_1,0.98,0.85,0.81,1.1,0.78,1.03,1.0,0.99,0.7,,,,,,,,,
Hdhd2,plex_1,0.75,0.89,0.98,1.09,0.64,0.86,0.9,0.88,0.79,,,,,,,,,
Rpl18,plex_1,0.77,0.88,1.16,1.38,0.76,1.02,1.23,1.05,0.81,,,,,,,,,
Lipa,plex_1,1.07,0.82,1.11,1.35,0.88,1.12,1.15,1.06,0.8,,,,,,,,,
Lipa,plex_1,1.07,0.82,1.11,1.35,0.88,1.12,1.15,1.06,0.8,,,,,,,,,
Lipa,plex_1,1.07,0.82,1.11,1.35,0.88,1.12,1.15,1.06,0.8,,,,,,,,,
Nolc1,plex_1,0.91,1.11,1.2,1.18,0.74,0.85,1.14,1.1,0.9,,,,,,,,,
Srpra,plex_1,0.87,0.96,0.95,1.52,0.89,0.97,1.15,0.96,0.77,,,,,,,,,
Rpl11,plex_1,0.77,1.0,0.96,1.2,0.67,0.86,0.93,0.93,0.62,,,,,,,,,
Rpl11,plex_1,0.77,1.0,0.96,1.2,0.67,0.86,0.93,0.93,0.62,,,,,,,,,
G3bp2,plex_1,1.01,1.05,1.09,1.34,1.14,1.0,1.31,1.03,0.82,,,,,,,,,
Ube2n,plex_1,0.9,0.93,0.89,1.23,0.9,0.9,0.97,1.02,0.79,,,,,,,,,
Hpgd,plex_1,1.14,1.02,1.47,1.53,0.88,1.42,1.05,1.25,0.87,,,,,,,,,
Vps13c,plex_1,1.05,0.93,1.34,1.58,0.95,1.05,1.13,1.0,0.87,,,,,,,,,
Kras,plex_1,0.98,0.8,1.48,1.21,0.84,0.89,1.44,1.26,0.73,,,,,,,,,
Kras,plex_1,0.98,0.8,1.48,1.21,0.84,0.89,1.44,1.26,0.73,,,,,,,,,
Kras,plex_1,0.98,0.8,1.48,1.21,0.84,0.89,1.44,1.26,0.73,,,,,,,,,
Pdlim1,plex_1,0.83,0.81,0.74,1.12,0.81,1.09,1.04,0.99,0.73,,,,,,,,,
Coq3,plex_1,0.87,0.98,1.11,1.36,1.01,0.85,1.15,0.98,1.07,,,,,,,,,
Coq3,plex_1,0.87,0.98,1.11,1.36,1.01,0.85,1.15,0.98,1.07,,,,,,,,,
Calu,plex_1,0.99,0.99,0.85,1.22,0.77,0.96,0.94,0.81,0.67,,,,,,,,,
Nudt2,plex_1,0.93,0.88,1.05,1.26,0.97,1.25,1.15,0.99,1.0,,,,,,,,,
Sugct,plex_1,0.9,1.1,1.14,1.46,0.79,0.54,1.25,0.91,0.6,,,,,,,,,
Serpina1c,plex_1,1.93,1.19,1.23,1.16,1.07,0.82,0.73,0.87,0.59,,,,,,,,,
Pdhx,plex_1,1.08,1.03,1.25,1.28,0.82,1.03,1.28,1.25,0.84,,,,,,,,,
U2af2,plex_1,0.97,0.97,1.03,1.39,0.9,1.1,0.98,1.02,0.86,,,,,,,,,
Tjp1,plex_1,0.82,0.92,1.1,1.27,0.93,0.97,1.0,0.99,0.74,,,,,,,,,
Tfam,plex_1,0.9,0.91,1.03,1.19,0.8,0.9,1.16,1.07,0.79,,,,,,,,,
Tfam,plex_1,0.9,0.91,1.03,1.19,0.8,0.9,1.16,1.07,0.79,,,,,,,,,
Tfam,plex_1,0.9,0.91,1.03,1.19,0.8,0.9,1.16,1.07,0.79,,,,,,,,,
Tfam,plex_1,0.9,0.91,1.03,1.19,0.8,0.9,1.16,1.07,0.79,,,,,,,,,
Trim28,plex_1,0.89,0.96,0.95,1.18,0.87,0.96,0.96,0.85,0.86,,,,,,,,,
Lamp2,plex_1,1.07,1.08,1.24,1.47,0.85,1.01,1.23,1.06,0.75,,,,,,,,,
Lamp2,plex_1,1.07,1.08,1.24,1.47,0.85,1.01,1.23,1.06,0.75,,,,,,,,,
Lamp2,plex_1,1.07,1.08,1.24,1.47,0.85,1.01,1.23,1.06,0.75,,,,,,,,,
Clint1,plex_1,1.17,0.9,1.15,1.39,0.98,0.92,1.13,1.11,0.78,,,,,,,,,
Clint1,plex_1,1.17,0.9,1.15,1.39,0.98,0.92,1.13,1.11,0.78,,,,,,,,,
Cotl1,plex_1,0.88,0.81,1.02,1.23,0.92,0.84,0.93,0.87,0.82,,,,,,,,,
Uqcrh,plex_1,0.98,1.0,1.08,1.22,0.93,1.0,1.22,1.23,0.79,,,,,,,,,
Ndufb5,plex_1,0.84,0.93,1.09,1.35,0.83,0.92,1.09,1.04,0.73,,,,,,,,,
Ndufb5,plex_1,0.84,0.93,1.09,1.35,0.83,0.92,1.09,1.04,0.73,,,,,,,,,
Ndufb6,plex_1,0.68,0.96,1.04,1.39,0.78,1.04,1.21,1.15,0.77,,,,,,,,,
Tnpo1,plex_1,0.98,0.95,1.11,1.7,0.81,0.99,1.03,1.25,0.81,,,,,,,,,
Tnpo1,plex_1,0.98,0.95,1.11,1.7,0.81,0.99,1.03,1.25,0.81,,,,,,,,,
Tnpo1,plex_1,0.98,0.95,1.11,1.7,0.81,0.99,1.03,1.25,0.81,,,,,,,,,
Chchd3,plex_1,0.84,0.96,0.96,1.24,0.69,0.9,1.04,1.07,0.68,,,,,,,,,
Fkbp3,plex_1,0.95,1.38,1.18,1.37,0.8,0.88,1.15,0.91,0.98,,,,,,,,,
Ctsh,plex_1,1.08,1.0,1.24,1.42,0.79,1.09,0.98,1.01,0.88,,,,,,,,,
Cycs,plex_1,0.38,0.66,0.92,1.01,0.6,0.78,1.28,0.88,0.79,,,,,,,,,
Ppcs,plex_1,0.74,0.86,1.14,1.35,0.79,1.1,1.14,1.0,0.8,,,,,,,,,
Rac1,plex_1,0.84,0.9,0.93,1.16,0.81,0.78,0.96,1.0,0.71,,,,,,,,,
Rac1,plex_1,0.84,0.9,0.93,1.16,0.81,0.78,0.96,1.0,0.71,,,,,,,,,
Rac1,plex_1,0.84,0.9,0.93,1.16,0.81,0.78,0.96,1.0,0.71,,,,,,,,,
Rac1,plex_1,0.84,0.9,0.93,1.16,0.81,0.78,0.96,1.0,0.71,,,,,,,,,
Eif5,plex_1,0.73,0.83,0.87,1.36,0.68,0.87,1.0,0.92,0.6,,,,,,,,,
Eea1,plex_1,1.37,0.9,1.07,1.68,0.9,0.96,1.32,0.97,1.17,,,,,,,,,
Huwe1,plex_1,1.01,1.03,1.18,1.21,0.81,0.88,1.06,0.84,0.83,,,,,,,,,
Huwe1,plex_1,1.01,1.03,1.18,1.21,0.81,0.88,1.06,0.84,0.83,,,,,,,,,
Dhrs7,plex_1,0.72,0.71,0.77,1.03,0.63,0.85,1.02,0.84,0.65,,,,,,,,,
Bsg,plex_1,0.94,0.99,0.99,1.36,0.78,0.92,1.07,0.93,0.71,,,,,,,,,
Eif3g,plex_1,1.03,1.02,1.16,1.22,0.81,0.95,1.14,1.07,0.87,,,,,,,,,
Acp1,plex_1,1.02,1.11,1.03,1.32,0.72,0.97,1.08,0.81,0.99,,,,,,,,,
Sri,plex_1,0.82,0.82,1.01,1.42,0.87,0.94,1.08,0.94,0.76,,,,,,,,,
Sri,plex_1,0.82,0.82,1.01,1.42,0.87,0.94,1.08,0.94,0.76,,,,,,,,,
Lhpp,plex_1,0.86,1.02,0.83,1.4,0.75,0.93,1.13,0.95,0.84,,,,,,,,,
Efhd2,plex_1,0.79,0.96,1.11,1.31,0.85,0.92,1.21,1.03,0.88,,,,,,,,,
Efhd2,plex_1,0.79,0.96,1.11,1.31,0.85,0.92,1.21,1.03,0.88,,,,,,,,,
Picalm,plex_1,1.06,1.1,1.32,1.37,0.86,0.87,1.07,1.13,0.87,,,,,,,,,
Picalm,plex_1,1.06,1.1,1.32,1.37,0.86,0.87,1.07,1.13,0.87,,,,,,,,,
Picalm,plex_1,1.06,1.1,1.32,1.37,0.86,0.87,1.07,1.13,0.87,,,,,,,,,
Picalm,plex_1,1.06,1.1,1.32,1.37,0.86,0.87,1.07,1.13,0.87,,,,,,,,,
Ehd1,plex_1,1.01,0.89,1.15,1.33,1.04,0.82,1.04,1.06,0.73,,,,,,,,,
Ehd1,plex_1,1.01,0.89,1.15,1.33,1.04,0.82,1.04,1.06,0.73,,,,,,,,,
Ehd1,plex_1,1.01,0.89,1.15,1.33,1.04,0.82,1.04,1.06,0.73,,,,,,,,,
Ehd1,plex_1,1.01,0.89,1.15,1.33,1.04,0.82,1.04,1.06,0.73,,,,,,,,,
Fdx1,plex_1,0.91,1.16,1.21,1.31,0.74,0.72,1.06,0.96,0.98,,,,,,,,,
Fdx1,plex_1,0.91,1.16,1.21,1.31,0.74,0.72,1.06,0.96,0.98,,,,,,,,,
Gsdmdc1,plex_1,0.83,0.9,1.11,1.36,0.66,0.87,0.8,0.74,0.75,,,,,,,,,
Itpa,plex_1,0.95,1.05,1.2,1.54,0.9,0.89,1.02,1.08,0.81,,,,,,,,,
Mtpn,plex_1,0.74,0.82,0.88,1.0,0.65,0.91,1.05,0.98,0.82,,,,,,,,,
Parp9,plex_1,0.84,0.89,1.0,1.51,0.85,0.95,1.09,1.0,0.72,,,,,,,,,
Parp9,plex_1,0.84,0.89,1.0,1.51,0.85,0.95,1.09,1.0,0.72,,,,,,,,,
Mrps9,plex_1,0.78,0.97,1.05,1.19,1.04,0.99,1.12,1.05,0.84,,,,,,,,,
Impdh2,plex_1,0.82,0.83,0.8,1.31,0.84,0.88,1.03,1.01,0.76,,,,,,,,,
Auh,plex_1,0.82,0.96,1.01,1.36,0.77,0.93,1.21,1.19,0.81,,,,,,,,,
Tln2,plex_1,0.9,0.95,0.9,1.36,0.84,0.96,1.08,1.03,0.97,,,,,,,,,
Rab2a,plex_1,0.96,1.03,1.07,1.41,0.76,0.92,1.07,0.91,0.75,,,,,,,,,
Ndufs5,plex_1,0.82,1.05,1.09,1.31,0.87,0.99,1.21,1.22,0.72,,,,,,,,,
Rps16,plex_1,1.2,0.99,1.28,1.68,1.06,1.11,1.45,1.36,0.9,,,,,,,,,
Rps16,plex_1,1.2,0.99,1.28,1.68,1.06,1.11,1.45,1.36,0.9,,,,,,,,,
Rps16,plex_1,1.2,0.99,1.28,1.68,1.06,1.11,1.45,1.36,0.9,,,,,,,,,
Gimap4,plex_1,0.83,0.85,1.07,1.36,0.94,0.87,1.06,1.02,0.76,,,,,,,,,
Rpl19,plex_1,0.69,1.01,1.21,1.35,0.89,0.93,1.18,1.05,0.86,,,,,,,,,
Rpl19,plex_1,0.69,1.01,1.21,1.35,0.89,0.93,1.18,1.05,0.86,,,,,,,,,
Ube2k,plex_1,0.92,0.9,1.08,1.48,0.79,1.05,1.11,0.96,0.9,,,,,,,,,
Ube2k,plex_1,0.92,0.9,1.08,1.48,0.79,1.05,1.11,0.96,0.9,,,,,,,,,
Ndufa13,plex_1,0.84,0.89,0.99,1.24,0.77,0.91,1.11,1.18,0.8,,,,,,,,,
Acnat2,plex_1,0.96,0.95,0.86,1.61,0.88,1.03,1.34,1.01,0.77,,,,,,,,,
Ptcd3,plex_1,0.86,0.8,0.91,1.33,0.7,0.8,1.39,0.93,0.63,,,,,,,,,
,plex_1,0.53,0.7,0.66,0.66,0.37,0.48,0.53,0.48,1.16,,,,,,,,,
Ap3m1,plex_1,1.19,0.93,1.37,1.55,0.68,0.97,1.13,0.9,0.78,,,,,,,,,
Ubr4,plex_1,0.89,1.09,1.16,1.52,0.75,0.88,1.1,1.11,0.91,,,,,,,,,
Ubr4,plex_1,0.89,1.09,1.16,1.52,0.75,0.88,1.1,1.11,0.91,,,,,,,,,
Pacsin3,plex_1,0.88,0.78,0.91,1.38,0.86,0.82,0.93,0.98,0.74,,,,,,,,,
Ptges3,plex_1,0.92,1.07,1.11,1.45,0.88,0.94,1.0,1.07,0.78,,,,,,,,,
Clpp,plex_1,0.98,1.04,0.99,1.27,0.86,0.95,1.03,1.04,0.8,,,,,,,,,
Clpp,plex_1,0.98,1.04,0.99,1.27,0.86,0.95,1.03,1.04,0.8,,,,,,,,,
Cryl1,plex_1,0.73,0.69,0.92,1.12,0.75,0.83,1.0,1.16,0.6,,,,,,,,,
Puf60,plex_1,0.91,0.7,0.86,1.15,0.64,0.94,0.89,0.93,0.76,,,,,,,,,
Puf60,plex_1,0.91,0.7,0.86,1.15,0.64,0.94,0.89,0.93,0.76,,,,,,,,,
Puf60,plex_1,0.91,0.7,0.86,1.15,0.64,0.94,0.89,0.93,0.76,,,,,,,,,
Eif4e,plex_1,0.89,1.1,1.07,1.26,0.74,0.86,0.96,0.86,0.71,,,,,,,,,
Dcaf11,plex_1,1.01,1.0,0.92,1.4,0.88,0.97,0.98,0.95,0.86,,,,,,,,,
Dcaf11,plex_1,1.01,1.0,0.92,1.4,0.88,0.97,0.98,0.95,0.86,,,,,,,,,
Dcaf11,plex_1,1.01,1.0,0.92,1.4,0.88,0.97,0.98,0.95,0.86,,,,,,,,,
Ido2,plex_1,0.88,0.88,1.11,1.47,0.71,0.86,1.02,0.96,0.88,,,,,,,,,
Phyh,plex_1,0.82,1.18,1.01,1.54,0.84,0.82,1.12,0.88,0.88,,,,,,,,,
Phyh,plex_1,0.82,1.18,1.01,1.54,0.84,0.82,1.12,0.88,0.88,,,,,,,,,
Safb,plex_1,0.9,0.91,0.98,1.28,0.77,0.93,1.11,1.14,0.84,,,,,,,,,
Safb,plex_1,0.9,0.91,0.98,1.28,0.77,0.93,1.11,1.14,0.84,,,,,,,,,
Actg1,plex_1,,,,,,,,,,,,,,,,,,
Ndufa6,plex_1,0.93,0.97,1.0,1.34,0.82,0.96,1.11,1.18,0.8,,,,,,,,,
Ttr,plex_1,1.4,0.97,1.05,1.09,0.81,1.04,0.86,0.86,0.94,,,,,,,,,
Vps26a,plex_1,0.93,0.89,1.07,1.36,0.81,0.94,1.11,0.94,0.76,,,,,,,,,
Alcam,plex_1,1.28,1.0,1.01,1.39,0.83,0.86,0.83,0.83,0.79,,,,,,,,,
Fis1,plex_1,0.96,1.09,1.13,1.35,0.77,0.78,1.12,0.87,0.86,,,,,,,,,
Dnaja2,plex_1,0.98,1.0,1.11,1.43,0.79,0.94,1.23,0.96,0.88,,,,,,,,,
Numa1,plex_1,1.05,0.92,1.03,1.28,0.91,0.88,1.09,0.91,0.87,,,,,,,,,
Slc2a2,plex_1,0.84,1.07,1.13,1.14,0.66,0.75,1.28,1.26,0.79,,,,,,,,,
Arpc3,plex_1,0.9,0.96,1.17,1.39,0.83,0.92,1.06,0.88,0.9,,,,,,,,,
Htatip2,plex_1,1.81,0.86,1.5,2.34,1.09,1.06,1.04,1.01,0.71,,,,,,,,,
Htatip2,plex_1,1.81,0.86,1.5,2.34,1.09,1.06,1.04,1.01,0.71,,,,,,,,,
,plex_1,0.84,0.6,0.9,1.18,0.75,0.83,1.04,0.97,0.79,,,,,,,,,
Atp6v1b2,plex_1,0.86,0.99,1.04,1.24,0.78,0.75,1.07,0.85,0.77,,,,,,,,,
Cyp4f14,plex_1,0.77,1.06,1.16,1.73,0.8,0.98,1.16,1.21,0.68,,,,,,,,,
Cpsf6,plex_1,0.86,1.1,0.94,1.4,1.08,1.02,1.24,0.7,0.8,,,,,,,,,
Cpsf6,plex_1,0.86,1.1,0.94,1.4,1.08,1.02,1.24,0.7,0.8,,,,,,,,,
Clpb,plex_1,0.85,0.88,1.03,1.27,0.67,0.88,1.15,1.03,0.88,,,,,,,,,
Pex19,plex_1,0.83,0.99,1.38,1.45,0.82,1.02,0.96,1.12,0.75,,,,,,,,,
Pex19,plex_1,0.83,0.99,1.38,1.45,0.82,1.02,0.96,1.12,0.75,,,,,,,,,
Gm20441,plex_1,0.72,0.89,0.85,1.2,0.8,0.92,0.88,0.9,0.84,,,,,,,,,
Eif4a3,plex_1,1.06,1.09,1.09,1.43,1.06,0.93,1.11,0.96,0.99,,,,,,,,,
,plex_1,0.91,0.71,0.88,1.21,0.66,0.81,1.02,0.81,0.71,,,,,,,,,
Prpsap1,plex_1,0.84,0.76,0.82,1.5,0.79,0.83,1.2,0.93,0.85,,,,,,,,,
Larp1,plex_1,0.84,0.98,0.98,1.17,0.87,0.89,1.01,0.91,0.78,,,,,,,,,
Larp1,plex_1,0.84,0.98,0.98,1.17,0.87,0.89,1.01,0.91,0.78,,,,,,,,,
Usp10,plex_1,1.05,0.86,1.02,1.33,0.74,1.04,1.04,1.13,0.9,,,,,,,,,
Usp10,plex_1,1.05,0.86,1.02,1.33,0.74,1.04,1.04,1.13,0.9,,,,,,,,,
Flot1,plex_1,0.95,0.91,0.84,1.24,0.9,0.87,0.96,0.74,0.65,,,,,,,,,
Skp1a,plex_1,0.82,0.96,1.05,1.22,0.84,0.89,1.08,0.81,0.83,,,,,,,,,
Rpl30,plex_1,0.75,1.07,1.03,1.22,0.69,0.77,1.07,0.95,0.89,,,,,,,,,
Rpl30,plex_1,0.75,1.07,1.03,1.22,0.69,0.77,1.07,0.95,0.89,,,,,,,,,
Rps23,plex_1,0.81,1.16,1.05,1.22,0.78,1.0,1.12,1.09,1.09,,,,,,,,,
Rps23,plex_1,0.81,1.16,1.05,1.22,0.78,1.0,1.12,1.09,1.09,,,,,,,,,
Rps23,plex_1,0.81,1.16,1.05,1.22,0.78,1.0,1.12,1.09,1.09,,,,,,,,,
Mrpl12,plex_1,0.77,0.82,0.98,1.55,0.69,0.87,1.24,0.94,0.93,,,,,,,,,
Cox6c,plex_1,0.79,0.79,1.03,1.1,0.72,0.92,1.19,1.19,0.83,,,,,,,,,
Timm50,plex_1,0.9,1.13,1.19,1.56,0.77,0.89,1.14,1.07,0.86,,,,,,,,,
Slirp,plex_1,0.91,1.04,1.0,1.22,0.73,1.01,1.11,1.13,0.82,,,,,,,,,
Pafah2,plex_1,0.9,0.8,1.2,1.57,0.76,1.11,1.06,1.11,0.95,,,,,,,,,
Nap1l1,plex_1,0.95,0.98,0.94,1.24,0.95,0.98,1.18,0.92,0.8,,,,,,,,,
Grb2,plex_1,1.01,1.08,1.07,1.48,0.88,1.04,1.0,0.77,0.94,,,,,,,,,
Grb2,plex_1,1.01,1.08,1.07,1.48,0.88,1.04,1.0,0.77,0.94,,,,,,,,,
Rpl26,plex_1,0.89,1.28,1.21,1.25,0.67,0.89,1.16,1.05,0.87,,,,,,,,,
Gfm1,plex_1,0.84,1.09,0.96,1.45,0.63,1.05,1.03,0.96,0.81,,,,,,,,,
Gpx4,plex_1,0.92,1.23,1.25,1.49,0.92,0.98,1.42,1.24,1.02,,,,,,,,,
Col1a2,plex_1,1.85,0.89,1.05,1.5,1.04,0.85,1.08,1.02,0.71,,,,,,,,,
Col1a2,plex_1,1.85,0.89,1.05,1.5,1.04,0.85,1.08,1.02,0.71,,,,,,,,,
Col1a2,plex_1,1.85,0.89,1.05,1.5,1.04,0.85,1.08,1.02,0.71,,,,,,,,,
Utrn,plex_1,1.03,0.93,1.14,1.26,0.75,0.87,1.06,0.99,0.69,,,,,,,,,
Utrn,plex_1,1.03,0.93,1.14,1.26,0.75,0.87,1.06,0.99,0.69,,,,,,,,,
Vps25,plex_1,1.02,0.99,1.11,1.56,0.94,1.08,1.23,1.1,0.79,,,,,,,,,
Hbat1,plex_1,1.59,1.16,0.64,0.92,1.22,1.29,0.76,0.83,0.75,,,,,,,,,
Tbcel,plex_1,0.84,1.07,0.96,1.19,0.58,0.99,1.06,1.14,0.85,,,,,,,,,
Tbcel,plex_1,0.84,1.07,0.96,1.19,0.58,0.99,1.06,1.14,0.85,,,,,,,,,
Api5,plex_1,1.02,1.11,1.14,1.43,0.86,1.19,1.34,1.05,0.96,,,,,,,,,
Cdc37,plex_1,0.88,0.95,0.97,1.31,0.95,1.1,1.15,1.0,0.91,,,,,,,,,
Tpp1,plex_1,1.03,1.12,1.17,1.34,0.87,0.61,1.01,0.91,0.69,,,,,,,,,
Tpp1,plex_1,1.03,1.12,1.17,1.34,0.87,0.61,1.01,0.91,0.69,,,,,,,,,
Tpp1,plex_1,1.03,1.12,1.17,1.34,0.87,0.61,1.01,0.91,0.69,,,,,,,,,
Tpp1,plex_1,1.03,1.12,1.17,1.34,0.87,0.61,1.01,0.91,0.69,,,,,,,,,
Sec61b,plex_1,0.86,1.1,1.01,1.41,0.66,0.94,1.05,1.13,0.69,,,,,,,,,
Gps1,plex_1,1.23,0.86,1.09,1.41,0.67,1.19,1.26,1.2,0.87,,,,,,,,,
Gps1,plex_1,1.23,0.86,1.09,1.41,0.67,1.19,1.26,1.2,0.87,,,,,,,,,
Map2k2,plex_1,1.09,1.18,1.12,1.67,1.01,1.22,1.32,1.24,0.86,,,,,,,,,
Bola1,plex_1,0.84,0.73,0.91,1.1,0.79,0.85,1.02,1.01,0.72,,,,,,,,,
Keg1,plex_1,0.94,1.31,1.19,1.33,0.96,0.94,1.14,1.01,0.71,,,,,,,,,
Mpi,plex_1,0.8,0.87,1.22,1.6,0.64,1.07,1.12,0.96,0.68,,,,,,,,,
Sec63,plex_1,1.02,0.92,1.11,1.53,0.82,1.0,1.13,0.87,0.84,,,,,,,,,
Myh10,plex_1,1.23,0.85,0.84,1.06,0.91,0.87,0.85,1.1,0.68,,,,,,,,,
Mat2a,plex_1,0.77,0.96,1.07,1.24,0.71,1.0,1.1,1.03,0.99,,,,,,,,,
Hao2,plex_1,0.68,0.64,0.63,0.83,0.53,0.91,0.82,0.81,0.8,,,,,,,,,
Rpl34,plex_1,0.62,1.6,1.24,1.41,0.7,0.95,1.12,1.17,0.87,,,,,,,,,
Trim25,plex_1,0.86,0.92,0.92,1.23,0.79,0.84,1.02,0.91,0.77,,,,,,,,,
Nat2,plex_1,1.26,0.96,1.11,1.3,0.7,1.04,1.02,0.77,0.74,,,,,,,,,
Tsta3,plex_1,0.98,1.05,1.03,1.75,1.14,1.14,1.1,0.8,1.51,,,,,,,,,
Cds2,plex_1,0.99,0.85,0.89,1.24,0.86,0.86,0.95,0.89,0.82,,,,,,,,,
Hsd3b7,plex_1,1.14,1.2,1.47,2.23,0.87,1.1,1.2,1.18,0.87,,,,,,,,,
Hsd3b7,plex_1,1.14,1.2,1.47,2.23,0.87,1.1,1.2,1.18,0.87,,,,,,,,,
Ndufs8,plex_1,0.79,0.93,1.17,1.42,0.83,1.01,1.3,1.28,0.88,,,,,,,,,
Ndufs8,plex_1,0.79,0.93,1.17,1.42,0.83,1.01,1.3,1.28,0.88,,,,,,,,,
Actr1a,plex_1,0.91,0.96,1.02,1.25,0.94,0.91,1.0,1.06,0.88,,,,,,,,,
Retsat,plex_1,0.98,0.88,1.43,1.62,0.7,0.97,1.65,1.2,0.88,,,,,,,,,
Hprt,plex_1,0.81,0.9,0.94,1.48,0.86,0.93,1.05,0.8,0.82,,,,,,,,,
Hprt1,plex_1,0.81,0.9,0.94,1.48,0.86,0.93,1.05,0.8,0.82,,,,,,,,,
Sf1,plex_1,1.24,1.24,1.16,1.41,1.01,0.8,1.15,1.02,0.81,,,,,,,,,
Add1,plex_1,1.19,0.91,1.25,1.85,1.12,1.07,1.1,1.2,0.86,,,,,,,,,
Rpl18a,plex_1,0.79,1.13,1.13,1.22,0.67,0.89,1.16,0.95,0.81,,,,,,,,,
Coro7,plex_1,1.05,1.09,1.23,1.64,0.89,1.21,1.43,1.04,1.08,,,,,,,,,
Msn,plex_1,1.08,0.96,0.98,1.32,0.93,0.95,0.92,0.82,0.69,,,,,,,,,
Rpl38,plex_1,1.09,1.13,1.23,1.41,1.02,1.02,1.24,1.24,0.94,,,,,,,,,
Tfr2,plex_1,1.13,1.48,1.62,1.8,1.23,1.44,1.48,1.68,0.86,,,,,,,,,
Crk,plex_1,0.97,0.89,1.14,1.42,0.73,1.08,1.17,0.93,1.27,,,,,,,,,
Eppk1,plex_1,1.05,1.19,0.92,1.41,0.94,0.97,0.9,1.09,0.75,,,,,,,,,
Rpl24,plex_1,1.11,1.03,1.13,1.21,0.95,0.99,1.16,1.44,0.85,,,,,,,,,
Rpl24,plex_1,1.11,1.03,1.13,1.21,0.95,0.99,1.16,1.44,0.85,,,,,,,,,
Rdh11,plex_1,0.98,0.86,0.85,1.19,0.64,1.13,1.25,1.18,0.86,,,,,,,,,
Rdh11,plex_1,0.98,0.86,0.85,1.19,0.64,1.13,1.25,1.18,0.86,,,,,,,,,
Bclaf1,plex_1,0.8,0.93,0.9,1.19,0.77,0.92,1.14,1.07,0.92,,,,,,,,,
Bclaf1,plex_1,0.8,0.93,0.9,1.19,0.77,0.92,1.14,1.07,0.92,,,,,,,,,
Rbbp4,plex_1,1.11,1.13,1.05,1.61,0.87,0.9,1.32,1.03,0.92,,,,,,,,,
Arpc5,plex_1,0.87,0.86,1.07,1.19,0.83,0.96,0.99,0.99,0.76,,,,,,,,,
Arpc5,plex_1,0.87,0.86,1.07,1.19,0.83,0.96,0.99,0.99,0.76,,,,,,,,,
Sf3a2,plex_1,0.96,1.2,1.16,1.28,0.72,0.85,1.05,0.97,0.86,,,,,,,,,
Sarnp,plex_1,1.18,0.87,1.31,1.46,1.28,0.93,1.79,0.86,0.8,,,,,,,,,
Pabpn1,plex_1,0.87,0.92,0.96,1.18,0.69,0.83,0.89,1.07,0.76,,,,,,,,,
Pabpn1,plex_1,0.87,0.92,0.96,1.18,0.69,0.83,0.89,1.07,0.76,,,,,,,,,
Hist1h3i,plex_1,2.35,0.99,1.6,1.93,0.99,1.15,1.71,1.27,0.63,,,,,,,,,
Hist1h3a,plex_1,2.35,0.99,1.6,1.93,0.99,1.15,1.71,1.27,0.63,,,,,,,,,
H2-K1,plex_1,0.77,0.65,0.82,1.11,0.98,1.04,0.98,0.92,0.78,,,,,,,,,
H2-K,plex_1,0.77,0.65,0.82,1.11,0.98,1.04,0.98,0.92,0.78,,,,,,,,,
H2-K1,plex_1,0.77,0.65,0.82,1.11,0.98,1.04,0.98,0.92,0.78,,,,,,,,,
mCG_129835,plex_1,0.77,0.65,0.82,1.11,0.98,1.04,0.98,0.92,0.78,,,,,,,,,
Tmed4,plex_1,0.77,0.81,0.96,1.11,0.74,0.91,1.01,0.85,0.82,,,,,,,,,
Cyp2d9,plex_1,0.73,1.13,1.42,1.03,0.93,0.44,1.05,0.9,0.7,,,,,,,,,
Cyp2d9,plex_1,0.73,1.13,1.42,1.03,0.93,0.44,1.05,0.9,0.7,,,,,,,,,
Ggcx,plex_1,1.07,0.91,1.0,1.21,0.86,0.73,0.86,0.78,0.95,,,,,,,,,
Ggcx,plex_1,1.07,0.91,1.0,1.21,0.86,0.73,0.86,0.78,0.95,,,,,,,,,
Vmp1,plex_1,0.71,0.71,1.16,0.86,0.58,0.85,1.2,0.81,0.67,,,,,,,,,
Ube2v1,plex_1,0.84,1.02,0.89,1.26,0.61,0.87,1.02,0.84,0.73,,,,,,,,,
Gm20431,plex_1,0.84,1.02,0.89,1.26,0.61,0.87,1.02,0.84,0.73,,,,,,,,,
Ube2v1,plex_1,0.84,1.02,0.89,1.26,0.61,0.87,1.02,0.84,0.73,,,,,,,,,
Hnrnpa0,plex_1,1.23,1.07,1.21,1.4,1.09,1.11,1.15,0.97,0.95,,,,,,,,,
Rpl31,plex_1,0.88,1.1,1.15,1.23,0.72,0.92,1.14,1.09,0.86,,,,,,,,,
Rpl31,plex_1,0.88,1.1,1.15,1.23,0.72,0.92,1.14,1.09,0.86,,,,,,,,,
Tgm1,plex_1,0.86,1.2,1.0,1.25,0.65,0.89,1.13,0.75,0.78,,,,,,,,,
Tgm1,plex_1,0.86,1.2,1.0,1.25,0.65,0.89,1.13,0.75,0.78,,,,,,,,,
Dctn2,plex_1,1.05,1.0,1.01,1.3,0.91,0.94,0.99,0.89,0.78,,,,,,,,,
Cars,plex_1,0.94,0.93,0.93,1.3,0.82,0.96,1.01,0.98,0.83,,,,,,,,,
Cars,plex_1,0.94,0.93,0.93,1.3,0.82,0.96,1.01,0.98,0.83,,,,,,,,,
Hint2,plex_1,0.83,1.04,0.97,1.12,0.73,0.76,0.99,0.94,0.57,,,,,,,,,
Pcyt1a,plex_1,1.26,0.9,1.37,1.15,0.88,1.43,1.6,1.85,1.34,,,,,,,,,
Sec24d,plex_1,1.12,0.87,1.12,1.31,0.67,0.81,0.98,0.89,0.55,,,,,,,,,
Ckb,plex_1,1.08,1.01,1.06,1.17,0.89,0.91,0.88,0.93,0.65,,,,,,,,,
Gm10260,plex_1,0.85,0.77,1.1,1.41,0.82,1.09,1.61,1.15,0.81,,,,,,,,,
Ywhaq,plex_1,0.83,0.92,1.07,1.48,0.79,1.01,0.97,0.93,0.82,,,,,,,,,
Psmb10,plex_1,1.02,0.96,1.32,1.18,1.19,1.39,0.94,0.97,0.77,,,,,,,,,
Psmb10,plex_1,1.02,0.96,1.32,1.18,1.19,1.39,0.94,0.97,0.77,,,,,,,,,
Psmb10,plex_1,1.02,0.96,1.32,1.18,1.19,1.39,0.94,0.97,0.77,,,,,,,,,
Txndc12,plex_1,0.9,0.78,1.01,1.17,0.71,0.78,0.89,0.85,0.77,,,,,,,,,
Cfl2,plex_1,0.75,0.81,1.11,1.35,0.8,0.83,0.94,0.81,0.79,,,,,,,,,
Poldip2,plex_1,0.77,1.02,1.08,1.08,0.86,0.75,1.09,1.01,0.8,,,,,,,,,
Poldip2,plex_1,0.77,1.02,1.08,1.08,0.86,0.75,1.09,1.01,0.8,,,,,,,,,
Rbm39,plex_1,0.74,1.06,1.35,1.29,0.99,1.05,1.1,0.9,0.61,,,,,,,,,
Tceb2,plex_1,0.95,0.96,1.03,1.23,1.03,0.92,1.19,0.85,0.77,,,,,,,,,
Aspscr1,plex_1,1.37,1.47,2.07,1.31,1.93,1.68,1.42,1.66,2.94,,,,,,,,,
Ca5a,plex_1,0.87,0.94,1.11,1.56,0.86,1.09,1.33,1.18,0.85,,,,,,,,,
Slc29a1,plex_1,0.95,0.95,0.9,1.32,0.86,1.03,0.91,0.94,0.84,,,,,,,,,
Ndufa4,plex_1,1.02,1.14,1.31,1.31,0.7,0.89,1.45,1.2,0.79,,,,,,,,,
,plex_1,0.95,0.86,0.97,1.19,0.83,0.95,1.09,0.9,0.75,,,,,,,,,
Csnk2a1,plex_1,0.95,0.86,0.97,1.19,0.83,0.95,1.09,0.9,0.75,,,,,,,,,
Ccdc58,plex_1,0.83,1.1,1.01,1.06,0.68,0.74,0.95,0.95,0.79,,,,,,,,,
Pacsin2,plex_1,0.89,0.93,0.93,1.32,0.82,1.01,1.08,1.03,0.79,,,,,,,,,
Tmed7,plex_1,0.96,1.01,1.05,1.42,1.02,0.98,1.13,0.85,0.81,,,,,,,,,
Mtfr1l,plex_1,0.75,0.83,0.89,1.4,0.69,0.83,1.03,1.03,0.64,,,,,,,,,
Acp6,plex_1,0.74,1.01,0.86,1.0,0.76,0.84,0.94,0.82,0.71,,,,,,,,,
Top1,plex_1,0.94,0.97,1.05,1.19,0.73,0.78,0.97,0.81,0.67,,,,,,,,,
Capns1,plex_1,1.02,0.69,0.94,1.06,0.91,0.81,0.83,0.82,0.65,,,,,,,,,
Nt5c,plex_1,0.86,0.93,1.11,1.25,0.8,1.06,0.88,0.83,0.83,,,,,,,,,
Snx6,plex_1,0.82,0.89,1.19,1.31,0.79,0.95,1.15,1.03,0.68,,,,,,,,,
Flad1,plex_1,0.74,1.02,1.01,1.52,0.81,0.74,1.8,1.0,1.0,,,,,,,,,
Flad1,plex_1,0.74,1.02,1.01,1.52,0.81,0.74,1.8,1.0,1.0,,,,,,,,,
H3f3a,plex_1,0.87,0.68,0.82,1.61,0.84,1.0,1.1,1.31,0.99,,,,,,,,,
H3f3c,plex_1,0.87,0.68,0.82,1.61,0.84,1.0,1.1,1.31,0.99,,,,,,,,,
Acacb,plex_1,0.74,0.79,0.89,1.11,0.54,0.93,1.0,1.02,0.88,,,,,,,,,
Pik3ap1,plex_1,0.68,0.87,0.86,1.3,0.77,0.91,0.91,0.77,0.72,,,,,,,,,
Ndufa5,plex_1,0.91,0.94,1.08,1.36,0.85,0.98,1.24,1.27,0.89,,,,,,,,,
Slain2,plex_1,,,1.03,1.16,,,1.3,1.13,0.77,,,,,,,,,
Ssr4,plex_1,0.95,1.02,1.11,1.28,0.86,0.92,1.1,0.96,0.78,,,,,,,,,
Ssr4,plex_1,0.95,1.02,1.11,1.28,0.86,0.92,1.1,0.96,0.78,,,,,,,,,
B2m,plex_1,0.9,0.85,0.99,1.57,0.99,1.11,1.32,1.15,0.71,,,,,,,,,
Gch1,plex_1,0.43,,0.47,1.01,0.39,1.31,0.99,0.45,0.31,,,,,,,,,
Gch1,plex_1,0.43,,0.47,1.01,0.39,1.31,0.99,0.45,0.31,,,,,,,,,
Dnajc11,plex_1,0.93,0.88,1.09,1.28,0.87,1.02,1.11,1.16,0.89,,,,,,,,,
Ndufs7,plex_1,0.85,0.97,0.88,1.28,0.72,0.8,1.14,1.12,0.74,,,,,,,,,
Glrx,plex_1,0.81,1.08,1.04,1.37,0.66,0.79,1.0,0.92,0.78,,,,,,,,,
Chtop,plex_1,0.97,0.91,1.19,1.13,0.93,1.09,1.11,1.05,0.86,,,,,,,,,
Chtop,plex_1,0.97,0.91,1.19,1.13,0.93,1.09,1.11,1.05,0.86,,,,,,,,,
Cdk5rap3,plex_1,0.82,0.91,1.13,1.28,0.76,0.78,0.95,0.9,0.85,,,,,,,,,
Cdk5rap3,plex_1,0.82,0.91,1.13,1.28,0.76,0.78,0.95,0.9,0.85,,,,,,,,,
Cdk5rap3,plex_1,0.82,0.91,1.13,1.28,0.76,0.78,0.95,0.9,0.85,,,,,,,,,
Cdk5rap3,plex_1,0.82,0.91,1.13,1.28,0.76,0.78,0.95,0.9,0.85,,,,,,,,,
Epn1,plex_1,0.8,0.86,1.0,1.16,0.68,0.88,0.91,1.0,0.71,,,,,,,,,
Epn1,plex_1,0.8,0.86,1.0,1.16,0.68,0.88,0.91,1.0,0.71,,,,,,,,,
Mrpl39,plex_1,0.73,0.86,1.01,1.12,0.68,0.89,1.05,0.95,0.58,,,,,,,,,
Mrpl39,plex_1,0.73,0.86,1.01,1.12,0.68,0.89,1.05,0.95,0.58,,,,,,,,,
Sacm1l,plex_1,0.89,1.04,1.26,1.4,0.74,0.91,1.03,0.96,0.8,,,,,,,,,
Tbca,plex_1,1.11,1.48,2.03,1.86,0.87,2.41,1.07,1.77,0.98,,,,,,,,,
Mcee,plex_1,0.86,0.95,1.03,1.24,0.73,0.84,1.04,1.04,0.75,,,,,,,,,
Srrt,plex_1,1.07,0.99,1.24,1.6,1.02,0.93,1.26,1.07,1.05,,,,,,,,,
Srrt,plex_1,1.07,0.99,1.24,1.6,1.02,0.93,1.26,1.07,1.05,,,,,,,,,
Srrt,plex_1,1.07,0.99,1.24,1.6,1.02,0.93,1.26,1.07,1.05,,,,,,,,,
Srrt,plex_1,1.07,0.99,1.24,1.6,1.02,0.93,1.26,1.07,1.05,,,,,,,,,
Slc38a3,plex_1,1.0,1.15,0.85,1.64,0.98,0.88,0.9,0.97,1.0,,,,,,,,,
Slc22a1,plex_1,0.78,0.94,1.0,1.31,0.83,0.9,1.05,0.97,0.68,,,,,,,,,
Tagln,plex_1,1.33,1.13,0.88,0.79,0.86,0.86,0.77,0.75,0.79,,,,,,,,,
Eps8l2,plex_1,0.73,0.88,1.0,1.42,0.73,1.0,1.22,1.0,0.94,,,,,,,,,
Nploc4,plex_1,0.85,0.87,0.92,1.25,0.84,0.92,1.13,0.85,0.79,,,,,,,,,
Nploc4,plex_1,0.85,0.87,0.92,1.25,0.84,0.92,1.13,0.85,0.79,,,,,,,,,
Rps20,plex_1,0.96,0.95,1.05,1.16,0.82,0.89,1.14,0.99,0.73,,,,,,,,,
Coro1a,plex_1,0.81,0.96,1.09,1.56,1.25,0.83,1.02,0.82,0.77,,,,,,,,,
Urad,plex_1,0.83,1.05,1.16,1.57,0.85,0.61,1.14,0.8,0.68,,,,,,,,,
Nfs1,plex_1,0.97,0.94,1.09,1.37,0.85,0.96,1.09,0.96,0.76,,,,,,,,,
Nfs1,plex_1,0.97,0.94,1.09,1.37,0.85,0.96,1.09,0.96,0.76,,,,,,,,,
,plex_1,1.09,1.21,1.25,1.45,1.03,1.08,1.67,1.13,0.69,,,,,,,,,
Anxa1,plex_1,1.05,0.98,0.85,0.99,0.77,0.7,0.87,0.87,0.7,,,,,,,,,
Irgm1,plex_1,0.93,0.75,1.01,1.52,1.01,1.17,0.98,1.29,0.58,,,,,,,,,
Irgm1,plex_1,0.93,0.75,1.01,1.52,1.01,1.17,0.98,1.29,0.58,,,,,,,,,
Ddi2,plex_1,1.11,1.14,0.88,1.26,0.95,1.07,1.27,1.0,1.07,,,,,,,,,
Apoa2,plex_1,1.42,1.52,0.9,1.42,0.83,1.13,0.69,1.02,0.65,,,,,,,,,
Bche,plex_1,0.77,0.81,0.87,1.23,0.89,0.9,1.11,0.85,0.84,,,,,,,,,
Uba5,plex_1,1.15,1.02,1.03,1.5,0.75,0.89,1.4,0.94,0.96,,,,,,,,,
Arl8b,plex_1,1.08,1.09,1.16,1.37,0.8,0.87,1.08,0.96,0.81,,,,,,,,,
Psmd8,plex_1,0.94,1.04,1.22,1.77,1.07,1.15,1.28,1.2,0.87,,,,,,,,,
Psmd8,plex_1,0.94,1.04,1.22,1.77,1.07,1.15,1.28,1.2,0.87,,,,,,,,,
Psmd8,plex_1,0.94,1.04,1.22,1.77,1.07,1.15,1.28,1.2,0.87,,,,,,,,,
Psmd8,plex_1,0.94,1.04,1.22,1.77,1.07,1.15,1.28,1.2,0.87,,,,,,,,,
Psmd8,plex_1,0.94,1.04,1.22,1.77,1.07,1.15,1.28,1.2,0.87,,,,,,,,,
Psmd8,plex_1,0.94,1.04,1.22,1.77,1.07,1.15,1.28,1.2,0.87,,,,,,,,,
Hist1h1d,plex_1,0.97,1.12,1.49,1.34,0.97,0.92,1.2,1.24,0.97,,,,,,,,,
Hist2h2ac,plex_1,1.17,0.66,0.9,1.02,0.69,0.8,1.19,0.94,0.64,,,,,,,,,
Clta,plex_1,0.93,0.86,1.05,1.18,0.71,0.89,1.12,1.13,0.91,,,,,,,,,
Clta,plex_1,0.93,0.86,1.05,1.18,0.71,0.89,1.12,1.13,0.91,,,,,,,,,
Zyx,plex_1,0.89,0.69,0.79,1.14,0.7,0.84,0.94,0.93,0.73,,,,,,,,,
Zyx,plex_1,0.89,0.69,0.79,1.14,0.7,0.84,0.94,0.93,0.73,,,,,,,,,
Zyx,plex_1,0.89,0.69,0.79,1.14,0.7,0.84,0.94,0.93,0.73,,,,,,,,,
Zyx,plex_1,0.89,0.69,0.79,1.14,0.7,0.84,0.94,0.93,0.73,,,,,,,,,
Ewsr1,plex_1,1.01,0.87,1.18,1.62,0.92,1.15,1.66,1.05,0.89,,,,,,,,,
Ewsr1,plex_1,1.01,0.87,1.18,1.62,0.92,1.15,1.66,1.05,0.89,,,,,,,,,
Ewsr1,plex_1,1.01,0.87,1.18,1.62,0.92,1.15,1.66,1.05,0.89,,,,,,,,,
Ewsr1,plex_1,1.01,0.87,1.18,1.62,0.92,1.15,1.66,1.05,0.89,,,,,,,,,
Ewsr1,plex_1,1.01,0.87,1.18,1.62,0.92,1.15,1.66,1.05,0.89,,,,,,,,,
Cyp17a1,plex_1,0.62,0.6,0.77,1.2,0.6,1.21,1.47,1.06,0.85,,,,,,,,,
Cyp17a1,plex_1,0.62,0.6,0.77,1.2,0.6,1.21,1.47,1.06,0.85,,,,,,,,,
Cyp17a1,plex_1,0.62,0.6,0.77,1.2,0.6,1.21,1.47,1.06,0.85,,,,,,,,,
Larp4,plex_1,1.17,0.96,1.19,1.35,0.8,0.97,1.12,1.1,0.89,,,,,,,,,
Eif2a,plex_1,0.87,0.88,1.07,1.28,0.97,0.83,1.27,1.03,0.87,,,,,,,,,
Rps28,plex_1,1.43,1.2,1.21,1.64,0.71,1.12,1.44,1.48,0.86,,,,,,,,,
Dkc1,plex_1,0.82,0.95,0.98,1.11,0.72,0.75,0.97,0.94,0.77,,,,,,,,,
Map2k3,plex_1,0.68,0.79,0.95,1.36,0.73,1.05,0.99,1.04,0.92,,,,,,,,,
Map2k3,plex_1,0.68,0.79,0.95,1.36,0.73,1.05,0.99,1.04,0.92,,,,,,,,,
Map2k3,plex_1,0.68,0.79,0.95,1.36,0.73,1.05,0.99,1.04,0.92,,,,,,,,,
Map2k3,plex_1,0.68,0.79,0.95,1.36,0.73,1.05,0.99,1.04,0.92,,,,,,,,,
Atg3,plex_1,0.74,0.75,0.83,1.25,0.59,0.87,1.07,0.95,0.78,,,,,,,,,
Aarsd1,plex_1,0.89,1.08,1.06,1.34,0.88,0.92,1.09,0.87,0.78,,,,,,,,,
Ufl1,plex_1,0.94,1.0,1.04,1.38,0.84,0.75,0.95,0.96,0.86,,,,,,,,,
Fmo4,plex_1,0.92,0.88,0.96,1.14,0.81,1.16,0.85,1.03,0.66,,,,,,,,,
Set,plex_1,1.12,0.97,1.28,1.21,0.9,1.07,1.02,1.07,0.8,,,,,,,,,
Set,plex_1,1.12,0.97,1.28,1.21,0.9,1.07,1.02,1.07,0.8,,,,,,,,,
BC085271,plex_1,1.12,0.97,1.28,1.21,0.9,1.07,1.02,1.07,0.8,,,,,,,,,
Ecm29,plex_1,1.09,1.14,1.1,1.66,0.82,0.99,1.3,1.05,0.8,,,,,,,,,
Ecm29,plex_1,1.09,1.14,1.1,1.66,0.82,0.99,1.3,1.05,0.8,,,,,,,,,
Twf1,plex_1,0.84,1.07,1.1,1.24,0.72,0.85,0.88,0.89,0.82,,,,,,,,,
Nudt12,plex_1,0.84,1.1,1.0,1.15,0.69,0.74,1.16,0.93,0.81,,,,,,,,,
Nudt12,plex_1,0.84,1.1,1.0,1.15,0.69,0.74,1.16,0.93,0.81,,,,,,,,,
Afmid,plex_1,0.91,0.96,1.02,1.95,1.11,1.18,1.26,1.11,0.9,,,,,,,,,
Prkaca,plex_1,1.04,1.13,1.1,1.34,0.97,0.97,1.21,1.15,0.93,,,,,,,,,
Prkaca,plex_1,1.04,1.13,1.1,1.34,0.97,0.97,1.21,1.15,0.93,,,,,,,,,
Nudt7,plex_1,0.86,1.13,1.39,1.54,0.78,0.97,1.19,1.05,0.82,,,,,,,,,
Nudt7,plex_1,0.86,1.13,1.39,1.54,0.78,0.97,1.19,1.05,0.82,,,,,,,,,
Stat1,plex_1,0.81,1.15,0.89,1.12,1.66,1.7,1.25,0.97,0.83,,,,,,,,,
Cyp4v3,plex_1,0.9,1.28,1.34,1.38,0.98,1.07,1.38,1.26,1.15,,,,,,,,,
Hgs,plex_1,1.07,0.85,1.11,1.3,0.86,1.07,1.11,1.1,0.72,,,,,,,,,
Hgs,plex_1,1.07,0.85,1.11,1.3,0.86,1.07,1.11,1.1,0.72,,,,,,,,,
Ca8,plex_1,1.0,1.25,1.25,1.99,1.11,1.43,1.71,1.02,0.94,,,,,,,,,
Cast,plex_1,0.96,1.0,0.96,1.17,0.87,0.85,0.85,0.83,0.69,,,,,,,,,
Cast,plex_1,0.96,1.0,0.96,1.17,0.87,0.85,0.85,0.83,0.69,,,,,,,,,
Cast,plex_1,0.96,1.0,0.96,1.17,0.87,0.85,0.85,0.83,0.69,,,,,,,,,
Cast,plex_1,0.96,1.0,0.96,1.17,0.87,0.85,0.85,0.83,0.69,,,,,,,,,
Cast,plex_1,0.96,1.0,0.96,1.17,0.87,0.85,0.85,0.83,0.69,,,,,,,,,
Adsl,plex_1,0.9,1.05,1.02,1.88,0.86,1.12,1.14,1.04,0.69,,,,,,,,,
Adsl,plex_1,0.9,1.05,1.02,1.88,0.86,1.12,1.14,1.04,0.69,,,,,,,,,
Adsl,plex_1,0.9,1.05,1.02,1.88,0.86,1.12,1.14,1.04,0.69,,,,,,,,,
Ndufb7,plex_1,0.44,0.85,1.09,1.49,0.82,1.08,1.26,1.5,0.8,,,,,,,,,
Nt5c2,plex_1,0.8,0.85,0.99,1.29,0.82,0.87,1.05,0.88,0.75,,,,,,,,,
Mfn2,plex_1,1.03,0.9,1.03,1.18,0.9,1.02,0.98,0.9,0.95,,,,,,,,,
Mfn2,plex_1,1.03,0.9,1.03,1.18,0.9,1.02,0.98,0.9,0.95,,,,,,,,,
Rab1b,plex_1,1.03,0.98,1.32,1.21,0.93,0.86,1.2,0.98,0.92,,,,,,,,,
Rpl37a,plex_1,0.86,0.92,1.22,1.12,0.69,1.06,1.09,1.2,0.99,,,,,,,,,
Rpl37a,plex_1,0.86,0.92,1.22,1.12,0.69,1.06,1.09,1.2,0.99,,,,,,,,,
Dync1li2,plex_1,0.77,0.74,0.74,1.03,0.74,0.78,0.77,0.84,0.8,,,,,,,,,
Asgr2,plex_1,0.92,1.06,1.1,1.43,0.93,1.0,1.02,0.93,0.77,,,,,,,,,
Psmb8,plex_1,1.06,0.93,0.84,1.24,1.05,1.22,0.91,1.0,0.7,,,,,,,,,
Cops4,plex_1,0.89,0.75,0.87,1.22,0.83,0.91,1.03,0.94,0.84,,,,,,,,,
Gmfb,plex_1,0.82,0.88,1.02,1.39,0.84,0.81,0.89,0.95,0.76,,,,,,,,,
Gmfb,plex_1,0.82,0.88,1.02,1.39,0.84,0.81,0.89,0.95,0.76,,,,,,,,,
Snx5,plex_1,0.92,0.91,1.05,1.29,0.75,0.87,0.99,0.91,0.77,,,,,,,,,
Snx5,plex_1,0.92,0.91,1.05,1.29,0.75,0.87,0.99,0.91,0.77,,,,,,,,,
Snx5,plex_1,0.92,0.91,1.05,1.29,0.75,0.87,0.99,0.91,0.77,,,,,,,,,
Serpinh1,plex_1,1.19,0.91,0.81,1.05,0.77,0.96,0.94,1.03,0.77,,,,,,,,,
Serpinh1,plex_1,1.19,0.91,0.81,1.05,0.77,0.96,0.94,1.03,0.77,,,,,,,,,
Serpinh1,plex_1,1.19,0.91,0.81,1.05,0.77,0.96,0.94,1.03,0.77,,,,,,,,,
Eefsec,plex_1,0.85,0.77,1.04,1.21,0.73,0.9,0.95,1.04,0.8,,,,,,,,,
Tpm4,plex_1,1.16,1.12,0.89,1.37,0.99,1.14,1.13,1.11,0.87,,,,,,,,,
Tceb1,plex_1,0.97,1.05,0.99,1.2,0.81,0.79,0.91,1.03,0.79,,,,,,,,,
Tceb1,plex_1,0.97,1.05,0.99,1.2,0.81,0.79,0.91,1.03,0.79,,,,,,,,,
Tceb1,plex_1,0.97,1.05,0.99,1.2,0.81,0.79,0.91,1.03,0.79,,,,,,,,,
Rps9,plex_1,0.9,0.93,1.25,1.23,0.62,0.9,1.14,0.98,0.81,,,,,,,,,
Akr1b3,plex_1,0.99,0.98,1.14,1.27,1.05,1.0,0.93,1.06,0.76,,,,,,,,,
Akr1b1,plex_1,0.99,0.98,1.14,1.27,1.05,1.0,0.93,1.06,0.76,,,,,,,,,
Akr1b3,plex_1,0.99,0.98,1.14,1.27,1.05,1.0,0.93,1.06,0.76,,,,,,,,,
Aimp2,plex_1,0.99,1.24,0.95,1.29,0.83,0.7,1.14,1.18,0.8,,,,,,,,,
Ndufaf2,plex_1,0.96,0.98,1.78,1.15,0.9,1.15,1.2,0.91,0.87,,,,,,,,,
Acsf3,plex_1,0.88,0.87,0.97,1.1,0.88,0.99,1.18,1.04,0.79,,,,,,,,,
Stx12,plex_1,1.03,0.91,1.02,1.5,0.88,1.13,1.09,0.83,0.99,,,,,,,,,
Ccdc47,plex_1,0.84,0.89,1.03,1.5,0.95,0.93,0.99,0.95,0.81,,,,,,,,,
Rbbp9,plex_1,0.78,0.81,1.0,1.09,0.75,0.88,1.02,0.96,0.83,,,,,,,,,
Rbbp9,plex_1,0.78,0.81,1.0,1.09,0.75,0.88,1.02,0.96,0.83,,,,,,,,,
Sh3bgrl,plex_1,0.75,0.96,1.11,1.4,0.68,0.89,0.98,0.86,0.77,,,,,,,,,
Sh3bgrl,plex_1,0.75,0.96,1.11,1.4,0.68,0.89,0.98,0.86,0.77,,,,,,,,,
Clmn,plex_1,0.83,0.87,1.03,1.17,0.77,0.92,1.06,0.93,0.81,,,,,,,,,
Iah1,plex_1,1.33,1.29,1.65,1.96,1.14,1.55,1.39,1.19,0.9,,,,,,,,,
Eif3j2,plex_1,0.88,1.02,0.87,1.8,0.84,0.97,1.43,0.79,0.8,,,,,,,,,
Eif3j1,plex_1,0.88,1.02,0.87,1.8,0.84,0.97,1.43,0.79,0.8,,,,,,,,,
Mydgf,plex_1,0.87,1.09,1.02,1.39,0.84,0.94,1.06,0.95,0.85,,,,,,,,,
Bzw1,plex_1,1.02,1.03,1.55,1.44,0.87,1.04,1.56,1.11,0.85,,,,,,,,,
Itga1,plex_1,0.84,0.9,0.92,1.33,0.75,0.77,0.94,1.0,0.82,,,,,,,,,
Bgn,plex_1,1.14,1.03,0.73,1.31,1.02,0.76,0.91,0.85,0.64,,,,,,,,,
Lrpap1,plex_1,0.84,0.92,0.96,1.03,0.87,0.77,0.77,0.86,0.88,,,,,,,,,
Atp13a1,plex_1,0.89,1.02,1.18,1.07,0.73,0.79,0.76,0.9,0.64,,,,,,,,,
Selenbp2,plex_1,1.11,1.15,1.39,1.1,0.71,0.48,1.12,0.72,0.42,,,,,,,,,
Arpc4,plex_1,0.91,0.82,0.99,1.76,0.79,0.97,1.07,0.92,0.9,,,,,,,,,
Arpc4,plex_1,0.91,0.82,0.99,1.76,0.79,0.97,1.07,0.92,0.9,,,,,,,,,
Arpc4,plex_1,0.91,0.82,0.99,1.76,0.79,0.97,1.07,0.92,0.9,,,,,,,,,
Arpc4,plex_1,0.91,0.82,0.99,1.76,0.79,0.97,1.07,0.92,0.9,,,,,,,,,
Rbmxl1,plex_1,0.86,1.09,1.12,1.27,0.74,0.86,0.99,0.91,0.75,,,,,,,,,
Golga2,plex_1,1.13,1.03,1.02,1.47,0.71,0.75,1.02,0.91,0.62,,,,,,,,,
Golga2,plex_1,1.13,1.03,1.02,1.47,0.71,0.75,1.02,0.91,0.62,,,,,,,,,
Naca,plex_1,0.98,0.91,0.92,1.24,0.94,0.92,1.0,1.02,0.85,,,,,,,,,
M6pr,plex_1,0.97,0.98,1.36,1.55,0.98,0.98,1.06,0.89,0.79,,,,,,,,,
M6pr,plex_1,0.97,0.98,1.36,1.55,0.98,0.98,1.06,0.89,0.79,,,,,,,,,
Tuba1a,plex_1,0.59,0.64,0.8,1.3,0.56,0.73,0.86,0.64,0.78,,,,,,,,,
Tmed10,plex_1,0.91,0.95,1.13,1.27,0.94,0.75,1.1,0.75,0.7,,,,,,,,,
BC089597,plex_1,0.58,0.85,0.86,1.17,0.66,1.08,1.14,0.82,0.73,,,,,,,,,
Slk,plex_1,0.78,1.01,1.11,1.4,0.84,0.96,1.27,1.01,0.78,,,,,,,,,
Slk,plex_1,0.78,1.01,1.11,1.4,0.84,0.96,1.27,1.01,0.78,,,,,,,,,
Snrnp40,plex_1,1.1,1.31,1.08,1.56,1.0,0.95,1.54,1.04,0.99,,,,,,,,,
Casp7,plex_1,1.31,1.33,0.95,1.37,0.87,1.15,1.13,1.11,0.79,,,,,,,,,
Col18a1,plex_1,0.99,1.19,0.88,1.17,0.79,0.87,0.88,1.0,0.85,,,,,,,,,
Col18a1,plex_1,0.99,1.19,0.88,1.17,0.79,0.87,0.88,1.0,0.85,,,,,,,,,
Col18a1,plex_1,0.99,1.19,0.88,1.17,0.79,0.87,0.88,1.0,0.85,,,,,,,,,
Metap1,plex_1,1.02,1.12,1.14,1.39,0.83,0.99,1.0,1.08,0.83,,,,,,,,,
Nsf,plex_1,0.99,0.96,1.1,1.27,0.94,0.97,1.14,1.1,0.88,,,,,,,,,
Mtx1,plex_1,1.04,1.25,1.21,1.46,0.8,0.97,1.21,1.13,0.85,,,,,,,,,
Nags,plex_1,1.01,1.03,0.99,1.44,0.79,0.86,0.87,0.67,0.68,,,,,,,,,
Mpp1,plex_1,1.18,1.08,0.98,1.47,0.94,1.39,1.02,0.7,0.85,,,,,,,,,
Mpp1,plex_1,1.18,1.08,0.98,1.47,0.94,1.39,1.02,0.7,0.85,,,,,,,,,
Mpp1,plex_1,1.18,1.08,0.98,1.47,0.94,1.39,1.02,0.7,0.85,,,,,,,,,
Uchl3,plex_1,0.96,0.85,0.94,1.29,0.82,0.99,1.11,0.94,0.8,,,,,,,,,
Npc2,plex_1,0.97,0.87,1.11,1.51,0.78,1.1,1.06,1.09,0.74,,,,,,,,,
Npc2,plex_1,0.97,0.87,1.11,1.51,0.78,1.1,1.06,1.09,0.74,,,,,,,,,
Npc2,plex_1,0.97,0.87,1.11,1.51,0.78,1.1,1.06,1.09,0.74,,,,,,,,,
Ube4a,plex_1,1.07,1.28,1.58,2.04,1.63,1.7,1.95,1.16,1.15,,,,,,,,,
Serpina6,plex_1,1.26,1.01,0.63,1.03,0.87,1.09,0.68,0.95,0.75,,,,,,,,,
Serpina6,plex_1,1.26,1.01,0.63,1.03,0.87,1.09,0.68,0.95,0.75,,,,,,,,,
Serpina6,plex_1,1.26,1.01,0.63,1.03,0.87,1.09,0.68,0.95,0.75,,,,,,,,,
Ppm1a,plex_1,0.88,0.9,1.05,1.37,0.93,1.01,0.99,0.84,0.72,,,,,,,,,
Sult3a1,plex_1,1.16,1.38,1.18,2.02,0.76,1.32,2.01,1.62,0.74,,,,,,,,,
Sult3a1,plex_1,1.16,1.38,1.18,2.02,0.76,1.32,2.01,1.62,0.74,,,,,,,,,
,plex_1,1.52,1.04,2.0,1.94,0.85,1.78,1.32,0.85,0.85,,,,,,,,,
Naa15,plex_1,0.83,1.04,0.99,1.28,0.72,0.79,1.06,0.75,0.64,,,,,,,,,
Nop58,plex_1,1.36,1.31,1.39,2.11,1.0,1.25,1.36,1.38,1.1,,,,,,,,,
Scarb1,plex_1,0.89,1.07,1.05,1.66,0.82,0.9,1.14,0.93,0.93,,,,,,,,,
Tomm40,plex_1,0.9,1.21,1.18,1.65,0.91,1.04,1.29,1.11,0.83,,,,,,,,,
Tomm40,plex_1,0.9,1.21,1.18,1.65,0.91,1.04,1.29,1.11,0.83,,,,,,,,,
Sepsecs,plex_1,0.96,1.11,1.14,1.21,0.97,1.09,1.17,1.13,0.85,,,,,,,,,
Drg1,plex_1,1.04,0.95,0.9,1.24,0.85,1.26,1.01,0.97,0.78,,,,,,,,,
Rpl27a,plex_1,0.87,0.98,1.11,1.31,0.75,0.93,1.24,1.16,0.92,,,,,,,,,
Cyp2c38,plex_1,1.01,1.23,2.08,2.13,0.84,0.68,0.98,1.64,0.89,,,,,,,,,
Cyp2c38,plex_1,1.01,1.23,2.08,2.13,0.84,0.68,0.98,1.64,0.89,,,,,,,,,
Ptma,plex_1,1.05,1.15,1.09,1.36,0.83,0.88,1.18,0.85,0.85,,,,,,,,,
Ptma,plex_1,1.05,1.15,1.09,1.36,0.83,0.88,1.18,0.85,0.85,,,,,,,,,
Ptma,plex_1,1.05,1.15,1.09,1.36,0.83,0.88,1.18,0.85,0.85,,,,,,,,,
Arpc1b,plex_1,0.74,0.7,0.92,1.16,0.72,0.76,0.8,0.7,0.72,,,,,,,,,
Arl1,plex_1,1.02,0.9,1.15,1.66,0.8,1.08,1.13,0.91,0.72,,,,,,,,,
Cpped1,plex_1,0.93,1.09,1.3,1.49,0.83,1.0,1.12,0.91,0.98,,,,,,,,,
Maoa,plex_1,0.76,0.81,1.14,1.48,1.02,1.04,1.13,0.89,0.9,,,,,,,,,
Chd4,plex_1,0.98,0.74,1.1,1.56,1.02,0.9,1.04,0.98,0.8,,,,,,,,,
Alyref,plex_1,1.19,1.2,1.39,1.77,0.86,1.11,1.21,1.18,0.93,,,,,,,,,
,plex_1,0.72,0.95,1.0,1.67,0.7,0.78,1.21,1.0,0.57,,,,,,,,,
Rab8a,plex_1,0.79,1.27,1.05,1.24,0.68,0.72,0.93,0.97,0.74,,,,,,,,,
Myh11,plex_1,2.57,0.65,0.92,0.86,0.91,0.77,0.87,0.76,0.48,,,,,,,,,
Hectd1,plex_1,1.15,1.56,1.69,1.6,0.91,1.14,1.38,1.14,1.1,,,,,,,,,
Lypla2,plex_1,0.83,0.87,0.95,1.12,0.75,0.85,0.87,0.84,0.74,,,,,,,,,
Rps21,plex_1,0.84,0.8,1.04,1.31,0.9,0.89,1.14,1.22,0.8,,,,,,,,,
mCG_6739,plex_1,0.84,0.8,1.04,1.31,0.9,0.89,1.14,1.22,0.8,,,,,,,,,
Cul4a,plex_1,1.16,0.97,1.52,1.63,0.87,0.89,1.25,1.02,1.04,,,,,,,,,
Arpc5l,plex_1,1.0,1.5,0.86,1.2,0.93,0.71,1.69,0.91,0.72,,,,,,,,,
Ddx21,plex_1,0.99,0.84,1.16,1.02,0.71,0.74,0.94,0.99,0.64,,,,,,,,,
Lamp1,plex_1,0.86,0.81,1.08,1.31,0.69,0.92,0.96,1.07,0.81,,,,,,,,,
Lamp1,plex_1,0.86,0.81,1.08,1.31,0.69,0.92,0.96,1.07,0.81,,,,,,,,,
Lamp1,plex_1,0.86,0.81,1.08,1.31,0.69,0.92,0.96,1.07,0.81,,,,,,,,,
Eif6,plex_1,0.82,1.13,1.46,1.18,0.71,0.82,0.84,1.04,0.7,,,,,,,,,
Eif6,plex_1,0.82,1.13,1.46,1.18,0.71,0.82,0.84,1.04,0.7,,,,,,,,,
Eif6,plex_1,0.82,1.13,1.46,1.18,0.71,0.82,0.84,1.04,0.7,,,,,,,,,
Eif6,plex_1,0.82,1.13,1.46,1.18,0.71,0.82,0.84,1.04,0.7,,,,,,,,,
Abcb7,plex_1,0.8,0.99,0.99,1.14,0.8,0.83,1.09,1.0,0.77,,,,,,,,,
Ppip5k2,plex_1,0.8,1.44,1.22,1.23,0.75,1.06,1.59,1.05,0.89,,,,,,,,,
Ppip5k2,plex_1,0.8,1.44,1.22,1.23,0.75,1.06,1.59,1.05,0.89,,,,,,,,,
Egfr,plex_1,1.07,1.43,1.29,1.32,0.84,0.7,1.1,1.05,0.61,,,,,,,,,
Rpl28,plex_1,0.9,1.05,1.13,1.25,0.71,0.87,1.12,1.0,0.85,,,,,,,,,
Rpl28,plex_1,0.9,1.05,1.13,1.25,0.71,0.87,1.12,1.0,0.85,,,,,,,,,
Arhgdib,plex_1,0.87,1.02,0.97,1.33,0.86,0.83,0.9,0.79,0.84,,,,,,,,,
Mpp6,plex_1,0.84,1.07,1.18,1.47,0.97,0.95,1.18,0.81,0.85,,,,,,,,,
Mpp6,plex_1,0.84,1.07,1.18,1.47,0.97,0.95,1.18,0.81,0.85,,,,,,,,,
Echdc2,plex_1,0.84,0.77,0.8,1.25,0.79,0.9,1.05,1.05,0.8,,,,,,,,,
Echdc2,plex_1,0.84,0.77,0.8,1.25,0.79,0.9,1.05,1.05,0.8,,,,,,,,,
Atp6v1h,plex_1,0.92,0.89,0.98,1.26,0.7,0.82,0.87,0.88,0.75,,,,,,,,,
Atp6v1h,plex_1,0.92,0.89,0.98,1.26,0.7,0.82,0.87,0.88,0.75,,,,,,,,,
Igtp,plex_1,1.03,0.93,0.98,1.36,1.54,1.25,1.03,0.84,0.61,,,,,,,,,
Rps27l,plex_1,0.93,0.91,0.99,1.23,0.81,0.83,1.06,1.04,0.64,,,,,,,,,
Ranbp2,plex_1,1.11,1.16,1.06,1.64,1.18,1.05,1.52,1.03,0.98,,,,,,,,,
Txn2,plex_1,0.86,0.84,1.02,1.21,0.73,0.93,1.12,0.94,0.88,,,,,,,,,
Txn2,plex_1,0.86,0.84,1.02,1.21,0.73,0.93,1.12,0.94,0.88,,,,,,,,,
Odr4,plex_1,0.71,0.89,0.88,1.21,0.67,1.4,1.14,1.2,0.39,,,,,,,,,
Odr4,plex_1,0.71,0.89,0.88,1.21,0.67,1.4,1.14,1.2,0.39,,,,,,,,,
Odr4,plex_1,0.71,0.89,0.88,1.21,0.67,1.4,1.14,1.2,0.39,,,,,,,,,
Nmi,plex_1,0.82,0.95,1.24,1.25,0.7,1.06,1.0,0.84,0.84,,,,,,,,,
Tmsb4x,plex_1,1.09,1.05,1.05,1.13,0.88,0.97,0.95,0.88,0.81,,,,,,,,,
Fam210b,plex_1,1.06,0.87,1.1,1.48,0.86,0.79,0.95,0.85,0.71,,,,,,,,,
Agk,plex_1,0.84,0.86,1.61,1.79,0.59,0.71,1.7,1.56,0.58,,,,,,,,,
Cda,plex_1,1.04,0.9,1.02,1.5,0.8,1.18,1.44,0.99,0.97,,,,,,,,,
Ddx6,plex_1,0.94,1.0,1.08,1.1,0.88,1.06,1.34,1.09,0.8,,,,,,,,,
Sdpr,plex_1,1.11,1.78,1.57,1.28,1.11,1.09,1.08,1.69,1.5,,,,,,,,,
Marcksl1,plex_1,0.83,0.92,0.98,1.35,0.8,0.86,1.15,0.9,0.75,,,,,,,,,
BC021614,plex_1,0.98,0.92,1.43,2.28,1.22,1.16,1.46,0.69,0.98,,,,,,,,,
BC021614,plex_1,0.98,0.92,1.43,2.28,1.22,1.16,1.46,0.69,0.98,,,,,,,,,
Atp5i,plex_1,0.85,0.82,1.02,1.14,0.72,0.88,1.11,1.2,0.79,,,,,,,,,
Apip,plex_1,1.52,0.88,1.31,2.17,1.1,1.36,1.55,1.16,1.04,,,,,,,,,
Rbm14,plex_1,1.0,1.0,1.18,1.3,0.83,0.91,1.23,1.04,0.97,,,,,,,,,
Rbm14,plex_1,1.0,1.0,1.18,1.3,0.83,0.91,1.23,1.04,0.97,,,,,,,,,
Rbm14,plex_1,1.0,1.0,1.18,1.3,0.83,0.91,1.23,1.04,0.97,,,,,,,,,
Rbm14,plex_1,1.0,1.0,1.18,1.3,0.83,0.91,1.23,1.04,0.97,,,,,,,,,
Eif3m,plex_1,0.75,0.65,1.04,1.46,0.71,0.96,1.07,0.91,0.85,,,,,,,,,
Rcc1,plex_1,1.15,0.95,1.25,1.29,0.78,1.1,1.03,0.86,0.86,,,,,,,,,
Rcc1,plex_1,1.15,0.95,1.25,1.29,0.78,1.1,1.03,0.86,0.86,,,,,,,,,
Rcc1,plex_1,1.15,0.95,1.25,1.29,0.78,1.1,1.03,0.86,0.86,,,,,,,,,
Asah1,plex_1,1.04,0.89,1.23,1.52,0.92,0.95,0.96,0.99,0.71,,,,,,,,,
Memo1,plex_1,0.99,0.8,1.1,1.66,0.92,1.15,1.48,1.12,0.84,,,,,,,,,
Memo1,plex_1,0.99,0.8,1.1,1.66,0.92,1.15,1.48,1.12,0.84,,,,,,,,,
Sgpl1,plex_1,0.87,1.07,1.16,1.43,0.74,0.88,1.02,0.99,0.94,,,,,,,,,
Sgpl1,plex_1,0.87,1.07,1.16,1.43,0.74,0.88,1.02,0.99,0.94,,,,,,,,,
Sgpl1,plex_1,0.87,1.07,1.16,1.43,0.74,0.88,1.02,0.99,0.94,,,,,,,,,
Sgpl1,plex_1,0.87,1.07,1.16,1.43,0.74,0.88,1.02,0.99,0.94,,,,,,,,,
Sod3,plex_1,1.08,0.97,1.07,1.85,0.95,1.02,0.97,0.85,0.78,,,,,,,,,
Pnpla8,plex_1,0.85,0.95,1.0,1.43,0.85,0.98,1.07,0.93,0.81,,,,,,,,,
Lgmn,plex_1,0.65,0.73,0.84,1.36,0.76,0.79,0.77,0.72,0.64,,,,,,,,,
Ttll12,plex_1,1.09,1.08,1.27,1.22,0.85,1.35,1.11,1.05,0.98,,,,,,,,,
Gmppb,plex_1,1.06,1.11,1.06,1.29,0.83,0.88,1.21,0.93,0.78,,,,,,,,,
Ptrh2,plex_1,0.79,0.74,0.82,1.04,0.64,0.77,0.94,0.77,0.58,,,,,,,,,
Tor1aip2,plex_1,1.02,0.96,0.91,1.77,0.8,0.89,1.21,1.22,0.72,,,,,,,,,
Slco2b1,plex_1,1.0,1.27,1.18,1.29,0.77,0.83,1.22,0.83,1.0,,,,,,,,,
Slco2b1,plex_1,1.0,1.27,1.18,1.29,0.77,0.83,1.22,0.83,1.0,,,,,,,,,
Ctsl,plex_1,0.94,0.96,0.93,1.33,0.85,1.21,1.08,1.62,0.75,,,,,,,,,
Ctsl,plex_1,0.94,0.96,0.93,1.33,0.85,1.21,1.08,1.62,0.75,,,,,,,,,
Ctsl,plex_1,0.94,0.96,0.93,1.33,0.85,1.21,1.08,1.62,0.75,,,,,,,,,
Ctsl,plex_1,0.94,0.96,0.93,1.33,0.85,1.21,1.08,1.62,0.75,,,,,,,,,
Ctsl,plex_1,0.94,0.96,0.93,1.33,0.85,1.21,1.08,1.62,0.75,,,,,,,,,
Cyp8b1,plex_1,1.12,0.98,1.31,1.45,0.82,0.92,1.62,1.49,0.89,,,,,,,,,
Sfxn2,plex_1,0.74,0.9,0.92,1.2,0.67,0.9,0.96,1.05,0.68,,,,,,,,,
Srp54,plex_1,1.15,1.19,1.34,1.3,0.71,1.25,1.11,0.89,1.06,,,,,,,,,
Ruvbl2,plex_1,1.06,0.77,0.85,1.2,0.82,0.8,0.99,0.92,0.8,,,,,,,,,
Ruvbl2,plex_1,1.06,0.77,0.85,1.2,0.82,0.8,0.99,0.92,0.8,,,,,,,,,
Hspa4l,plex_1,1.13,0.93,1.2,1.0,0.67,0.83,1.24,1.08,0.89,,,,,,,,,
Pkp2,plex_1,1.05,0.93,1.15,1.25,0.85,0.99,1.21,1.18,0.8,,,,,,,,,
Pkp2,plex_1,1.05,0.93,1.15,1.25,0.85,0.99,1.21,1.18,0.8,,,,,,,,,
Hnrnpr,plex_1,1.03,0.86,0.97,1.18,0.82,0.97,1.08,0.96,1.05,,,,,,,,,
Hnrnpr,plex_1,1.03,0.86,0.97,1.18,0.82,0.97,1.08,0.96,1.05,,,,,,,,,
Hnrnpr,plex_1,1.03,0.86,0.97,1.18,0.82,0.97,1.08,0.96,1.05,,,,,,,,,
Hnrnpr,plex_1,1.03,0.86,0.97,1.18,0.82,0.97,1.08,0.96,1.05,,,,,,,,,
Hnrnpr,plex_1,1.03,0.86,0.97,1.18,0.82,0.97,1.08,0.96,1.05,,,,,,,,,
Hnrnpr,plex_1,1.03,0.86,0.97,1.18,0.82,0.97,1.08,0.96,1.05,,,,,,,,,
Tubb5,plex_1,0.7,1.1,1.03,1.09,0.83,0.76,0.97,0.91,0.61,,,,,,,,,
Mrrf,plex_1,0.91,1.06,1.12,1.38,0.88,1.07,1.05,0.92,0.77,,,,,,,,,
Banf1,plex_1,1.12,1.09,0.85,1.77,1.01,1.2,1.3,1.19,1.16,,,,,,,,,
Ptprf,plex_1,1.05,1.16,1.08,1.24,0.89,0.9,1.07,0.87,0.98,,,,,,,,,
,plex_1,0.71,0.77,0.98,1.18,0.74,0.8,1.04,0.91,0.71,,,,,,,,,
Lmf1,plex_1,0.95,0.94,1.11,1.57,0.9,1.03,1.09,0.99,0.96,,,,,,,,,
Lmf1,plex_1,0.95,0.94,1.11,1.57,0.9,1.03,1.09,0.99,0.96,,,,,,,,,
Pon2,plex_1,0.92,0.92,1.26,1.32,0.87,1.01,1.04,1.0,0.72,,,,,,,,,
Wasl,plex_1,0.77,0.86,1.27,1.54,0.86,0.98,1.36,0.87,1.07,,,,,,,,,
Wasl,plex_1,0.77,0.86,1.27,1.54,0.86,0.98,1.36,0.87,1.07,,,,,,,,,
Wasl,plex_1,0.77,0.86,1.27,1.54,0.86,0.98,1.36,0.87,1.07,,,,,,,,,
Wasl,plex_1,0.77,0.86,1.27,1.54,0.86,0.98,1.36,0.87,1.07,,,,,,,,,
Arf6,plex_1,0.94,0.89,1.09,1.35,0.78,0.94,1.11,0.94,0.67,,,,,,,,,
Rap2c,plex_1,0.74,1.4,0.79,1.33,1.07,1.2,1.07,1.12,1.1,,,,,,,,,
Ambp,plex_1,1.17,1.22,1.05,1.25,0.9,1.03,0.79,0.87,0.94,,,,,,,,,
Mtx2,plex_1,0.89,1.06,1.03,1.31,0.9,0.99,1.18,1.33,0.91,,,,,,,,,
Mtx2,plex_1,0.89,1.06,1.03,1.31,0.9,0.99,1.18,1.33,0.91,,,,,,,,,
Mtx2,plex_1,0.89,1.06,1.03,1.31,0.9,0.99,1.18,1.33,0.91,,,,,,,,,
Igbp1,plex_1,0.93,0.76,1.3,1.22,0.78,1.07,1.19,1.05,0.71,,,,,,,,,
Ufd1l,plex_1,1.01,1.23,1.15,1.39,0.92,1.05,1.23,1.2,1.07,,,,,,,,,
Ufd1l,plex_1,1.01,1.23,1.15,1.39,0.92,1.05,1.23,1.2,1.07,,,,,,,,,
Ufd1l,plex_1,1.01,1.23,1.15,1.39,0.92,1.05,1.23,1.2,1.07,,,,,,,,,
Acot8,plex_1,0.81,1.07,1.12,1.01,0.57,0.67,0.89,0.61,0.72,,,,,,,,,
Tmed2,plex_1,1.02,1.07,0.99,1.45,0.71,0.94,0.95,0.81,0.77,,,,,,,,,
Tmed2,plex_1,1.02,1.07,0.99,1.45,0.71,0.94,0.95,0.81,0.77,,,,,,,,,
Tapbp,plex_1,1.87,2.05,5.01,1.38,3.24,2.53,1.88,2.92,3.47,,,,,,,,,
Clec4f,plex_1,1.05,1.49,1.44,1.67,0.71,1.83,1.93,0.73,1.19,,,,,,,,,
Srsf3,plex_1,0.94,1.02,0.99,1.26,0.86,0.9,0.93,0.76,0.76,,,,,,,,,
Srsf3,plex_1,0.94,1.02,0.99,1.26,0.86,0.9,0.93,0.76,0.76,,,,,,,,,
Srsf3,plex_1,0.94,1.02,0.99,1.26,0.86,0.9,0.93,0.76,0.76,,,,,,,,,
Creg1,plex_1,1.13,1.01,1.16,1.71,1.18,1.21,1.3,1.39,0.97,,,,,,,,,
Clcc1,plex_1,1.5,1.49,1.48,1.71,0.88,1.23,1.56,1.37,1.41,,,,,,,,,
Eif4g2,plex_1,0.63,0.79,0.83,1.27,0.74,0.71,0.91,0.93,0.73,,,,,,,,,
Dnaja3,plex_1,1.08,1.08,1.2,1.34,0.91,1.23,1.66,1.4,0.93,,,,,,,,,
Btf3l4,plex_1,1.51,0.94,1.0,1.91,1.03,0.75,1.68,1.02,1.13,,,,,,,,,
Plbd1,plex_1,0.9,0.92,1.3,1.76,0.9,0.84,1.05,1.45,0.8,,,,,,,,,
Baiap2,plex_1,0.97,1.18,0.98,1.44,0.84,1.01,1.28,0.98,0.82,,,,,,,,,
Baiap2,plex_1,0.97,1.18,0.98,1.44,0.84,1.01,1.28,0.98,0.82,,,,,,,,,
Baiap2,plex_1,0.97,1.18,0.98,1.44,0.84,1.01,1.28,0.98,0.82,,,,,,,,,
Baiap2,plex_1,0.97,1.18,0.98,1.44,0.84,1.01,1.28,0.98,0.82,,,,,,,,,
Carhsp1,plex_1,1.04,0.92,1.1,1.19,0.8,0.98,1.08,0.98,0.95,,,,,,,,,
Gm5449,plex_1,1.04,1.03,1.25,1.48,1.03,0.93,1.09,1.01,0.92,,,,,,,,,
Snrpd2,plex_1,1.04,1.03,1.25,1.48,1.03,0.93,1.09,1.01,0.92,,,,,,,,,
Col6a2,plex_1,1.52,1.05,0.92,1.18,1.08,0.83,0.85,0.99,0.66,,,,,,,,,
Ctsa,plex_1,1.0,1.41,1.35,1.22,0.66,0.88,1.14,1.05,0.67,,,,,,,,,
Ctsa,plex_1,1.0,1.41,1.35,1.22,0.66,0.88,1.14,1.05,0.67,,,,,,,,,
Ctsa,plex_1,1.0,1.41,1.35,1.22,0.66,0.88,1.14,1.05,0.67,,,,,,,,,
Slc16a1,plex_1,0.99,0.92,0.94,1.34,0.87,0.79,0.98,1.04,0.7,,,,,,,,,
Slc16a1,plex_1,0.99,0.92,0.94,1.34,0.87,0.79,0.98,1.04,0.7,,,,,,,,,
Slc16a1,plex_1,0.99,0.92,0.94,1.34,0.87,0.79,0.98,1.04,0.7,,,,,,,,,
Slc16a1,plex_1,0.99,0.92,0.94,1.34,0.87,0.79,0.98,1.04,0.7,,,,,,,,,
Ptrf,plex_1,1.48,0.92,0.87,0.98,0.87,1.07,0.94,0.72,0.86,,,,,,,,,
Kctd12,plex_1,0.92,1.2,1.18,1.46,0.86,0.92,1.05,0.91,0.67,,,,,,,,,
Kctd12,plex_1,0.92,1.2,1.18,1.46,0.86,0.92,1.05,0.91,0.67,,,,,,,,,
Kctd12,plex_1,0.92,1.2,1.18,1.46,0.86,0.92,1.05,0.91,0.67,,,,,,,,,
Hs1bp3,plex_1,0.91,1.03,0.99,1.13,0.82,1.02,1.13,0.92,0.81,,,,,,,,,
Luc7l2,plex_1,0.93,0.79,1.04,1.22,0.83,0.79,0.93,0.7,0.76,,,,,,,,,
Luc7l2,plex_1,0.93,0.79,1.04,1.22,0.83,0.79,0.93,0.7,0.76,,,,,,,,,
Luc7l2,plex_1,0.93,0.79,1.04,1.22,0.83,0.79,0.93,0.7,0.76,,,,,,,,,
Pddc1,plex_1,1.14,1.04,1.45,1.86,1.12,1.28,1.3,1.56,1.23,,,,,,,,,
Sart1,plex_1,0.91,1.08,1.44,1.67,0.85,1.17,1.65,0.87,0.74,,,,,,,,,
Tcof1,plex_1,1.09,1.35,1.18,1.73,1.07,1.55,2.13,0.99,1.05,,,,,,,,,
Tcof1,plex_1,1.09,1.35,1.18,1.73,1.07,1.55,2.13,0.99,1.05,,,,,,,,,
Akt2,plex_1,0.86,0.92,1.06,1.33,0.87,0.95,1.16,1.09,0.81,,,,,,,,,
Ndufb4,plex_1,0.88,1.01,0.99,1.41,0.83,1.1,1.17,1.19,0.8,,,,,,,,,
Ndufb4,plex_1,0.88,1.01,0.99,1.41,0.83,1.1,1.17,1.19,0.8,,,,,,,,,
Mrps22,plex_1,0.92,1.36,1.47,1.47,0.83,1.24,1.47,1.28,1.08,,,,,,,,,
Cyp3a11,plex_1,1.11,1.72,2.23,1.74,1.33,0.82,0.9,0.95,0.69,,,,,,,,,
Psmb9,plex_1,0.97,0.86,1.13,1.33,1.07,1.14,0.95,0.9,0.73,,,,,,,,,
Pfas,plex_1,0.86,1.02,1.07,1.3,0.81,1.13,1.05,0.92,1.07,,,,,,,,,
Vtn,plex_1,1.3,1.06,0.78,1.03,0.96,0.8,0.8,0.95,0.64,,,,,,,,,
Atxn2l,plex_1,0.97,1.0,1.25,1.57,0.68,1.12,1.19,1.0,0.96,,,,,,,,,
Atxn2l,plex_1,0.97,1.0,1.25,1.57,0.68,1.12,1.19,1.0,0.96,,,,,,,,,
Mapk1,plex_1,0.8,1.0,1.08,1.6,0.92,1.03,1.1,1.05,0.9,,,,,,,,,
Pdxdc1,plex_1,1.02,0.96,1.2,1.66,0.85,1.09,0.85,0.93,0.88,,,,,,,,,
Pdxdc1,plex_1,1.02,0.96,1.2,1.66,0.85,1.09,0.85,0.93,0.88,,,,,,,,,
Pdxdc1,plex_1,1.02,0.96,1.2,1.66,0.85,1.09,0.85,0.93,0.88,,,,,,,,,
Pdxdc1,plex_1,1.02,0.96,1.2,1.66,0.85,1.09,0.85,0.93,0.88,,,,,,,,,
Tjp2,plex_1,0.95,1.15,1.26,1.21,0.98,0.88,1.12,1.02,1.07,,,,,,,,,
Abcc6,plex_1,0.76,0.94,1.24,1.29,0.75,1.25,0.98,0.65,0.76,,,,,,,,,
Rhot2,plex_1,1.1,0.82,1.13,2.3,0.97,1.64,1.59,1.48,1.94,,,,,,,,,
Parp3,plex_1,0.85,0.88,1.23,1.59,0.75,1.16,1.18,0.88,0.75,,,,,,,,,
Parp3,plex_1,0.85,0.88,1.23,1.59,0.75,1.16,1.18,0.88,0.75,,,,,,,,,
Parp3,plex_1,0.85,0.88,1.23,1.59,0.75,1.16,1.18,0.88,0.75,,,,,,,,,
Parp3,plex_1,0.85,0.88,1.23,1.59,0.75,1.16,1.18,0.88,0.75,,,,,,,,,
Parp3,plex_1,0.85,0.88,1.23,1.59,0.75,1.16,1.18,0.88,0.75,,,,,,,,,
Rangap1,plex_1,0.85,0.85,1.0,1.69,0.67,0.73,1.31,0.81,0.73,,,,,,,,,
Rangap1,plex_1,0.85,0.85,1.0,1.69,0.67,0.73,1.31,0.81,0.73,,,,,,,,,
Cml2,plex_1,1.67,1.33,1.89,2.37,0.96,1.44,1.2,1.49,1.02,,,,,,,,,
Psmd9,plex_1,0.97,0.87,1.46,1.44,0.83,0.98,1.13,0.9,0.91,,,,,,,,,
ND1,plex_1,0.78,0.77,0.93,1.09,0.85,0.97,2.09,1.43,0.68,,,,,,,,,
mt-Nd1,plex_1,0.78,0.77,0.93,1.09,0.85,0.97,2.09,1.43,0.68,,,,,,,,,
ND1,plex_1,0.78,0.77,0.93,1.09,0.85,0.97,2.09,1.43,0.68,,,,,,,,,
ND1,plex_1,0.78,0.77,0.93,1.09,0.85,0.97,2.09,1.43,0.68,,,,,,,,,
mt-Nd1,plex_1,0.78,0.77,0.93,1.09,0.85,0.97,2.09,1.43,0.68,,,,,,,,,
Idi1,plex_1,0.55,0.66,0.49,1.15,0.69,1.53,1.1,1.37,0.74,,,,,,,,,
Idi1,plex_1,0.55,0.66,0.49,1.15,0.69,1.53,1.1,1.37,0.74,,,,,,,,,
Coq7,plex_1,0.69,0.81,1.02,1.14,0.78,0.99,0.92,0.89,0.86,,,,,,,,,
Hcfc1,plex_1,0.98,1.07,1.05,1.18,0.74,0.84,1.14,1.06,0.92,,,,,,,,,
Larp4b,plex_1,1.02,1.05,1.24,1.38,0.94,1.07,1.13,0.99,0.88,,,,,,,,,
Larp4b,plex_1,1.02,1.05,1.24,1.38,0.94,1.07,1.13,0.99,0.88,,,,,,,,,
Rps24,plex_1,0.9,0.89,0.88,1.3,0.89,0.91,1.34,1.29,0.87,,,,,,,,,
Rps24,plex_1,0.9,0.89,0.88,1.3,0.89,0.91,1.34,1.29,0.87,,,,,,,,,
Rps24,plex_1,0.9,0.89,0.88,1.3,0.89,0.91,1.34,1.29,0.87,,,,,,,,,
Rps24,plex_1,0.9,0.89,0.88,1.3,0.89,0.91,1.34,1.29,0.87,,,,,,,,,
Rps24,plex_1,0.9,0.89,0.88,1.3,0.89,0.91,1.34,1.29,0.87,,,,,,,,,
Rps24,plex_1,0.9,0.89,0.88,1.3,0.89,0.91,1.34,1.29,0.87,,,,,,,,,
Rps24,plex_1,0.9,0.89,0.88,1.3,0.89,0.91,1.34,1.29,0.87,,,,,,,,,
Fabp2,plex_1,0.95,1.11,1.3,1.58,0.79,0.96,1.05,0.96,0.88,,,,,,,,,
Umps,plex_1,0.92,0.83,0.9,1.17,0.81,0.94,1.07,1.02,0.84,,,,,,,,,
Umps,plex_1,0.92,0.83,0.9,1.17,0.81,0.94,1.07,1.02,0.84,,,,,,,,,
Hmgcs1,plex_1,0.72,0.64,0.76,1.21,0.8,1.06,1.47,0.85,0.91,,,,,,,,,
Hmgcs1,plex_1,0.72,0.64,0.76,1.21,0.8,1.06,1.47,0.85,0.91,,,,,,,,,
Hmgcs1,plex_1,0.72,0.64,0.76,1.21,0.8,1.06,1.47,0.85,0.91,,,,,,,,,
Hmgcs1,plex_1,0.72,0.64,0.76,1.21,0.8,1.06,1.47,0.85,0.91,,,,,,,,,
Ndufa2,plex_1,1.04,0.83,0.92,1.17,0.82,0.81,1.24,1.18,0.68,,,,,,,,,
Setd3,plex_1,1.09,1.41,1.43,1.58,0.74,0.76,1.77,1.18,1.02,,,,,,,,,
Apex1,plex_1,0.82,1.12,1.03,1.23,0.88,1.07,0.89,0.75,0.63,,,,,,,,,
Ddx17,plex_1,0.96,0.69,1.15,1.12,0.81,0.95,1.31,0.68,0.7,,,,,,,,,
Sgta,plex_1,0.86,0.86,1.04,1.28,0.8,0.86,1.08,1.06,0.78,,,,,,,,,
Sgta,plex_1,0.86,0.86,1.04,1.28,0.8,0.86,1.08,1.06,0.78,,,,,,,,,
Cops2,plex_1,0.74,0.98,1.0,1.31,0.9,0.91,0.9,0.83,0.67,,,,,,,,,
Snrpd3,plex_1,1.24,1.2,1.02,1.38,0.88,0.93,0.86,1.0,0.71,,,,,,,,,
Serpinb6a,plex_1,0.99,0.82,1.15,1.16,0.85,0.99,1.03,0.83,0.88,,,,,,,,,
Ap1m1,plex_1,0.85,0.9,0.97,1.53,0.85,1.2,1.17,1.0,1.0,,,,,,,,,
Dap3,plex_1,0.99,1.79,1.7,2.22,0.87,1.12,1.18,2.04,0.95,,,,,,,,,
Dap3,plex_1,0.99,1.79,1.7,2.22,0.87,1.12,1.18,2.04,0.95,,,,,,,,,
Parp1,plex_1,0.98,0.85,0.96,1.26,0.94,0.91,1.08,0.94,0.76,,,,,,,,,
Parp1,plex_1,0.98,0.85,0.96,1.26,0.94,0.91,1.08,0.94,0.76,,,,,,,,,
Slc22a26,plex_1,1.04,0.91,0.78,1.66,0.74,1.09,1.16,0.94,0.78,,,,,,,,,
Slc22a26,plex_1,1.04,0.91,0.78,1.66,0.74,1.09,1.16,0.94,0.78,,,,,,,,,
Slc22a26,plex_1,1.04,0.91,0.78,1.66,0.74,1.09,1.16,0.94,0.78,,,,,,,,,
Glg1,plex_1,1.4,1.11,1.38,1.58,0.9,1.75,1.4,1.09,1.01,,,,,,,,,
Glrx5,plex_1,0.86,0.94,1.08,1.13,0.43,0.88,1.21,1.15,0.69,,,,,,,,,
Sdhc,plex_1,0.67,0.83,0.96,1.47,0.76,1.0,1.06,1.13,0.78,,,,,,,,,
Nif3l1,plex_1,1.06,1.03,1.45,1.39,0.81,1.06,1.12,1.15,0.92,,,,,,,,,
Nif3l1,plex_1,1.06,1.03,1.45,1.39,0.81,1.06,1.12,1.15,0.92,,,,,,,,,
,plex_1,1.06,1.03,1.45,1.39,0.81,1.06,1.12,1.15,0.92,,,,,,,,,
Inpp1,plex_1,0.77,0.86,0.97,1.29,0.82,0.79,0.95,0.86,0.78,,,,,,,,,
Slc35a3,plex_1,1.04,1.18,1.04,1.24,0.79,0.76,1.69,0.82,1.07,,,,,,,,,
Pex5,plex_1,0.88,0.95,1.29,1.3,1.02,0.92,1.03,0.84,1.21,,,,,,,,,
Pex5,plex_1,0.88,0.95,1.29,1.3,1.02,0.92,1.03,0.84,1.21,,,,,,,,,
Pex5,plex_1,0.88,0.95,1.29,1.3,1.02,0.92,1.03,0.84,1.21,,,,,,,,,
Cops6,plex_1,1.09,0.88,1.3,1.24,0.87,1.07,1.1,0.95,0.69,,,,,,,,,
Cops6,plex_1,1.09,0.88,1.3,1.24,0.87,1.07,1.1,0.95,0.69,,,,,,,,,
Sirt5,plex_1,1.23,1.12,1.11,1.94,1.29,0.96,1.35,1.97,1.09,,,,,,,,,
Coq5,plex_1,0.67,0.83,1.28,1.47,0.61,0.93,1.3,0.94,0.83,,,,,,,,,
,plex_1,0.96,0.88,1.19,1.44,0.87,0.95,1.27,1.09,0.85,,,,,,,,,
,plex_1,0.96,0.88,1.19,1.44,0.87,0.95,1.27,1.09,0.85,,,,,,,,,
Synj2bp,plex_1,0.96,0.88,1.19,1.44,0.87,0.95,1.27,1.09,0.85,,,,,,,,,
Gm20498,plex_1,0.96,0.88,1.19,1.44,0.87,0.95,1.27,1.09,0.85,,,,,,,,,
Rsu1,plex_1,1.07,0.93,1.16,1.38,0.91,0.98,1.09,1.23,0.64,,,,,,,,,
Gm2a,plex_1,1.03,1.24,1.07,1.45,0.89,1.12,1.01,1.35,0.83,,,,,,,,,
Rpl29,plex_1,0.91,1.09,1.03,1.03,0.69,0.84,1.02,0.92,0.86,,,,,,,,,
Lsr,plex_1,1.08,0.96,1.08,1.44,0.89,1.01,1.05,0.98,0.95,,,,,,,,,
Lsr,plex_1,1.08,0.96,1.08,1.44,0.89,1.01,1.05,0.98,0.95,,,,,,,,,
Lsr,plex_1,1.08,0.96,1.08,1.44,0.89,1.01,1.05,0.98,0.95,,,,,,,,,
Usmg5,plex_1,1.19,1.25,1.44,1.77,0.91,1.37,1.72,1.52,0.9,,,,,,,,,
Dtx3l,plex_1,0.86,0.89,0.94,1.11,0.92,1.0,0.91,1.01,0.64,,,,,,,,,
Chordc1,plex_1,1.2,1.0,1.48,1.44,1.08,1.52,1.09,1.24,1.07,,,,,,,,,
Rps26,plex_1,0.91,0.72,0.88,1.21,0.83,0.81,1.06,1.02,0.64,,,,,,,,,
Stau1,plex_1,1.18,1.14,1.35,1.82,1.02,1.24,1.47,1.28,1.05,,,,,,,,,
,plex_1,0.93,0.9,1.13,1.08,0.91,1.08,1.12,0.86,0.82,,,,,,,,,
Hars,plex_1,0.93,0.89,1.13,1.47,0.92,0.93,1.21,1.06,0.84,,,,,,,,,
Gjb1,plex_1,0.96,1.44,1.17,1.16,0.71,0.74,0.79,0.87,0.72,,,,,,,,,
Cldn3,plex_1,1.03,1.42,1.55,1.22,0.93,1.14,1.19,0.92,0.94,,,,,,,,,
Pcmt1,plex_1,0.96,0.94,1.13,1.53,0.96,0.97,1.23,0.95,0.81,,,,,,,,,
Pcmt1,plex_1,0.96,0.94,1.13,1.53,0.96,0.97,1.23,0.95,0.81,,,,,,,,,
Pcmt1,plex_1,0.96,0.94,1.13,1.53,0.96,0.97,1.23,0.95,0.81,,,,,,,,,
Mb,plex_1,1.47,0.7,0.74,0.43,1.36,0.55,0.46,0.99,0.95,,,,,,,,,
Ptpa,plex_1,0.83,0.91,0.9,1.47,0.75,0.82,1.03,0.74,0.72,,,,,,,,,
Ptpa,plex_1,0.83,0.91,0.9,1.47,0.75,0.82,1.03,0.74,0.72,,,,,,,,,
Nfu1,plex_1,0.6,0.65,1.11,1.1,0.59,0.68,1.04,1.09,0.33,,,,,,,,,
Nfu1,plex_1,0.6,0.65,1.11,1.1,0.59,0.68,1.04,1.09,0.33,,,,,,,,,
2210016F16Rik,plex_1,0.82,0.96,0.86,1.15,0.89,1.03,0.9,1.01,0.78,,,,,,,,,
Akap1,plex_1,1.06,1.0,1.04,1.31,0.91,0.96,1.23,1.08,0.96,,,,,,,,,
Akap1,plex_1,1.06,1.0,1.04,1.31,0.91,0.96,1.23,1.08,0.96,,,,,,,,,
Sfxn5,plex_1,1.03,1.07,1.2,1.57,0.87,0.95,1.09,1.01,0.86,,,,,,,,,
Sfxn5,plex_1,1.03,1.07,1.2,1.57,0.87,0.95,1.09,1.01,0.86,,,,,,,,,
Pdap1,plex_1,0.83,0.99,0.91,1.22,0.64,0.88,1.03,0.87,0.77,,,,,,,,,
Sar1a,plex_1,1.31,1.09,1.45,1.78,0.85,1.22,1.44,0.85,0.93,,,,,,,,,
Sar1a,plex_1,1.31,1.09,1.45,1.78,0.85,1.22,1.44,0.85,0.93,,,,,,,,,
Zc3h15,plex_1,0.97,1.06,0.95,1.24,0.67,1.04,1.02,0.99,0.73,,,,,,,,,
Acot7,plex_1,0.95,1.07,0.89,1.11,0.96,0.96,0.95,1.0,0.81,,,,,,,,,
Copg2,plex_1,0.99,0.91,1.06,1.1,0.79,0.86,1.08,0.83,0.68,,,,,,,,,
Copg2,plex_1,0.99,0.91,1.06,1.1,0.79,0.86,1.08,0.83,0.68,,,,,,,,,
Adssl1,plex_1,0.92,0.84,1.07,1.3,0.74,0.93,0.76,0.9,0.7,,,,,,,,,
F11r,plex_1,0.65,0.61,0.68,0.88,0.64,0.66,0.89,0.86,0.77,,,,,,,,,
Ica,plex_1,1.07,1.07,1.02,1.21,0.78,0.93,1.07,0.97,0.76,,,,,,,,,
Ppp6r3,plex_1,1.43,0.92,1.11,1.36,0.85,1.37,1.52,0.85,0.81,,,,,,,,,
Ppp6r3,plex_1,1.43,0.92,1.11,1.36,0.85,1.37,1.52,0.85,0.81,,,,,,,,,
Ppp6r3,plex_1,1.43,0.92,1.11,1.36,0.85,1.37,1.52,0.85,0.81,,,,,,,,,
Timm13,plex_1,0.99,1.02,1.07,1.27,1.1,1.02,1.1,1.21,0.73,,,,,,,,,
Xpnpep3,plex_1,0.89,0.76,0.92,1.25,0.72,0.99,1.25,0.86,0.79,,,,,,,,,
Kpna3,plex_1,0.8,0.83,1.05,1.05,1.21,0.85,1.23,0.93,0.68,,,,,,,,,
Elovl2,plex_1,1.01,0.89,1.16,1.38,0.78,0.91,1.11,1.06,0.83,,,,,,,,,
Ndufc2,plex_1,0.89,0.95,1.01,1.35,0.81,0.96,1.24,1.36,0.76,,,,,,,,,
Ccs,plex_1,0.97,1.05,1.17,1.28,0.97,0.89,0.95,0.99,0.73,,,,,,,,,
Stim1,plex_1,1.08,1.11,0.96,1.65,0.95,0.98,1.1,0.87,1.09,,,,,,,,,
Man2b1,plex_1,0.93,0.76,1.18,1.87,0.73,1.05,1.28,0.88,0.96,,,,,,,,,
Man2b1,plex_1,0.93,0.76,1.18,1.87,0.73,1.05,1.28,0.88,0.96,,,,,,,,,
Cltb,plex_1,0.7,1.1,1.08,1.28,0.7,0.99,1.25,0.95,0.84,,,,,,,,,
Cltb,plex_1,0.7,1.1,1.08,1.28,0.7,0.99,1.25,0.95,0.84,,,,,,,,,
Cltb,plex_1,0.7,1.1,1.08,1.28,0.7,0.99,1.25,0.95,0.84,,,,,,,,,
Tpd52,plex_1,1.97,1.4,1.85,2.46,1.67,1.68,1.96,1.63,1.38,,,,,,,,,
Tpd52,plex_1,1.97,1.4,1.85,2.46,1.67,1.68,1.96,1.63,1.38,,,,,,,,,
Tpd52,plex_1,1.97,1.4,1.85,2.46,1.67,1.68,1.96,1.63,1.38,,,,,,,,,
Tpd52,plex_1,1.97,1.4,1.85,2.46,1.67,1.68,1.96,1.63,1.38,,,,,,,,,
Tpd52,plex_1,1.97,1.4,1.85,2.46,1.67,1.68,1.96,1.63,1.38,,,,,,,,,
Tpd52,plex_1,1.97,1.4,1.85,2.46,1.67,1.68,1.96,1.63,1.38,,,,,,,,,
Tpd52,plex_1,1.97,1.4,1.85,2.46,1.67,1.68,1.96,1.63,1.38,,,,,,,,,
Apmap,plex_1,0.98,1.12,1.01,1.49,1.15,0.99,1.08,0.94,0.92,,,,,,,,,
Pnpt1,plex_1,0.75,0.86,0.94,1.19,0.82,1.03,1.26,1.2,0.83,,,,,,,,,
Pnpt1,plex_1,0.75,0.86,0.94,1.19,0.82,1.03,1.26,1.2,0.83,,,,,,,,,
Pnpt1,plex_1,0.75,0.86,0.94,1.19,0.82,1.03,1.26,1.2,0.83,,,,,,,,,
Dgat1,plex_1,1.59,1.55,1.78,2.64,1.51,1.81,1.24,1.07,0.92,,,,,,,,,
ND5,plex_1,0.83,0.85,0.84,1.28,0.91,0.83,0.96,0.9,0.74,,,,,,,,,
Ahcyl1,plex_1,0.85,0.81,0.88,1.16,0.74,0.8,0.9,0.86,0.79,,,,,,,,,
Trmt112,plex_1,1.06,1.15,1.08,2.02,0.87,1.05,1.12,1.19,0.71,,,,,,,,,
Trmt112,plex_1,1.06,1.15,1.08,2.02,0.87,1.05,1.12,1.19,0.71,,,,,,,,,
Timm9,plex_1,0.99,0.98,1.1,1.37,0.8,0.93,0.99,1.15,0.86,,,,,,,,,
Mup3,plex_1,0.85,0.81,0.9,1.01,0.81,1.15,0.78,0.82,1.13,,,,,,,,,
Ppp6r1,plex_1,0.9,1.22,1.04,1.37,0.7,0.95,1.43,1.07,1.05,,,,,,,,,
Ppp6r1,plex_1,0.9,1.22,1.04,1.37,0.7,0.95,1.43,1.07,1.05,,,,,,,,,
Hist1h1b,plex_1,1.39,1.13,1.52,1.41,0.97,1.1,1.3,1.0,0.89,,,,,,,,,
Ubxn1,plex_1,0.42,0.36,0.78,1.3,0.4,0.8,0.62,0.74,0.39,,,,,,,,,
Cutc,plex_1,0.85,0.85,0.84,1.23,0.65,1.05,1.09,0.7,0.89,,,,,,,,,
Mrpl1,plex_1,1.3,0.79,1.3,1.55,0.84,0.97,1.27,1.21,0.65,,,,,,,,,
Tra2b,plex_1,0.99,1.1,1.19,1.5,0.97,0.98,1.02,0.98,0.9,,,,,,,,,
Pgm3,plex_1,1.09,1.17,1.17,1.31,0.82,1.03,1.23,1.07,0.94,,,,,,,,,
Pgm3,plex_1,1.09,1.17,1.17,1.31,0.82,1.03,1.23,1.07,0.94,,,,,,,,,
Pgm3,plex_1,1.09,1.17,1.17,1.31,0.82,1.03,1.23,1.07,0.94,,,,,,,,,
Pgm3,plex_1,1.09,1.17,1.17,1.31,0.82,1.03,1.23,1.07,0.94,,,,,,,,,
Pgm3,plex_1,1.09,1.17,1.17,1.31,0.82,1.03,1.23,1.07,0.94,,,,,,,,,
Cd1d1,plex_1,0.84,1.04,1.17,1.63,0.68,0.98,1.27,1.27,0.72,,,,,,,,,
Cd1d1,plex_1,0.84,1.04,1.17,1.63,0.68,0.98,1.27,1.27,0.72,,,,,,,,,
Gaa,plex_1,1.08,1.04,1.11,1.51,0.93,0.94,1.19,1.17,0.88,,,,,,,,,
Preb,plex_1,1.01,1.19,1.13,1.56,0.9,1.0,1.29,1.12,1.02,,,,,,,,,
Ndufab1,plex_1,0.85,0.82,0.88,1.23,0.9,0.88,1.15,1.07,0.7,,,,,,,,,
Ndufab1,plex_1,0.85,0.82,0.88,1.23,0.9,0.88,1.15,1.07,0.7,,,,,,,,,
Ndufab1,plex_1,0.85,0.82,0.88,1.23,0.9,0.88,1.15,1.07,0.7,,,,,,,,,
Ndufab1,plex_1,0.85,0.82,0.88,1.23,0.9,0.88,1.15,1.07,0.7,,,,,,,,,
Srp14,plex_1,0.89,0.92,1.08,1.41,0.75,0.93,1.22,1.11,0.82,,,,,,,,,
Dap,plex_1,0.85,0.88,1.12,1.02,0.77,0.96,1.18,1.02,0.85,,,,,,,,,
Abcb10,plex_1,0.91,0.56,0.92,1.27,0.78,0.96,1.25,1.01,0.88,,,,,,,,,
Uba7,plex_1,0.85,0.75,1.02,1.41,0.86,1.17,0.76,0.8,0.67,,,,,,,,,
Chchd2,plex_1,1.05,0.74,0.71,1.53,0.9,0.84,1.23,1.01,0.83,,,,,,,,,
Macf1,plex_1,1.0,0.85,1.05,1.6,0.81,1.09,1.31,1.28,0.81,,,,,,,,,
Faf2,plex_1,0.89,1.06,1.24,2.2,1.1,0.96,1.08,0.89,1.03,,,,,,,,,
Rps25,plex_1,0.96,1.01,1.22,1.46,0.91,1.07,1.16,1.11,0.86,,,,,,,,,
Cyp3a16,plex_1,1.23,0.16,0.41,1.46,0.62,2.34,1.18,1.59,0.37,,,,,,,,,
Cyp3a16,plex_1,1.23,0.16,0.41,1.46,0.62,2.34,1.18,1.59,0.37,,,,,,,,,
Nubpl,plex_1,0.88,0.91,1.08,1.02,0.74,0.87,1.11,0.85,0.79,,,,,,,,,
Pgrmc2,plex_1,0.95,1.29,1.5,1.35,0.87,0.86,1.08,0.94,1.15,,,,,,,,,
Cyp2c68,plex_1,0.89,1.28,1.22,1.77,1.09,1.1,1.33,1.03,0.94,,,,,,,,,
Enpp1,plex_1,1.12,0.86,1.29,1.91,0.72,1.04,1.34,1.25,0.96,,,,,,,,,
Vps4b,plex_1,0.78,0.9,0.86,1.1,0.66,0.97,1.03,0.91,0.8,,,,,,,,,
Mrpl37,plex_1,1.55,1.1,1.15,1.79,1.19,1.23,1.71,1.65,0.75,,,,,,,,,
Fkbp15,plex_1,1.09,0.68,1.17,1.31,0.7,0.72,1.2,1.18,0.59,,,,,,,,,
Fkbp15,plex_1,1.09,0.68,1.17,1.31,0.7,0.72,1.2,1.18,0.59,,,,,,,,,
Fkbp15,plex_1,1.09,0.68,1.17,1.31,0.7,0.72,1.2,1.18,0.59,,,,,,,,,
Atp5j2,plex_1,0.82,1.12,1.05,1.24,0.78,0.91,1.13,1.0,0.7,,,,,,,,,
Ptms,plex_1,1.0,1.02,1.09,1.22,0.86,0.88,1.03,0.98,0.76,,,,,,,,,
Ugt1a9,plex_1,1.13,0.93,1.48,1.18,1.19,1.37,1.62,1.35,1.35,,,,,,,,,
Emc1,plex_1,1.18,1.13,1.07,1.47,0.91,0.99,1.19,1.18,0.95,,,,,,,,,
Emc1,plex_1,1.18,1.13,1.07,1.47,0.91,0.99,1.19,1.18,0.95,,,,,,,,,
Emc1,plex_1,1.18,1.13,1.07,1.47,0.91,0.99,1.19,1.18,0.95,,,,,,,,,
Emc1,plex_1,1.18,1.13,1.07,1.47,0.91,0.99,1.19,1.18,0.95,,,,,,,,,
Grn,plex_1,1.19,1.01,0.93,1.54,0.93,0.92,0.82,1.38,0.59,,,,,,,,,
Lsm12,plex_1,0.81,1.05,1.26,1.54,0.74,0.94,1.21,0.8,0.88,,,,,,,,,
Ssbp1,plex_1,1.56,1.11,1.48,2.24,1.45,1.78,1.53,1.72,1.35,,,,,,,,,
Rdh16,plex_1,0.92,1.09,1.39,1.27,0.72,1.22,1.18,1.7,1.13,,,,,,,,,
Slc37a4,plex_1,0.99,0.84,1.2,1.6,0.87,1.0,1.29,1.05,0.83,,,,,,,,,
Gbp6,plex_1,1.09,0.97,1.03,1.36,1.09,1.24,1.07,0.97,0.81,,,,,,,,,
Rcn2,plex_1,0.79,0.87,0.87,0.85,0.49,0.76,1.01,0.66,0.7,,,,,,,,,
Rcn2,plex_1,0.79,0.87,0.87,0.85,0.49,0.76,1.01,0.66,0.7,,,,,,,,,
Tnx,plex_1,0.88,0.96,0.86,1.19,0.71,0.89,0.95,1.05,0.72,,,,,,,,,
Cops3,plex_1,0.67,0.8,1.11,1.16,0.68,0.7,0.99,0.98,0.73,,,,,,,,,
Hmgb2,plex_1,0.86,0.91,1.03,1.23,1.27,0.95,1.12,0.78,0.7,,,,,,,,,
Hmgb2,plex_1,0.86,0.91,1.03,1.23,1.27,0.95,1.12,0.78,0.7,,,,,,,,,
Hmgb2,plex_1,0.86,0.91,1.03,1.23,1.27,0.95,1.12,0.78,0.7,,,,,,,,,
Hmgb2,plex_1,0.86,0.91,1.03,1.23,1.27,0.95,1.12,0.78,0.7,,,,,,,,,
Anxa11,plex_1,0.98,0.95,1.01,1.32,0.81,1.13,1.09,1.11,0.74,,,,,,,,,
Nln,plex_1,0.95,0.79,1.06,1.57,1.24,1.14,1.04,1.07,0.74,,,,,,,,,
Pxmp2,plex_1,1.14,1.16,1.44,2.31,1.05,1.03,1.43,2.01,0.99,,,,,,,,,
Pxmp2,plex_1,1.14,1.16,1.44,2.31,1.05,1.03,1.43,2.01,0.99,,,,,,,,,
Srm,plex_1,0.88,1.06,1.0,1.49,0.85,1.07,1.19,0.95,0.76,,,,,,,,,
Srm,plex_1,0.88,1.06,1.0,1.49,0.85,1.07,1.19,0.95,0.76,,,,,,,,,
Sult1c2,plex_1,0.89,0.99,0.88,1.29,0.71,1.22,1.04,0.88,0.77,,,,,,,,,
Tpm1,plex_1,1.34,0.68,0.81,1.06,0.72,0.83,1.22,1.02,0.81,,,,,,,,,
Prpf40a,plex_1,1.07,1.06,1.82,1.11,1.56,1.24,1.03,1.42,2.06,,,,,,,,,
Prpf40a,plex_1,1.07,1.06,1.82,1.11,1.56,1.24,1.03,1.42,2.06,,,,,,,,,
Nceh1,plex_1,1.08,1.03,1.01,1.39,0.84,1.13,1.49,1.13,0.86,,,,,,,,,
Rbm47,plex_1,0.85,0.99,0.97,1.02,0.78,0.93,1.13,0.94,0.88,,,,,,,,,
Gbp7,plex_1,0.9,0.78,1.15,1.34,1.11,1.3,1.02,0.96,0.58,,,,,,,,,
Gbp7,plex_1,0.9,0.78,1.15,1.34,1.11,1.3,1.02,0.96,0.58,,,,,,,,,
Gbp7,plex_1,0.9,0.78,1.15,1.34,1.11,1.3,1.02,0.96,0.58,,,,,,,,,
Actc1,plex_1,2.6,0.46,0.63,0.7,0.76,0.52,0.46,0.42,0.48,,,,,,,,,
Naglu,plex_1,1.12,0.89,1.19,1.25,1.06,1.18,0.96,1.08,0.9,,,,,,,,,
Naglu,plex_1,1.12,0.89,1.19,1.25,1.06,1.18,0.96,1.08,0.9,,,,,,,,,
Cox7a2l,plex_1,,,,,,,,,,,,,,,,,,
Cox7a2l,plex_1,,,,,,,,,,,,,,,,,,
Cox7a2l,plex_1,,,,,,,,,,,,,,,,,,
Sigmar1,plex_1,0.99,0.84,1.73,2.02,0.75,0.92,1.23,1.01,0.63,,,,,,,,,
Ranbp1,plex_1,1.02,0.88,1.04,1.22,0.94,1.01,1.2,0.87,0.86,,,,,,,,,
Ranbp1,plex_1,1.02,0.88,1.04,1.22,0.94,1.01,1.2,0.87,0.86,,,,,,,,,
Cyp3a13,plex_1,1.05,0.96,1.33,1.75,0.9,1.14,1.43,1.2,0.91,,,,,,,,,
Rab6a,plex_1,0.82,0.9,1.0,1.27,0.81,0.82,1.14,0.93,0.81,,,,,,,,,
Rab6a,plex_1,0.82,0.9,1.0,1.27,0.81,0.82,1.14,0.93,0.81,,,,,,,,,
Etf1,plex_1,1.18,0.85,1.04,1.22,0.83,1.01,1.08,0.93,0.87,,,,,,,,,
Tbrg4,plex_1,0.98,1.11,1.06,1.9,0.83,1.21,1.38,1.54,0.67,,,,,,,,,
Tbrg4,plex_1,0.98,1.11,1.06,1.9,0.83,1.21,1.38,1.54,0.67,,,,,,,,,
Asrgl1,plex_1,0.97,0.79,1.27,1.54,0.91,0.76,1.16,1.05,0.94,,,,,,,,,
Cops8,plex_1,1.09,1.04,1.04,1.22,1.05,0.78,0.96,0.99,0.92,,,,,,,,,
Ptpn6,plex_1,0.84,0.98,1.58,1.52,0.96,1.05,1.41,0.97,0.81,,,,,,,,,
Ptpn6,plex_1,0.84,0.98,1.58,1.52,0.96,1.05,1.41,0.97,0.81,,,,,,,,,
Ncln,plex_1,0.95,0.99,1.16,1.36,0.9,1.11,1.12,1.06,0.95,,,,,,,,,
Ncln,plex_1,0.95,0.99,1.16,1.36,0.9,1.11,1.12,1.06,0.95,,,,,,,,,
Mdp1,plex_1,1.07,0.89,1.05,1.66,0.77,2.13,0.93,1.59,0.79,,,,,,,,,
Srrm2,plex_1,0.89,0.95,0.99,1.21,0.71,0.87,0.99,0.91,0.81,,,,,,,,,
Srrm2,plex_1,0.89,0.95,0.99,1.21,0.71,0.87,0.99,0.91,0.81,,,,,,,,,
Pgp,plex_1,1.18,1.13,1.16,1.4,0.95,1.16,1.18,1.09,0.94,,,,,,,,,
Crkl,plex_1,0.89,1.18,0.99,1.45,1.02,0.98,1.11,1.06,0.83,,,,,,,,,
Chp1,plex_1,0.82,0.84,0.89,0.94,0.69,0.85,0.92,0.76,0.89,,,,,,,,,
Pdcd6,plex_1,0.8,0.99,1.16,1.37,0.95,0.98,1.11,1.02,0.79,,,,,,,,,
Pdcd6,plex_1,0.8,0.99,1.16,1.37,0.95,0.98,1.11,1.02,0.79,,,,,,,,,
Agfg2,plex_1,1.0,1.12,1.36,1.36,0.84,1.03,1.12,0.83,0.99,,,,,,,,,
Agfg2,plex_1,1.0,1.12,1.36,1.36,0.84,1.03,1.12,0.83,0.99,,,,,,,,,
Gtf2i,plex_1,0.62,1.03,1.34,1.42,0.74,0.7,0.96,1.0,1.0,,,,,,,,,
Gtf2i,plex_1,0.62,1.03,1.34,1.42,0.74,0.7,0.96,1.0,1.0,,,,,,,,,
Srrm1,plex_1,1.05,1.1,0.99,1.12,0.8,0.96,0.96,0.99,0.94,,,,,,,,,
Srrm1,plex_1,1.05,1.1,0.99,1.12,0.8,0.96,0.96,0.99,0.94,,,,,,,,,
Pvalb,plex_1,1.68,2.09,0.76,0.31,1.45,0.53,0.44,2.01,0.41,,,,,,,,,
,plex_1,0.99,0.97,1.0,1.2,0.75,0.94,1.03,1.09,0.82,,,,,,,,,
Cisd2,plex_1,0.78,0.92,0.9,1.18,0.7,1.02,0.77,0.7,0.82,,,,,,,,,
Cyp4v3,plex_1,0.86,0.81,0.84,1.11,0.81,0.84,1.0,1.0,0.79,,,,,,,,,
Taco1,plex_1,0.77,0.97,0.98,1.13,0.66,0.9,0.97,1.06,0.68,,,,,,,,,
Gm4756,plex_1,0.69,0.73,0.95,1.73,0.89,1.0,1.23,0.78,0.73,,,,,,,,,
Diaph1,plex_1,0.86,1.0,0.93,1.38,0.94,1.0,1.03,1.03,0.83,,,,,,,,,
Depdc6,plex_1,0.85,1.05,1.04,1.39,0.83,0.86,0.92,0.8,0.8,,,,,,,,,
Denr,plex_1,0.69,0.89,0.75,0.98,0.71,0.61,0.95,0.9,0.84,,,,,,,,,
Steap4,plex_1,0.96,1.14,1.0,1.45,0.89,1.01,1.13,1.0,0.85,,,,,,,,,
Armc1,plex_1,0.92,0.92,1.38,1.45,0.68,0.8,0.89,0.81,0.63,,,,,,,,,
Ap2a1,plex_1,1.0,1.3,1.33,1.62,1.17,0.89,0.89,1.04,1.06,,,,,,,,,
Ap2a1,plex_1,1.0,1.3,1.33,1.62,1.17,0.89,0.89,1.04,1.06,,,,,,,,,
Bms1,plex_1,0.8,0.91,1.07,1.04,0.42,0.43,0.94,0.78,0.75,,,,,,,,,
Bms1,plex_1,0.8,0.91,1.07,1.04,0.42,0.43,0.94,0.78,0.75,,,,,,,,,
Bms1,plex_1,0.8,0.91,1.07,1.04,0.42,0.43,0.94,0.78,0.75,,,,,,,,,
Psmf1,plex_1,0.71,0.92,0.82,1.04,0.74,1.08,1.09,1.25,0.82,,,,,,,,,
Tcerg1,plex_1,1.5,0.85,1.21,0.94,0.66,0.96,1.0,0.92,0.81,,,,,,,,,
Tcerg1,plex_1,1.5,0.85,1.21,0.94,0.66,0.96,1.0,0.92,0.81,,,,,,,,,
Stxbp3,plex_1,0.78,0.76,1.04,1.15,0.8,1.15,0.94,1.42,1.0,,,,,,,,,
Stxbp3,plex_1,0.78,0.76,1.04,1.15,0.8,1.15,0.94,1.42,1.0,,,,,,,,,
Cyp4a10,plex_1,0.84,1.18,0.87,1.57,0.54,1.24,2.42,2.37,0.79,,,,,,,,,
Fam213b,plex_1,0.9,1.08,1.2,1.41,0.81,0.81,1.01,1.02,0.88,,,,,,,,,
Mycbp,plex_1,0.92,0.97,0.94,1.63,1.0,1.21,1.16,1.01,0.88,,,,,,,,,
Ist1,plex_1,0.84,0.69,0.98,1.24,0.63,0.84,1.06,1.01,0.83,,,,,,,,,
Crat,plex_1,0.83,1.18,0.99,1.66,0.79,1.01,1.46,1.11,1.08,,,,,,,,,
Crat,plex_1,0.83,1.18,0.99,1.66,0.79,1.01,1.46,1.11,1.08,,,,,,,,,
,plex_1,0.46,1.11,1.28,0.47,1.08,1.09,0.64,0.92,1.92,,,,,,,,,
Tex264,plex_1,0.97,1.13,0.89,1.44,0.66,1.21,0.84,1.46,0.97,,,,,,,,,
Tex264,plex_1,0.97,1.13,0.89,1.44,0.66,1.21,0.84,1.46,0.97,,,,,,,,,
Tex264,plex_1,0.97,1.13,0.89,1.44,0.66,1.21,0.84,1.46,0.97,,,,,,,,,
Snrpb,plex_1,0.9,0.98,0.98,1.21,0.88,0.86,1.11,1.02,0.77,,,,,,,,,
U2surp,plex_1,0.97,1.0,0.96,1.25,0.75,0.88,0.92,0.89,0.92,,,,,,,,,
Efl1,plex_1,0.95,0.99,0.9,1.38,0.85,0.99,1.41,0.87,1.0,,,,,,,,,
Bpgm,plex_1,1.44,1.41,0.81,1.21,0.98,1.05,0.92,0.8,0.87,,,,,,,,,
Cacybp,plex_1,0.97,0.85,1.01,1.06,0.53,0.86,0.75,0.79,0.71,,,,,,,,,
Myh14,plex_1,0.74,1.02,0.8,1.48,1.07,0.88,0.9,0.8,0.53,,,,,,,,,
Myh14,plex_1,0.74,1.02,0.8,1.48,1.07,0.88,0.9,0.8,0.53,,,,,,,,,
Apoa5,plex_1,0.84,1.1,1.32,1.57,0.94,1.03,0.84,0.77,0.67,,,,,,,,,
Cyp2b13,plex_1,1.18,0.99,1.17,1.72,0.96,0.85,1.09,1.2,0.98,,,,,,,,,
Atxn2,plex_1,0.98,1.07,1.18,1.57,0.85,1.09,1.1,1.05,0.87,,,,,,,,,
Rbpms2,plex_1,0.92,0.88,1.13,1.14,0.92,0.99,1.12,0.87,0.76,,,,,,,,,
Rbpms2,plex_1,0.92,0.88,1.13,1.14,0.92,0.99,1.12,0.87,0.76,,,,,,,,,
Atp1b3,plex_1,1.11,1.41,1.16,1.55,0.74,0.93,1.06,1.01,0.89,,,,,,,,,
Tmem33,plex_1,1.0,1.03,1.33,1.83,1.03,1.17,1.23,1.14,0.74,,,,,,,,,
Tmem33,plex_1,1.0,1.03,1.33,1.83,1.03,1.17,1.23,1.14,0.74,,,,,,,,,
Tmem33,plex_1,1.0,1.03,1.33,1.83,1.03,1.17,1.23,1.14,0.74,,,,,,,,,
Arf5,plex_1,0.96,0.93,1.18,1.34,0.81,1.06,1.14,1.05,0.95,,,,,,,,,
Ckap5,plex_1,1.11,1.2,1.19,1.34,1.05,1.14,1.15,1.05,1.06,,,,,,,,,
Ckap5,plex_1,1.11,1.2,1.19,1.34,1.05,1.14,1.15,1.05,1.06,,,,,,,,,
Ckap5,plex_1,1.11,1.2,1.19,1.34,1.05,1.14,1.15,1.05,1.06,,,,,,,,,
Slc2a9,plex_1,1.69,1.25,1.73,1.96,1.11,1.55,1.74,1.61,0.86,,,,,,,,,
Slc2a9,plex_1,1.69,1.25,1.73,1.96,1.11,1.55,1.74,1.61,0.86,,,,,,,,,
Slc2a9,plex_1,1.69,1.25,1.73,1.96,1.11,1.55,1.74,1.61,0.86,,,,,,,,,
Slc2a9,plex_1,1.69,1.25,1.73,1.96,1.11,1.55,1.74,1.61,0.86,,,,,,,,,
Ugt3a1,plex_1,1.15,0.97,1.12,1.75,1.02,1.33,1.53,1.23,0.98,,,,,,,,,
Des,plex_1,1.63,1.18,1.15,1.62,0.65,1.04,1.63,1.46,0.99,,,,,,,,,
Des,plex_1,1.63,1.18,1.15,1.62,0.65,1.04,1.63,1.46,0.99,,,,,,,,,
Tbl2,plex_1,0.93,0.98,0.96,1.45,0.86,0.88,1.07,1.03,0.66,,,,,,,,,
Top2b,plex_1,1.04,1.08,1.04,1.7,0.86,1.08,1.24,1.2,1.05,,,,,,,,,
Mrps2,plex_1,0.98,1.19,1.41,1.63,1.07,1.26,1.18,1.19,0.97,,,,,,,,,
H13,plex_1,1.25,0.89,1.48,2.34,0.82,1.32,1.5,1.07,1.06,,,,,,,,,
Ero1a,plex_1,1.18,1.07,1.3,1.49,0.8,1.36,1.02,0.93,0.9,,,,,,,,,
Ero1l,plex_1,1.18,1.07,1.3,1.49,0.8,1.36,1.02,0.93,0.9,,,,,,,,,
Spcs2,plex_1,1.09,1.27,0.98,1.08,1.02,1.19,1.0,1.01,1.24,,,,,,,,,
Spcs2,plex_1,1.09,1.27,0.98,1.08,1.02,1.19,1.0,1.01,1.24,,,,,,,,,
Ap3b1,plex_1,0.95,1.39,1.08,2.06,1.13,1.08,1.68,1.1,1.19,,,,,,,,,
Snx12,plex_1,0.96,0.85,0.91,1.17,0.76,0.78,1.0,1.07,0.74,,,,,,,,,
Snx12,plex_1,0.96,0.85,0.91,1.17,0.76,0.78,1.0,1.07,0.74,,,,,,,,,
Snx12,plex_1,0.96,0.85,0.91,1.17,0.76,0.78,1.0,1.07,0.74,,,,,,,,,
Snu13,plex_1,0.91,0.92,1.06,1.06,0.84,0.93,1.03,0.98,0.78,,,,,,,,,
Mcu,plex_1,0.63,0.71,0.91,1.17,0.95,1.15,0.78,1.07,0.86,,,,,,,,,
Cyp2c69,plex_1,1.25,0.66,0.65,1.55,0.83,3.26,3.12,1.23,0.16,,,,,,,,,
Tap2,plex_1,0.9,1.1,1.16,1.51,1.85,0.92,1.14,0.96,0.78,,,,,,,,,
Tap2,plex_1,0.9,1.1,1.16,1.51,1.85,0.92,1.14,0.96,0.78,,,,,,,,,
Serping1,plex_1,1.14,1.05,1.12,1.32,0.87,1.04,1.01,0.96,0.57,,,,,,,,,
Tmco1,plex_1,0.82,1.04,1.82,2.16,1.5,1.8,1.78,1.93,1.55,,,,,,,,,
Tmco1,plex_1,0.82,1.04,1.82,2.16,1.5,1.8,1.78,1.93,1.55,,,,,,,,,
Tmco1,plex_1,0.82,1.04,1.82,2.16,1.5,1.8,1.78,1.93,1.55,,,,,,,,,
Scarb2,plex_1,1.03,1.25,1.34,1.62,1.09,0.91,0.98,1.05,0.77,,,,,,,,,
Ssr1,plex_1,1.0,1.0,1.06,1.49,0.89,0.95,1.07,1.01,0.71,,,,,,,,,
Ssr1,plex_1,1.0,1.0,1.06,1.49,0.89,0.95,1.07,1.01,0.71,,,,,,,,,
Afm,plex_1,1.26,1.05,0.98,1.25,0.71,1.15,0.85,1.04,0.67,,,,,,,,,
Rhot1,plex_1,1.21,1.29,1.32,0.91,0.6,0.71,0.84,0.94,0.44,,,,,,,,,
Rhot1,plex_1,1.21,1.29,1.32,0.91,0.6,0.71,0.84,0.94,0.44,,,,,,,,,
Rhot1,plex_1,1.21,1.29,1.32,0.91,0.6,0.71,0.84,0.94,0.44,,,,,,,,,
Rhot1,plex_1,1.21,1.29,1.32,0.91,0.6,0.71,0.84,0.94,0.44,,,,,,,,,
Dnph1,plex_1,0.86,0.77,1.01,1.22,0.73,1.07,1.15,0.98,0.84,,,,,,,,,
Eif2b4,plex_1,0.88,1.07,1.02,1.27,0.64,1.0,1.05,1.01,0.74,,,,,,,,,
Mrpl21,plex_1,1.09,0.81,1.16,1.17,0.6,1.01,1.16,1.1,0.87,,,,,,,,,
Slc25a45,plex_1,0.96,0.88,1.2,1.23,0.87,0.85,1.13,0.96,0.86,,,,,,,,,
Gns,plex_1,0.74,0.65,1.03,1.21,0.8,0.75,0.82,0.79,0.54,,,,,,,,,
Stt3b,plex_1,1.06,0.97,1.14,1.48,0.82,0.99,0.8,0.82,0.57,,,,,,,,,
Stt3b,plex_1,1.06,0.97,1.14,1.48,0.82,0.99,0.8,0.82,0.57,,,,,,,,,
Zc3hav1,plex_1,0.73,0.61,0.88,1.41,0.88,0.89,1.02,1.1,0.82,,,,,,,,,
Usp9x,plex_1,0.92,1.0,1.15,1.47,0.87,0.96,1.05,1.08,0.9,,,,,,,,,
Copz1,plex_1,1.05,1.0,1.13,1.36,0.87,0.95,1.16,1.07,0.89,,,,,,,,,
Copz1,plex_1,1.05,1.0,1.13,1.36,0.87,0.95,1.16,1.07,0.89,,,,,,,,,
Caprin1,plex_1,0.71,1.1,0.89,1.06,0.75,0.77,0.96,0.87,0.76,,,,,,,,,
Clu,plex_1,1.27,1.18,1.05,1.26,0.92,1.09,0.88,0.95,0.67,,,,,,,,,
Mrpl13,plex_1,0.82,0.94,1.39,1.61,0.97,0.78,1.25,1.17,0.72,,,,,,,,,
Mrpl13,plex_1,0.82,0.94,1.39,1.61,0.97,0.78,1.25,1.17,0.72,,,,,,,,,
Sbds,plex_1,1.06,1.04,1.27,1.16,1.15,1.09,1.08,1.22,1.29,,,,,,,,,
Araf,plex_1,0.92,0.73,0.99,1.18,0.84,0.83,1.02,1.56,0.83,,,,,,,,,
,plex_1,1.58,0.62,0.23,0.81,0.47,0.39,0.49,0.65,0.58,,,,,,,,,
Mesdc2,plex_1,1.04,0.95,0.93,1.2,0.79,0.82,1.01,0.93,0.8,,,,,,,,,
Map2k1,plex_1,0.92,1.04,1.07,1.42,0.78,1.13,1.28,1.14,0.86,,,,,,,,,
Gyg,plex_1,1.07,0.88,1.15,1.36,1.02,0.96,0.76,1.23,0.59,,,,,,,,,
Gyg,plex_1,1.07,0.88,1.15,1.36,1.02,0.96,0.76,1.23,0.59,,,,,,,,,
Gyg1,plex_1,1.07,0.88,1.15,1.36,1.02,0.96,0.76,1.23,0.59,,,,,,,,,
Gnas,plex_1,1.11,0.98,0.97,1.29,0.7,0.82,1.07,0.83,0.7,,,,,,,,,
Apoc3,plex_1,0.9,1.13,0.99,1.31,0.68,1.01,0.87,0.9,0.7,,,,,,,,,
Atp6v1e1,plex_1,0.9,0.86,1.03,1.14,0.92,1.06,0.94,0.89,0.79,,,,,,,,,
Ciapin1,plex_1,1.32,1.48,1.48,1.94,1.3,1.38,1.17,1.37,0.98,,,,,,,,,
Os9,plex_1,0.68,0.93,1.08,1.42,0.69,0.88,1.19,1.1,0.61,,,,,,,,,
Chchd4,plex_1,1.91,1.55,1.88,2.56,0.72,1.55,2.31,1.95,0.77,,,,,,,,,
Cuta,plex_1,0.67,0.69,0.53,0.94,0.68,0.84,0.57,0.68,0.39,,,,,,,,,
Cuta,plex_1,0.67,0.69,0.53,0.94,0.68,0.84,0.57,0.68,0.39,,,,,,,,,
Ipo7,plex_1,0.74,0.88,0.96,1.25,0.66,0.81,1.05,0.92,0.77,,,,,,,,,
Ldlr,plex_1,1.27,1.0,0.89,1.03,0.61,0.78,0.98,0.81,0.78,,,,,,,,,
Fam134c,plex_1,0.78,0.94,1.08,1.28,0.97,0.9,1.98,0.81,0.96,,,,,,,,,
Fam134c,plex_1,0.78,0.94,1.08,1.28,0.97,0.9,1.98,0.81,0.96,,,,,,,,,
Rpl35,plex_1,0.98,1.07,1.08,1.38,0.81,1.06,1.22,1.14,0.84,,,,,,,,,
Mrpl38,plex_1,0.99,1.01,1.14,1.47,0.83,1.21,1.1,1.26,0.88,,,,,,,,,
Ube3a,plex_1,0.83,1.15,1.02,1.26,0.74,0.99,1.02,1.02,0.78,,,,,,,,,
Srsf7,plex_1,0.8,1.04,0.93,1.39,1.07,0.87,1.2,1.21,0.79,,,,,,,,,
Srsf7,plex_1,0.8,1.04,0.93,1.39,1.07,0.87,1.2,1.21,0.79,,,,,,,,,
Srsf7,plex_1,0.8,1.04,0.93,1.39,1.07,0.87,1.2,1.21,0.79,,,,,,,,,
Srsf7,plex_1,0.8,1.04,0.93,1.39,1.07,0.87,1.2,1.21,0.79,,,,,,,,,
Sec16b,plex_1,1.03,0.91,1.43,1.43,1.26,1.01,1.72,1.48,0.87,,,,,,,,,
Raly,plex_1,0.88,1.09,1.44,1.55,0.85,1.17,1.27,1.05,0.89,,,,,,,,,
Raly,plex_1,0.88,1.09,1.44,1.55,0.85,1.17,1.27,1.05,0.89,,,,,,,,,
Raly,plex_1,0.88,1.09,1.44,1.55,0.85,1.17,1.27,1.05,0.89,,,,,,,,,
Psme3,plex_1,0.69,0.98,1.06,1.35,1.1,0.97,1.12,1.03,0.7,,,,,,,,,
Lrba,plex_1,0.77,1.08,1.08,1.04,0.75,0.9,0.94,0.94,0.86,,,,,,,,,
Lrba,plex_1,0.77,1.08,1.08,1.04,0.75,0.9,0.94,0.94,0.86,,,,,,,,,
Fam213a,plex_1,1.03,0.77,1.16,1.13,0.72,1.07,1.16,1.16,1.02,,,,,,,,,
Tmpo,plex_1,1.14,1.27,1.07,1.21,0.85,1.25,1.05,1.14,0.75,,,,,,,,,
Dag1,plex_1,0.93,1.24,1.13,1.13,0.54,0.77,0.99,0.85,0.72,,,,,,,,,
Mrpl41,plex_1,1.05,0.83,1.19,1.45,0.7,0.8,1.2,1.22,0.82,,,,,,,,,
Mllt4,plex_1,0.86,0.92,0.9,1.11,0.66,0.83,1.29,0.79,0.79,,,,,,,,,
Nsun2,plex_1,1.09,1.55,1.49,1.22,0.92,1.14,1.14,1.02,0.99,,,,,,,,,
Csrp3,plex_1,0.98,1.12,0.89,1.17,0.71,0.87,1.02,0.77,0.88,,,,,,,,,
Chm,plex_1,0.82,1.35,1.43,0.67,0.75,,1.19,,,,,,,,,,,
Prkar1a,plex_1,1.27,1.26,1.37,1.87,0.93,1.19,1.2,1.21,1.03,,,,,,,,,
Pcbd2,plex_1,0.84,0.86,1.01,1.21,0.65,0.97,1.0,0.99,0.7,,,,,,,,,
Paqr9,plex_1,0.58,0.83,0.93,1.08,0.64,0.82,1.51,1.61,1.09,,,,,,,,,
Cd36,plex_1,1.06,1.03,0.98,1.48,0.64,1.29,1.31,1.24,1.08,,,,,,,,,
Athl1,plex_1,0.66,0.6,1.05,1.47,0.71,0.99,1.0,0.93,1.0,,,,,,,,,
Nup214,plex_1,0.97,1.37,1.1,0.91,0.47,0.62,0.84,0.74,0.81,,,,,,,,,
Rnaset2,plex_1,0.89,0.81,1.03,1.59,0.85,1.01,1.05,0.86,0.83,,,,,,,,,
Fkbp1a,plex_1,1.43,1.29,1.53,1.78,1.6,1.49,1.55,1.2,1.29,,,,,,,,,
Fkbp1a,plex_1,1.43,1.29,1.53,1.78,1.6,1.49,1.55,1.2,1.29,,,,,,,,,
Etnppl,plex_1,0.81,0.89,1.05,1.11,0.64,0.77,1.1,1.18,0.72,,,,,,,,,
Wbp11,plex_1,0.91,1.05,1.33,1.49,0.94,0.82,1.19,1.01,0.79,,,,,,,,,
Wbp11,plex_1,0.91,1.05,1.33,1.49,0.94,0.82,1.19,1.01,0.79,,,,,,,,,
Wbp11,plex_1,0.91,1.05,1.33,1.49,0.94,0.82,1.19,1.01,0.79,,,,,,,,,
Snrnp70,plex_1,0.8,1.12,1.15,1.41,0.83,0.94,1.08,1.07,0.84,,,,,,,,,
Ppp6c,plex_1,1.02,1.17,1.18,1.6,1.12,1.12,1.15,1.21,0.98,,,,,,,,,
Vps29,plex_1,0.98,1.0,1.27,1.49,0.84,1.02,1.12,1.04,0.81,,,,,,,,,
Vps29,plex_1,0.98,1.0,1.27,1.49,0.84,1.02,1.12,1.04,0.81,,,,,,,,,
Vps29,plex_1,0.98,1.0,1.27,1.49,0.84,1.02,1.12,1.04,0.81,,,,,,,,,
Ccdc51,plex_1,1.09,1.29,1.57,1.73,0.87,1.14,1.52,1.41,1.04,,,,,,,,,
Ccdc51,plex_1,1.09,1.29,1.57,1.73,0.87,1.14,1.52,1.41,1.04,,,,,,,,,
Snap29,plex_1,1.09,1.22,0.97,1.56,0.93,1.19,1.25,1.21,1.06,,,,,,,,,
Slc16a2,plex_1,0.92,0.94,0.9,1.25,0.87,0.83,1.24,0.99,0.72,,,,,,,,,
Xpct,plex_1,0.92,0.94,0.9,1.25,0.87,0.83,1.24,0.99,0.72,,,,,,,,,
Iscu,plex_1,0.64,0.68,0.76,1.39,0.56,0.91,1.18,1.01,0.64,,,,,,,,,
Iscu,plex_1,0.64,0.68,0.76,1.39,0.56,0.91,1.18,1.01,0.64,,,,,,,,,
Oxsr1,plex_1,1.08,1.33,1.62,1.92,1.42,1.23,1.7,1.08,1.15,,,,,,,,,
Prkaa2,plex_1,1.49,1.34,1.37,1.25,1.24,1.14,1.3,1.39,1.23,,,,,,,,,
Mrps30,plex_1,0.91,0.91,1.06,1.16,0.63,0.81,0.81,0.66,0.57,,,,,,,,,
Cpne1,plex_1,1.11,1.25,1.47,1.76,1.12,1.13,1.25,1.28,1.18,,,,,,,,,
Cpne1,plex_1,1.11,1.25,1.47,1.76,1.12,1.13,1.25,1.28,1.18,,,,,,,,,
Ighg3,plex_1,1.06,0.78,0.4,1.23,1.1,0.81,0.67,0.79,0.42,,,,,,,,,
,plex_1,1.06,0.78,0.4,1.23,1.1,0.81,0.67,0.79,0.42,,,,,,,,,
Rsl1d1,plex_1,0.83,1.24,1.11,1.37,0.75,0.81,1.15,0.99,0.72,,,,,,,,,
Rsl1d1,plex_1,0.83,1.24,1.11,1.37,0.75,0.81,1.15,0.99,0.72,,,,,,,,,
Rsl1d1,plex_1,0.83,1.24,1.11,1.37,0.75,0.81,1.15,0.99,0.72,,,,,,,,,
Rsl1d1,plex_1,0.83,1.24,1.11,1.37,0.75,0.81,1.15,0.99,0.72,,,,,,,,,
Rsl1d1,plex_1,0.83,1.24,1.11,1.37,0.75,0.81,1.15,0.99,0.72,,,,,,,,,
Rsl1d1,plex_1,0.83,1.24,1.11,1.37,0.75,0.81,1.15,0.99,0.72,,,,,,,,,
Rsl1d1,plex_1,0.83,1.24,1.11,1.37,0.75,0.81,1.15,0.99,0.72,,,,,,,,,
Dpysl3,plex_1,1.41,0.87,1.43,1.19,0.82,0.77,1.82,1.44,1.21,,,,,,,,,
Dpysl3,plex_1,1.41,0.87,1.43,1.19,0.82,0.77,1.82,1.44,1.21,,,,,,,,,
Dpysl3,plex_1,1.41,0.87,1.43,1.19,0.82,0.77,1.82,1.44,1.21,,,,,,,,,
Uqcrq,plex_1,0.76,1.23,1.09,1.23,0.58,0.85,1.1,1.08,0.71,,,,,,,,,
Mrps5,plex_1,1.08,1.18,1.36,1.87,0.89,1.46,1.31,1.22,0.87,,,,,,,,,
Mrps5,plex_1,1.08,1.18,1.36,1.87,0.89,1.46,1.31,1.22,0.87,,,,,,,,,
Ap2s1,plex_1,1.02,0.76,1.15,1.42,0.89,0.98,0.96,0.9,0.75,,,,,,,,,
Tsfm,plex_1,0.81,0.77,0.77,1.06,0.58,0.89,1.05,0.92,0.74,,,,,,,,,
Tsfm,plex_1,0.81,0.77,0.77,1.06,0.58,0.89,1.05,0.92,0.74,,,,,,,,,
Kank2,plex_1,1.03,1.38,1.29,1.52,0.76,0.89,1.01,1.08,0.9,,,,,,,,,
Ighg,plex_1,1.38,0.55,0.71,1.56,1.78,0.89,0.76,1.11,0.57,,,,,,,,,
Igh-1a,plex_1,1.38,0.55,0.71,1.56,1.78,0.89,0.76,1.11,0.57,,,,,,,,,
,plex_1,1.27,1.4,1.2,1.19,1.23,1.15,1.18,0.75,0.91,,,,,,,,,
Col4a2,plex_1,1.01,0.92,0.96,1.49,0.97,0.87,1.02,1.11,0.94,,,,,,,,,
Reps1,plex_1,0.9,1.17,0.76,1.25,0.88,0.91,0.92,0.87,0.59,,,,,,,,,
Reps1,plex_1,0.9,1.17,0.76,1.25,0.88,0.91,0.92,0.87,0.59,,,,,,,,,
Smarcc2,plex_1,1.13,1.08,1.28,1.64,0.86,1.12,1.11,1.03,0.88,,,,,,,,,
Smarcc2,plex_1,1.13,1.08,1.28,1.64,0.86,1.12,1.11,1.03,0.88,,,,,,,,,
Smarcc2,plex_1,1.13,1.08,1.28,1.64,0.86,1.12,1.11,1.03,0.88,,,,,,,,,
Cers2,plex_1,0.83,1.12,1.14,1.28,0.61,0.87,0.94,0.79,0.62,,,,,,,,,
Pabpc4,plex_1,1.08,1.14,1.43,1.36,1.38,1.4,1.33,1.43,1.29,,,,,,,,,
Pabpc4,plex_1,1.08,1.14,1.43,1.36,1.38,1.4,1.33,1.43,1.29,,,,,,,,,
Pabpc4,plex_1,1.08,1.14,1.43,1.36,1.38,1.4,1.33,1.43,1.29,,,,,,,,,
Akr1e2,plex_1,1.04,1.12,1.15,1.58,1.24,1.19,1.38,1.08,1.02,,,,,,,,,
U2af1,plex_1,0.94,0.94,0.91,1.68,0.9,0.92,1.34,1.3,0.7,,,,,,,,,
Orm1,plex_1,1.14,1.12,0.9,0.92,0.97,1.45,1.06,1.1,0.7,,,,,,,,,
C2cd2l,plex_1,1.3,1.47,1.7,2.45,1.28,1.11,2.24,1.16,1.04,,,,,,,,,
Parva,plex_1,1.01,1.4,0.99,1.68,0.8,1.03,1.08,1.05,0.93,,,,,,,,,
Parva,plex_1,1.01,1.4,0.99,1.68,0.8,1.03,1.08,1.05,0.93,,,,,,,,,
Xpo1,plex_1,0.82,0.94,1.02,1.33,0.79,0.9,1.11,1.01,0.81,,,,,,,,,
Nt5e,plex_1,0.68,0.95,0.7,1.24,0.81,1.04,0.88,0.84,0.64,,,,,,,,,
Sra1,plex_1,0.84,0.78,1.0,1.32,0.72,0.79,0.98,0.79,0.65,,,,,,,,,
Slc22a18,plex_1,1.01,0.81,1.07,1.41,1.06,0.89,0.96,0.74,0.98,,,,,,,,,
Slc22a18,plex_1,1.01,0.81,1.07,1.41,1.06,0.89,0.96,0.74,0.98,,,,,,,,,
Slc22a18,plex_1,1.01,0.81,1.07,1.41,1.06,0.89,0.96,0.74,0.98,,,,,,,,,
,plex_1,1.0,0.86,1.31,1.73,1.18,0.96,1.17,0.9,0.86,,,,,,,,,
Atg7,plex_1,0.82,0.89,1.11,1.57,0.88,1.25,1.16,1.21,0.79,,,,,,,,,
Erh,plex_1,0.9,0.94,1.13,1.18,0.78,1.13,1.08,0.89,0.78,,,,,,,,,
Erh,plex_1,0.9,0.94,1.13,1.18,0.78,1.13,1.08,0.89,0.78,,,,,,,,,
Cox7a2,plex_1,0.83,0.87,0.9,1.41,0.83,1.0,1.06,1.29,0.71,,,,,,,,,
Msrb1,plex_1,1.04,1.87,1.17,1.43,1.35,1.24,2.1,1.28,1.13,,,,,,,,,
Tjp3,plex_1,1.57,1.46,1.74,1.76,1.39,1.77,1.43,1.59,1.28,,,,,,,,,
Tjp3,plex_1,1.57,1.46,1.74,1.76,1.39,1.77,1.43,1.59,1.28,,,,,,,,,
Tjp3,plex_1,1.57,1.46,1.74,1.76,1.39,1.77,1.43,1.59,1.28,,,,,,,,,
Smarca5,plex_1,1.0,0.85,0.91,1.38,0.73,1.0,1.14,0.95,0.84,,,,,,,,,
Magohb,plex_1,1.1,1.05,1.03,1.23,1.07,0.9,0.94,0.94,0.83,,,,,,,,,
Magoh,plex_1,1.1,1.05,1.03,1.23,1.07,0.9,0.94,0.94,0.83,,,,,,,,,
Magohb,plex_1,1.1,1.05,1.03,1.23,1.07,0.9,0.94,0.94,0.83,,,,,,,,,
Gypc,plex_1,1.08,0.95,1.46,1.54,0.93,1.03,0.84,0.78,0.93,,,,,,,,,
Gypc,plex_1,1.08,0.95,1.46,1.54,0.93,1.03,0.84,0.78,0.93,,,,,,,,,
Gypc,plex_1,1.08,0.95,1.46,1.54,0.93,1.03,0.84,0.78,0.93,,,,,,,,,
Stat3,plex_1,0.96,1.06,0.99,1.32,0.94,1.07,1.14,1.05,0.79,,,,,,,,,
Stat3,plex_1,0.96,1.06,0.99,1.32,0.94,1.07,1.14,1.05,0.79,,,,,,,,,
Iba57,plex_1,0.93,0.71,0.79,1.41,0.67,0.84,1.55,0.88,0.72,,,,,,,,,
Uba3,plex_1,0.7,0.63,0.88,0.77,0.88,0.76,1.05,0.88,0.78,,,,,,,,,
Uba3,plex_1,0.7,0.63,0.88,0.77,0.88,0.76,1.05,0.88,0.78,,,,,,,,,
Uba3,plex_1,0.7,0.63,0.88,0.77,0.88,0.76,1.05,0.88,0.78,,,,,,,,,
Agpat2,plex_1,0.92,0.89,1.1,1.49,0.84,0.86,0.87,1.01,0.68,,,,,,,,,
Mrps35,plex_1,0.87,1.25,1.0,1.3,0.84,1.48,1.01,1.47,0.8,,,,,,,,,
Ndufv3,plex_1,0.93,0.98,0.7,1.26,0.65,0.95,1.11,1.21,0.77,,,,,,,,,
Pafah1b2,plex_1,1.01,0.83,1.07,1.23,0.98,1.13,1.34,1.06,0.98,,,,,,,,,
Fam210a,plex_1,0.66,0.92,0.87,1.32,0.8,1.01,1.03,1.26,0.68,,,,,,,,,
Hmgn5,plex_1,1.48,0.82,1.05,1.67,1.01,1.0,1.32,1.89,0.91,,,,,,,,,
Ppp5c,plex_1,1.03,1.4,1.16,1.23,0.76,0.94,1.28,1.36,0.92,,,,,,,,,
Oxr1,plex_1,0.8,0.56,0.81,0.96,0.52,0.6,1.16,0.8,0.56,,,,,,,,,
Oxr1,plex_1,0.8,0.56,0.81,0.96,0.52,0.6,1.16,0.8,0.56,,,,,,,,,
Fmo2,plex_1,1.17,0.98,1.04,1.28,0.76,0.89,1.13,1.07,0.93,,,,,,,,,
Fetub,plex_1,1.26,1.3,0.95,1.6,1.11,0.85,1.19,1.22,0.67,,,,,,,,,
Rpl36,plex_1,0.93,0.96,1.05,1.31,0.91,1.02,1.21,1.18,0.81,,,,,,,,,
Rpl36-ps3,plex_1,0.93,0.96,1.05,1.31,0.91,1.02,1.21,1.18,0.81,,,,,,,,,
Rpl36,plex_1,0.93,0.96,1.05,1.31,0.91,1.02,1.21,1.18,0.81,,,,,,,,,
Ciao1,plex_1,1.1,1.24,1.31,1.73,0.9,1.59,1.41,1.89,0.93,,,,,,,,,
Ciao1,plex_1,1.1,1.24,1.31,1.73,0.9,1.59,1.41,1.89,0.93,,,,,,,,,
Ciao1,plex_1,1.1,1.24,1.31,1.73,0.9,1.59,1.41,1.89,0.93,,,,,,,,,
Cyp2a22,plex_1,0.55,0.79,0.64,0.87,0.57,1.02,1.18,0.79,0.71,,,,,,,,,
Map7,plex_1,0.63,0.77,1.06,1.39,0.73,0.83,1.12,1.42,0.97,,,,,,,,,
Gfer,plex_1,0.99,0.78,1.09,1.12,0.83,1.19,0.56,1.19,0.67,,,,,,,,,
Adprhl2,plex_1,0.87,0.72,0.98,1.09,0.85,0.93,1.03,0.89,0.86,,,,,,,,,
Adprhl2,plex_1,0.87,0.72,0.98,1.09,0.85,0.93,1.03,0.89,0.86,,,,,,,,,
Fam136a,plex_1,1.05,0.78,0.76,1.24,0.9,1.04,1.13,1.1,0.83,,,,,,,,,
Pex14,plex_1,0.92,1.07,1.02,1.49,0.89,1.07,1.22,0.91,0.89,,,,,,,,,
Pdk2,plex_1,1.01,1.05,1.08,1.35,1.04,1.21,1.12,1.24,0.95,,,,,,,,,
Snw1,plex_1,1.06,0.9,0.88,1.13,1.01,0.93,1.41,1.16,0.83,,,,,,,,,
Rai14,plex_1,0.99,1.09,1.06,1.13,0.91,0.89,0.98,0.77,0.75,,,,,,,,,
Dcn,plex_1,2.97,0.77,0.68,1.2,1.19,0.74,0.83,0.91,0.6,,,,,,,,,
Dcn,plex_1,2.97,0.77,0.68,1.2,1.19,0.74,0.83,0.91,0.6,,,,,,,,,
Abcd2,plex_1,1.26,0.88,0.9,1.36,1.13,1.31,1.42,1.2,0.88,,,,,,,,,
Tmem205,plex_1,0.83,0.79,0.92,1.42,0.78,0.98,1.11,0.94,0.83,,,,,,,,,
Cd47,plex_1,0.7,0.67,1.05,1.19,0.6,0.84,1.24,0.83,0.65,,,,,,,,,
Cd47,plex_1,0.7,0.67,1.05,1.19,0.6,0.84,1.24,0.83,0.65,,,,,,,,,
Phpt1,plex_1,0.81,0.86,1.02,1.32,0.75,0.93,1.03,0.92,0.85,,,,,,,,,
Nfia,plex_1,0.86,0.86,0.98,1.18,0.73,0.77,0.75,0.69,0.87,,,,,,,,,
Nfia,plex_1,0.86,0.86,0.98,1.18,0.73,0.77,0.75,0.69,0.87,,,,,,,,,
Nfia,plex_1,0.86,0.86,0.98,1.18,0.73,0.77,0.75,0.69,0.87,,,,,,,,,
Nfia,plex_1,0.86,0.86,0.98,1.18,0.73,0.77,0.75,0.69,0.87,,,,,,,,,
Nfia,plex_1,0.86,0.86,0.98,1.18,0.73,0.77,0.75,0.69,0.87,,,,,,,,,
Nfia,plex_1,0.86,0.86,0.98,1.18,0.73,0.77,0.75,0.69,0.87,,,,,,,,,
Nfia,plex_1,0.86,0.86,0.98,1.18,0.73,0.77,0.75,0.69,0.87,,,,,,,,,
Nfia,plex_1,0.86,0.86,0.98,1.18,0.73,0.77,0.75,0.69,0.87,,,,,,,,,
Nfia,plex_1,0.86,0.86,0.98,1.18,0.73,0.77,0.75,0.69,0.87,,,,,,,,,
Nfia,plex_1,0.86,0.86,0.98,1.18,0.73,0.77,0.75,0.69,0.87,,,,,,,,,
Nfia,plex_1,0.86,0.86,0.98,1.18,0.73,0.77,0.75,0.69,0.87,,,,,,,,,
Nfia,plex_1,0.86,0.86,0.98,1.18,0.73,0.77,0.75,0.69,0.87,,,,,,,,,
Nfia,plex_1,0.86,0.86,0.98,1.18,0.73,0.77,0.75,0.69,0.87,,,,,,,,,
Alkbh3,plex_1,0.56,1.49,0.69,1.1,0.65,0.63,0.69,0.8,0.27,,,,,,,,,
Supt6h,plex_1,0.82,0.87,0.76,1.17,0.96,0.68,1.1,0.75,0.61,,,,,,,,,
Rras,plex_1,1.04,0.9,0.89,1.12,0.87,0.97,0.68,0.79,0.8,,,,,,,,,
Kiaa1522,plex_1,0.76,1.22,1.11,1.22,0.94,0.96,1.08,1.11,0.62,,,,,,,,,
Kiaa1522,plex_1,0.76,1.22,1.11,1.22,0.94,0.96,1.08,1.11,0.62,,,,,,,,,
Kiaa1522,plex_1,0.76,1.22,1.11,1.22,0.94,0.96,1.08,1.11,0.62,,,,,,,,,
Kiaa1522,plex_1,0.76,1.22,1.11,1.22,0.94,0.96,1.08,1.11,0.62,,,,,,,,,
Aqp1,plex_1,1.08,0.85,1.05,1.23,1.06,2.11,1.17,0.92,1.87,,,,,,,,,
Aqp1,plex_1,1.08,0.85,1.05,1.23,1.06,2.11,1.17,0.92,1.87,,,,,,,,,
Aup1,plex_1,0.9,0.53,0.91,1.32,0.57,1.01,0.96,1.19,0.67,,,,,,,,,
Aup1,plex_1,0.9,0.53,0.91,1.32,0.57,1.01,0.96,1.19,0.67,,,,,,,,,
Aup1,plex_1,0.9,0.53,0.91,1.32,0.57,1.01,0.96,1.19,0.67,,,,,,,,,
Fam21,plex_1,1.06,0.78,1.05,1.0,0.71,0.96,0.92,0.94,0.71,,,,,,,,,
Ufm1,plex_1,0.99,0.88,1.07,1.26,0.96,1.32,1.21,1.79,0.87,,,,,,,,,
Gatm,plex_1,0.61,0.76,1.09,1.38,0.94,0.69,1.19,1.4,0.71,,,,,,,,,
Zmpste24,plex_1,0.88,0.91,0.96,1.5,0.83,1.06,1.02,0.87,0.84,,,,,,,,,
Mtfp1,plex_1,0.94,0.85,0.99,1.11,0.68,0.83,0.97,0.95,0.88,,,,,,,,,
Mtfp1,plex_1,0.94,0.85,0.99,1.11,0.68,0.83,0.97,0.95,0.88,,,,,,,,,
Smc1a,plex_1,1.75,1.18,1.46,1.48,0.94,1.0,1.48,0.93,1.0,,,,,,,,,
Emc2,plex_1,0.81,0.83,1.06,1.17,0.73,0.94,0.88,0.83,0.69,,,,,,,,,
Ubqln1,plex_1,1.34,1.14,1.17,1.99,1.27,1.06,1.43,1.03,1.02,,,,,,,,,
Ubqln1,plex_1,1.34,1.14,1.17,1.99,1.27,1.06,1.43,1.03,1.02,,,,,,,,,
Ddt,plex_1,0.96,0.99,0.93,1.51,0.92,1.02,1.04,0.9,0.78,,,,,,,,,
H2-L,plex_1,0.92,0.97,1.09,1.76,1.57,1.38,1.12,1.16,0.9,,,,,,,,,
Ndufb1,plex_1,0.64,0.93,1.05,1.01,0.77,0.94,1.22,1.06,0.78,,,,,,,,,
Timm8b,plex_1,1.13,0.97,1.02,1.33,0.91,1.04,1.08,1.2,0.91,,,,,,,,,
Snx1,plex_1,1.14,0.83,1.16,1.24,1.0,1.05,1.11,1.0,0.79,,,,,,,,,
Snx1,plex_1,1.14,0.83,1.16,1.24,1.0,1.05,1.11,1.0,0.79,,,,,,,,,
Snx1,plex_1,1.14,0.83,1.16,1.24,1.0,1.05,1.11,1.0,0.79,,,,,,,,,
Snx1,plex_1,1.14,0.83,1.16,1.24,1.0,1.05,1.11,1.0,0.79,,,,,,,,,
Lyplal1,plex_1,0.99,1.19,1.24,1.38,0.81,0.89,1.34,1.09,0.98,,,,,,,,,
Lyplal1,plex_1,0.99,1.19,1.24,1.38,0.81,0.89,1.34,1.09,0.98,,,,,,,,,
Mon2,plex_1,0.75,0.85,0.96,0.66,0.65,1.29,1.44,0.55,0.74,,,,,,,,,
Mon2,plex_1,0.75,0.85,0.96,0.66,0.65,1.29,1.44,0.55,0.74,,,,,,,,,
Usp4,plex_1,0.77,0.7,0.85,1.06,0.58,0.9,0.93,0.69,0.71,,,,,,,,,
Nme1,plex_1,0.81,1.07,1.05,1.13,0.7,0.81,1.11,0.98,0.72,,,,,,,,,
Ngp,plex_1,0.7,1.13,1.2,0.69,1.11,0.52,1.16,0.51,0.74,,,,,,,,,
Mmab,plex_1,0.99,0.89,0.9,1.29,0.89,1.27,1.06,1.09,0.9,,,,,,,,,
Pank1,plex_1,0.84,0.89,1.2,1.63,0.76,1.34,1.28,1.37,0.74,,,,,,,,,
Adi1,plex_1,0.93,0.92,1.17,1.72,0.91,0.87,1.33,1.03,0.81,,,,,,,,,
Dlg1,plex_1,0.99,1.12,1.22,1.37,0.96,1.17,1.11,1.05,0.81,,,,,,,,,
Dlg1,plex_1,0.99,1.12,1.22,1.37,0.96,1.17,1.11,1.05,0.81,,,,,,,,,
Dlg1,plex_1,0.99,1.12,1.22,1.37,0.96,1.17,1.11,1.05,0.81,,,,,,,,,
Ube2d3,plex_1,0.65,0.85,0.95,1.25,0.67,0.88,0.83,0.84,0.66,,,,,,,,,
Ube2d3,plex_1,0.65,0.85,0.95,1.25,0.67,0.88,0.83,0.84,0.66,,,,,,,,,
Ube2d2,plex_1,0.65,0.85,0.95,1.25,0.67,0.88,0.83,0.84,0.66,,,,,,,,,
Ube2d3,plex_1,0.65,0.85,0.95,1.25,0.67,0.88,0.83,0.84,0.66,,,,,,,,,
Ube2d3,plex_1,0.65,0.85,0.95,1.25,0.67,0.88,0.83,0.84,0.66,,,,,,,,,
Ddx19b,plex_1,1.05,1.01,1.01,1.16,0.95,0.75,1.16,1.14,0.87,,,,,,,,,
Dpp9,plex_1,1.21,1.12,1.38,1.4,1.03,1.0,1.34,1.09,1.29,,,,,,,,,
Afg3l1,plex_1,1.02,1.02,1.29,1.29,0.9,0.89,1.05,1.09,0.95,,,,,,,,,
Afg3l1,plex_1,1.02,1.02,1.29,1.29,0.9,0.89,1.05,1.09,0.95,,,,,,,,,
Cdo1,plex_1,0.89,0.79,0.76,1.84,0.8,1.01,1.34,0.63,1.43,,,,,,,,,
Sdf2,plex_1,,,,,,,,,,,,,,,,,,
Sdf2,plex_1,,,,,,,,,,,,,,,,,,
Sdf2,plex_1,,,,,,,,,,,,,,,,,,
Chmp2a,plex_1,1.04,0.93,0.95,1.64,0.82,0.97,1.13,0.89,0.92,,,,,,,,,
Lsm8,plex_1,1.37,0.61,1.1,1.41,0.98,0.56,0.92,0.99,0.54,,,,,,,,,
Sephs1,plex_1,0.93,0.88,1.32,1.27,0.74,0.93,1.24,1.01,0.82,,,,,,,,,
Nrd1,plex_1,0.81,0.9,0.89,1.19,0.72,0.97,1.0,0.89,0.74,,,,,,,,,
Mocs2,plex_1,0.98,1.15,0.95,1.37,0.98,1.03,1.18,1.02,1.0,,,,,,,,,
Mtss1,plex_1,1.62,1.15,1.04,1.26,1.75,0.91,1.09,0.76,0.96,,,,,,,,,
Mtss1,plex_1,1.62,1.15,1.04,1.26,1.75,0.91,1.09,0.76,0.96,,,,,,,,,
Mtss1,plex_1,1.62,1.15,1.04,1.26,1.75,0.91,1.09,0.76,0.96,,,,,,,,,
Hmga1,plex_1,1.08,0.78,0.98,1.47,0.91,0.97,0.92,1.31,0.79,,,,,,,,,
Palld,plex_1,0.92,0.9,1.16,1.06,0.74,0.87,1.03,0.97,0.9,,,,,,,,,
Palld,plex_1,0.92,0.9,1.16,1.06,0.74,0.87,1.03,0.97,0.9,,,,,,,,,
Tmem30a,plex_1,0.73,1.06,1.09,1.17,0.78,0.79,0.98,0.99,0.78,,,,,,,,,
Prkab1,plex_1,0.82,1.03,1.26,1.38,1.13,0.93,1.11,0.82,1.08,,,,,,,,,
Sltm,plex_1,0.99,1.15,1.04,1.08,0.62,0.55,1.26,0.61,0.76,,,,,,,,,
Sltm,plex_1,0.99,1.15,1.04,1.08,0.62,0.55,1.26,0.61,0.76,,,,,,,,,
Cstb,plex_1,0.88,1.0,1.03,1.32,0.75,0.93,1.02,1.05,0.76,,,,,,,,,
Tm9sf3,plex_1,1.08,0.95,1.21,1.31,0.86,1.01,1.23,0.96,0.85,,,,,,,,,
Tm9sf3,plex_1,1.08,0.95,1.21,1.31,0.86,1.01,1.23,0.96,0.85,,,,,,,,,
Slc25a21,plex_1,2.38,1.1,1.27,2.28,1.9,1.21,2.77,2.02,1.16,,,,,,,,,
Slc25a21,plex_1,2.38,1.1,1.27,2.28,1.9,1.21,2.77,2.02,1.16,,,,,,,,,
Smu1,plex_1,0.94,0.97,0.97,1.17,0.82,0.92,1.02,0.95,0.8,,,,,,,,,
Smu1,plex_1,0.94,0.97,0.97,1.17,0.82,0.92,1.02,0.95,0.8,,,,,,,,,
Gba,plex_1,0.98,0.95,1.11,2.34,1.03,1.54,1.41,1.12,0.9,,,,,,,,,
Mrps27,plex_1,0.95,0.88,1.05,1.36,0.92,1.15,1.3,1.01,0.77,,,,,,,,,
Srsf11,plex_1,1.06,0.93,1.27,1.41,1.14,0.98,0.94,0.92,0.74,,,,,,,,,
Srsf11,plex_1,1.06,0.93,1.27,1.41,1.14,0.98,0.94,0.92,0.74,,,,,,,,,
Srsf11,plex_1,1.06,0.93,1.27,1.41,1.14,0.98,0.94,0.92,0.74,,,,,,,,,
Srsf11,plex_1,1.06,0.93,1.27,1.41,1.14,0.98,0.94,0.92,0.74,,,,,,,,,
Srsf11,plex_1,1.06,0.93,1.27,1.41,1.14,0.98,0.94,0.92,0.74,,,,,,,,,
Srsf11,plex_1,1.06,0.93,1.27,1.41,1.14,0.98,0.94,0.92,0.74,,,,,,,,,
Srsf11,plex_1,1.06,0.93,1.27,1.41,1.14,0.98,0.94,0.92,0.74,,,,,,,,,
Srsf11,plex_1,1.06,0.93,1.27,1.41,1.14,0.98,0.94,0.92,0.74,,,,,,,,,
Mrps23,plex_1,1.04,0.94,1.12,1.41,1.09,1.07,1.1,1.22,0.77,,,,,,,,,
Mrps23,plex_1,1.04,0.94,1.12,1.41,1.09,1.07,1.1,1.22,0.77,,,,,,,,,
Mrps23,plex_1,1.04,0.94,1.12,1.41,1.09,1.07,1.1,1.22,0.77,,,,,,,,,
Mrps23,plex_1,1.04,0.94,1.12,1.41,1.09,1.07,1.1,1.22,0.77,,,,,,,,,
Mrps23,plex_1,1.04,0.94,1.12,1.41,1.09,1.07,1.1,1.22,0.77,,,,,,,,,
Supt5h,plex_1,0.78,1.08,1.11,1.34,0.81,1.06,1.14,1.04,0.82,,,,,,,,,
Supt5h,plex_1,0.78,1.08,1.11,1.34,0.81,1.06,1.14,1.04,0.82,,,,,,,,,
Eml2,plex_1,0.82,0.77,0.72,1.14,0.77,0.72,0.79,0.75,0.71,,,,,,,,,
Ilk,plex_1,1.11,1.02,1.08,1.4,0.96,1.01,1.09,1.05,0.96,,,,,,,,,
Edc4,plex_1,0.92,0.76,1.04,1.33,0.97,1.2,0.79,0.84,0.85,,,,,,,,,
Fkbp5,plex_1,0.88,0.89,1.07,1.27,0.67,0.82,0.9,0.96,0.72,,,,,,,,,
Hbs1l,plex_1,1.33,1.06,1.34,1.91,1.09,1.86,1.6,0.79,1.13,,,,,,,,,
Hbs1l,plex_1,1.33,1.06,1.34,1.91,1.09,1.86,1.6,0.79,1.13,,,,,,,,,
Hbs1l,plex_1,1.33,1.06,1.34,1.91,1.09,1.86,1.6,0.79,1.13,,,,,,,,,
Irf3,plex_1,0.95,0.94,0.81,1.22,0.69,0.99,0.98,0.89,1.01,,,,,,,,,
Celf1,plex_1,1.16,1.3,1.22,1.49,0.91,1.04,1.22,1.12,0.87,,,,,,,,,
Celf1,plex_1,1.16,1.3,1.22,1.49,0.91,1.04,1.22,1.12,0.87,,,,,,,,,
Celf1,plex_1,1.16,1.3,1.22,1.49,0.91,1.04,1.22,1.12,0.87,,,,,,,,,
Celf1,plex_1,1.16,1.3,1.22,1.49,0.91,1.04,1.22,1.12,0.87,,,,,,,,,
Celf1,plex_1,1.16,1.3,1.22,1.49,0.91,1.04,1.22,1.12,0.87,,,,,,,,,
Sept10,plex_1,0.92,1.14,0.98,1.56,0.82,0.87,1.2,0.92,1.17,,,,,,,,,
Tmem19,plex_1,0.9,0.97,1.22,1.31,1.09,0.6,0.92,1.09,0.91,,,,,,,,,
Tmem19,plex_1,0.9,0.97,1.22,1.31,1.09,0.6,0.92,1.09,0.91,,,,,,,,,
Casp6,plex_1,0.83,0.89,1.17,1.29,0.95,1.0,1.0,0.95,0.87,,,,,,,,,
Casp6,plex_1,0.83,0.89,1.17,1.29,0.95,1.0,1.0,0.95,0.87,,,,,,,,,
Casp6,plex_1,0.83,0.89,1.17,1.29,0.95,1.0,1.0,0.95,0.87,,,,,,,,,
Cstf2,plex_1,1.06,0.85,1.69,1.26,0.76,0.9,1.06,1.03,0.81,,,,,,,,,
Poldip3,plex_1,0.75,0.85,0.91,1.0,0.67,0.85,1.11,0.96,0.67,,,,,,,,,
Tom1,plex_1,1.04,1.11,1.06,1.34,1.26,0.96,1.16,1.33,1.18,,,,,,,,,
Tom1,plex_1,1.04,1.11,1.06,1.34,1.26,0.96,1.16,1.33,1.18,,,,,,,,,
Srp19,plex_1,0.88,1.02,1.07,1.29,0.82,0.97,1.06,0.93,0.78,,,,,,,,,
Srp19,plex_1,0.88,1.02,1.07,1.29,0.82,0.97,1.06,0.93,0.78,,,,,,,,,
H2-Q10,plex_1,2.0,1.34,0.88,1.95,1.41,1.65,1.7,1.69,1.02,,,,,,,,,
Chac2,plex_1,1.56,1.36,1.49,1.83,1.05,1.35,1.52,1.26,1.18,,,,,,,,,
Chac2,plex_1,1.56,1.36,1.49,1.83,1.05,1.35,1.52,1.26,1.18,,,,,,,,,
Sult1a1,plex_1,,,,,,,,,,,,,,,,,,
,plex_1,,,,,,,,,,,,,,,,,,
H2afv,plex_1,1.26,0.68,1.1,1.3,0.7,0.74,1.26,0.95,0.8,,,,,,,,,
Gnpda1,plex_1,1.03,0.95,0.87,1.19,0.69,0.93,1.34,0.96,0.7,,,,,,,,,
Ranbp3,plex_1,1.0,1.1,1.16,1.23,0.95,0.74,0.77,0.66,0.66,,,,,,,,,
,plex_1,0.9,0.91,1.13,1.27,0.8,0.92,1.01,1.02,0.81,,,,,,,,,
Nutf2,plex_1,0.9,0.91,1.13,1.27,0.8,0.92,1.01,1.02,0.81,,,,,,,,,
Lsm2,plex_1,0.9,0.82,1.01,1.18,0.58,0.65,0.87,0.88,0.7,,,,,,,,,
Lsm2,plex_1,0.9,0.82,1.01,1.18,0.58,0.65,0.87,0.88,0.7,,,,,,,,,
Lsm2,plex_1,0.9,0.82,1.01,1.18,0.58,0.65,0.87,0.88,0.7,,,,,,,,,
Scpep1,plex_1,0.77,0.88,1.15,1.22,0.78,0.93,1.6,1.23,0.66,,,,,,,,,
Scpep1,plex_1,0.77,0.88,1.15,1.22,0.78,0.93,1.6,1.23,0.66,,,,,,,,,
Mrps31,plex_1,0.64,0.7,0.87,0.95,0.83,0.85,1.0,1.16,0.73,,,,,,,,,
Adss,plex_1,0.86,0.97,1.29,1.34,0.7,0.72,1.33,0.79,0.87,,,,,,,,,
Sult1b1,plex_1,0.74,0.79,0.98,1.34,0.86,1.13,1.18,0.97,0.76,,,,,,,,,
Sult1b1,plex_1,0.74,0.79,0.98,1.34,0.86,1.13,1.18,0.97,0.76,,,,,,,,,
Kpna4,plex_1,0.8,0.99,0.94,1.29,0.8,0.86,1.16,0.94,0.79,,,,,,,,,
Tf,plex_1,1.31,1.08,0.95,1.07,0.79,1.1,0.94,1.03,0.7,,,,,,,,,
Tsn,plex_1,0.98,0.66,0.64,1.07,0.69,0.74,0.62,0.58,0.58,,,,,,,,,
Arrb1,plex_1,0.59,1.28,1.09,1.77,0.81,0.84,0.97,0.71,0.98,,,,,,,,,
Arrb1,plex_1,0.59,1.28,1.09,1.77,0.81,0.84,0.97,0.71,0.98,,,,,,,,,
Ppp1ca,plex_1,1.89,1.74,1.66,1.76,0.88,1.37,1.85,1.52,1.05,,,,,,,,,
Dnajb4,plex_1,0.81,0.99,0.75,1.24,0.77,0.91,0.98,0.79,0.77,,,,,,,,,
Irf2bp2,plex_1,0.97,0.62,0.85,1.27,0.7,0.87,1.01,0.84,0.75,,,,,,,,,
Arhgap1,plex_1,1.42,0.82,0.69,1.78,1.04,1.01,1.66,0.98,0.83,,,,,,,,,
Arhgap1,plex_1,1.42,0.82,0.69,1.78,1.04,1.01,1.66,0.98,0.83,,,,,,,,,
Arhgap1,plex_1,1.42,0.82,0.69,1.78,1.04,1.01,1.66,0.98,0.83,,,,,,,,,
Arhgap1,plex_1,1.42,0.82,0.69,1.78,1.04,1.01,1.66,0.98,0.83,,,,,,,,,
Wdr61,plex_1,0.91,0.96,0.94,1.08,0.87,1.3,0.64,0.61,,,,,,,,,,
Wdr61,plex_1,0.91,0.96,0.94,1.08,0.87,1.3,0.64,0.61,,,,,,,,,,
Eif4g3,plex_1,0.85,0.77,1.0,1.5,0.69,0.98,1.08,0.85,0.78,,,,,,,,,
Eif4g3,plex_1,0.85,0.77,1.0,1.5,0.69,0.98,1.08,0.85,0.78,,,,,,,,,
Eif4g3,plex_1,0.85,0.77,1.0,1.5,0.69,0.98,1.08,0.85,0.78,,,,,,,,,
Eif4g3,plex_1,0.85,0.77,1.0,1.5,0.69,0.98,1.08,0.85,0.78,,,,,,,,,
Ubxn4,plex_1,0.65,0.79,0.65,2.73,0.78,1.53,1.5,1.28,1.72,,,,,,,,,
Ubxn4,plex_1,0.65,0.79,0.65,2.73,0.78,1.53,1.5,1.28,1.72,,,,,,,,,
Tmx1,plex_1,1.03,1.03,0.88,1.17,0.96,0.99,1.32,0.98,0.93,,,,,,,,,
Stim2,plex_1,0.72,1.05,0.94,0.94,0.73,1.12,1.05,0.9,0.81,,,,,,,,,
Stim2,plex_1,0.72,1.05,0.94,0.94,0.73,1.12,1.05,0.9,0.81,,,,,,,,,
Gmppa,plex_1,0.83,0.95,0.87,1.39,0.81,0.93,1.04,0.83,0.62,,,,,,,,,
Gmppa,plex_1,0.83,0.95,0.87,1.39,0.81,0.93,1.04,0.83,0.62,,,,,,,,,
Pfkfb1,plex_1,0.91,0.87,1.13,1.5,0.83,1.0,0.94,1.1,0.78,,,,,,,,,
Kif21a,plex_1,2.25,0.29,0.31,0.81,0.89,0.35,0.79,0.41,0.16,,,,,,,,,
Dcakd,plex_1,0.8,1.57,1.18,1.12,0.67,0.92,1.18,0.96,0.71,,,,,,,,,
Pbld2,plex_1,0.86,0.77,1.1,1.19,0.72,0.91,1.28,1.02,0.92,,,,,,,,,
Atg5,plex_1,1.1,0.93,1.15,1.96,1.03,0.9,0.98,1.2,1.13,,,,,,,,,
Col4a3bp,plex_1,0.93,0.65,1.04,1.24,0.93,0.87,1.39,0.91,1.13,,,,,,,,,
Col4a3bp,plex_1,0.93,0.65,1.04,1.24,0.93,0.87,1.39,0.91,1.13,,,,,,,,,
Col4a3bp,plex_1,0.93,0.65,1.04,1.24,0.93,0.87,1.39,0.91,1.13,,,,,,,,,
Srsf5,plex_1,1.02,0.98,1.07,1.33,0.88,0.88,1.06,0.96,0.85,,,,,,,,,
Srsf5,plex_1,1.02,0.98,1.07,1.33,0.88,0.88,1.06,0.96,0.85,,,,,,,,,
Mtatp8,plex_1,0.84,0.85,1.0,1.3,0.72,0.93,1.13,1.26,0.78,,,,,,,,,
Emc3,plex_1,0.84,0.87,1.0,1.18,0.71,0.87,0.97,0.92,0.76,,,,,,,,,
Cxadr,plex_1,1.05,1.04,1.5,1.63,0.85,0.92,1.26,1.14,0.95,,,,,,,,,
Sdf2l1,plex_1,0.92,0.96,0.9,1.05,0.74,0.7,1.01,0.82,0.6,,,,,,,,,
Adck4,plex_1,1.58,1.16,0.88,1.54,0.82,0.82,1.24,0.74,0.75,,,,,,,,,
Adck4,plex_1,1.58,1.16,0.88,1.54,0.82,0.82,1.24,0.74,0.75,,,,,,,,,
Adck4,plex_1,1.58,1.16,0.88,1.54,0.82,0.82,1.24,0.74,0.75,,,,,,,,,
Htra2,plex_1,1.0,1.28,1.53,2.31,1.3,1.42,1.28,1.86,1.07,,,,,,,,,
Coa7,plex_1,0.98,1.04,1.7,1.8,1.43,1.1,1.57,1.61,0.77,,,,,,,,,
Dtd2,plex_1,0.72,1.16,1.08,1.01,0.53,0.72,0.91,0.84,0.68,,,,,,,,,
Uqcr10,plex_1,1.31,0.9,0.93,1.23,0.67,0.92,0.77,0.79,0.61,,,,,,,,,
Dhrsx,plex_1,1.77,1.18,1.61,1.98,1.03,1.25,1.97,1.11,1.27,,,,,,,,,
Spryd4,plex_1,0.93,0.92,1.06,1.34,0.83,0.83,1.04,1.11,0.75,,,,,,,,,
Mlxipl,plex_1,0.99,1.29,1.03,1.44,0.7,1.1,1.08,1.06,0.67,,,,,,,,,
Nudt21,plex_1,1.04,0.95,1.24,1.26,0.94,1.13,0.99,1.25,0.74,,,,,,,,,
Mrpl23,plex_1,0.96,0.94,1.39,1.11,0.89,0.79,1.05,1.58,0.46,,,,,,,,,
Mrpl23,plex_1,0.96,0.94,1.39,1.11,0.89,0.79,1.05,1.58,0.46,,,,,,,,,
Mrpl23,plex_1,0.96,0.94,1.39,1.11,0.89,0.79,1.05,1.58,0.46,,,,,,,,,
Mrpl23,plex_1,0.96,0.94,1.39,1.11,0.89,0.79,1.05,1.58,0.46,,,,,,,,,
Rpl35a,plex_1,0.58,0.82,1.01,1.27,0.62,0.85,1.13,1.09,0.81,,,,,,,,,
Rpl35a,plex_1,0.58,0.82,1.01,1.27,0.62,0.85,1.13,1.09,0.81,,,,,,,,,
Kif1b,plex_1,1.37,1.05,1.12,1.34,0.79,0.91,0.62,1.03,1.03,,,,,,,,,
Kif1b,plex_1,1.37,1.05,1.12,1.34,0.79,0.91,0.62,1.03,1.03,,,,,,,,,
Tmem256,plex_1,0.51,2.8,0.89,1.42,1.33,1.4,1.23,2.68,1.33,,,,,,,,,
Vbp1,plex_1,0.8,0.91,0.67,1.35,0.84,0.83,1.02,0.78,0.81,,,,,,,,,
Vbp1,plex_1,0.8,0.91,0.67,1.35,0.84,0.83,1.02,0.78,0.81,,,,,,,,,
Eif3k,plex_1,0.84,0.97,0.81,1.15,0.86,1.02,0.79,1.03,0.82,,,,,,,,,
Lancl1,plex_1,0.85,0.86,1.1,1.23,0.88,0.81,1.0,0.87,0.76,,,,,,,,,
Sugt1,plex_1,0.86,1.0,0.96,1.16,0.67,0.93,1.15,1.06,0.68,,,,,,,,,
Lpgat1,plex_1,0.78,0.83,0.71,1.97,0.72,1.1,1.35,1.45,0.66,,,,,,,,,
Cryzl1,plex_1,0.75,1.09,1.39,1.48,0.66,0.77,1.08,0.95,0.83,,,,,,,,,
Atp6v0d1,plex_1,0.94,1.43,1.55,1.48,0.94,0.91,1.44,1.02,0.93,,,,,,,,,
Atp6v0d1,plex_1,0.94,1.43,1.55,1.48,0.94,0.91,1.44,1.02,0.93,,,,,,,,,
Tubb6,plex_1,0.86,0.85,0.87,1.9,0.84,1.2,1.13,0.93,0.77,,,,,,,,,
Nup210,plex_1,0.89,0.89,1.16,1.28,0.94,0.87,1.05,0.8,0.83,,,,,,,,,
Prorsd1,plex_1,0.78,0.82,0.8,1.29,0.88,0.83,1.12,0.93,0.7,,,,,,,,,
Prorsd1,plex_1,0.78,0.82,0.8,1.29,0.88,0.83,1.12,0.93,0.7,,,,,,,,,
Fam162a,plex_1,0.74,0.84,1.01,1.29,0.71,0.83,1.11,1.02,0.83,,,,,,,,,
Sec23b,plex_1,0.67,1.02,0.81,1.13,0.7,0.92,1.01,0.78,0.7,,,,,,,,,
Sec23b,plex_1,0.67,1.02,0.81,1.13,0.7,0.92,1.01,0.78,0.7,,,,,,,,,
Sec23b,plex_1,0.67,1.02,0.81,1.13,0.7,0.92,1.01,0.78,0.7,,,,,,,,,
Sec23b,plex_1,0.67,1.02,0.81,1.13,0.7,0.92,1.01,0.78,0.7,,,,,,,,,
Spag9,plex_1,0.92,1.24,1.08,1.4,1.01,0.87,1.06,1.05,0.73,,,,,,,,,
Spag9,plex_1,0.92,1.24,1.08,1.4,1.01,0.87,1.06,1.05,0.73,,,,,,,,,
Spag9,plex_1,0.92,1.24,1.08,1.4,1.01,0.87,1.06,1.05,0.73,,,,,,,,,
Spag9,plex_1,0.92,1.24,1.08,1.4,1.01,0.87,1.06,1.05,0.73,,,,,,,,,
Lpcat3,plex_1,1.68,1.19,1.36,2.52,1.34,1.96,1.84,1.44,1.74,,,,,,,,,
Rbm15,plex_1,1.24,1.19,1.55,1.78,1.15,1.3,1.25,1.57,1.09,,,,,,,,,
Dcun1d1,plex_1,1.43,1.11,0.9,0.99,0.87,1.16,1.55,1.11,0.87,,,,,,,,,
Cox6a1,plex_1,1.0,0.8,1.0,1.16,0.67,0.89,0.84,1.31,0.74,,,,,,,,,
Cox6a1,plex_1,1.0,0.8,1.0,1.16,0.67,0.89,0.84,1.31,0.74,,,,,,,,,
Hspb8,plex_1,2.53,1.65,2.62,3.53,2.62,1.17,1.18,2.38,1.38,,,,,,,,,
Mrps11,plex_1,1.27,1.08,1.07,1.56,0.9,1.02,1.2,1.3,1.04,,,,,,,,,
Mrps11,plex_1,1.27,1.08,1.07,1.56,0.9,1.02,1.2,1.3,1.04,,,,,,,,,
Ccdc22,plex_1,1.03,0.88,0.95,1.55,0.56,1.05,1.24,0.71,0.96,,,,,,,,,
Ebp,plex_1,0.56,0.77,0.75,0.98,0.56,1.07,0.99,0.73,0.58,,,,,,,,,
Abcb8,plex_1,0.85,0.99,1.08,1.03,0.68,0.78,0.82,0.9,0.85,,,,,,,,,
Fyco1,plex_1,0.86,1.11,1.24,1.53,0.92,0.9,0.95,1.02,0.83,,,,,,,,,
Surf1,plex_1,1.88,1.71,4.14,3.97,1.57,2.89,3.37,3.86,1.49,,,,,,,,,
Surf1,plex_1,1.88,1.71,4.14,3.97,1.57,2.89,3.37,3.86,1.49,,,,,,,,,
Surf1,plex_1,1.88,1.71,4.14,3.97,1.57,2.89,3.37,3.86,1.49,,,,,,,,,
Surf1,plex_1,1.88,1.71,4.14,3.97,1.57,2.89,3.37,3.86,1.49,,,,,,,,,
Cul2,plex_1,0.87,1.07,1.11,1.28,0.74,0.79,1.01,1.0,0.94,,,,,,,,,
Cul2,plex_1,0.87,1.07,1.11,1.28,0.74,0.79,1.01,1.0,0.94,,,,,,,,,
Arfgap2,plex_1,0.63,0.69,1.05,1.21,0.51,0.7,0.64,0.84,0.78,,,,,,,,,
Arfgap2,plex_1,0.63,0.69,1.05,1.21,0.51,0.7,0.64,0.84,0.78,,,,,,,,,
Tinagl1,plex_1,1.42,0.95,1.12,1.5,0.92,1.23,1.28,1.52,1.23,,,,,,,,,
Naa10,plex_1,0.87,1.37,1.17,1.44,0.68,0.99,1.01,1.07,0.95,,,,,,,,,
Naa10,plex_1,0.87,1.37,1.17,1.44,0.68,0.99,1.01,1.07,0.95,,,,,,,,,
Prrc2a,plex_1,1.16,1.16,0.9,1.34,1.01,1.09,1.24,1.24,0.9,,,,,,,,,
Nedd8,plex_1,0.95,1.22,1.23,1.57,0.82,0.91,1.12,1.09,0.94,,,,,,,,,
Rab10,plex_1,0.74,0.79,0.83,1.21,0.89,0.73,0.84,0.79,0.64,,,,,,,,,
Rab10,plex_1,0.74,0.79,0.83,1.21,0.89,0.73,0.84,0.79,0.64,,,,,,,,,
Tomm22,plex_1,0.85,1.09,1.32,1.34,0.83,0.93,1.13,1.92,0.67,,,,,,,,,
Sult2a2,plex_1,0.69,0.4,0.51,1.0,0.79,1.61,0.72,1.1,0.75,,,,,,,,,
Aox1,plex_1,1.03,1.0,0.96,1.3,0.79,0.92,1.21,0.95,0.91,,,,,,,,,
Aldh2,plex_1,1.08,1.14,1.13,1.27,0.86,0.88,1.12,1.24,1.0,,,,,,,,,
Ppme1,plex_1,1.27,1.02,1.22,1.94,0.93,1.27,1.4,1.09,1.25,,,,,,,,,
Hexa,plex_1,0.92,1.0,1.02,1.49,0.72,0.97,1.12,1.12,0.73,,,,,,,,,
Hexa,plex_1,0.92,1.0,1.02,1.49,0.72,0.97,1.12,1.12,0.73,,,,,,,,,
Hexa,plex_1,0.92,1.0,1.02,1.49,0.72,0.97,1.12,1.12,0.73,,,,,,,,,
Hexa,plex_1,0.92,1.0,1.02,1.49,0.72,0.97,1.12,1.12,0.73,,,,,,,,,
Hexa,plex_1,0.92,1.0,1.02,1.49,0.72,0.97,1.12,1.12,0.73,,,,,,,,,
Hexa,plex_1,0.92,1.0,1.02,1.49,0.72,0.97,1.12,1.12,0.73,,,,,,,,,
Hexa,plex_1,0.92,1.0,1.02,1.49,0.72,0.97,1.12,1.12,0.73,,,,,,,,,
Hexa,plex_1,0.92,1.0,1.02,1.49,0.72,0.97,1.12,1.12,0.73,,,,,,,,,
Hexa,plex_1,0.92,1.0,1.02,1.49,0.72,0.97,1.12,1.12,0.73,,,,,,,,,
Zc3h4,plex_1,0.88,0.93,1.56,1.08,0.69,0.89,0.91,1.1,0.93,,,,,,,,,
Zc3h4,plex_1,0.88,0.93,1.56,1.08,0.69,0.89,0.91,1.1,0.93,,,,,,,,,
Brcc3,plex_1,0.84,0.91,1.61,1.03,0.82,1.14,1.19,1.02,1.19,,,,,,,,,
Tmed5,plex_1,0.84,0.97,1.04,1.33,0.86,0.85,1.27,1.01,0.89,,,,,,,,,
Tmed5,plex_1,0.84,0.97,1.04,1.33,0.86,0.85,1.27,1.01,0.89,,,,,,,,,
Prune,plex_1,1.27,1.29,1.17,1.92,1.37,1.03,1.31,1.25,1.1,,,,,,,,,
Lmo7,plex_1,0.92,0.84,0.85,1.35,0.96,1.28,1.54,1.31,1.11,,,,,,,,,
Lmo7,plex_1,0.92,0.84,0.85,1.35,0.96,1.28,1.54,1.31,1.11,,,,,,,,,
Lmo7,plex_1,0.92,0.84,0.85,1.35,0.96,1.28,1.54,1.31,1.11,,,,,,,,,
Lmo7,plex_1,0.92,0.84,0.85,1.35,0.96,1.28,1.54,1.31,1.11,,,,,,,,,
Vps26b,plex_1,0.78,1.17,1.26,1.38,0.67,0.72,1.02,0.82,0.76,,,,,,,,,
Rapgef4,plex_1,1.04,1.23,1.28,1.58,0.8,0.95,1.17,1.07,0.73,,,,,,,,,
Txndc17,plex_1,1.38,1.15,1.0,1.24,0.94,1.12,1.41,1.02,0.7,,,,,,,,,
Cbx1,plex_1,0.9,0.74,0.95,1.08,0.64,0.8,0.88,0.78,0.64,,,,,,,,,
Mipep,plex_1,0.66,1.63,0.86,1.59,0.78,1.55,1.11,1.13,0.87,,,,,,,,,
Luc7l3,plex_1,1.27,1.3,0.85,1.61,1.09,1.29,1.14,1.2,1.04,,,,,,,,,
Luc7l3,plex_1,1.27,1.3,0.85,1.61,1.09,1.29,1.14,1.2,1.04,,,,,,,,,
Luc7l3,plex_1,1.27,1.3,0.85,1.61,1.09,1.29,1.14,1.2,1.04,,,,,,,,,
Ak1,plex_1,1.96,0.72,1.04,0.51,2.0,0.69,0.55,1.17,0.56,,,,,,,,,
Ak1,plex_1,1.96,0.72,1.04,0.51,2.0,0.69,0.55,1.17,0.56,,,,,,,,,
Ak1,plex_1,1.96,0.72,1.04,0.51,2.0,0.69,0.55,1.17,0.56,,,,,,,,,
Sec23ip,plex_1,0.86,0.99,1.08,1.18,0.7,0.56,0.95,0.83,0.8,,,,,,,,,
Sec23ip,plex_1,0.86,0.99,1.08,1.18,0.7,0.56,0.95,0.83,0.8,,,,,,,,,
Sec23ip,plex_1,0.86,0.99,1.08,1.18,0.7,0.56,0.95,0.83,0.8,,,,,,,,,
Palmd,plex_1,1.13,1.24,1.13,1.47,0.84,0.94,1.14,0.95,0.97,,,,,,,,,
Palmd,plex_1,1.13,1.24,1.13,1.47,0.84,0.94,1.14,0.95,0.97,,,,,,,,,
Palmd,plex_1,1.13,1.24,1.13,1.47,0.84,0.94,1.14,0.95,0.97,,,,,,,,,
Timm8a1,plex_1,1.0,0.83,1.0,1.24,0.8,1.01,1.16,1.06,0.73,,,,,,,,,
Ptpn11,plex_1,0.91,0.92,0.97,1.35,0.78,0.88,1.12,0.99,0.78,,,,,,,,,
Ptpn11,plex_1,0.91,0.92,0.97,1.35,0.78,0.88,1.12,0.99,0.78,,,,,,,,,
Chmp1b2,plex_1,0.82,1.11,1.23,1.47,0.78,1.01,1.17,0.91,0.82,,,,,,,,,
Stx5,plex_1,1.33,0.84,0.97,0.99,0.62,0.61,0.67,0.94,0.76,,,,,,,,,
Abca8b,plex_1,1.85,1.3,1.35,1.85,1.6,1.02,1.11,1.36,1.12,,,,,,,,,
Abca8b,plex_1,1.85,1.3,1.35,1.85,1.6,1.02,1.11,1.36,1.12,,,,,,,,,
Zc3h14,plex_1,1.01,1.18,1.16,1.18,0.7,0.86,1.02,0.97,0.83,,,,,,,,,
Zc3h14,plex_1,1.01,1.18,1.16,1.18,0.7,0.86,1.02,0.97,0.83,,,,,,,,,
Ilvbl,plex_1,0.88,0.77,0.86,1.37,0.88,0.86,1.0,0.87,0.72,,,,,,,,,
Mmgt1,plex_1,0.9,0.9,1.07,1.41,0.43,0.86,1.0,0.88,0.71,,,,,,,,,
,plex_1,1.07,1.16,1.12,1.0,1.07,1.11,1.0,0.95,0.66,,,,,,,,,
Nfib,plex_1,1.07,1.16,1.12,1.0,1.07,1.11,1.0,0.95,0.66,,,,,,,,,
Nfib,plex_1,1.07,1.16,1.12,1.0,1.07,1.11,1.0,0.95,0.66,,,,,,,,,
Nfib,plex_1,1.07,1.16,1.12,1.0,1.07,1.11,1.0,0.95,0.66,,,,,,,,,
Nfib,plex_1,1.07,1.16,1.12,1.0,1.07,1.11,1.0,0.95,0.66,,,,,,,,,
Nfib,plex_1,1.07,1.16,1.12,1.0,1.07,1.11,1.0,0.95,0.66,,,,,,,,,
Nfib,plex_1,1.07,1.16,1.12,1.0,1.07,1.11,1.0,0.95,0.66,,,,,,,,,
Nfib,plex_1,1.07,1.16,1.12,1.0,1.07,1.11,1.0,0.95,0.66,,,,,,,,,
Nfib,plex_1,1.07,1.16,1.12,1.0,1.07,1.11,1.0,0.95,0.66,,,,,,,,,
Mapk9,plex_1,0.84,0.81,1.09,1.53,0.75,0.95,0.96,0.8,0.86,,,,,,,,,
Mapk9,plex_1,0.84,0.81,1.09,1.53,0.75,0.95,0.96,0.8,0.86,,,,,,,,,
Ndrg1,plex_1,,,,,,,,,,,,,,,,,,
Nhlrc2,plex_1,0.99,0.9,0.92,1.21,0.93,1.1,1.28,0.85,1.08,,,,,,,,,
Mtus1,plex_1,1.06,0.86,1.11,1.05,0.86,1.15,1.27,0.91,0.7,,,,,,,,,
Dynlrb1,plex_1,0.84,0.88,0.73,1.32,0.5,0.85,1.0,0.91,0.75,,,,,,,,,
Dynlrb1,plex_1,0.84,0.88,0.73,1.32,0.5,0.85,1.0,0.91,0.75,,,,,,,,,
S100a11,plex_1,1.11,1.08,0.87,1.09,0.86,0.93,1.06,0.95,0.92,,,,,,,,,
1810009N02Rik,plex_1,0.86,0.96,0.96,1.32,0.78,0.83,1.34,0.89,0.76,,,,,,,,,
Hexb,plex_1,1.0,0.93,0.95,1.15,0.84,1.04,1.19,0.88,0.89,,,,,,,,,
Fubp1,plex_1,0.99,0.89,1.0,1.19,0.99,1.03,1.36,1.05,1.0,,,,,,,,,
Coa3,plex_1,1.0,0.97,1.17,1.74,1.2,1.16,1.15,1.26,1.04,,,,,,,,,
Srr,plex_1,1.23,1.07,1.1,1.46,0.97,0.94,1.2,1.12,1.02,,,,,,,,,
Srr,plex_1,1.23,1.07,1.1,1.46,0.97,0.94,1.2,1.12,1.02,,,,,,,,,
fau,plex_1,1.0,0.97,1.3,1.21,0.78,0.94,1.25,1.18,0.8,,,,,,,,,
Fau,plex_1,1.0,0.97,1.3,1.21,0.78,0.94,1.25,1.18,0.8,,,,,,,,,
Fau,plex_1,1.0,0.97,1.3,1.21,0.78,0.94,1.25,1.18,0.8,,,,,,,,,
fau,plex_1,1.0,0.97,1.3,1.21,0.78,0.94,1.25,1.18,0.8,,,,,,,,,
,plex_1,1.0,0.97,1.3,1.21,0.78,0.94,1.25,1.18,0.8,,,,,,,,,
Enoph1,plex_1,0.87,0.84,0.8,1.27,0.5,0.93,0.99,1.05,0.91,,,,,,,,,
Enoph1,plex_1,0.87,0.84,0.8,1.27,0.5,0.93,0.99,1.05,0.91,,,,,,,,,
Dpm1,plex_1,0.7,1.1,1.03,1.49,0.72,1.07,1.12,0.56,0.75,,,,,,,,,
Slc27a4,plex_1,1.6,1.11,1.25,1.26,0.9,0.93,1.19,1.0,1.03,,,,,,,,,
Slc27a4,plex_1,1.6,1.11,1.25,1.26,0.9,0.93,1.19,1.0,1.03,,,,,,,,,
Rwdd1,plex_1,1.33,1.3,1.33,1.61,1.07,1.19,1.31,1.27,1.06,,,,,,,,,
Snx9,plex_1,1.35,1.43,0.98,1.79,1.32,1.11,0.97,0.9,1.16,,,,,,,,,
Snx9,plex_1,1.35,1.43,0.98,1.79,1.32,1.11,0.97,0.9,1.16,,,,,,,,,
Ndk3,plex_1,1.17,1.04,1.28,1.36,0.86,0.93,1.29,1.01,0.96,,,,,,,,,
Csnk2b,plex_1,1.09,1.15,1.11,1.74,0.88,1.29,1.14,1.15,1.03,,,,,,,,,
Ear6,plex_1,1.48,0.9,1.08,2.76,0.87,1.3,1.14,1.15,1.11,,,,,,,,,
Ear7,plex_1,1.48,0.9,1.08,2.76,0.87,1.3,1.14,1.15,1.11,,,,,,,,,
Snrpc,plex_1,0.94,0.84,0.82,1.08,0.63,0.98,0.87,0.92,0.76,,,,,,,,,
Hddc3,plex_1,1.15,1.22,1.08,1.31,0.68,0.92,0.94,0.92,0.92,,,,,,,,,
Capn2,plex_1,0.71,0.93,1.12,1.46,0.9,0.89,1.08,0.86,0.9,,,,,,,,,
Lifr,plex_1,1.07,1.14,0.75,1.31,0.79,1.25,0.89,1.01,0.6,,,,,,,,,
Fcgr2,plex_1,0.82,0.58,0.87,1.81,1.27,0.98,1.07,1.07,1.14,,,,,,,,,
Fcgr2b,plex_1,0.82,0.58,0.87,1.81,1.27,0.98,1.07,1.07,1.14,,,,,,,,,
Atl2,plex_1,1.13,1.04,1.15,1.61,0.81,0.86,1.17,0.87,0.81,,,,,,,,,
Gbf1,plex_1,1.29,1.72,1.3,1.77,0.84,0.99,1.46,1.36,1.29,,,,,,,,,
Gbf1,plex_1,1.29,1.72,1.3,1.77,0.84,0.99,1.46,1.36,1.29,,,,,,,,,
Ddx39a,plex_1,1.11,0.57,1.43,1.43,1.03,0.63,1.4,1.0,,,,,,,,,,
Dpp7,plex_1,1.2,1.01,1.26,1.4,0.93,1.03,1.21,1.18,1.07,,,,,,,,,
Cpq,plex_1,0.88,0.96,0.93,1.24,0.7,0.85,0.84,0.94,0.76,,,,,,,,,
Cpq,plex_1,0.88,0.96,0.93,1.24,0.7,0.85,0.84,0.94,0.76,,,,,,,,,
Dek,plex_1,1.02,0.88,0.95,1.14,0.94,0.85,1.04,1.0,0.83,,,,,,,,,
Agt,plex_1,1.4,1.33,1.26,1.62,1.62,1.01,1.66,1.67,1.23,,,,,,,,,
Plpp6,plex_1,0.95,0.68,1.0,0.92,0.53,0.59,0.87,0.43,0.58,,,,,,,,,
Rab5b,plex_1,0.76,1.0,0.86,1.25,0.78,0.99,1.47,0.84,0.87,,,,,,,,,
Rab5b,plex_1,0.76,1.0,0.86,1.25,0.78,0.99,1.47,0.84,0.87,,,,,,,,,
Pqbp1,plex_1,1.17,1.16,0.78,1.98,0.92,1.84,1.34,0.54,0.69,,,,,,,,,
Pqbp1,plex_1,1.17,1.16,0.78,1.98,0.92,1.84,1.34,0.54,0.69,,,,,,,,,
Adpgk,plex_1,1.0,1.04,2.03,1.86,0.85,1.57,0.97,0.91,1.41,,,,,,,,,
Adpgk,plex_1,1.0,1.04,2.03,1.86,0.85,1.57,0.97,0.91,1.41,,,,,,,,,
Adpgk,plex_1,1.0,1.04,2.03,1.86,0.85,1.57,0.97,0.91,1.41,,,,,,,,,
Adpgk,plex_1,1.0,1.04,2.03,1.86,0.85,1.57,0.97,0.91,1.41,,,,,,,,,
Adpgk,plex_1,1.0,1.04,2.03,1.86,0.85,1.57,0.97,0.91,1.41,,,,,,,,,
Mrpl10,plex_1,0.85,1.0,1.08,1.4,0.84,0.94,1.36,1.01,0.83,,,,,,,,,
Bcs1l,plex_1,1.02,0.41,0.83,0.97,0.58,1.17,1.16,0.71,0.53,,,,,,,,,
Cr1l,plex_1,,,,,,,,,,,,,,,,,,
Cr1l,plex_1,,,,,,,,,,,,,,,,,,
Cr1l,plex_1,,,,,,,,,,,,,,,,,,
Vac14,plex_1,0.61,0.7,1.12,1.27,0.8,0.79,0.88,1.25,0.76,,,,,,,,,
Rnf114,plex_1,0.93,1.02,1.08,1.24,0.82,1.09,1.1,1.06,0.97,,,,,,,,,
Pfdn2,plex_1,1.27,1.37,1.61,1.61,1.17,0.85,1.1,1.31,0.85,,,,,,,,,
H2afx,plex_1,1.65,0.69,1.03,1.14,0.69,1.14,1.38,0.99,0.7,,,,,,,,,
Tradd,plex_1,0.97,0.77,0.82,1.18,0.79,0.87,0.93,1.02,0.81,,,,,,,,,
Khdrbs1,plex_1,0.9,1.11,1.23,1.19,0.68,0.81,1.03,0.96,0.96,,,,,,,,,
Blvra,plex_1,1.03,0.82,0.99,1.25,0.84,1.2,1.49,0.88,0.67,,,,,,,,,
Mark3,plex_1,0.94,1.03,1.02,1.54,0.99,1.11,1.0,0.79,0.66,,,,,,,,,
Sumo2,plex_1,0.87,1.13,1.14,1.31,0.78,0.88,1.11,0.8,0.84,,,,,,,,,
Prpsap2,plex_1,1.64,1.23,1.66,1.53,1.94,0.88,1.27,1.98,1.02,,,,,,,,,
Xpo7,plex_1,0.93,0.97,1.06,1.3,0.63,1.01,0.83,0.86,0.73,,,,,,,,,
Xpo7,plex_1,0.93,0.97,1.06,1.3,0.63,1.01,0.83,0.86,0.73,,,,,,,,,
Xpo7,plex_1,0.93,0.97,1.06,1.3,0.63,1.01,0.83,0.86,0.73,,,,,,,,,
Trmt10c,plex_1,1.15,1.18,1.27,1.05,0.77,0.87,1.42,1.13,0.93,,,,,,,,,
Cldn14,plex_1,0.87,0.77,1.07,0.79,0.46,0.99,0.7,0.92,1.77,,,,,,,,,
Cd38,plex_1,0.75,0.86,0.94,1.55,1.28,0.79,1.11,0.83,0.63,,,,,,,,,
Zc3h11a,plex_1,0.94,1.0,1.1,1.27,0.76,0.9,1.16,1.06,0.73,,,,,,,,,
Prelp,plex_1,1.02,0.8,0.95,1.28,1.01,1.04,1.05,1.02,0.68,,,,,,,,,
Anp32b,plex_1,1.0,0.79,0.94,1.45,1.09,0.97,1.1,0.85,0.76,,,,,,,,,
Anp32b,plex_1,1.0,0.79,0.94,1.45,1.09,0.97,1.1,0.85,0.76,,,,,,,,,
Spcs1,plex_1,0.81,1.08,0.96,1.19,0.67,0.91,0.91,0.85,0.48,,,,,,,,,
Mcfd2,plex_1,0.77,0.9,1.03,1.18,0.8,0.8,0.97,0.84,0.69,,,,,,,,,
Nectin1,plex_1,0.86,1.01,0.93,1.17,0.86,0.95,1.06,0.87,0.57,,,,,,,,,
Klc4,plex_1,0.83,0.86,0.85,1.35,0.74,0.8,0.99,0.98,0.71,,,,,,,,,
Ugt2b35,plex_1,1.59,1.78,1.23,1.63,0.84,0.82,1.75,1.68,1.07,,,,,,,,,
Sh3gl1,plex_1,2.1,1.3,1.62,1.68,1.2,1.37,1.76,1.49,1.26,,,,,,,,,
Sh3gl1,plex_1,2.1,1.3,1.62,1.68,1.2,1.37,1.76,1.49,1.26,,,,,,,,,
Lbr,plex_1,0.85,0.66,0.67,1.41,0.55,0.87,0.95,0.89,0.23,,,,,,,,,
,plex_1,0.79,1.16,1.16,1.18,0.84,0.74,1.15,0.86,0.82,,,,,,,,,
Ddx46,plex_1,0.92,1.12,1.22,1.43,1.01,1.06,1.15,1.23,0.87,,,,,,,,,
Naa50,plex_1,0.73,0.8,0.83,1.04,0.68,0.98,0.87,0.82,0.86,,,,,,,,,
Naa50,plex_1,0.73,0.8,0.83,1.04,0.68,0.98,0.87,0.82,0.86,,,,,,,,,
Naa50,plex_1,0.73,0.8,0.83,1.04,0.68,0.98,0.87,0.82,0.86,,,,,,,,,
Naa50,plex_1,0.73,0.8,0.83,1.04,0.68,0.98,0.87,0.82,0.86,,,,,,,,,
Osbpl1a,plex_1,1.24,1.06,1.31,1.57,0.91,1.17,1.19,1.14,0.95,,,,,,,,,
Gprin3,plex_1,0.86,1.11,1.25,1.29,0.6,0.93,0.81,1.0,0.98,,,,,,,,,
Sgpp1,plex_1,,,,,,,,,,,,,,,,,,
Mfn1,plex_1,0.88,1.21,1.49,1.43,0.74,1.0,1.24,1.14,1.04,,,,,,,,,
Mfn1,plex_1,0.88,1.21,1.49,1.43,0.74,1.0,1.24,1.14,1.04,,,,,,,,,
Cpn1,plex_1,2.09,1.57,1.49,2.36,0.75,1.68,1.49,1.47,0.84,,,,,,,,,
Itga5,plex_1,0.75,0.98,0.95,1.34,0.56,0.69,1.02,1.07,0.83,,,,,,,,,
Itga5,plex_1,0.75,0.98,0.95,1.34,0.56,0.69,1.02,1.07,0.83,,,,,,,,,
Fabp7,plex_1,1.16,0.76,1.0,1.44,1.01,1.04,0.96,0.92,1.02,,,,,,,,,
Soat2,plex_1,0.9,1.02,1.02,1.14,0.72,0.72,0.79,0.77,0.75,,,,,,,,,
Gstm7,plex_1,1.09,1.23,0.93,1.63,1.08,1.34,1.22,1.32,1.09,,,,,,,,,
Lyn,plex_1,1.15,0.47,0.92,1.25,0.84,0.87,0.97,1.04,0.81,,,,,,,,,
Lyn,plex_1,1.15,0.47,0.92,1.25,0.84,0.87,0.97,1.04,0.81,,,,,,,,,
Eif1ax,plex_1,0.77,0.85,1.19,1.31,0.75,1.0,1.0,1.01,0.89,,,,,,,,,
Actr1b,plex_1,0.88,1.0,1.0,1.22,0.85,0.96,1.14,0.98,0.81,,,,,,,,,
Pin4,plex_1,0.69,0.88,0.88,1.14,0.85,1.1,1.97,1.16,0.89,,,,,,,,,
Helz2,plex_1,1.19,1.39,1.24,1.82,1.13,1.08,1.45,1.12,1.03,,,,,,,,,
Tspan4,plex_1,,,,,,,,,,,,,,,,,,
Tspan4,plex_1,,,,,,,,,,,,,,,,,,
Tspan4,plex_1,,,,,,,,,,,,,,,,,,
Gatad2a,plex_1,0.9,0.77,0.86,1.35,0.69,0.97,1.13,0.96,0.76,,,,,,,,,
Gatad2a,plex_1,0.9,0.77,0.86,1.35,0.69,0.97,1.13,0.96,0.76,,,,,,,,,
S100a10,plex_1,1.26,1.1,0.82,0.97,0.76,0.9,0.86,0.95,0.79,,,,,,,,,
Gga1,plex_1,1.25,0.75,1.02,1.42,0.24,0.83,0.46,0.94,0.75,,,,,,,,,
Sirt3,plex_1,0.89,,0.9,0.84,0.79,0.77,1.21,0.58,0.67,,,,,,,,,
Sirt3,plex_1,0.89,,0.9,0.84,0.79,0.77,1.21,0.58,0.67,,,,,,,,,
,plex_1,1.04,1.16,1.44,2.58,1.66,1.44,1.74,1.49,0.87,,,,,,,,,
Rbm17,plex_1,0.96,0.94,1.03,1.17,0.86,0.81,0.85,0.96,0.64,,,,,,,,,
Aspa,plex_1,0.82,1.43,1.55,1.68,1.42,1.06,1.22,1.48,1.06,,,,,,,,,
Sts,plex_1,1.05,1.11,1.0,1.68,0.88,1.05,1.29,1.11,0.94,,,,,,,,,
Rpl36a,plex_1,0.97,1.3,1.23,1.47,0.84,1.06,0.91,1.22,0.87,,,,,,,,,
Mtif2,plex_1,0.68,0.73,0.94,0.79,0.46,0.5,0.66,0.94,0.71,,,,,,,,,
Gstm5,plex_1,0.85,0.79,0.77,1.09,0.57,0.8,0.84,0.75,0.66,,,,,,,,,
Tmem11,plex_1,,,,,,,,,,,,,,,,,,
Fmr1,plex_1,1.01,0.88,1.15,1.38,1.0,1.02,0.96,0.99,0.89,,,,,,,,,
Fmr1,plex_1,1.01,0.88,1.15,1.38,1.0,1.02,0.96,0.99,0.89,,,,,,,,,
Fmr1,plex_1,1.01,0.88,1.15,1.38,1.0,1.02,0.96,0.99,0.89,,,,,,,,,
Fmr1,plex_1,1.01,0.88,1.15,1.38,1.0,1.02,0.96,0.99,0.89,,,,,,,,,
Fmr1,plex_1,1.01,0.88,1.15,1.38,1.0,1.02,0.96,0.99,0.89,,,,,,,,,
Fmr1,plex_1,1.01,0.88,1.15,1.38,1.0,1.02,0.96,0.99,0.89,,,,,,,,,
Uchl5,plex_1,0.9,1.06,0.81,1.64,0.92,0.96,0.97,1.18,0.68,,,,,,,,,
Uchl5,plex_1,0.9,1.06,0.81,1.64,0.92,0.96,0.97,1.18,0.68,,,,,,,,,
Eef1d,plex_1,,,,,,,,,,,,,,,,,,
Plpp3,plex_1,0.96,1.26,0.83,1.25,0.7,0.95,0.54,0.6,0.57,,,,,,,,,
Ctnnbl1,plex_1,0.82,1.0,1.24,1.5,0.78,0.6,0.76,0.85,1.07,,,,,,,,,
Ctnnbl1,plex_1,0.82,1.0,1.24,1.5,0.78,0.6,0.76,0.85,1.07,,,,,,,,,
Myl12a,plex_1,0.98,0.91,0.82,1.29,0.85,1.02,1.04,0.92,0.86,,,,,,,,,
Rpl22l1,plex_1,0.94,1.03,0.92,0.9,0.92,0.81,1.38,1.35,0.64,,,,,,,,,
Rpl22l1,plex_1,0.94,1.03,0.92,0.9,0.92,0.81,1.38,1.35,0.64,,,,,,,,,
Svil,plex_1,1.06,1.09,1.34,1.05,0.77,0.82,1.13,0.95,0.6,,,,,,,,,
Btd,plex_1,0.82,0.81,1.03,1.12,0.86,1.04,0.85,0.92,0.51,,,,,,,,,
Btd,plex_1,0.82,0.81,1.03,1.12,0.86,1.04,0.85,0.92,0.51,,,,,,,,,
Sf1,plex_1,1.28,1.4,1.72,1.57,0.95,0.9,1.76,0.96,1.0,,,,,,,,,
Cyfip1,plex_1,0.86,1.0,1.0,1.19,0.7,0.97,1.06,0.98,0.72,,,,,,,,,
Epb41l5,plex_1,0.99,0.87,1.1,1.41,0.71,0.94,1.13,1.05,0.87,,,,,,,,,
Pcna-ps2,plex_1,0.64,0.46,1.29,1.19,0.86,1.21,1.12,1.0,0.82,,,,,,,,,
Pcna,plex_1,0.64,0.46,1.29,1.19,0.86,1.21,1.12,1.0,0.82,,,,,,,,,
Pcna,plex_1,0.64,0.46,1.29,1.19,0.86,1.21,1.12,1.0,0.82,,,,,,,,,
Mrpl3,plex_1,0.96,1.13,1.03,1.53,0.75,0.98,1.29,1.02,0.86,,,,,,,,,
Mrpl3,plex_1,0.96,1.13,1.03,1.53,0.75,0.98,1.29,1.02,0.86,,,,,,,,,
Hm13,plex_1,1.01,0.98,1.1,1.41,0.88,0.81,0.99,0.89,0.68,,,,,,,,,
Man1a,plex_1,1.09,1.27,1.25,1.35,1.07,1.15,0.96,1.21,1.17,,,,,,,,,
L3hypdh,plex_1,0.66,0.93,0.95,0.99,0.57,0.73,0.89,1.01,0.88,,,,,,,,,
Snx18,plex_1,0.9,1.0,1.08,1.29,0.88,0.98,0.7,1.11,0.58,,,,,,,,,
Snx18,plex_1,0.9,1.0,1.08,1.29,0.88,0.98,0.7,1.11,0.58,,,,,,,,,
Snx18,plex_1,0.9,1.0,1.08,1.29,0.88,0.98,0.7,1.11,0.58,,,,,,,,,
Snx4,plex_1,0.91,1.18,1.04,1.62,0.83,1.07,1.18,0.87,1.0,,,,,,,,,
,plex_1,0.91,1.18,1.04,1.62,0.83,1.07,1.18,0.87,1.0,,,,,,,,,
Agfg1,plex_1,1.6,1.37,1.46,1.82,1.26,0.63,0.97,0.64,0.72,,,,,,,,,
Pdcd5,plex_1,1.02,1.18,1.25,1.06,0.61,0.85,0.79,0.9,0.75,,,,,,,,,
Rab32,plex_1,1.3,0.8,0.89,1.26,0.62,0.86,0.69,0.92,0.62,,,,,,,,,
Rab32,plex_1,1.3,0.8,0.89,1.26,0.62,0.86,0.69,0.92,0.62,,,,,,,,,
S100a8,plex_1,0.89,1.19,1.58,1.05,1.49,0.85,1.34,0.73,1.16,,,,,,,,,
Nucks1,plex_1,0.85,1.14,0.82,1.27,0.7,0.64,1.12,0.86,0.72,,,,,,,,,
Nucks1,plex_1,0.85,1.14,0.82,1.27,0.7,0.64,1.12,0.86,0.72,,,,,,,,,
Lsm4,plex_1,1.08,0.94,1.1,1.22,0.83,0.93,1.06,1.02,0.76,,,,,,,,,
Lsm4,plex_1,1.08,0.94,1.1,1.22,0.83,0.93,1.06,1.02,0.76,,,,,,,,,
Slc39a7,plex_1,1.05,1.07,1.26,1.7,0.85,0.95,1.05,1.03,0.87,,,,,,,,,
Slc39a7,plex_1,1.05,1.07,1.26,1.7,0.85,0.95,1.05,1.03,0.87,,,,,,,,,
Ttc39c,plex_1,1.14,1.14,1.39,1.35,0.76,0.98,1.22,2.35,1.05,,,,,,,,,
Ttc39c,plex_1,1.14,1.14,1.39,1.35,0.76,0.98,1.22,2.35,1.05,,,,,,,,,
Phactr4,plex_1,0.75,0.97,1.1,1.19,0.63,0.84,1.21,1.04,1.03,,,,,,,,,
Phactr4,plex_1,0.75,0.97,1.1,1.19,0.63,0.84,1.21,1.04,1.03,,,,,,,,,
Numb,plex_1,1.09,1.48,2.01,1.95,0.97,0.72,1.82,0.95,0.66,,,,,,,,,
Numb,plex_1,1.09,1.48,2.01,1.95,0.97,0.72,1.82,0.95,0.66,,,,,,,,,
Numb,plex_1,1.09,1.48,2.01,1.95,0.97,0.72,1.82,0.95,0.66,,,,,,,,,
Numb,plex_1,1.09,1.48,2.01,1.95,0.97,0.72,1.82,0.95,0.66,,,,,,,,,
Numb,plex_1,1.09,1.48,2.01,1.95,0.97,0.72,1.82,0.95,0.66,,,,,,,,,
Mgat1,plex_1,1.1,0.84,1.18,1.38,1.52,1.54,1.2,1.02,0.87,,,,,,,,,
Mecp2,plex_1,0.84,0.84,1.59,1.29,0.81,0.91,0.99,0.87,0.83,,,,,,,,,
Mecp2,plex_1,0.84,0.84,1.59,1.29,0.81,0.91,0.99,0.87,0.83,,,,,,,,,
Gm4951,plex_1,0.95,0.91,0.94,1.39,0.87,0.88,1.24,1.0,0.85,,,,,,,,,
Yap1,plex_1,0.72,0.86,1.05,1.09,1.09,0.98,0.93,0.78,0.5,,,,,,,,,
Yap1,plex_1,0.72,0.86,1.05,1.09,1.09,0.98,0.93,0.78,0.5,,,,,,,,,
Them4,plex_1,0.89,0.93,0.91,1.28,0.87,0.87,1.17,1.01,0.79,,,,,,,,,
Mapre1,plex_1,0.92,0.97,0.81,1.84,0.87,1.01,1.08,1.05,0.5,,,,,,,,,
Gng12,plex_1,1.14,1.55,0.97,1.36,0.71,0.72,0.97,0.84,0.81,,,,,,,,,
Gng12,plex_1,1.14,1.55,0.97,1.36,0.71,0.72,0.97,0.84,0.81,,,,,,,,,
Gng12,plex_1,1.14,1.55,0.97,1.36,0.71,0.72,0.97,0.84,0.81,,,,,,,,,
Hp1bp3,plex_1,0.98,1.4,1.2,1.18,0.65,1.08,1.21,1.27,0.84,,,,,,,,,
Hp1bp3,plex_1,0.98,1.4,1.2,1.18,0.65,1.08,1.21,1.27,0.84,,,,,,,,,
Hp1bp3,plex_1,0.98,1.4,1.2,1.18,0.65,1.08,1.21,1.27,0.84,,,,,,,,,
Mbnl1,plex_1,0.87,1.03,1.13,1.25,0.68,0.96,0.92,0.96,0.77,,,,,,,,,
Ifitm3,plex_1,0.95,1.05,0.94,1.31,0.94,0.9,0.83,0.83,0.67,,,,,,,,,
Chmp4b,plex_1,0.85,1.13,1.11,1.02,0.95,0.95,0.73,0.84,0.82,,,,,,,,,
Actb,plex_1,0.93,0.85,1.02,1.27,0.81,0.85,0.9,0.72,0.78,,,,,,,,,
Ddah2,plex_1,1.11,1.03,1.24,1.41,0.9,0.74,0.93,0.89,0.79,,,,,,,,,
Ddah2,plex_1,1.11,1.03,1.24,1.41,0.9,0.74,0.93,0.89,0.79,,,,,,,,,
Erc1,plex_1,0.99,0.87,1.59,1.55,1.64,1.55,1.48,1.38,2.6,,,,,,,,,
Erc1,plex_1,0.99,0.87,1.59,1.55,1.64,1.55,1.48,1.38,2.6,,,,,,,,,
Erc1,plex_1,0.99,0.87,1.59,1.55,1.64,1.55,1.48,1.38,2.6,,,,,,,,,
Erc1,plex_1,0.99,0.87,1.59,1.55,1.64,1.55,1.48,1.38,2.6,,,,,,,,,
Erc1,plex_1,0.99,0.87,1.59,1.55,1.64,1.55,1.48,1.38,2.6,,,,,,,,,
Hectd3,plex_1,0.94,0.78,0.55,1.35,0.88,1.1,1.36,0.91,0.63,,,,,,,,,
Wrnip1,plex_1,0.89,0.89,1.23,1.19,0.71,1.05,1.04,1.32,0.82,,,,,,,,,
Wrnip1,plex_1,0.89,0.89,1.23,1.19,0.71,1.05,1.04,1.32,0.82,,,,,,,,,
Ilf3,plex_1,0.67,0.7,0.72,0.9,0.63,0.97,0.92,0.94,0.8,,,,,,,,,
Ilf3,plex_1,0.67,0.7,0.72,0.9,0.63,0.97,0.92,0.94,0.8,,,,,,,,,
Abi1,plex_1,1.01,0.55,0.96,0.71,0.67,0.74,0.83,0.87,0.75,,,,,,,,,
Lgals1,plex_1,1.57,1.07,0.72,1.5,1.01,0.89,1.35,0.84,0.76,,,,,,,,,
Mov10,plex_1,1.16,1.28,0.87,1.22,0.95,0.97,0.91,0.9,0.9,,,,,,,,,
Mov10,plex_1,1.16,1.28,0.87,1.22,0.95,0.97,0.91,0.9,0.9,,,,,,,,,
Mov10,plex_1,1.16,1.28,0.87,1.22,0.95,0.97,0.91,0.9,0.9,,,,,,,,,
Mov10,plex_1,1.16,1.28,0.87,1.22,0.95,0.97,0.91,0.9,0.9,,,,,,,,,
Mov10,plex_1,1.16,1.28,0.87,1.22,0.95,0.97,0.91,0.9,0.9,,,,,,,,,
Mov10,plex_1,1.16,1.28,0.87,1.22,0.95,0.97,0.91,0.9,0.9,,,,,,,,,
Plrg1,plex_1,0.86,1.13,1.06,1.2,0.74,0.74,0.87,0.57,0.8,,,,,,,,,
Mlx,plex_1,0.75,0.83,1.33,1.32,1.1,0.82,0.85,0.78,0.78,,,,,,,,,
Mlx,plex_1,0.75,0.83,1.33,1.32,1.1,0.82,0.85,0.78,0.78,,,,,,,,,
Mrps7,plex_1,0.9,1.01,1.12,1.23,0.77,1.12,1.17,1.17,0.97,,,,,,,,,
Mrpl46,plex_1,0.93,0.97,1.47,0.96,1.12,1.02,0.93,1.62,0.9,,,,,,,,,
Anxa3,plex_1,1.57,0.89,1.46,2.25,1.03,1.09,0.8,1.13,0.92,,,,,,,,,
Apoo,plex_1,1.02,1.07,1.14,1.62,0.87,1.2,1.71,1.59,0.96,,,,,,,,,
Apoo,plex_1,1.02,1.07,1.14,1.62,0.87,1.2,1.71,1.59,0.96,,,,,,,,,
Apoo,plex_1,1.02,1.07,1.14,1.62,0.87,1.2,1.71,1.59,0.96,,,,,,,,,
Apoo,plex_1,1.02,1.07,1.14,1.62,0.87,1.2,1.71,1.59,0.96,,,,,,,,,
Vamp3,plex_1,0.81,0.74,0.77,0.81,0.69,0.97,0.67,0.84,0.22,,,,,,,,,
Cops5,plex_1,1.31,0.99,0.93,1.49,0.93,0.93,1.12,0.93,0.79,,,,,,,,,
Slc10a1,plex_1,0.57,0.77,1.02,1.28,0.88,0.89,0.95,0.95,0.72,,,,,,,,,
Gnai3,plex_1,1.83,2.55,1.95,1.84,1.67,1.99,1.65,1.52,2.55,,,,,,,,,
Gnai3,plex_1,1.83,2.55,1.95,1.84,1.67,1.99,1.65,1.52,2.55,,,,,,,,,
Flii,plex_1,0.92,1.37,1.22,1.56,1.19,1.04,0.91,0.97,0.77,,,,,,,,,
Pxn,plex_1,1.0,0.96,1.21,1.5,0.75,0.91,0.81,1.02,0.83,,,,,,,,,
Pxn,plex_1,1.0,0.96,1.21,1.5,0.75,0.91,0.81,1.02,0.83,,,,,,,,,
Pxn,plex_1,1.0,0.96,1.21,1.5,0.75,0.91,0.81,1.02,0.83,,,,,,,,,
Pxn,plex_1,1.0,0.96,1.21,1.5,0.75,0.91,0.81,1.02,0.83,,,,,,,,,
Wbp2,plex_1,0.99,1.04,0.81,1.1,0.8,0.87,0.87,0.97,0.68,,,,,,,,,
Aldob,plex_1,0.8,0.66,1.12,1.24,0.79,0.99,0.92,0.71,0.76,,,,,,,,,
Nat8f1,plex_1,0.82,1.01,0.97,1.45,0.86,0.96,0.98,0.88,0.91,,,,,,,,,
,plex_1,1.26,1.36,1.35,1.1,1.16,1.2,1.11,1.02,1.34,,,,,,,,,
Jagn1,plex_1,0.96,1.93,1.39,1.32,0.69,0.57,0.91,0.72,0.79,,,,,,,,,
Nup93,plex_1,0.53,0.68,1.02,1.41,0.73,0.71,0.68,0.46,0.69,,,,,,,,,
Nup93,plex_1,0.53,0.68,1.02,1.41,0.73,0.71,0.68,0.46,0.69,,,,,,,,,
Tm9sf4,plex_1,0.93,0.77,0.92,1.33,0.61,1.05,1.18,0.92,0.75,,,,,,,,,
Emc8,plex_1,0.82,0.99,0.99,1.12,0.74,0.59,0.91,0.65,0.74,,,,,,,,,
Emc8,plex_1,0.82,0.99,0.99,1.12,0.74,0.59,0.91,0.65,0.74,,,,,,,,,
Slc35a3,plex_1,0.8,0.84,0.99,1.35,0.71,0.82,0.87,1.03,0.82,,,,,,,,,
Slc35a3,plex_1,0.8,0.84,0.99,1.35,0.71,0.82,0.87,1.03,0.82,,,,,,,,,
Slc35a3,plex_1,0.8,0.84,0.99,1.35,0.71,0.82,0.87,1.03,0.82,,,,,,,,,
Katnal2,plex_1,,,,,,,,,,,,,,,,,,
Galk2,plex_1,0.83,0.85,1.15,1.38,0.8,1.05,1.19,0.96,0.64,,,,,,,,,
Cd2ap,plex_1,0.9,0.74,0.86,1.07,0.72,0.67,0.89,0.77,0.81,,,,,,,,,
Stat5b,plex_1,0.93,0.83,0.91,1.14,0.9,0.79,0.99,0.95,0.73,,,,,,,,,
Amdhd2,plex_1,0.9,0.71,0.65,1.53,0.86,0.64,1.27,0.92,0.84,,,,,,,,,
Cisd3,plex_1,0.67,1.05,0.97,1.27,0.66,0.88,0.99,1.03,0.87,,,,,,,,,
Eps15,plex_1,0.91,0.84,1.15,1.27,1.07,0.89,0.84,1.0,1.12,,,,,,,,,
Ppfia1,plex_1,1.18,0.88,1.08,0.8,0.7,1.18,0.96,0.82,0.73,,,,,,,,,
Gstm7,plex_1,0.73,0.92,0.98,1.49,0.58,0.92,1.03,0.77,0.61,,,,,,,,,
Sf3b2,plex_1,1.03,1.13,1.02,1.63,0.92,1.0,0.91,0.98,0.84,,,,,,,,,
Acmsd,plex_1,2.03,1.3,1.88,1.94,1.08,1.27,1.26,1.31,1.88,,,,,,,,,
Hax1,plex_1,1.04,1.0,0.95,1.51,0.72,1.07,1.69,1.32,1.03,,,,,,,,,
Hax1,plex_1,1.04,1.0,0.95,1.51,0.72,1.07,1.69,1.32,1.03,,,,,,,,,
Narfl,plex_1,0.91,1.02,1.14,1.29,0.76,1.1,1.33,1.06,1.1,,,,,,,,,
Trnt1,plex_1,0.93,1.18,0.96,1.42,0.93,1.76,0.97,0.86,0.87,,,,,,,,,
Tpk1,plex_1,0.6,1.21,0.77,1.07,0.67,0.79,0.79,0.7,0.55,,,,,,,,,
Cul4b,plex_1,1.02,0.97,1.2,1.5,0.99,1.03,1.53,1.18,1.07,,,,,,,,,
Cul4b,plex_1,1.02,0.97,1.2,1.5,0.99,1.03,1.53,1.18,1.07,,,,,,,,,
Chid1,plex_1,0.92,1.08,0.97,1.61,1.21,1.2,0.91,1.15,0.9,,,,,,,,,
Chid1,plex_1,0.92,1.08,0.97,1.61,1.21,1.2,0.91,1.15,0.9,,,,,,,,,
Fscn1,plex_1,1.07,1.15,1.12,1.35,1.16,1.09,0.97,1.17,0.73,,,,,,,,,
Ppp2r2a,plex_1,0.9,0.67,1.5,2.09,0.85,1.2,1.21,1.26,0.87,,,,,,,,,
Casp8,plex_1,0.56,0.57,0.67,1.01,0.51,0.86,0.98,0.89,0.71,,,,,,,,,
Tbc1d15,plex_1,0.63,0.83,1.0,1.23,1.15,0.71,0.8,1.02,0.54,,,,,,,,,
Nagk,plex_1,1.03,0.89,1.51,3.02,1.23,2.77,1.97,1.38,1.59,,,,,,,,,
Nagk,plex_1,1.03,0.89,1.51,3.02,1.23,2.77,1.97,1.38,1.59,,,,,,,,,
Nagk,plex_1,1.03,0.89,1.51,3.02,1.23,2.77,1.97,1.38,1.59,,,,,,,,,
Hmgn2,plex_1,1.11,1.05,1.28,1.46,0.74,1.14,1.18,0.88,0.97,,,,,,,,,
Grb7,plex_1,0.78,0.6,0.97,1.29,0.82,0.98,0.92,0.59,0.85,,,,,,,,,
Sec16a,plex_1,1.57,1.03,1.24,2.19,1.04,1.53,1.85,1.2,1.19,,,,,,,,,
Sec16a,plex_1,1.57,1.03,1.24,2.19,1.04,1.53,1.85,1.2,1.19,,,,,,,,,
Yars2,plex_1,0.79,1.3,1.18,1.17,0.64,0.67,0.97,0.87,0.88,,,,,,,,,
Actn4,plex_1,,,,,,,,,,,,,,,,,,
Bola2,plex_1,1.15,0.93,0.89,1.5,1.13,1.24,1.13,0.93,0.9,,,,,,,,,
Tmx2,plex_1,0.9,0.75,0.87,1.14,0.48,0.89,0.92,1.27,0.65,,,,,,,,,
Tmx2,plex_1,0.9,0.75,0.87,1.14,0.48,0.89,0.92,1.27,0.65,,,,,,,,,
Pcbd1,plex_1,0.76,0.81,0.9,1.94,0.79,1.32,1.08,0.94,0.77,,,,,,,,,
Dad1,plex_1,0.93,0.31,1.08,1.57,0.94,1.3,0.89,1.06,0.58,,,,,,,,,
Tpm2,plex_1,1.62,0.94,0.87,1.02,0.97,1.08,1.01,0.88,0.83,,,,,,,,,
Tpm2,plex_1,1.62,0.94,0.87,1.02,0.97,1.08,1.01,0.88,0.83,,,,,,,,,
Tpm2,plex_1,1.62,0.94,0.87,1.02,0.97,1.08,1.01,0.88,0.83,,,,,,,,,
Derl1,plex_1,0.92,0.93,1.06,1.13,0.73,0.76,0.98,0.97,0.78,,,,,,,,,
Derl1,plex_1,0.92,0.93,1.06,1.13,0.73,0.76,0.98,0.97,0.78,,,,,,,,,
Ykt6,plex_1,1.37,0.75,1.06,1.47,0.97,1.23,1.16,1.1,0.88,,,,,,,,,
Pts,plex_1,1.06,1.07,1.17,0.57,0.71,0.5,0.97,1.12,0.83,,,,,,,,,
Dctn3,plex_1,1.17,1.25,1.17,1.38,0.8,0.91,1.37,0.99,0.96,,,,,,,,,
Dctn3,plex_1,1.17,1.25,1.17,1.38,0.8,0.91,1.37,0.99,0.96,,,,,,,,,
Timm10,plex_1,0.86,1.17,0.99,1.15,0.58,0.78,0.87,1.0,0.76,,,,,,,,,
Ptprd,plex_1,0.47,0.95,0.73,0.86,0.81,0.76,0.72,0.97,0.76,,,,,,,,,
Ptprd,plex_1,0.47,0.95,0.73,0.86,0.81,0.76,0.72,0.97,0.76,,,,,,,,,
Ptprd,plex_1,0.47,0.95,0.73,0.86,0.81,0.76,0.72,0.97,0.76,,,,,,,,,
Ptprd,plex_1,0.47,0.95,0.73,0.86,0.81,0.76,0.72,0.97,0.76,,,,,,,,,
Ptprd,plex_1,0.47,0.95,0.73,0.86,0.81,0.76,0.72,0.97,0.76,,,,,,,,,
Ptprd,plex_1,0.47,0.95,0.73,0.86,0.81,0.76,0.72,0.97,0.76,,,,,,,,,
Ptprd,plex_1,0.47,0.95,0.73,0.86,0.81,0.76,0.72,0.97,0.76,,,,,,,,,
Ptprd,plex_1,0.47,0.95,0.73,0.86,0.81,0.76,0.72,0.97,0.76,,,,,,,,,
Ptprd,plex_1,0.47,0.95,0.73,0.86,0.81,0.76,0.72,0.97,0.76,,,,,,,,,
Ptprd,plex_1,0.47,0.95,0.73,0.86,0.81,0.76,0.72,0.97,0.76,,,,,,,,,
Ctbp1,plex_1,0.93,1.23,1.09,1.25,0.77,0.76,1.11,0.92,0.97,,,,,,,,,
Ctbp1,plex_1,0.93,1.23,1.09,1.25,0.77,0.76,1.11,0.92,0.97,,,,,,,,,
Ctbp1,plex_1,0.93,1.23,1.09,1.25,0.77,0.76,1.11,0.92,0.97,,,,,,,,,
Ralb,plex_1,0.99,1.01,1.09,1.23,0.78,0.86,0.95,0.97,0.78,,,,,,,,,
Ralb,plex_1,0.99,1.01,1.09,1.23,0.78,0.86,0.95,0.97,0.78,,,,,,,,,
Mrpl53,plex_1,0.39,0.35,0.64,0.7,0.87,0.6,0.79,0.81,0.59,,,,,,,,,
Sec24b,plex_1,1.21,1.08,1.15,1.58,1.09,1.19,1.24,0.93,0.73,,,,,,,,,
Sec24b,plex_1,1.21,1.08,1.15,1.58,1.09,1.19,1.24,0.93,0.73,,,,,,,,,
Mrpl49,plex_1,1.22,1.26,0.85,1.28,0.99,1.34,1.07,1.29,0.89,,,,,,,,,
Smarce1,plex_1,1.13,0.91,0.89,1.27,0.9,0.97,0.94,0.97,0.67,,,,,,,,,
Stxbp2,plex_1,1.02,0.86,0.92,1.45,0.96,1.28,0.85,0.87,0.8,,,,,,,,,
Stxbp2,plex_1,1.02,0.86,0.92,1.45,0.96,1.28,0.85,0.87,0.8,,,,,,,,,
Stxbp2,plex_1,1.02,0.86,0.92,1.45,0.96,1.28,0.85,0.87,0.8,,,,,,,,,
Usp47,plex_1,1.02,0.71,1.18,1.29,0.78,1.13,2.39,1.05,0.87,,,,,,,,,
Lgals8,plex_1,0.78,0.75,0.88,1.26,0.73,0.82,1.16,0.91,0.67,,,,,,,,,
Lgals8,plex_1,0.78,0.75,0.88,1.26,0.73,0.82,1.16,0.91,0.67,,,,,,,,,
Itch,plex_1,0.71,0.63,1.09,1.74,0.64,1.19,0.88,1.47,0.73,,,,,,,,,
Itch,plex_1,0.71,0.63,1.09,1.74,0.64,1.19,0.88,1.47,0.73,,,,,,,,,
Slc27a5,plex_1,1.52,,0.86,0.55,,0.61,1.11,0.68,0.92,,,,,,,,,
Abhd12,plex_1,0.94,0.87,1.16,1.13,0.68,0.88,1.05,0.76,0.69,,,,,,,,,
Ddx23,plex_1,1.06,0.83,0.83,0.95,0.71,0.81,0.93,0.84,0.76,,,,,,,,,
Mp68,plex_1,0.73,0.87,1.1,1.22,0.78,0.85,0.96,1.02,0.72,,,,,,,,,
Nhp2,plex_1,0.88,0.57,0.73,0.82,0.67,0.46,0.68,0.45,0.55,,,,,,,,,
Mff,plex_1,1.01,0.88,1.13,1.46,0.48,0.72,1.3,1.24,0.66,,,,,,,,,
Mff,plex_1,1.01,0.88,1.13,1.46,0.48,0.72,1.3,1.24,0.66,,,,,,,,,
Esyt1,plex_1,1.07,0.97,1.0,1.23,0.85,0.86,1.08,1.09,0.76,,,,,,,,,
Snx7,plex_1,0.75,0.79,0.78,1.33,0.58,0.93,0.67,0.76,0.9,,,,,,,,,
Colgalt1,plex_1,1.04,1.25,1.36,1.85,1.27,1.38,1.48,1.07,1.14,,,,,,,,,
Dctn1,plex_1,1.05,0.93,1.14,1.57,1.14,1.24,1.64,1.27,1.14,,,,,,,,,
Fam25c,plex_1,1.42,0.63,1.49,0.73,0.59,0.59,1.02,0.66,0.35,,,,,,,,,
Akap8,plex_1,1.5,1.1,2.11,1.79,0.88,1.0,1.94,1.88,1.14,,,,,,,,,
Tstd1,plex_1,1.37,,2.05,1.79,0.82,,1.9,3.84,1.53,,,,,,,,,
Ubr2,plex_1,0.73,0.45,0.74,1.01,0.79,0.63,0.97,0.86,0.79,,,,,,,,,
Ubr2,plex_1,0.73,0.45,0.74,1.01,0.79,0.63,0.97,0.86,0.79,,,,,,,,,
Lrrfip1,plex_1,1.18,1.14,1.16,1.42,1.54,1.23,1.26,1.12,1.06,,,,,,,,,
Prps2,plex_1,1.63,1.46,2.18,1.64,2.42,2.05,1.69,1.7,2.92,,,,,,,,,
Nmnat1,plex_1,1.57,1.45,1.52,2.03,1.36,1.78,1.65,2.25,1.22,,,,,,,,,
,plex_1,1.57,1.45,1.52,2.03,1.36,1.78,1.65,2.25,1.22,,,,,,,,,
Mrpl28,plex_1,0.79,0.89,0.81,1.18,0.72,0.79,1.02,0.84,0.61,,,,,,,,,
Cstf1,plex_1,0.82,0.78,1.01,1.06,0.83,0.99,0.77,0.51,0.5,,,,,,,,,
Impa1,plex_1,1.0,1.04,1.11,1.34,0.83,1.13,1.1,1.01,0.8,,,,,,,,,
Impa1,plex_1,1.0,1.04,1.11,1.34,0.83,1.13,1.1,1.01,0.8,,,,,,,,,
Impa1,plex_1,1.0,1.04,1.11,1.34,0.83,1.13,1.1,1.01,0.8,,,,,,,,,
Impa1,plex_1,1.0,1.04,1.11,1.34,0.83,1.13,1.1,1.01,0.8,,,,,,,,,
Impa1,plex_1,1.0,1.04,1.11,1.34,0.83,1.13,1.1,1.01,0.8,,,,,,,,,
Taok3,plex_1,0.88,0.91,0.95,1.32,0.81,0.8,0.99,0.99,0.81,,,,,,,,,
Rad23b,plex_1,1.9,5.21,1.82,1.94,1.48,2.7,4.05,1.66,1.14,,,,,,,,,
Nat10,plex_1,0.94,1.32,1.19,0.66,0.91,1.03,1.18,1.35,1.48,,,,,,,,,
Rnf213,plex_1,0.84,0.72,1.07,1.11,0.92,0.87,1.09,1.05,0.77,,,,,,,,,
Rnf213,plex_1,0.84,0.72,1.07,1.11,0.92,0.87,1.09,1.05,0.77,,,,,,,,,
Cmah,plex_1,1.08,0.87,1.05,1.32,0.78,0.94,1.29,0.96,1.03,,,,,,,,,
Dtnb,plex_1,0.63,0.66,0.91,0.93,0.69,0.72,0.98,1.03,0.69,,,,,,,,,
Dtnb,plex_1,0.63,0.66,0.91,0.93,0.69,0.72,0.98,1.03,0.69,,,,,,,,,
Dtnb,plex_1,0.63,0.66,0.91,0.93,0.69,0.72,0.98,1.03,0.69,,,,,,,,,
Dtnb,plex_1,0.63,0.66,0.91,0.93,0.69,0.72,0.98,1.03,0.69,,,,,,,,,
,plex_1,0.69,0.66,1.06,0.64,0.88,0.7,0.74,0.98,0.59,,,,,,,,,
Arvcf,plex_1,0.84,0.89,0.94,1.4,1.08,0.91,0.99,0.83,0.79,,,,,,,,,
Sorbs3,plex_1,0.67,0.54,0.79,0.88,0.62,0.62,0.95,0.66,0.67,,,,,,,,,
Ndufa11,plex_1,0.93,0.82,1.01,1.33,0.74,0.98,0.93,1.22,0.75,,,,,,,,,
Ndufa11,plex_1,0.93,0.82,1.01,1.33,0.74,0.98,0.93,1.22,0.75,,,,,,,,,
Ddx42,plex_1,1.18,1.04,1.47,1.33,1.16,1.02,0.97,1.09,1.64,,,,,,,,,
Ccar2,plex_1,1.03,1.02,1.15,1.27,0.77,0.99,1.07,1.06,0.85,,,,,,,,,
Mocos,plex_1,1.07,1.82,2.51,3.64,1.64,2.13,1.88,1.85,1.33,,,,,,,,,
Mri1,plex_1,0.64,0.81,1.1,1.39,0.78,0.91,0.89,0.81,0.64,,,,,,,,,
Myo6,plex_1,0.97,0.89,1.08,1.21,0.74,0.81,1.25,1.02,0.78,,,,,,,,,
Myo6,plex_1,0.97,0.89,1.08,1.21,0.74,0.81,1.25,1.02,0.78,,,,,,,,,
Myo6,plex_1,0.97,0.89,1.08,1.21,0.74,0.81,1.25,1.02,0.78,,,,,,,,,
Myo6,plex_1,0.97,0.89,1.08,1.21,0.74,0.81,1.25,1.02,0.78,,,,,,,,,
Myo6,plex_1,0.97,0.89,1.08,1.21,0.74,0.81,1.25,1.02,0.78,,,,,,,,,
Rab5a,plex_1,0.8,1.48,1.83,1.64,1.1,1.25,1.12,0.86,1.05,,,,,,,,,
Phkb,plex_1,0.73,1.06,1.04,1.3,0.72,0.93,0.91,0.74,1.02,,,,,,,,,
Pds5a,plex_1,1.27,1.42,1.22,1.82,1.18,1.4,1.28,0.75,0.79,,,,,,,,,
Pds5a,plex_1,1.27,1.42,1.22,1.82,1.18,1.4,1.28,0.75,0.79,,,,,,,,,
Atp5e,plex_1,0.7,0.78,1.04,1.3,0.82,0.76,1.28,1.09,0.67,,,,,,,,,
Trim14,plex_1,0.81,1.21,0.99,1.38,0.69,0.78,1.0,0.93,0.75,,,,,,,,,
Trim14,plex_1,0.81,1.21,0.99,1.38,0.69,0.78,1.0,0.93,0.75,,,,,,,,,
Gk,plex_1,1.42,1.36,1.61,1.37,1.21,0.87,1.3,1.17,1.05,,,,,,,,,
Gk,plex_1,1.42,1.36,1.61,1.37,1.21,0.87,1.3,1.17,1.05,,,,,,,,,
Gk,plex_1,1.42,1.36,1.61,1.37,1.21,0.87,1.3,1.17,1.05,,,,,,,,,
Gk,plex_1,1.42,1.36,1.61,1.37,1.21,0.87,1.3,1.17,1.05,,,,,,,,,
Abcb4,plex_1,1.06,1.14,1.21,1.52,0.9,1.0,1.22,1.37,0.78,,,,,,,,,
Lsm1,plex_1,1.84,1.03,0.89,2.02,0.75,1.12,3.25,2.06,0.73,,,,,,,,,
Pdia3,plex_1,0.89,0.7,1.29,0.89,0.81,0.73,1.17,0.88,0.55,,,,,,,,,
Ufc1,plex_1,0.81,0.9,1.13,1.29,0.94,1.01,1.07,1.17,0.72,,,,,,,,,
Rasip1,plex_1,1.06,1.15,1.22,1.28,0.92,0.8,1.01,1.13,0.92,,,,,,,,,
Rasip1,plex_1,1.06,1.15,1.22,1.28,0.92,0.8,1.01,1.13,0.92,,,,,,,,,
Krtcap2,plex_1,0.41,0.85,1.35,1.23,1.09,0.92,1.1,1.07,0.32,,,,,,,,,
Rab21,plex_1,0.89,0.89,0.99,1.43,0.87,1.12,0.9,0.89,0.8,,,,,,,,,
Rab21,plex_1,0.89,0.89,0.99,1.43,0.87,1.12,0.9,0.89,0.8,,,,,,,,,
Bag6,plex_1,0.96,0.81,0.86,1.13,0.93,1.11,0.96,0.8,0.6,,,,,,,,,
S100a1,plex_1,0.9,0.8,0.99,1.75,0.91,0.7,1.18,0.87,0.86,,,,,,,,,
S100A1,plex_1,0.9,0.8,0.99,1.75,0.91,0.7,1.18,0.87,0.86,,,,,,,,,
S100a1,plex_1,0.9,0.8,0.99,1.75,0.91,0.7,1.18,0.87,0.86,,,,,,,,,
S100a1,plex_1,0.9,0.8,0.99,1.75,0.91,0.7,1.18,0.87,0.86,,,,,,,,,
Wdr77,plex_1,1.08,0.82,1.27,1.61,0.89,0.94,0.98,1.21,1.01,,,,,,,,,
Cwf19l1,plex_1,0.67,0.76,0.89,1.29,0.62,0.84,0.89,0.72,0.69,,,,,,,,,
Cwf19l1,plex_1,0.67,0.76,0.89,1.29,0.62,0.84,0.89,0.72,0.69,,,,,,,,,
Snap47,plex_1,0.9,0.7,1.19,1.2,0.48,0.96,1.0,0.88,0.59,,,,,,,,,
Fam83h,plex_1,0.9,1.12,0.84,1.31,0.68,0.84,1.08,0.99,0.9,,,,,,,,,
C2cd2,plex_1,0.87,0.89,1.11,1.32,0.56,0.76,0.87,0.74,0.74,,,,,,,,,
Mob4,plex_1,0.71,0.61,0.96,1.05,0.61,0.76,0.96,0.99,0.62,,,,,,,,,
Mob4,plex_1,0.71,0.61,0.96,1.05,0.61,0.76,0.96,0.99,0.62,,,,,,,,,
Mob4,plex_1,0.71,0.61,0.96,1.05,0.61,0.76,0.96,0.99,0.62,,,,,,,,,
Mob4,plex_1,0.71,0.61,0.96,1.05,0.61,0.76,0.96,0.99,0.62,,,,,,,,,
Mcts1,plex_1,0.65,1.05,0.62,0.92,0.78,1.04,0.9,0.85,0.71,,,,,,,,,
Mcts1,plex_1,0.65,1.05,0.62,0.92,0.78,1.04,0.9,0.85,0.71,,,,,,,,,
Cpn2,plex_1,,,,,,,,,,,,,,,,,,
Cpn2,plex_1,,,,,,,,,,,,,,,,,,
Tram1,plex_1,1.06,1.45,1.38,1.99,0.88,1.04,1.3,1.0,0.4,,,,,,,,,
Tram1,plex_1,1.06,1.45,1.38,1.99,0.88,1.04,1.3,1.0,0.4,,,,,,,,,
Tram1,plex_1,1.06,1.45,1.38,1.99,0.88,1.04,1.3,1.0,0.4,,,,,,,,,
Tram1,plex_1,1.06,1.45,1.38,1.99,0.88,1.04,1.3,1.0,0.4,,,,,,,,,
Tram1,plex_1,1.06,1.45,1.38,1.99,0.88,1.04,1.3,1.0,0.4,,,,,,,,,
S100a9,plex_1,1.3,1.32,1.7,1.15,1.76,0.75,1.74,0.87,1.33,,,,,,,,,
Szrd1,plex_1,0.6,0.8,0.91,1.41,0.51,0.9,0.84,0.68,0.87,,,,,,,,,
Szrd1,plex_1,0.6,0.8,0.91,1.41,0.51,0.9,0.84,0.68,0.87,,,,,,,,,
Szrd1,plex_1,0.6,0.8,0.91,1.41,0.51,0.9,0.84,0.68,0.87,,,,,,,,,
Rasa1,plex_1,0.88,0.74,0.92,1.29,1.31,1.13,0.9,0.85,1.17,,,,,,,,,
Rasa1,plex_1,0.88,0.74,0.92,1.29,1.31,1.13,0.9,0.85,1.17,,,,,,,,,
Rasa1,plex_1,0.88,0.74,0.92,1.29,1.31,1.13,0.9,0.85,1.17,,,,,,,,,
Ik,plex_1,,,,,,,,,,,,,,,,,,
Ik,plex_1,,,,,,,,,,,,,,,,,,
Gm3839,plex_1,0.86,0.89,1.19,1.29,1.21,1.53,1.03,1.32,0.98,,,,,,,,,
Birc6,plex_1,1.04,0.96,1.03,0.95,0.96,0.87,0.93,0.78,0.94,,,,,,,,,
Birc6,plex_1,1.04,0.96,1.03,0.95,0.96,0.87,0.93,0.78,0.94,,,,,,,,,
Birc6,plex_1,1.04,0.96,1.03,0.95,0.96,0.87,0.93,0.78,0.94,,,,,,,,,
Aars,plex_1,0.74,0.78,0.79,1.22,0.76,0.76,0.95,1.23,0.71,,,,,,,,,
Thumpd1,plex_1,1.05,0.9,1.24,1.31,0.94,1.13,1.16,1.29,0.62,,,,,,,,,
Arfip1,plex_1,0.97,1.13,1.49,1.56,1.73,0.98,1.24,1.17,1.5,,,,,,,,,
Arfip1,plex_1,0.97,1.13,1.49,1.56,1.73,0.98,1.24,1.17,1.5,,,,,,,,,
Arfip1,plex_1,0.97,1.13,1.49,1.56,1.73,0.98,1.24,1.17,1.5,,,,,,,,,
Mrpl43,plex_1,0.95,1.2,0.88,1.31,0.86,0.73,1.17,1.19,0.71,,,,,,,,,
Mrpl43,plex_1,0.95,1.2,0.88,1.31,0.86,0.73,1.17,1.19,0.71,,,,,,,,,
Mrpl43,plex_1,0.95,1.2,0.88,1.31,0.86,0.73,1.17,1.19,0.71,,,,,,,,,
Icam1,plex_1,1.03,1.13,1.14,1.3,0.89,0.9,1.05,1.18,0.99,,,,,,,,,
Rdh14,plex_1,1.1,0.92,1.1,1.75,0.95,0.83,1.2,0.91,0.91,,,,,,,,,
Sh3bgrl2,plex_1,0.43,0.64,0.33,1.09,1.18,1.1,0.39,0.53,0.31,,,,,,,,,
Sh3bgrl2,plex_1,0.43,0.64,0.33,1.09,1.18,1.1,0.39,0.53,0.31,,,,,,,,,
Sh3bgrl2,plex_1,0.43,0.64,0.33,1.09,1.18,1.1,0.39,0.53,0.31,,,,,,,,,
Sh3bgrl2,plex_1,0.43,0.64,0.33,1.09,1.18,1.1,0.39,0.53,0.31,,,,,,,,,
Ap1s1,plex_1,2.1,2.44,3.6,4.02,2.35,0.96,3.47,2.91,2.49,,,,,,,,,
Tceb3,plex_1,1.1,1.26,1.0,1.22,0.96,1.05,0.99,0.92,0.77,,,,,,,,,
Ppp1r10,plex_1,1.28,1.41,1.28,1.46,0.63,1.01,1.25,1.16,1.29,,,,,,,,,
Ppp1r10,plex_1,1.28,1.41,1.28,1.46,0.63,1.01,1.25,1.16,1.29,,,,,,,,,
Znf207,plex_1,,,,,,,,,,,,,,,,,,
Znf207,plex_1,,,,,,,,,,,,,,,,,,
Zfp207,plex_1,,,,,,,,,,,,,,,,,,
Znf207,plex_1,,,,,,,,,,,,,,,,,,
Znf207,plex_1,,,,,,,,,,,,,,,,,,
Aamp,plex_1,,,,,,,,,,,,,,,,,,
Aamp,plex_1,,,,,,,,,,,,,,,,,,
Aamp,plex_1,,,,,,,,,,,,,,,,,,
Aamp,plex_1,,,,,,,,,,,,,,,,,,
Aamp,plex_1,,,,,,,,,,,,,,,,,,
Xrcc6,plex_1,0.83,0.82,0.92,1.17,0.91,0.95,0.86,0.83,0.7,,,,,,,,,
Xrcc6,plex_1,0.83,0.82,0.92,1.17,0.91,0.95,0.86,0.83,0.7,,,,,,,,,
Psmd4,plex_1,0.38,0.53,0.29,0.9,0.33,0.35,0.41,0.44,,,,,,,,,,
Bub3,plex_1,0.73,0.72,1.0,0.99,0.64,0.75,1.07,0.57,0.69,,,,,,,,,
Bub3,plex_1,0.73,0.72,1.0,0.99,0.64,0.75,1.07,0.57,0.69,,,,,,,,,
Sirt2,plex_1,1.01,1.13,1.06,1.44,0.99,1.04,1.07,1.02,0.85,,,,,,,,,
Sirt2,plex_1,1.01,1.13,1.06,1.44,0.99,1.04,1.07,1.02,0.85,,,,,,,,,
Sirt2,plex_1,1.01,1.13,1.06,1.44,0.99,1.04,1.07,1.02,0.85,,,,,,,,,
Sirt2,plex_1,1.01,1.13,1.06,1.44,0.99,1.04,1.07,1.02,0.85,,,,,,,,,
Ndrg2,plex_1,0.91,0.83,1.09,1.77,0.82,1.05,1.11,1.22,0.78,,,,,,,,,
Igh-3,plex_1,0.98,0.69,0.72,1.66,1.23,0.94,0.91,1.05,0.74,,,,,,,,,
Tpcn1,plex_1,1.04,0.99,1.05,1.42,0.6,0.68,1.12,0.73,1.01,,,,,,,,,
Tpcn1,plex_1,1.04,0.99,1.05,1.42,0.6,0.68,1.12,0.73,1.01,,,,,,,,,
Apoc4,plex_1,,,,,,,,,,,,,,,,,,
Cyp4a14,plex_1,0.96,0.78,0.92,1.33,0.77,0.84,1.54,1.51,0.82,,,,,,,,,
Cnbp,plex_1,0.91,0.95,0.89,1.35,0.68,0.94,0.69,0.92,0.46,,,,,,,,,
Cnbp,plex_1,0.91,0.95,0.89,1.35,0.68,0.94,0.69,0.92,0.46,,,,,,,,,
Cnbp,plex_1,0.91,0.95,0.89,1.35,0.68,0.94,0.69,0.92,0.46,,,,,,,,,
Ptgs1,plex_1,0.78,0.49,1.49,1.77,0.87,0.81,0.45,0.86,0.88,,,,,,,,,
Ptgs1,plex_1,0.78,0.49,1.49,1.77,0.87,0.81,0.45,0.86,0.88,,,,,,,,,
Ptgs1,plex_1,0.78,0.49,1.49,1.77,0.87,0.81,0.45,0.86,0.88,,,,,,,,,
Akr1c19,plex_1,1.34,1.09,1.27,1.64,0.68,0.97,1.68,1.74,1.0,,,,,,,,,
Akr1c19,plex_1,1.34,1.09,1.27,1.64,0.68,0.97,1.68,1.74,1.0,,,,,,,,,
Hnf4a,plex_1,0.88,1.24,1.14,1.9,1.39,1.63,0.95,1.21,1.26,,,,,,,,,
Anxa6,plex_1,0.71,0.74,1.09,0.9,0.67,0.84,0.95,0.73,0.41,,,,,,,,,
Gm4788,plex_1,0.93,0.74,0.82,0.93,0.7,0.74,0.53,0.94,0.61,,,,,,,,,
Gm4788,plex_1,0.93,0.74,0.82,0.93,0.7,0.74,0.53,0.94,0.61,,,,,,,,,
Gm4788,plex_1,0.93,0.74,0.82,0.93,0.7,0.74,0.53,0.94,0.61,,,,,,,,,
Triap1,plex_1,1.57,1.35,1.83,1.53,1.13,0.88,1.5,2.14,0.84,,,,,,,,,
Snrpa1,plex_1,0.97,0.98,0.91,1.36,0.7,0.95,0.87,0.97,0.72,,,,,,,,,
Eml3,plex_1,2.35,2.19,1.08,3.09,1.17,1.06,2.53,2.28,2.14,,,,,,,,,
Ssr3,plex_1,1.17,1.04,1.05,1.06,0.94,0.52,1.07,0.7,0.6,,,,,,,,,
Pam16,plex_1,1.03,1.6,1.17,1.98,0.92,1.05,1.1,1.23,0.89,,,,,,,,,
Nudt10,plex_1,0.91,0.9,0.9,1.3,0.88,0.95,1.12,1.13,0.95,,,,,,,,,
Pbdc1,plex_1,0.86,1.35,1.06,1.09,0.88,1.23,0.81,0.81,0.75,,,,,,,,,
Aga,plex_1,1.12,0.73,0.86,0.97,0.99,1.16,1.01,0.8,0.7,,,,,,,,,
Rnps1,plex_1,0.49,0.95,1.42,1.27,0.43,1.48,1.14,1.35,0.43,,,,,,,,,
Map1s,plex_1,1.2,1.53,1.3,1.62,0.76,0.78,1.02,1.13,0.85,,,,,,,,,
Map1s,plex_1,1.2,1.53,1.3,1.62,0.76,0.78,1.02,1.13,0.85,,,,,,,,,
Scd1,plex_1,1.3,1.28,1.05,0.6,0.36,0.55,0.57,0.91,1.6,,,,,,,,,
Acot3,plex_1,0.78,0.5,0.49,1.16,0.54,1.03,0.94,1.19,0.51,,,,,,,,,
Pak2,plex_1,1.66,1.35,1.41,1.87,1.33,1.21,1.57,1.56,1.3,,,,,,,,,
Yipf3,plex_1,0.29,1.13,1.24,1.0,0.75,0.28,1.01,,0.22,,,,,,,,,
Coa6,plex_1,0.48,0.51,0.46,0.94,0.36,1.1,0.9,1.01,,,,,,,,,,
,plex_1,1.62,1.31,0.61,1.21,1.34,1.27,0.66,0.85,0.63,,,,,,,,,
Als2,plex_1,0.99,0.99,1.23,1.03,0.8,1.14,1.0,1.04,0.69,,,,,,,,,
Phkg2,plex_1,0.74,0.58,0.8,1.11,,0.96,1.29,0.63,1.03,,,,,,,,,
Usp7,plex_1,1.44,0.45,0.81,0.98,1.23,0.33,1.1,0.79,0.43,,,,,,,,,
Snca,plex_1,1.37,1.4,0.53,0.8,0.79,0.7,0.57,0.72,0.5,,,,,,,,,
Csnk1a1,plex_1,0.39,1.31,1.39,1.19,1.18,1.09,1.44,1.09,0.89,,,,,,,,,
Ipo5,plex_1,,0.76,1.44,1.0,,,,1.11,0.98,,,,,,,,,
mKIAA0224,plex_1,,,1.55,0.95,1.18,,2.04,1.22,,,,,,,,,,
Dhx38,plex_1,,,1.55,0.95,1.18,,2.04,1.22,,,,,,,,,,
Pcnp,plex_1,1.11,0.91,1.35,0.77,1.12,1.23,1.27,1.6,1.59,,,,,,,,,
Spcs3,plex_1,0.65,0.93,1.11,1.23,0.97,0.86,1.07,1.12,1.04,,,,,,,,,
Spcs3,plex_1,0.65,0.93,1.11,1.23,0.97,0.86,1.07,1.12,1.04,,,,,,,,,
Ighv1-82,plex_1,0.87,0.34,0.57,2.25,1.86,1.68,1.19,1.44,0.99,,,,,,,,,
Syne2,plex_1,1.19,1.08,1.12,1.42,0.89,1.07,0.99,1.08,0.78,,,,,,,,,
Nisch,plex_1,0.79,0.8,0.87,0.98,0.81,1.2,0.9,0.9,0.79,,,,,,,,,
Dnajb12,plex_1,0.75,1.02,1.13,1.45,0.7,1.01,0.7,0.75,0.72,,,,,,,,,
C1sa,plex_1,1.31,0.93,2.08,3.6,1.43,1.73,1.13,1.44,1.07,,,,,,,,,
Polr2d,plex_1,0.44,0.39,0.26,1.17,0.38,0.53,0.48,0.38,0.44,,,,,,,,,
Abca1,plex_1,1.34,1.18,1.47,1.76,1.09,1.41,1.36,1.51,1.22,,,,,,,,,
Dhx29,plex_1,0.78,0.58,0.72,1.37,0.56,0.85,1.65,0.92,0.66,,,,,,,,,
Ndufaf1,plex_1,1.25,1.03,0.96,2.16,0.63,0.93,1.33,1.01,0.9,,,,,,,,,
Mta2,plex_1,1.31,1.23,1.12,1.85,0.77,0.89,1.12,0.89,0.89,,,,,,,,,
Tbcb,plex_1,1.0,1.01,0.96,1.32,0.85,1.02,1.13,1.0,0.75,,,,,,,,,
Sae1,plex_1,0.74,0.91,0.82,1.4,0.94,1.07,0.89,0.85,0.9,,,,,,,,,
Camk2d,plex_1,0.89,0.99,1.06,1.22,0.84,0.99,0.87,0.92,0.8,,,,,,,,,
Camk2d,plex_1,0.89,0.99,1.06,1.22,0.84,0.99,0.87,0.92,0.8,,,,,,,,,
Camk2d,plex_1,0.89,0.99,1.06,1.22,0.84,0.99,0.87,0.92,0.8,,,,,,,,,
Camk2d,plex_1,0.89,0.99,1.06,1.22,0.84,0.99,0.87,0.92,0.8,,,,,,,,,
Camk2d,plex_1,0.89,0.99,1.06,1.22,0.84,0.99,0.87,0.92,0.8,,,,,,,,,
Camk2d,plex_1,0.89,0.99,1.06,1.22,0.84,0.99,0.87,0.92,0.8,,,,,,,,,
Camk2d,plex_1,0.89,0.99,1.06,1.22,0.84,0.99,0.87,0.92,0.8,,,,,,,,,
Camk2d,plex_1,0.89,0.99,1.06,1.22,0.84,0.99,0.87,0.92,0.8,,,,,,,,,
Camk2d,plex_1,0.89,0.99,1.06,1.22,0.84,0.99,0.87,0.92,0.8,,,,,,,,,
Serpinf1,plex_1,1.01,0.98,1.28,1.27,0.91,0.87,1.14,1.0,0.72,,,,,,,,,
Fam63a,plex_1,0.93,1.18,3.88,2.09,1.61,3.58,1.92,4.76,1.49,,,,,,,,,
Fam63a,plex_1,0.93,1.18,3.88,2.09,1.61,3.58,1.92,4.76,1.49,,,,,,,,,
Rexo2,plex_1,0.9,0.98,1.18,1.12,0.63,1.0,1.18,1.08,0.61,,,,,,,,,
Rexo2,plex_1,0.9,0.98,1.18,1.12,0.63,1.0,1.18,1.08,0.61,,,,,,,,,
Rexo2,plex_1,0.9,0.98,1.18,1.12,0.63,1.0,1.18,1.08,0.61,,,,,,,,,
Rexo2,plex_1,0.9,0.98,1.18,1.12,0.63,1.0,1.18,1.08,0.61,,,,,,,,,
Rexo2,plex_1,0.9,0.98,1.18,1.12,0.63,1.0,1.18,1.08,0.61,,,,,,,,,
Dlc1,plex_1,0.87,0.79,0.73,0.94,0.87,0.85,0.89,0.81,0.71,,,,,,,,,
,plex_1,1.02,1.36,1.21,1.46,0.86,0.98,1.29,1.08,0.94,,,,,,,,,
Fip1l1,plex_1,1.74,1.27,2.11,2.56,1.3,1.36,2.52,2.83,1.29,,,,,,,,,
Fip1l1,plex_1,1.74,1.27,2.11,2.56,1.3,1.36,2.52,2.83,1.29,,,,,,,,,
Fip1l1,plex_1,1.74,1.27,2.11,2.56,1.3,1.36,2.52,2.83,1.29,,,,,,,,,
Abcf3,plex_1,1.08,0.64,1.09,1.67,1.02,1.13,1.24,0.99,0.99,,,,,,,,,
Ppp2r5a,plex_1,0.98,0.89,1.29,1.48,1.25,1.31,1.27,1.27,1.03,,,,,,,,,
Cyp4f15,plex_1,1.1,1.04,1.21,1.23,0.88,0.84,1.0,0.94,1.05,,,,,,,,,
Cyp4f15,plex_1,1.1,1.04,1.21,1.23,0.88,0.84,1.0,0.94,1.05,,,,,,,,,
Gna11,plex_1,1.13,1.0,1.09,1.5,0.91,1.03,1.26,1.2,0.89,,,,,,,,,
Gna11,plex_1,1.13,1.0,1.09,1.5,0.91,1.03,1.26,1.2,0.89,,,,,,,,,
Sf3b5,plex_1,1.25,1.23,1.29,2.22,1.05,0.56,1.33,0.94,0.49,,,,,,,,,
Sf3b5,plex_1,1.25,1.23,1.29,2.22,1.05,0.56,1.33,0.94,0.49,,,,,,,,,
Dhrs3,plex_1,0.86,0.62,1.02,1.03,0.64,0.77,0.82,0.92,0.65,,,,,,,,,
Dhrs3,plex_1,0.86,0.62,1.02,1.03,0.64,0.77,0.82,0.92,0.65,,,,,,,,,
Dhrs3,plex_1,0.86,0.62,1.02,1.03,0.64,0.77,0.82,0.92,0.65,,,,,,,,,
Ralgapb,plex_1,0.76,0.93,0.92,1.1,0.83,0.97,1.09,1.09,0.99,,,,,,,,,
Ralgapb,plex_1,0.76,0.93,0.92,1.1,0.83,0.97,1.09,1.09,0.99,,,,,,,,,
Ralgapb,plex_1,0.76,0.93,0.92,1.1,0.83,0.97,1.09,1.09,0.99,,,,,,,,,
Ralgapb,plex_1,0.76,0.93,0.92,1.1,0.83,0.97,1.09,1.09,0.99,,,,,,,,,
Ralgapb,plex_1,0.76,0.93,0.92,1.1,0.83,0.97,1.09,1.09,0.99,,,,,,,,,
Ralgapb,plex_1,0.76,0.93,0.92,1.1,0.83,0.97,1.09,1.09,0.99,,,,,,,,,
Sgk2,plex_1,0.73,1.13,0.91,1.53,0.87,1.03,0.85,1.07,0.89,,,,,,,,,
Sgk2,plex_1,0.73,1.13,0.91,1.53,0.87,1.03,0.85,1.07,0.89,,,,,,,,,
Sgk2,plex_1,0.73,1.13,0.91,1.53,0.87,1.03,0.85,1.07,0.89,,,,,,,,,
Ap3d1,plex_1,0.78,0.91,1.04,1.39,0.99,0.95,1.21,0.98,0.94,,,,,,,,,
Fam98a,plex_1,0.94,1.09,1.06,1.27,0.77,1.05,1.0,0.8,0.74,,,,,,,,,
Wdr11,plex_1,1.08,0.95,0.85,1.58,0.93,1.19,1.08,0.88,0.79,,,,,,,,,
Wdr11,plex_1,1.08,0.95,0.85,1.58,0.93,1.19,1.08,0.88,0.79,,,,,,,,,
Rabl6,plex_1,0.82,0.51,1.04,0.58,0.67,0.96,1.65,0.64,0.58,,,,,,,,,
Exosc6,plex_1,0.92,1.13,0.88,1.44,1.07,0.91,1.13,0.78,0.55,,,,,,,,,
Gatc,plex_1,0.95,2.53,1.09,3.09,0.89,1.71,0.89,1.09,2.65,,,,,,,,,
Papss1,plex_1,0.98,0.77,1.33,0.87,0.73,0.76,1.07,0.74,0.79,,,,,,,,,
Papss1,plex_1,0.98,0.77,1.33,0.87,0.73,0.76,1.07,0.74,0.79,,,,,,,,,
Pin1,plex_1,0.9,1.19,1.67,2.08,0.78,0.92,2.11,1.61,1.55,,,,,,,,,
Pin1,plex_1,0.9,1.19,1.67,2.08,0.78,0.92,2.11,1.61,1.55,,,,,,,,,
Cab39,plex_1,0.74,0.95,1.14,1.47,0.61,0.96,1.25,0.97,0.83,,,,,,,,,
Cab39,plex_1,0.74,0.95,1.14,1.47,0.61,0.96,1.25,0.97,0.83,,,,,,,,,
Hexim1,plex_1,0.62,1.12,0.99,1.46,0.81,0.71,1.26,1.0,0.92,,,,,,,,,
Ict1,plex_1,1.0,0.88,1.35,1.38,0.91,0.92,0.82,0.65,0.86,,,,,,,,,
Ict1,plex_1,1.0,0.88,1.35,1.38,0.91,0.92,0.82,0.65,0.86,,,,,,,,,
Sep15,plex_1,1.12,1.05,1.2,1.18,1.1,1.33,1.1,1.34,1.04,,,,,,,,,
Sep15,plex_1,1.12,1.05,1.2,1.18,1.1,1.33,1.1,1.34,1.04,,,,,,,,,
Znf598,plex_1,1.12,1.3,1.47,0.87,0.82,1.46,1.3,1.76,0.92,,,,,,,,,
Znf598,plex_1,1.12,1.3,1.47,0.87,0.82,1.46,1.3,1.76,0.92,,,,,,,,,
Tars2,plex_1,0.96,0.95,0.88,1.33,0.86,0.81,1.08,0.73,0.85,,,,,,,,,
Tars2,plex_1,0.96,0.95,0.88,1.33,0.86,0.81,1.08,0.73,0.85,,,,,,,,,
Mpdz,plex_1,1.44,1.74,1.64,2.32,2.16,2.28,2.05,1.89,1.84,,,,,,,,,
Mpdz,plex_1,1.44,1.74,1.64,2.32,2.16,2.28,2.05,1.89,1.84,,,,,,,,,
Mpdz,plex_1,1.44,1.74,1.64,2.32,2.16,2.28,2.05,1.89,1.84,,,,,,,,,
Mpdz,plex_1,1.44,1.74,1.64,2.32,2.16,2.28,2.05,1.89,1.84,,,,,,,,,
Cmas,plex_1,0.93,0.84,0.93,1.43,0.92,1.09,1.14,0.9,0.77,,,,,,,,,
Ctsc,plex_1,0.71,0.82,1.09,1.05,0.84,1.04,0.86,0.92,0.63,,,,,,,,,
Ctsc,plex_1,0.71,0.82,1.09,1.05,0.84,1.04,0.86,0.92,0.63,,,,,,,,,
Ctsc,plex_1,0.71,0.82,1.09,1.05,0.84,1.04,0.86,0.92,0.63,,,,,,,,,
Ctsc,plex_1,0.71,0.82,1.09,1.05,0.84,1.04,0.86,0.92,0.63,,,,,,,,,
Ctsc,plex_1,0.71,0.82,1.09,1.05,0.84,1.04,0.86,0.92,0.63,,,,,,,,,
Sf3b4,plex_1,1.01,0.89,1.08,1.5,0.69,0.84,1.04,1.15,0.96,,,,,,,,,
Slc6a12,plex_1,0.74,1.23,1.2,0.99,1.15,0.7,1.02,1.18,0.85,,,,,,,,,
Slc6a12,plex_1,0.74,1.23,1.2,0.99,1.15,0.7,1.02,1.18,0.85,,,,,,,,,
Slc6a12,plex_1,0.74,1.23,1.2,0.99,1.15,0.7,1.02,1.18,0.85,,,,,,,,,
Ppp2r5d,plex_1,0.7,0.88,0.95,1.37,0.77,0.87,1.16,1.11,0.68,,,,,,,,,
ppp2r5d,plex_1,0.7,0.88,0.95,1.37,0.77,0.87,1.16,1.11,0.68,,,,,,,,,
Ppp2r5d,plex_1,0.7,0.88,0.95,1.37,0.77,0.87,1.16,1.11,0.68,,,,,,,,,
Ppp2r5d,plex_1,0.7,0.88,0.95,1.37,0.77,0.87,1.16,1.11,0.68,,,,,,,,,
Zfr,plex_1,1.16,0.97,0.95,1.55,0.94,1.06,1.4,1.26,1.0,,,,,,,,,
Inadl,plex_1,0.99,0.98,3.62,1.13,6.05,4.04,0.99,2.22,4.91,,,,,,,,,
Sap18b,plex_1,0.96,0.98,1.12,1.27,0.75,0.9,1.07,0.94,0.9,,,,,,,,,
Sap18,plex_1,0.96,0.98,1.12,1.27,0.75,0.9,1.07,0.94,0.9,,,,,,,,,
Cgnl1,plex_1,1.15,1.41,1.36,1.84,1.56,1.44,1.43,1.64,1.33,,,,,,,,,
Cgnl1,plex_1,1.15,1.41,1.36,1.84,1.56,1.44,1.43,1.64,1.33,,,,,,,,,
Cgnl1,plex_1,1.15,1.41,1.36,1.84,1.56,1.44,1.43,1.64,1.33,,,,,,,,,
Cgnl1,plex_1,1.15,1.41,1.36,1.84,1.56,1.44,1.43,1.64,1.33,,,,,,,,,
Naga,plex_1,,,,,,,,,,,,,,,,,,
Naga,plex_1,,,,,,,,,,,,,,,,,,
Emilin1,plex_1,1.24,1.26,1.28,3.15,1.05,1.12,1.13,1.36,1.06,,,,,,,,,
Hnrnph1,plex_1,1.18,1.12,1.08,1.25,0.73,1.04,1.19,0.97,0.96,,,,,,,,,
Hnrnph1,plex_1,1.18,1.12,1.08,1.25,0.73,1.04,1.19,0.97,0.96,,,,,,,,,
Tex2,plex_1,1.15,0.8,1.13,1.32,0.78,0.88,0.99,0.43,0.44,,,,,,,,,
Rer1,plex_1,0.8,1.08,0.98,1.4,0.7,0.95,1.01,1.01,0.88,,,,,,,,,
Polr2e,plex_1,1.0,1.08,1.43,1.64,0.89,0.96,1.31,1.07,0.94,,,,,,,,,
Itsn1,plex_1,0.73,0.83,1.26,1.26,1.02,0.78,1.13,0.9,0.78,,,,,,,,,
Sdsl,plex_1,0.54,0.84,1.02,1.1,0.62,0.57,0.6,0.7,0.59,,,,,,,,,
Parp12,plex_1,0.67,0.77,0.91,1.28,0.96,1.04,1.36,1.02,0.92,,,,,,,,,
Parp12,plex_1,0.67,0.77,0.91,1.28,0.96,1.04,1.36,1.02,0.92,,,,,,,,,
Ube2m,plex_1,0.81,0.96,1.06,1.22,0.77,0.89,1.03,1.08,0.74,,,,,,,,,
Agap3,plex_1,1.87,1.33,1.76,2.37,0.92,1.13,1.83,2.29,1.75,,,,,,,,,
Upp2,plex_1,1.27,1.29,1.28,0.35,0.29,0.81,0.2,0.68,0.17,,,,,,,,,
Upp2,plex_1,1.27,1.29,1.28,0.35,0.29,0.81,0.2,0.68,0.17,,,,,,,,,
Pelp1,plex_1,1.18,0.99,0.91,1.3,0.9,0.7,0.89,0.92,0.75,,,,,,,,,
Rbpms,plex_1,0.91,0.99,1.08,1.09,0.87,0.85,1.34,1.32,0.87,,,,,,,,,
Rbpms,plex_1,0.91,0.99,1.08,1.09,0.87,0.85,1.34,1.32,0.87,,,,,,,,,
Rbpms,plex_1,0.91,0.99,1.08,1.09,0.87,0.85,1.34,1.32,0.87,,,,,,,,,
Rbpms,plex_1,0.91,0.99,1.08,1.09,0.87,0.85,1.34,1.32,0.87,,,,,,,,,
Iqgap1,plex_1,1.39,1.18,1.64,1.46,0.86,0.97,1.02,0.9,1.24,,,,,,,,,
Hist1h1a,plex_1,1.05,1.12,1.34,1.29,0.6,0.83,1.66,1.46,0.81,,,,,,,,,
Nup98,plex_1,1.21,1.12,1.14,1.94,1.25,1.59,1.57,1.74,0.95,,,,,,,,,
Mepce,plex_1,0.97,0.95,1.15,1.42,0.81,0.86,1.1,0.97,0.97,,,,,,,,,
Snrpe,plex_1,1.81,1.71,1.59,2.42,1.39,1.89,1.66,1.28,1.47,,,,,,,,,
Ythdf3,plex_1,1.15,1.02,1.15,1.77,0.89,0.97,1.4,1.02,0.86,,,,,,,,,
Ythdf3,plex_1,1.15,1.02,1.15,1.77,0.89,0.97,1.4,1.02,0.86,,,,,,,,,
Ythdf3,plex_1,1.15,1.02,1.15,1.77,0.89,0.97,1.4,1.02,0.86,,,,,,,,,
Ythdf3,plex_1,1.15,1.02,1.15,1.77,0.89,0.97,1.4,1.02,0.86,,,,,,,,,
Tfrc,plex_1,0.87,0.92,1.58,1.08,1.35,1.77,1.09,2.57,0.94,,,,,,,,,
Tmod3,plex_1,0.97,0.9,1.03,1.37,0.87,0.87,1.07,0.91,0.81,,,,,,,,,
Tmod3,plex_1,0.97,0.9,1.03,1.37,0.87,0.87,1.07,0.91,0.81,,,,,,,,,
Abhd6,plex_1,0.83,0.92,0.88,1.44,1.0,1.01,1.79,1.28,0.8,,,,,,,,,
Mrps6,plex_1,0.89,0.9,1.16,1.13,0.68,0.84,1.17,1.02,0.75,,,,,,,,,
Timm21,plex_1,0.96,0.94,1.0,1.38,0.71,0.57,1.11,1.15,0.49,,,,,,,,,
Akt1s1,plex_1,0.87,0.92,0.96,1.35,0.81,0.83,0.71,0.76,0.71,,,,,,,,,
Serpinf2,plex_1,1.11,1.14,0.92,1.19,0.74,0.95,0.86,0.91,0.73,,,,,,,,,
Usp15,plex_1,0.65,0.59,1.12,0.97,0.86,0.98,1.18,1.02,0.9,,,,,,,,,
Usp15,plex_1,0.65,0.59,1.12,0.97,0.86,0.98,1.18,1.02,0.9,,,,,,,,,
Usp15,plex_1,0.65,0.59,1.12,0.97,0.86,0.98,1.18,1.02,0.9,,,,,,,,,
Rab9,plex_1,1.39,1.44,1.1,1.3,1.19,1.19,1.06,1.25,0.88,,,,,,,,,
Rab9,plex_1,1.39,1.44,1.1,1.3,1.19,1.19,1.06,1.25,0.88,,,,,,,,,
Golga3,plex_1,0.96,1.18,1.09,1.38,1.07,0.98,1.23,1.42,1.13,,,,,,,,,
Golga3,plex_1,0.96,1.18,1.09,1.38,1.07,0.98,1.23,1.42,1.13,,,,,,,,,
Plxnb2,plex_1,1.02,1.25,1.32,1.13,1.08,1.07,1.02,1.55,1.26,,,,,,,,,
Commd10,plex_1,0.74,0.64,0.81,1.22,0.59,0.82,0.79,0.7,0.88,,,,,,,,,
Gfm2,plex_1,1.01,1.02,1.12,1.61,1.13,1.28,1.13,1.02,1.0,,,,,,,,,
Sdr39u1,plex_1,,,,,,,,,,,,,,,,,,
Sdr39u1,plex_1,,,,,,,,,,,,,,,,,,
Mfap4,plex_1,1.7,0.33,1.24,1.05,1.04,1.11,1.18,1.25,0.35,,,,,,,,,
Mfap4,plex_1,1.7,0.33,1.24,1.05,1.04,1.11,1.18,1.25,0.35,,,,,,,,,
Nup35,plex_1,1.31,1.67,1.61,1.74,1.27,1.66,1.76,1.9,1.64,,,,,,,,,
Slc25a28,plex_1,1.51,0.88,1.04,1.04,0.77,1.73,1.59,1.38,,,,,,,,,,
Pitpna,plex_1,1.06,1.06,1.03,2.06,1.78,0.96,1.73,1.03,0.84,,,,,,,,,
Pitpna,plex_1,1.06,1.06,1.03,2.06,1.78,0.96,1.73,1.03,0.84,,,,,,,,,
Pitpna,plex_1,1.06,1.06,1.03,2.06,1.78,0.96,1.73,1.03,0.84,,,,,,,,,
Pitpna,plex_1,1.06,1.06,1.03,2.06,1.78,0.96,1.73,1.03,0.84,,,,,,,,,
Pitpna,plex_1,1.06,1.06,1.03,2.06,1.78,0.96,1.73,1.03,0.84,,,,,,,,,
Pitpna,plex_1,1.06,1.06,1.03,2.06,1.78,0.96,1.73,1.03,0.84,,,,,,,,,
Ybx3,plex_1,2.35,1.34,0.77,0.84,0.85,1.25,0.72,0.56,0.9,,,,,,,,,
Ints3,plex_1,0.91,0.85,0.96,1.35,0.93,1.06,0.95,0.9,0.81,,,,,,,,,
Uap1l1,plex_1,0.78,0.87,0.9,1.69,0.78,0.85,1.16,0.9,0.64,,,,,,,,,
Uap1l1,plex_1,0.78,0.87,0.9,1.69,0.78,0.85,1.16,0.9,0.64,,,,,,,,,
Serpina11,plex_1,1.04,1.49,2.09,1.1,1.91,2.05,1.55,1.68,3.29,,,,,,,,,
Serpina11,plex_1,1.04,1.49,2.09,1.1,1.91,2.05,1.55,1.68,3.29,,,,,,,,,
Serpina11,plex_1,1.04,1.49,2.09,1.1,1.91,2.05,1.55,1.68,3.29,,,,,,,,,
Serpina11,plex_1,1.04,1.49,2.09,1.1,1.91,2.05,1.55,1.68,3.29,,,,,,,,,
Eif2b2,plex_1,0.96,1.29,1.33,2.53,1.24,1.56,1.27,0.97,1.06,,,,,,,,,
Eif2b2,plex_1,0.96,1.29,1.33,2.53,1.24,1.56,1.27,0.97,1.06,,,,,,,,,
Myl9,plex_1,2.98,1.04,1.58,0.83,2.25,1.5,1.21,1.55,2.05,,,,,,,,,
Ppp1r12a,plex_1,0.92,0.82,1.03,1.36,0.89,0.97,0.93,0.78,0.83,,,,,,,,,
Oxnad1,plex_1,0.91,0.78,1.02,1.33,0.84,1.02,1.15,1.18,0.71,,,,,,,,,
Oxnad1,plex_1,0.91,0.78,1.02,1.33,0.84,1.02,1.15,1.18,0.71,,,,,,,,,
Abcg8,plex_1,1.95,1.93,2.29,2.0,1.2,0.58,2.25,1.14,1.98,,,,,,,,,
Abcg8,plex_1,1.95,1.93,2.29,2.0,1.2,0.58,2.25,1.14,1.98,,,,,,,,,
Gypa,plex_1,0.78,1.67,,,0.68,0.84,,,,,,,,,,,,
Gypa,plex_1,0.78,1.67,,,0.68,0.84,,,,,,,,,,,,
Gypa,plex_1,0.78,1.67,,,0.68,0.84,,,,,,,,,,,,
Pdcd10,plex_1,,,,,,,,,,,,,,,,,,
Pdcd10,plex_1,,,,,,,,,,,,,,,,,,
Prmt1,plex_1,1.1,1.0,0.96,1.24,0.78,1.0,1.09,0.89,0.83,,,,,,,,,
Prmt1,plex_1,1.1,1.0,0.96,1.24,0.78,1.0,1.09,0.89,0.83,,,,,,,,,
Aagab,plex_1,0.75,0.96,1.21,0.94,0.27,0.71,1.42,1.2,1.0,,,,,,,,,
Abcf2,plex_1,1.1,0.86,1.02,1.29,0.66,0.93,1.09,0.79,0.65,,,,,,,,,
Lin7c,plex_1,1.17,1.81,1.29,1.25,0.79,0.83,1.47,1.04,0.89,,,,,,,,,
Aqp9,plex_1,0.98,1.07,1.34,1.58,0.73,0.9,1.05,1.28,0.81,,,,,,,,,
Ccdc124,plex_1,1.13,1.21,1.08,1.32,0.81,0.85,1.28,1.18,0.81,,,,,,,,,
Mtor,plex_1,0.78,1.1,0.94,1.37,0.68,0.96,0.93,1.02,1.03,,,,,,,,,
Tprkb,plex_1,,,,,,,,,,,,,,,,,,
Zfp706,plex_1,0.84,0.66,1.64,1.02,0.37,1.18,0.76,1.02,0.62,,,,,,,,,
Tmpo,plex_1,1.59,1.25,1.17,0.98,0.69,0.84,1.49,1.11,0.77,,,,,,,,,
Pex11a,plex_1,1.42,0.72,0.97,2.0,1.04,0.9,1.16,0.84,1.12,,,,,,,,,
Pex11a,plex_1,1.42,0.72,0.97,2.0,1.04,0.9,1.16,0.84,1.12,,,,,,,,,
Apoc1,plex_1,1.0,1.06,1.14,1.45,1.47,0.9,1.06,0.96,0.65,,,,,,,,,
Lsm7,plex_1,0.78,0.7,0.79,0.95,0.7,0.71,0.68,0.62,0.33,,,,,,,,,
Fam104a,plex_1,0.61,,0.71,1.14,1.18,0.93,,,0.63,,,,,,,,,
Eif2b3,plex_1,0.8,0.88,1.04,1.21,0.77,0.85,0.98,0.84,0.69,,,,,,,,,
Eif2b3,plex_1,0.8,0.88,1.04,1.21,0.77,0.85,0.98,0.84,0.69,,,,,,,,,
Ntpcr,plex_1,0.75,0.94,0.91,1.31,0.88,0.97,1.15,1.24,0.66,,,,,,,,,
Ntpcr,plex_1,0.75,0.94,0.91,1.31,0.88,0.97,1.15,1.24,0.66,,,,,,,,,
Ntpcr,plex_1,0.75,0.94,0.91,1.31,0.88,0.97,1.15,1.24,0.66,,,,,,,,,
Ntpcr,plex_1,0.75,0.94,0.91,1.31,0.88,0.97,1.15,1.24,0.66,,,,,,,,,
Nfic,plex_1,1.15,1.06,1.14,1.57,0.92,1.09,1.02,0.92,0.94,,,,,,,,,
Nfic,plex_1,1.15,1.06,1.14,1.57,0.92,1.09,1.02,0.92,0.94,,,,,,,,,
Nfic,plex_1,1.15,1.06,1.14,1.57,0.92,1.09,1.02,0.92,0.94,,,,,,,,,
Uqcr11,plex_1,0.74,1.12,1.21,1.54,0.68,0.92,1.26,1.06,0.78,,,,,,,,,
Azgp1,plex_1,0.92,1.09,1.22,1.45,0.98,0.93,1.34,1.0,0.83,,,,,,,,,
Sf3b6,plex_1,1.25,0.86,1.21,1.34,0.78,1.05,0.77,1.15,0.91,,,,,,,,,
Spryd7,plex_1,2.66,0.77,1.51,1.03,0.83,1.26,0.84,0.94,0.82,,,,,,,,,
Wdr82,plex_1,0.72,0.85,0.9,1.48,0.86,0.94,0.71,0.84,0.73,,,,,,,,,
Phykpl,plex_1,0.91,1.21,1.58,1.6,1.15,1.15,1.18,0.99,0.94,,,,,,,,,
Phykpl,plex_1,0.91,1.21,1.58,1.6,1.15,1.15,1.18,0.99,0.94,,,,,,,,,
Tm7sf2,plex_1,0.8,0.63,0.78,1.29,0.74,1.24,1.17,1.28,0.68,,,,,,,,,
Rnase4,plex_1,1.12,0.89,0.95,1.56,1.19,0.95,0.49,1.4,0.83,,,,,,,,,
Rnase4,plex_1,1.12,0.89,0.95,1.56,1.19,0.95,0.49,1.4,0.83,,,,,,,,,
Rnase4,plex_1,1.12,0.89,0.95,1.56,1.19,0.95,0.49,1.4,0.83,,,,,,,,,
Rnase4,plex_1,1.12,0.89,0.95,1.56,1.19,0.95,0.49,1.4,0.83,,,,,,,,,
Rnase4,plex_1,1.12,0.89,0.95,1.56,1.19,0.95,0.49,1.4,0.83,,,,,,,,,
Mrps15,plex_1,1.03,0.6,0.83,1.29,1.04,0.83,0.93,1.08,0.58,,,,,,,,,
Scrib,plex_1,1.42,,1.09,1.48,0.73,0.9,1.05,1.62,0.67,,,,,,,,,
Scrib,plex_1,1.42,,1.09,1.48,0.73,0.9,1.05,1.62,0.67,,,,,,,,,
Scrib,plex_1,1.42,,1.09,1.48,0.73,0.9,1.05,1.62,0.67,,,,,,,,,
Scrib,plex_1,1.42,,1.09,1.48,0.73,0.9,1.05,1.62,0.67,,,,,,,,,
Mpdu1,plex_1,1.09,0.94,1.01,1.87,0.95,1.06,1.11,1.08,0.55,,,,,,,,,
Mpdu1,plex_1,1.09,0.94,1.01,1.87,0.95,1.06,1.11,1.08,0.55,,,,,,,,,
Gm5424,plex_1,0.93,0.86,1.05,1.14,0.61,0.98,0.96,1.11,0.9,,,,,,,,,
Rrp12,plex_1,1.12,1.65,1.93,1.16,1.6,1.45,1.37,1.5,2.26,,,,,,,,,
Man2c1,plex_1,1.42,1.42,1.65,1.21,1.98,1.57,0.98,1.76,2.12,,,,,,,,,
Rad23a,plex_1,1.29,2.39,,0.92,,0.91,,,,,,,,,,,,
Pxmp4,plex_1,0.85,1.9,2.16,3.7,1.45,1.35,1.46,1.63,1.11,,,,,,,,,
Pxmp4,plex_1,0.85,1.9,2.16,3.7,1.45,1.35,1.46,1.63,1.11,,,,,,,,,
Bckdk,plex_1,0.85,0.6,1.01,1.32,0.27,0.54,1.38,0.58,0.68,,,,,,,,,
Tmed9,plex_1,0.73,1.02,1.15,1.3,0.82,0.96,0.81,0.92,0.69,,,,,,,,,
Efr3a,plex_1,0.71,1.17,0.75,1.1,0.68,0.82,0.98,0.91,0.69,,,,,,,,,
Efr3a,plex_1,0.71,1.17,0.75,1.1,0.68,0.82,0.98,0.91,0.69,,,,,,,,,
Wdr91,plex_1,0.61,0.76,0.7,1.13,0.58,0.62,0.69,0.71,0.59,,,,,,,,,
Ipo9,plex_1,0.48,0.87,0.92,1.29,0.46,1.04,1.01,0.95,0.59,,,,,,,,,
Ipo9,plex_1,0.48,0.87,0.92,1.29,0.46,1.04,1.01,0.95,0.59,,,,,,,,,
Mocs2,plex_1,0.68,1.12,1.05,1.25,0.61,1.03,1.29,1.17,0.78,,,,,,,,,
Mocs2,plex_1,0.68,1.12,1.05,1.25,0.61,1.03,1.29,1.17,0.78,,,,,,,,,
Mocs2,plex_1,0.68,1.12,1.05,1.25,0.61,1.03,1.29,1.17,0.78,,,,,,,,,
Snrpb2,plex_1,1.38,1.14,1.0,1.79,1.4,1.58,1.05,1.49,0.87,,,,,,,,,
Capn1,plex_1,0.92,0.88,0.81,1.25,0.83,0.86,0.82,0.65,0.68,,,,,,,,,
Skiv2l2,plex_1,0.7,0.92,1.02,1.28,0.61,0.71,0.92,0.66,0.64,,,,,,,,,
Skiv2l2,plex_1,0.7,0.92,1.02,1.28,0.61,0.71,0.92,0.66,0.64,,,,,,,,,
Tcea1,plex_1,0.91,0.78,0.72,0.94,0.8,0.92,0.85,0.62,0.55,,,,,,,,,
Tcea1,plex_1,0.91,0.78,0.72,0.94,0.8,0.92,0.85,0.62,0.55,,,,,,,,,
Tmem230,plex_1,1.1,1.11,1.02,1.57,0.75,1.53,1.18,1.26,0.83,,,,,,,,,
Dhrs7b,plex_1,1.03,0.92,0.99,1.41,0.52,0.74,0.8,1.0,0.68,,,,,,,,,
Dhrs7b,plex_1,1.03,0.92,0.99,1.41,0.52,0.74,0.8,1.0,0.68,,,,,,,,,
Dhrs7b,plex_1,1.03,0.92,0.99,1.41,0.52,0.74,0.8,1.0,0.68,,,,,,,,,
Prkra,plex_1,1.6,1.3,1.05,1.43,0.85,0.41,1.17,1.07,0.23,,,,,,,,,
Sh3glb1,plex_1,1.34,1.01,1.72,1.86,0.78,0.88,1.19,0.89,0.96,,,,,,,,,
Sh3glb1,plex_1,1.34,1.01,1.72,1.86,0.78,0.88,1.19,0.89,0.96,,,,,,,,,
Sh3glb1,plex_1,1.34,1.01,1.72,1.86,0.78,0.88,1.19,0.89,0.96,,,,,,,,,
Sh3glb1,plex_1,1.34,1.01,1.72,1.86,0.78,0.88,1.19,0.89,0.96,,,,,,,,,
Utp6,plex_1,1.01,0.87,1.11,1.36,0.92,1.12,1.17,1.25,0.88,,,,,,,,,
Flot2,plex_1,1.38,1.41,1.17,1.05,1.47,1.29,1.11,1.46,1.32,,,,,,,,,
Flot2,plex_1,1.38,1.41,1.17,1.05,1.47,1.29,1.11,1.46,1.32,,,,,,,,,
Flot2,plex_1,1.38,1.41,1.17,1.05,1.47,1.29,1.11,1.46,1.32,,,,,,,,,
Flot2,plex_1,1.38,1.41,1.17,1.05,1.47,1.29,1.11,1.46,1.32,,,,,,,,,
Flot2,plex_1,1.38,1.41,1.17,1.05,1.47,1.29,1.11,1.46,1.32,,,,,,,,,
Flot2,plex_1,1.38,1.41,1.17,1.05,1.47,1.29,1.11,1.46,1.32,,,,,,,,,
Flot2,plex_1,1.38,1.41,1.17,1.05,1.47,1.29,1.11,1.46,1.32,,,,,,,,,
Gipc1,plex_1,1.15,0.94,1.47,1.41,0.94,1.01,0.91,0.99,0.83,,,,,,,,,
Ca14,plex_1,,,,,,,,,,,,,,,,,,
Ak2,plex_1,0.95,0.72,1.08,1.2,0.72,0.97,1.25,0.98,0.62,,,,,,,,,
Slc33a1,plex_1,0.89,0.96,1.01,1.07,0.76,0.84,1.1,0.9,0.78,,,,,,,,,
Sbf1,plex_1,1.01,1.17,1.22,1.23,0.61,0.91,1.22,1.1,1.01,,,,,,,,,
Sbf1,plex_1,1.01,1.17,1.22,1.23,0.61,0.91,1.22,1.1,1.01,,,,,,,,,
Necap1,plex_1,0.95,0.78,1.1,1.23,0.9,0.89,0.96,0.82,0.91,,,,,,,,,
Necap1,plex_1,0.95,0.78,1.1,1.23,0.9,0.89,0.96,0.82,0.91,,,,,,,,,
Coa5,plex_1,0.59,0.56,0.82,0.96,0.53,0.8,0.88,0.93,0.64,,,,,,,,,
Ergic1,plex_1,0.91,0.97,1.29,1.88,0.77,1.03,1.52,0.95,0.97,,,,,,,,,
Ergic1,plex_1,0.91,0.97,1.29,1.88,0.77,1.03,1.52,0.95,0.97,,,,,,,,,
Pdk1,plex_1,1.61,1.34,1.58,1.97,0.84,1.5,1.11,1.75,0.79,,,,,,,,,
Pdk1,plex_1,1.61,1.34,1.58,1.97,0.84,1.5,1.11,1.75,0.79,,,,,,,,,
Mrps18b,plex_1,0.93,1.26,1.21,1.34,0.94,0.97,1.06,1.0,0.74,,,,,,,,,
Mrps18b,plex_1,0.93,1.26,1.21,1.34,0.94,0.97,1.06,1.0,0.74,,,,,,,,,
Mrps18b,plex_1,0.93,1.26,1.21,1.34,0.94,0.97,1.06,1.0,0.74,,,,,,,,,
Hmgn1,plex_1,0.77,1.02,1.14,1.39,0.85,1.03,1.05,1.22,1.1,,,,,,,,,
Pck2,plex_1,0.77,1.03,0.9,1.12,0.55,0.8,1.15,0.87,0.7,,,,,,,,,
Pck2,plex_1,0.77,1.03,0.9,1.12,0.55,0.8,1.15,0.87,0.7,,,,,,,,,
Pck2,plex_1,0.77,1.03,0.9,1.12,0.55,0.8,1.15,0.87,0.7,,,,,,,,,
Ttc39b,plex_1,0.84,0.92,0.91,1.08,0.75,0.92,1.12,0.88,0.74,,,,,,,,,
Ttc39b,plex_1,0.84,0.92,0.91,1.08,0.75,0.92,1.12,0.88,0.74,,,,,,,,,
Pex11g,plex_1,1.26,0.67,1.09,1.3,1.32,1.16,1.07,1.19,0.74,,,,,,,,,
Ablim1,plex_1,1.35,1.29,1.3,1.57,1.21,1.32,1.47,1.66,1.05,,,,,,,,,
Cnn2,plex_1,2.05,1.99,1.92,4.3,1.64,1.83,1.44,2.67,1.06,,,,,,,,,
Pemt,plex_1,0.33,0.68,1.31,2.01,0.76,1.0,1.02,1.2,0.85,,,,,,,,,
Pemt,plex_1,0.33,0.68,1.31,2.01,0.76,1.0,1.02,1.2,0.85,,,,,,,,,
Pemt,plex_1,0.33,0.68,1.31,2.01,0.76,1.0,1.02,1.2,0.85,,,,,,,,,
Eif2b1,plex_1,0.89,0.94,1.76,1.78,,0.61,2.35,0.91,,,,,,,,,,
Mbl1,plex_1,0.99,0.78,0.87,1.08,0.85,0.91,1.16,0.98,0.77,,,,,,,,,
Man2b2,plex_1,1.05,1.1,0.72,0.94,0.67,0.72,0.84,0.85,0.72,,,,,,,,,
Ampd2,plex_1,0.9,0.87,1.04,1.33,0.77,0.97,1.02,0.95,0.8,,,,,,,,,
Proc,plex_1,1.11,0.91,0.85,1.3,0.75,1.61,0.9,0.84,1.18,,,,,,,,,
Ptp4a2,plex_1,0.79,0.73,1.03,1.32,0.92,0.89,1.13,0.81,0.7,,,,,,,,,
Ptp4a1,plex_1,0.79,0.73,1.03,1.32,0.92,0.89,1.13,0.81,0.7,,,,,,,,,
Ncstn,plex_1,1.29,1.12,1.68,1.25,0.88,0.86,1.33,1.29,1.01,,,,,,,,,
Ncstn,plex_1,1.29,1.12,1.68,1.25,0.88,0.86,1.33,1.29,1.01,,,,,,,,,
Vkorc1,plex_1,,,,,,,,,,,,,,,,,,
Ifi47,plex_1,1.07,0.72,0.75,1.28,0.67,0.93,0.71,0.85,0.55,,,,,,,,,
Ifi47,plex_1,1.07,0.72,0.75,1.28,0.67,0.93,0.71,0.85,0.55,,,,,,,,,
Lemd2,plex_1,0.85,1.66,1.14,2.35,0.77,0.97,1.12,0.79,1.0,,,,,,,,,
Lage3,plex_1,0.9,1.04,1.48,1.41,0.84,1.11,0.96,1.02,0.82,,,,,,,,,
Lage3,plex_1,0.9,1.04,1.48,1.41,0.84,1.11,0.96,1.02,0.82,,,,,,,,,
Znf512,plex_1,0.72,0.93,1.0,1.42,0.68,0.82,0.78,0.92,0.64,,,,,,,,,
Fam3c,plex_1,0.83,0.34,0.67,1.03,0.73,0.71,1.04,0.7,0.72,,,,,,,,,
Fam3c,plex_1,0.83,0.34,0.67,1.03,0.73,0.71,1.04,0.7,0.72,,,,,,,,,
Fam3c,plex_1,0.83,0.34,0.67,1.03,0.73,0.71,1.04,0.7,0.72,,,,,,,,,
Fam3c,plex_1,0.83,0.34,0.67,1.03,0.73,0.71,1.04,0.7,0.72,,,,,,,,,
Tmem135,plex_1,0.75,0.83,0.92,1.21,0.6,1.03,1.02,0.91,0.91,,,,,,,,,
Cfdp1,plex_1,0.9,0.94,0.82,1.1,0.43,0.91,0.55,0.5,0.71,,,,,,,,,
Bag4,plex_1,,,,0.84,0.53,0.68,0.74,,,,,,,,,,,
Emd,plex_1,0.91,0.89,0.92,1.23,0.68,0.37,1.09,0.98,0.85,,,,,,,,,
RP23-436K3.2-001,plex_1,0.91,0.89,0.92,1.23,0.68,0.37,1.09,0.98,0.85,,,,,,,,,
Opa3,plex_1,0.75,1.08,1.27,1.32,0.43,1.02,1.35,1.13,0.72,,,,,,,,,
Nxf1,plex_1,0.7,0.89,0.91,0.98,0.56,0.59,0.51,0.54,0.3,,,,,,,,,
Nxf1,plex_1,0.7,0.89,0.91,0.98,0.56,0.59,0.51,0.54,0.3,,,,,,,,,
Nxf1,plex_1,0.7,0.89,0.91,0.98,0.56,0.59,0.51,0.54,0.3,,,,,,,,,
,plex_1,0.7,0.89,0.91,0.98,0.56,0.59,0.51,0.54,0.3,,,,,,,,,
Nr1d1,plex_1,0.81,0.93,1.54,1.51,1.1,0.98,1.09,1.39,0.85,,,,,,,,,
Fuk,plex_1,1.16,1.02,1.59,1.65,1.3,1.28,1.35,1.17,1.42,,,,,,,,,
Fuk,plex_1,1.16,1.02,1.59,1.65,1.3,1.28,1.35,1.17,1.42,,,,,,,,,
Asna1,plex_1,0.96,0.92,0.99,1.46,0.75,0.95,1.06,0.97,0.77,,,,,,,,,
Pygb,plex_1,0.79,0.69,0.84,1.2,0.93,0.74,0.68,1.11,0.96,,,,,,,,,
Arfgap1,plex_1,1.3,1.47,1.12,1.54,0.71,1.57,1.98,0.98,0.47,,,,,,,,,
Arfgap1,plex_1,1.3,1.47,1.12,1.54,0.71,1.57,1.98,0.98,0.47,,,,,,,,,
Arfgap1,plex_1,1.3,1.47,1.12,1.54,0.71,1.57,1.98,0.98,0.47,,,,,,,,,
Arfgap1,plex_1,1.3,1.47,1.12,1.54,0.71,1.57,1.98,0.98,0.47,,,,,,,,,
Cyp2c67,plex_1,0.69,0.58,0.63,1.02,0.64,0.69,1.05,0.85,0.28,,,,,,,,,
Eny2,plex_1,0.9,0.91,1.01,1.11,0.84,0.87,0.97,0.92,0.76,,,,,,,,,
Tomm20,plex_1,1.09,0.86,1.18,1.45,0.84,0.79,0.89,1.02,0.8,,,,,,,,,
Dnajc25,plex_1,1.07,0.95,0.75,1.34,0.99,0.91,1.12,1.1,0.82,,,,,,,,,
Dnajc25,plex_1,1.07,0.95,0.75,1.34,0.99,0.91,1.12,1.1,0.82,,,,,,,,,
Rcn1,plex_1,0.94,1.05,1.03,1.19,0.95,0.74,0.82,0.82,0.81,,,,,,,,,
Mrpl27,plex_1,0.95,0.68,1.12,1.3,0.73,0.87,1.3,1.41,0.72,,,,,,,,,
Fam175b,plex_1,1.28,1.05,0.97,1.39,0.39,1.13,1.3,1.18,0.9,,,,,,,,,
Ifi35,plex_1,1.14,1.43,1.38,2.25,0.51,1.85,1.75,1.16,0.39,,,,,,,,,
Sult2a5,plex_1,,,,,,,,,,,,,,,,,,
Mrpl9,plex_1,1.11,1.2,1.2,1.6,0.95,1.11,1.25,1.16,1.01,,,,,,,,,
Mmaa,plex_1,1.14,1.07,0.95,1.21,0.59,0.84,1.48,1.12,0.72,,,,,,,,,
Acbd4,plex_1,0.73,0.92,1.02,1.8,0.69,1.03,1.51,0.78,1.02,,,,,,,,,
Acbd4,plex_1,0.73,0.92,1.02,1.8,0.69,1.03,1.51,0.78,1.02,,,,,,,,,
,plex_1,0.94,0.81,1.81,1.82,1.3,1.29,1.17,1.29,0.73,,,,,,,,,
Nup50,plex_1,1.1,0.73,1.4,1.28,0.94,0.85,0.99,1.28,0.79,,,,,,,,,
Mrpl15,plex_1,0.91,0.82,0.9,1.0,0.71,0.81,0.89,1.09,0.78,,,,,,,,,
Cnpy3,plex_1,0.97,0.94,0.57,1.17,0.94,0.91,0.81,0.9,0.54,,,,,,,,,
Fam49b,plex_1,1.1,1.02,1.11,1.2,0.92,0.95,1.11,0.92,0.75,,,,,,,,,
Acbd3,plex_1,1.1,1.09,1.11,1.08,1.52,1.36,1.15,0.98,1.17,,,,,,,,,
Acbd3,plex_1,1.1,1.09,1.11,1.08,1.52,1.36,1.15,0.98,1.17,,,,,,,,,
Mrps18a,plex_1,0.64,0.79,1.15,1.51,0.77,1.06,1.18,1.32,0.76,,,,,,,,,
Mrps18a,plex_1,0.64,0.79,1.15,1.51,0.77,1.06,1.18,1.32,0.76,,,,,,,,,
Slc25a25,plex_1,1.17,1.46,1.27,1.05,0.57,0.42,1.08,1.19,0.79,,,,,,,,,
Slc25a25,plex_1,1.17,1.46,1.27,1.05,0.57,0.42,1.08,1.19,0.79,,,,,,,,,
,plex_1,1.09,1.16,1.26,0.7,0.61,0.63,1.59,1.14,0.5,,,,,,,,,
Tmem56,plex_1,0.95,1.3,1.37,1.53,0.67,1.28,1.24,1.44,0.99,,,,,,,,,
1110065P20Rik,plex_1,0.26,0.39,0.63,0.87,0.16,0.2,0.62,0.23,0.37,,,,,,,,,
Sdhaf1,plex_1,1.08,0.91,1.61,1.44,0.95,0.92,1.7,0.84,0.85,,,,,,,,,
Mrpl22,plex_1,0.68,1.02,1.28,1.69,0.96,1.01,1.17,1.17,0.94,,,,,,,,,
Ppbp,plex_1,0.94,0.9,0.85,1.35,0.93,1.0,1.01,1.41,0.62,,,,,,,,,
Parl,plex_1,0.78,1.28,1.22,1.86,0.86,0.98,1.21,1.04,1.1,,,,,,,,,
Rbm25,plex_1,1.66,1.62,1.3,1.26,1.17,1.09,1.08,1.26,1.4,,,,,,,,,
Rbm25,plex_1,1.66,1.62,1.3,1.26,1.17,1.09,1.08,1.26,1.4,,,,,,,,,
Vps45,plex_1,1.46,0.84,1.56,1.84,1.31,0.87,1.59,1.62,0.95,,,,,,,,,
Vps45,plex_1,1.46,0.84,1.56,1.84,1.31,0.87,1.59,1.62,0.95,,,,,,,,,
Rufy3,plex_1,1.48,1.03,1.41,1.81,0.64,1.46,1.21,1.41,1.39,,,,,,,,,
Rufy3,plex_1,1.48,1.03,1.41,1.81,0.64,1.46,1.21,1.41,1.39,,,,,,,,,
Rufy3,plex_1,1.48,1.03,1.41,1.81,0.64,1.46,1.21,1.41,1.39,,,,,,,,,
Pym1,plex_1,0.33,0.79,0.9,0.74,0.67,0.99,0.91,0.84,,,,,,,,,,
Pym1,plex_1,0.33,0.79,0.9,0.74,0.67,0.99,0.91,0.84,,,,,,,,,,
Epn2,plex_1,2.09,1.19,1.9,2.09,1.37,1.16,2.1,2.32,1.13,,,,,,,,,
Prpf4b,plex_1,0.94,1.11,0.99,1.45,0.95,0.92,0.81,1.01,0.68,,,,,,,,,
Acox1,plex_1,1.06,1.01,,,0.99,1.15,,1.09,,,,,,,,,,
Mup6,plex_1,0.78,0.97,1.22,1.65,0.57,0.85,1.46,1.65,0.27,,,,,,,,,
Mup17,plex_1,0.78,0.97,1.22,1.65,0.57,0.85,1.46,1.65,0.27,,,,,,,,,
Mup11,plex_1,0.78,0.97,1.22,1.65,0.57,0.85,1.46,1.65,0.27,,,,,,,,,
Nudt14,plex_1,0.93,0.5,0.97,1.0,0.56,0.95,1.1,0.61,0.59,,,,,,,,,
Srsf10,plex_1,1.72,1.17,0.94,1.12,0.81,0.58,1.73,1.02,0.87,,,,,,,,,
Fgl1,plex_1,1.56,0.96,1.33,1.58,1.12,1.54,1.46,1.72,0.85,,,,,,,,,
Fgl1,plex_1,1.56,0.96,1.33,1.58,1.12,1.54,1.46,1.72,0.85,,,,,,,,,
Cul1,plex_1,1.03,0.92,1.32,1.55,1.02,0.95,1.41,1.15,0.6,,,,,,,,,
Mrpl47,plex_1,0.67,1.06,1.08,1.41,0.87,1.04,0.99,1.27,0.94,,,,,,,,,
,plex_1,1.03,1.16,1.16,2.27,1.04,1.19,1.4,1.96,1.17,,,,,,,,,
Sub1,plex_1,1.82,1.05,1.66,2.19,1.16,1.03,1.15,1.28,1.06,,,,,,,,,
Dsc2,plex_1,1.24,1.97,1.14,1.88,0.74,0.75,1.32,0.77,1.75,,,,,,,,,
Isca2,plex_1,1.16,1.17,1.42,1.18,0.83,1.38,1.44,1.37,0.7,,,,,,,,,
Sdc4,plex_1,1.72,1.79,0.85,2.5,0.78,0.97,1.72,1.02,0.44,,,,,,,,,
Gmpr2,plex_1,0.77,0.36,0.74,0.98,0.71,0.41,0.66,0.44,0.72,,,,,,,,,
Lims1,plex_1,0.89,1.08,1.21,1.47,1.15,1.05,1.15,1.01,0.76,,,,,,,,,
Lamtor1,plex_1,0.57,2.4,1.02,0.79,0.88,0.99,1.13,1.15,0.61,,,,,,,,,
Lamtor1,plex_1,0.57,2.4,1.02,0.79,0.88,0.99,1.13,1.15,0.61,,,,,,,,,
Agpat3,plex_1,0.83,0.9,0.96,1.08,0.72,0.89,1.04,1.02,0.74,,,,,,,,,
Agpat3,plex_1,0.83,0.9,0.96,1.08,0.72,0.89,1.04,1.02,0.74,,,,,,,,,
Rps29,plex_1,0.62,0.93,1.04,1.28,0.76,0.91,1.21,1.02,0.78,,,,,,,,,
Sdf4,plex_1,0.52,0.78,1.11,0.9,0.94,0.44,1.06,0.95,0.44,,,,,,,,,
Rabgap1,plex_1,0.97,1.36,0.71,1.17,1.21,1.01,1.13,0.88,1.01,,,,,,,,,
Arl6ip1,plex_1,0.57,0.93,1.03,1.39,0.61,1.03,1.39,1.21,0.76,,,,,,,,,
Arfgef2,plex_1,0.88,1.09,1.05,1.59,0.92,0.84,1.07,0.88,0.85,,,,,,,,,
Napsa,plex_1,1.02,0.94,2.66,2.72,1.57,0.89,1.15,3.13,1.25,,,,,,,,,
Gfpt1,plex_1,1.14,1.58,1.01,2.4,0.81,1.35,1.45,1.37,1.04,,,,,,,,,
Gfpt1,plex_1,1.14,1.58,1.01,2.4,0.81,1.35,1.45,1.37,1.04,,,,,,,,,
Gsta1,plex_1,0.69,0.65,0.74,1.04,0.87,0.95,0.99,1.08,0.68,,,,,,,,,
Gsta1,plex_1,0.69,0.65,0.74,1.04,0.87,0.95,0.99,1.08,0.68,,,,,,,,,
Emc4,plex_1,1.32,0.89,0.9,1.1,0.78,0.7,1.1,0.71,0.71,,,,,,,,,
Gpat3,plex_1,0.93,0.92,0.88,1.11,0.73,0.9,1.13,1.04,0.63,,,,,,,,,
Saraf,plex_1,1.15,0.84,1.18,1.61,1.06,0.95,1.31,1.05,0.91,,,,,,,,,
Saraf,plex_1,1.15,0.84,1.18,1.61,1.06,0.95,1.31,1.05,0.91,,,,,,,,,
Rbbp5,plex_1,1.14,1.27,1.46,1.6,0.97,1.33,1.23,1.51,1.21,,,,,,,,,
Rbbp5,plex_1,1.14,1.27,1.46,1.6,0.97,1.33,1.23,1.51,1.21,,,,,,,,,
Rbbp5,plex_1,1.14,1.27,1.46,1.6,0.97,1.33,1.23,1.51,1.21,,,,,,,,,
Rbbp5,plex_1,1.14,1.27,1.46,1.6,0.97,1.33,1.23,1.51,1.21,,,,,,,,,
Ifih1,plex_1,0.97,0.79,0.92,1.29,1.04,1.23,0.7,0.99,0.88,,,,,,,,,
Ifih1,plex_1,0.97,0.79,0.92,1.29,1.04,1.23,0.7,0.99,0.88,,,,,,,,,
Ifih1,plex_1,0.97,0.79,0.92,1.29,1.04,1.23,0.7,0.99,0.88,,,,,,,,,
Myo1d,plex_1,0.58,0.98,0.91,1.86,1.14,1.28,1.42,1.25,0.92,,,,,,,,,
Ilf2,plex_1,0.78,0.73,0.82,1.19,0.79,0.71,0.84,0.79,0.85,,,,,,,,,
Ilf2,plex_1,0.78,0.73,0.82,1.19,0.79,0.71,0.84,0.79,0.85,,,,,,,,,
Pcp4l1,plex_1,0.99,1.21,1.74,0.94,1.88,1.82,1.79,1.5,2.36,,,,,,,,,
Gid8,plex_1,,,,,,,,,,,,,,,,,,
Rhog,plex_1,0.66,0.76,1.01,1.56,0.77,0.76,0.97,0.87,0.91,,,,,,,,,
Xpot,plex_1,0.69,1.11,1.06,1.65,0.74,0.9,1.08,0.84,0.95,,,,,,,,,
Dtymk,plex_1,0.94,0.88,1.15,1.28,1.19,1.0,1.16,1.34,0.8,,,,,,,,,
Dtymk,plex_1,0.94,0.88,1.15,1.28,1.19,1.0,1.16,1.34,0.8,,,,,,,,,
,plex_1,0.22,1.08,1.02,0.98,0.42,0.96,0.88,0.87,0.76,,,,,,,,,
1700037H04Rik,plex_1,0.22,1.08,1.02,0.98,0.42,0.96,0.88,0.87,0.76,,,,,,,,,
1700037H04Rik,plex_1,0.22,1.08,1.02,0.98,0.42,0.96,0.88,0.87,0.76,,,,,,,,,
Gapvd1,plex_1,0.7,0.72,0.88,1.12,0.56,0.76,0.68,0.79,0.6,,,,,,,,,
Gapvd1,plex_1,0.7,0.72,0.88,1.12,0.56,0.76,0.68,0.79,0.6,,,,,,,,,
Gapvd1,plex_1,0.7,0.72,0.88,1.12,0.56,0.76,0.68,0.79,0.6,,,,,,,,,
Gapvd1,plex_1,0.7,0.72,0.88,1.12,0.56,0.76,0.68,0.79,0.6,,,,,,,,,
Gapvd1,plex_1,0.7,0.72,0.88,1.12,0.56,0.76,0.68,0.79,0.6,,,,,,,,,
Dctpp1,plex_1,0.58,0.57,0.66,1.28,0.66,0.87,0.68,0.49,0.37,,,,,,,,,
Vwa8,plex_1,0.93,1.13,1.13,1.59,1.02,0.91,1.44,1.19,0.72,,,,,,,,,
Sfxn3,plex_1,0.97,0.85,0.92,0.86,0.62,1.01,0.69,0.8,0.85,,,,,,,,,
Sfxn3,plex_1,0.97,0.85,0.92,0.86,0.62,1.01,0.69,0.8,0.85,,,,,,,,,
Sfxn3,plex_1,0.97,0.85,0.92,0.86,0.62,1.01,0.69,0.8,0.85,,,,,,,,,
Ppm1f,plex_1,0.57,0.64,2.35,0.87,0.95,0.86,1.89,1.08,2.21,,,,,,,,,
Dync1li1,plex_1,0.88,0.92,0.97,1.14,0.87,0.86,0.95,1.06,0.77,,,,,,,,,
Yipf5,plex_1,0.84,0.82,0.92,1.19,0.74,0.91,1.05,0.92,0.71,,,,,,,,,
Cept1,plex_1,0.87,1.01,0.98,1.37,0.88,0.96,1.1,0.82,0.78,,,,,,,,,
Cept1,plex_1,0.87,1.01,0.98,1.37,0.88,0.96,1.1,0.82,0.78,,,,,,,,,
Cept1,plex_1,0.87,1.01,0.98,1.37,0.88,0.96,1.1,0.82,0.78,,,,,,,,,
Cept1,plex_1,0.87,1.01,0.98,1.37,0.88,0.96,1.1,0.82,0.78,,,,,,,,,
Cept1,plex_1,0.87,1.01,0.98,1.37,0.88,0.96,1.1,0.82,0.78,,,,,,,,,
Cdc123,plex_1,1.25,1.62,1.52,1.24,0.89,1.05,1.32,0.98,1.01,,,,,,,,,
Rrp9,plex_1,0.93,0.85,1.08,1.2,0.8,0.8,1.17,0.92,0.85,,,,,,,,,
Nnmt,plex_1,0.78,0.42,0.85,1.42,1.05,0.37,1.55,0.51,0.89,,,,,,,,,
Nnmt,plex_1,0.78,0.42,0.85,1.42,1.05,0.37,1.55,0.51,0.89,,,,,,,,,
Atp6v1f,plex_1,0.86,0.89,1.49,1.25,1.03,1.13,0.81,0.91,0.85,,,,,,,,,
,plex_1,1.25,1.15,1.2,1.43,0.88,0.8,1.63,1.34,0.41,,,,,,,,,
Chmp5,plex_1,1.16,0.78,1.1,1.06,0.64,1.25,0.98,0.95,0.72,,,,,,,,,
Npl,plex_1,1.46,0.85,1.54,1.5,0.83,1.5,1.1,1.27,0.79,,,,,,,,,
Cyp4f13,plex_1,0.83,0.96,1.03,1.45,0.67,0.77,1.24,0.75,0.59,,,,,,,,,
Slc39a14,plex_1,0.86,0.85,0.89,1.34,0.81,0.61,1.27,1.02,0.65,,,,,,,,,
Pfdn4,plex_1,1.91,2.35,1.08,3.01,1.05,2.24,2.05,2.1,1.82,,,,,,,,,
Pfdn4,plex_1,1.91,2.35,1.08,3.01,1.05,2.24,2.05,2.1,1.82,,,,,,,,,
Pfdn4,plex_1,1.91,2.35,1.08,3.01,1.05,2.24,2.05,2.1,1.82,,,,,,,,,
Pfdn4,plex_1,1.91,2.35,1.08,3.01,1.05,2.24,2.05,2.1,1.82,,,,,,,,,
Pfdn4,plex_1,1.91,2.35,1.08,3.01,1.05,2.24,2.05,2.1,1.82,,,,,,,,,
Pfdn5,plex_1,0.9,0.69,0.79,1.2,0.5,0.89,0.96,1.09,0.87,,,,,,,,,
Pfdn5,plex_1,0.9,0.69,0.79,1.2,0.5,0.89,0.96,1.09,0.87,,,,,,,,,
Sars2,plex_1,0.65,1.15,1.25,1.2,0.63,1.13,1.59,1.58,1.3,,,,,,,,,
Hnrnpll,plex_1,0.89,1.0,1.15,1.22,0.83,0.89,1.06,0.96,1.02,,,,,,,,,
Nudt5,plex_1,0.96,0.57,0.94,0.95,0.8,0.93,0.7,0.85,0.86,,,,,,,,,
Sun1,plex_1,0.96,0.98,0.98,1.16,0.84,0.85,1.08,0.91,0.8,,,,,,,,,
Sun1,plex_1,0.96,0.98,0.98,1.16,0.84,0.85,1.08,0.91,0.8,,,,,,,,,
Sun1,plex_1,0.96,0.98,0.98,1.16,0.84,0.85,1.08,0.91,0.8,,,,,,,,,
Sun1,plex_1,0.96,0.98,0.98,1.16,0.84,0.85,1.08,0.91,0.8,,,,,,,,,
Sun1,plex_1,0.96,0.98,0.98,1.16,0.84,0.85,1.08,0.91,0.8,,,,,,,,,
Sun1,plex_1,0.96,0.98,0.98,1.16,0.84,0.85,1.08,0.91,0.8,,,,,,,,,
Sun1,plex_1,0.96,0.98,0.98,1.16,0.84,0.85,1.08,0.91,0.8,,,,,,,,,
Sun1,plex_1,0.96,0.98,0.98,1.16,0.84,0.85,1.08,0.91,0.8,,,,,,,,,
Sun1,plex_1,0.96,0.98,0.98,1.16,0.84,0.85,1.08,0.91,0.8,,,,,,,,,
Sun1,plex_1,0.96,0.98,0.98,1.16,0.84,0.85,1.08,0.91,0.8,,,,,,,,,
Sun1,plex_1,0.96,0.98,0.98,1.16,0.84,0.85,1.08,0.91,0.8,,,,,,,,,
Sun1,plex_1,0.96,0.98,0.98,1.16,0.84,0.85,1.08,0.91,0.8,,,,,,,,,
Sun1,plex_1,0.96,0.98,0.98,1.16,0.84,0.85,1.08,0.91,0.8,,,,,,,,,
Sun1,plex_1,0.96,0.98,0.98,1.16,0.84,0.85,1.08,0.91,0.8,,,,,,,,,
Sun1,plex_1,0.96,0.98,0.98,1.16,0.84,0.85,1.08,0.91,0.8,,,,,,,,,
Cux1,plex_1,1.25,1.14,0.96,2.29,2.01,0.86,1.38,0.99,1.08,,,,,,,,,
Cux1,plex_1,1.25,1.14,0.96,2.29,2.01,0.86,1.38,0.99,1.08,,,,,,,,,
Mic13,plex_1,1.12,0.83,0.92,1.3,0.85,0.95,1.14,1.15,1.14,,,,,,,,,
Tcea3,plex_1,0.92,0.84,0.89,1.13,0.71,0.78,0.87,0.82,0.8,,,,,,,,,
Tcea3,plex_1,0.92,0.84,0.89,1.13,0.71,0.78,0.87,0.82,0.8,,,,,,,,,
Csnk2a2,plex_1,0.74,0.82,0.85,0.79,0.81,0.79,0.61,0.93,0.82,,,,,,,,,
Csnk2a2,plex_1,0.74,0.82,0.85,0.79,0.81,0.79,0.61,0.93,0.82,,,,,,,,,
Prpf6,plex_1,0.97,1.2,1.19,1.5,0.79,0.88,1.24,1.17,0.91,,,,,,,,,
Golim4,plex_1,0.76,0.92,1.08,1.77,0.93,1.15,1.08,1.2,1.08,,,,,,,,,
Golim4,plex_1,0.76,0.92,1.08,1.77,0.93,1.15,1.08,1.2,1.08,,,,,,,,,
S100a13,plex_1,1.16,1.11,1.24,1.45,0.94,1.06,1.15,1.09,1.0,,,,,,,,,
S100a13,plex_1,1.16,1.11,1.24,1.45,0.94,1.06,1.15,1.09,1.0,,,,,,,,,
Lrrc57,plex_1,0.9,0.84,1.58,1.75,0.38,0.8,1.09,1.01,0.37,,,,,,,,,
Lrrc57,plex_1,0.9,0.84,1.58,1.75,0.38,0.8,1.09,1.01,0.37,,,,,,,,,
Nasp,plex_1,0.94,0.93,0.76,1.15,0.81,0.89,0.95,0.76,0.58,,,,,,,,,
Tmem245,plex_1,1.12,1.42,1.63,1.86,1.13,1.34,1.3,1.79,1.2,,,,,,,,,
Tmem245,plex_1,1.12,1.42,1.63,1.86,1.13,1.34,1.3,1.79,1.2,,,,,,,,,
Bre,plex_1,1.16,1.28,0.89,1.76,1.17,1.2,0.88,1.09,0.44,,,,,,,,,
Ecm1,plex_1,0.83,1.07,0.97,0.9,0.69,0.78,0.72,0.9,0.88,,,,,,,,,
Ecm1,plex_1,0.83,1.07,0.97,0.9,0.69,0.78,0.72,0.9,0.88,,,,,,,,,
Atg4b,plex_1,1.7,1.17,1.74,1.84,0.99,1.33,2.32,1.99,0.95,,,,,,,,,
Atg4b,plex_1,1.7,1.17,1.74,1.84,0.99,1.33,2.32,1.99,0.95,,,,,,,,,
Atg4b,plex_1,1.7,1.17,1.74,1.84,0.99,1.33,2.32,1.99,0.95,,,,,,,,,
Smc3,plex_1,0.79,1.15,1.3,1.11,1.34,1.52,1.4,1.23,1.99,,,,,,,,,
Ppm1k,plex_1,1.22,1.18,1.51,1.45,0.96,0.95,1.12,0.94,0.7,,,,,,,,,
Dctn4,plex_1,2.07,0.61,2.17,1.91,1.13,2.19,0.87,0.86,0.61,,,,,,,,,
Clec3b,plex_1,1.39,1.02,1.32,1.52,1.02,2.7,1.44,1.17,1.31,,,,,,,,,
Clec3b,plex_1,1.39,1.02,1.32,1.52,1.02,2.7,1.44,1.17,1.31,,,,,,,,,
Cops7a,plex_1,1.14,1.06,1.19,1.61,0.69,1.17,0.99,1.15,0.74,,,,,,,,,
Cops7a,plex_1,1.14,1.06,1.19,1.61,0.69,1.17,0.99,1.15,0.74,,,,,,,,,
Ggct,plex_1,0.9,0.94,1.07,1.27,0.8,0.87,1.35,0.89,0.88,,,,,,,,,
Rps27,plex_1,1.1,1.11,1.06,1.4,0.9,1.04,1.2,1.01,0.78,,,,,,,,,
Rps27,plex_1,1.1,1.11,1.06,1.4,0.9,1.04,1.2,1.01,0.78,,,,,,,,,
Nop2,plex_1,0.84,1.13,1.19,1.05,0.98,1.12,1.21,1.41,0.86,,,,,,,,,
Mrps34,plex_1,0.94,0.7,1.84,1.42,0.57,0.99,1.35,0.96,1.5,,,,,,,,,
Tiprl,plex_1,0.69,0.77,0.94,0.92,0.76,0.74,1.04,0.87,0.7,,,,,,,,,
,plex_1,0.92,0.76,1.28,1.38,0.77,1.09,1.28,1.06,0.81,,,,,,,,,
Tu11,plex_1,0.92,0.76,1.28,1.38,0.77,1.09,1.28,1.06,0.81,,,,,,,,,
Ubl4,plex_1,0.92,0.76,1.28,1.38,0.77,1.09,1.28,1.06,0.81,,,,,,,,,
DXS254E,plex_1,0.92,0.76,1.28,1.38,0.77,1.09,1.28,1.06,0.81,,,,,,,,,
Tu11,plex_1,0.92,0.76,1.28,1.38,0.77,1.09,1.28,1.06,0.81,,,,,,,,,
Snx27,plex_1,2.41,0.49,0.93,1.28,0.71,1.28,1.57,1.32,0.78,,,,,,,,,
Snx27,plex_1,2.41,0.49,0.93,1.28,0.71,1.28,1.57,1.32,0.78,,,,,,,,,
Smug1,plex_1,,,,,,,,,,,,,,,,,,
Smug1,plex_1,,,,,,,,,,,,,,,,,,
Fhit,plex_1,1.02,0.95,0.95,1.28,0.67,1.01,1.26,1.25,0.76,,,,,,,,,
Fhit,plex_1,1.02,0.95,0.95,1.28,0.67,1.01,1.26,1.25,0.76,,,,,,,,,
Fhit,plex_1,1.02,0.95,0.95,1.28,0.67,1.01,1.26,1.25,0.76,,,,,,,,,
Cox7c,plex_1,0.92,0.61,0.81,1.42,0.68,0.85,1.16,1.56,0.82,,,,,,,,,
Prkag1,plex_1,1.01,1.06,0.94,1.13,0.93,0.9,1.07,1.05,0.8,,,,,,,,,
Bud31,plex_1,0.89,0.81,1.03,1.17,0.69,0.85,1.02,0.87,0.82,,,,,,,,,
Slc22a28,plex_1,1.05,1.01,1.21,1.43,1.02,0.96,1.18,1.03,1.27,,,,,,,,,
Slc22a30,plex_1,1.05,1.01,1.21,1.43,1.02,0.96,1.18,1.03,1.27,,,,,,,,,
Slc22a28,plex_1,1.05,1.01,1.21,1.43,1.02,0.96,1.18,1.03,1.27,,,,,,,,,
Stab2,plex_1,1.04,1.27,1.39,1.43,1.08,1.29,1.23,1.35,1.14,,,,,,,,,
Vma21,plex_1,0.84,0.76,0.84,1.24,0.81,0.77,0.99,0.97,0.66,,,,,,,,,
Vma21,plex_1,0.84,0.76,0.84,1.24,0.81,0.77,0.99,0.97,0.66,,,,,,,,,
Dhcr24,plex_1,0.89,1.07,1.04,1.28,0.9,0.84,1.12,1.1,0.92,,,,,,,,,
Myeov2,plex_1,,,,,,,,,,,,,,,,,,
Osbpl8,plex_1,0.81,0.94,1.09,0.96,0.71,0.97,0.88,0.84,1.3,,,,,,,,,
Osbpl8,plex_1,0.81,0.94,1.09,0.96,0.71,0.97,0.88,0.84,1.3,,,,,,,,,
Pfdn6,plex_1,1.48,1.5,1.32,1.76,1.14,1.11,1.46,1.33,0.86,,,,,,,,,
Pfdn6,plex_1,1.48,1.5,1.32,1.76,1.14,1.11,1.46,1.33,0.86,,,,,,,,,
Dusp3,plex_1,1.3,1.35,1.31,1.06,1.15,1.32,1.53,0.88,1.18,,,,,,,,,
Nop10,plex_1,1.6,1.11,1.04,2.57,1.03,0.84,1.61,1.64,0.68,,,,,,,,,
Tmx3,plex_1,0.87,1.31,1.08,1.47,0.8,0.99,0.98,0.88,0.87,,,,,,,,,
Selenbp2,plex_1,1.34,1.48,2.12,1.06,0.91,0.34,1.31,0.52,0.2,,,,,,,,,
Lcat,plex_1,1.6,0.87,1.22,1.52,0.89,0.72,1.26,1.0,0.71,,,,,,,,,
1810043H04Rik,plex_1,1.88,1.77,3.6,3.1,0.93,1.26,0.8,3.47,,,,,,,,,,
,plex_1,1.88,1.77,3.6,3.1,0.93,1.26,0.8,3.47,,,,,,,,,,
Nudt9,plex_1,1.11,0.55,1.2,1.69,0.82,1.01,0.88,0.97,0.82,,,,,,,,,
Actr10,plex_1,1.43,1.02,1.03,1.02,1.08,1.25,1.36,2.01,0.52,,,,,,,,,
Cmc1,plex_1,1.29,0.89,0.85,1.07,1.05,0.84,1.02,1.13,0.62,,,,,,,,,
Cmc1,plex_1,1.29,0.89,0.85,1.07,1.05,0.84,1.02,1.13,0.62,,,,,,,,,
Prps1l1,plex_1,,,,,,,,,,,,,,,,,,
Ikbkb,plex_1,1.04,0.75,1.46,1.3,0.8,1.1,0.85,0.98,1.27,,,,,,,,,
Tmem261,plex_1,1.04,1.17,1.07,1.36,0.76,0.86,1.03,0.89,0.62,,,,,,,,,
Cyp2b10,plex_1,2.04,0.84,1.01,2.09,0.78,2.45,2.02,1.72,0.92,,,,,,,,,
Cfi,plex_1,1.23,1.19,1.02,1.08,0.84,1.02,0.89,1.03,0.75,,,,,,,,,
Fam114a1,plex_1,0.98,0.43,0.87,1.0,0.74,1.03,0.72,1.24,0.94,,,,,,,,,
Dicer1,plex_1,1.05,0.9,0.88,0.99,0.77,0.73,1.16,1.07,0.89,,,,,,,,,
,plex_1,0.64,1.05,0.67,1.12,0.88,1.13,0.98,0.79,0.58,,,,,,,,,
Abcb6,plex_1,0.71,0.68,1.2,1.13,0.62,0.6,0.92,0.72,0.61,,,,,,,,,
,plex_1,0.78,1.45,0.77,2.34,0.31,1.79,1.06,0.86,1.12,,,,,,,,,
Trappc12,plex_1,0.8,1.13,1.25,1.3,0.7,0.85,1.1,0.92,0.77,,,,,,,,,
Taf15,plex_1,0.92,0.81,0.97,1.04,0.48,0.85,0.92,1.1,0.83,,,,,,,,,
Taf15,plex_1,0.92,0.81,0.97,1.04,0.48,0.85,0.92,1.1,0.83,,,,,,,,,
Paip1,plex_1,0.95,1.2,1.07,2.03,1.19,1.03,1.44,1.22,1.19,,,,,,,,,
,plex_1,1.08,0.84,0.93,1.09,0.75,0.88,0.95,0.72,0.47,,,,,,,,,
Sdr42e1,plex_1,,,,,,,,,,,,,,,,,,
Vamp8,plex_1,0.98,0.86,1.16,1.18,0.8,0.96,0.8,0.97,0.65,,,,,,,,,
Vamp8,plex_1,0.98,0.86,1.16,1.18,0.8,0.96,0.8,0.97,0.65,,,,,,,,,
Rac2,plex_1,0.92,0.61,1.22,1.08,0.57,0.96,0.71,0.97,0.91,,,,,,,,,
Drg2,plex_1,0.63,0.75,0.72,1.12,0.57,0.68,0.89,0.92,0.59,,,,,,,,,
Iigp1b,plex_1,,,,,,,,,,,,,,,,,,
Tollip,plex_1,1.06,0.99,1.36,1.39,0.75,1.07,0.94,1.1,0.8,,,,,,,,,
Tollip,plex_1,1.06,0.99,1.36,1.39,0.75,1.07,0.94,1.1,0.8,,,,,,,,,
Tollip,plex_1,1.06,0.99,1.36,1.39,0.75,1.07,0.94,1.1,0.8,,,,,,,,,
Capg,plex_1,1.28,1.36,0.97,1.46,0.72,0.8,1.03,0.78,0.66,,,,,,,,,
Capg,plex_1,1.28,1.36,0.97,1.46,0.72,0.8,1.03,0.78,0.66,,,,,,,,,
Capg,plex_1,1.28,1.36,0.97,1.46,0.72,0.8,1.03,0.78,0.66,,,,,,,,,
Itgav,plex_1,1.01,0.81,0.98,1.12,0.8,0.71,1.28,1.0,0.92,,,,,,,,,
Itgav,plex_1,1.01,0.81,0.98,1.12,0.8,0.71,1.28,1.0,0.92,,,,,,,,,
Pex6,plex_1,0.81,1.4,1.21,1.5,0.47,0.93,1.18,1.2,0.95,,,,,,,,,
Epm2aip1,plex_1,1.22,1.04,0.82,1.59,1.09,0.45,1.05,1.29,0.78,,,,,,,,,
Rnls,plex_1,1.75,,1.66,1.44,0.63,1.21,1.56,1.47,0.82,,,,,,,,,
Atp5s,plex_1,0.73,0.82,1.15,1.27,0.9,1.17,0.98,1.21,0.92,,,,,,,,,
Nadk,plex_1,0.94,0.84,1.28,1.38,0.72,0.73,1.18,0.92,1.08,,,,,,,,,
Stx6,plex_1,,,,,,,,,,,,,,,,,,
Lrrfip2,plex_1,1.11,1.99,1.17,1.29,0.89,0.74,1.13,0.96,0.92,,,,,,,,,
Lrrfip2,plex_1,1.11,1.99,1.17,1.29,0.89,0.74,1.13,0.96,0.92,,,,,,,,,
Vps36,plex_1,0.91,0.94,0.95,1.12,0.82,0.77,1.18,1.03,0.84,,,,,,,,,
Cog5,plex_1,0.48,0.45,0.46,0.82,0.51,0.44,0.83,0.38,0.86,,,,,,,,,
Mrps17,plex_1,0.71,0.58,1.13,1.49,0.79,1.02,1.26,1.15,0.78,,,,,,,,,
Mrps17,plex_1,0.71,0.58,1.13,1.49,0.79,1.02,1.26,1.15,0.78,,,,,,,,,
Mrps17,plex_1,0.71,0.58,1.13,1.49,0.79,1.02,1.26,1.15,0.78,,,,,,,,,
Ndufb3,plex_1,0.86,0.81,1.05,1.3,0.81,0.78,1.21,1.29,0.81,,,,,,,,,
Ndufb3,plex_1,0.86,0.81,1.05,1.3,0.81,0.78,1.21,1.29,0.81,,,,,,,,,
Fam98b,plex_1,1.39,1.64,2.52,0.81,2.44,2.04,1.35,1.84,3.1,,,,,,,,,
Ttc37,plex_1,0.68,1.0,0.99,1.53,0.91,1.11,1.37,1.11,0.65,,,,,,,,,
Ttc37,plex_1,0.68,1.0,0.99,1.53,0.91,1.11,1.37,1.11,0.65,,,,,,,,,
Pelo,plex_1,0.9,1.6,1.5,0.95,0.47,0.73,0.99,0.81,0.66,,,,,,,,,
Pelo,plex_1,0.9,1.6,1.5,0.95,0.47,0.73,0.99,0.81,0.66,,,,,,,,,
mCG_120563,plex_1,0.91,1.0,0.96,1.38,0.69,0.78,0.89,0.89,0.77,,,,,,,,,
,plex_1,1.28,1.32,0.76,1.11,0.82,1.37,1.14,0.87,1.05,,,,,,,,,
Mrps26,plex_1,0.87,1.02,0.95,0.86,0.36,0.63,0.35,0.83,0.27,,,,,,,,,
Chmp7,plex_1,1.18,1.28,3.49,2.14,3.42,3.7,1.99,2.7,3.56,,,,,,,,,
Galnt2,plex_1,1.34,0.73,1.57,1.59,0.88,0.91,0.83,0.69,0.91,,,,,,,,,
Nedd4l,plex_1,0.92,0.83,0.78,1.1,0.8,0.76,0.85,0.83,0.67,,,,,,,,,
Nedd4l,plex_1,0.92,0.83,0.78,1.1,0.8,0.76,0.85,0.83,0.67,,,,,,,,,
Nedd4l,plex_1,0.92,0.83,0.78,1.1,0.8,0.76,0.85,0.83,0.67,,,,,,,,,
Nedd4l,plex_1,0.92,0.83,0.78,1.1,0.8,0.76,0.85,0.83,0.67,,,,,,,,,
Pex7,plex_1,1.2,1.13,0.98,2.66,0.84,1.11,1.26,1.18,0.99,,,,,,,,,
Pex7,plex_1,1.2,1.13,0.98,2.66,0.84,1.11,1.26,1.18,0.99,,,,,,,,,
Pex7,plex_1,1.2,1.13,0.98,2.66,0.84,1.11,1.26,1.18,0.99,,,,,,,,,
Rtn3,plex_1,0.74,0.83,0.87,1.4,0.67,0.77,1.16,0.97,0.84,,,,,,,,,
Rtn3,plex_1,0.74,0.83,0.87,1.4,0.67,0.77,1.16,0.97,0.84,,,,,,,,,
Rtn3,plex_1,0.74,0.83,0.87,1.4,0.67,0.77,1.16,0.97,0.84,,,,,,,,,
Rtn3,plex_1,0.74,0.83,0.87,1.4,0.67,0.77,1.16,0.97,0.84,,,,,,,,,
Rtn3,plex_1,0.74,0.83,0.87,1.4,0.67,0.77,1.16,0.97,0.84,,,,,,,,,
Yes1,plex_1,1.12,1.27,0.84,1.42,0.81,0.73,1.07,0.96,0.83,,,,,,,,,
Carnmt1,plex_1,,,,,,,,,,,,,,,,,,
Npm1,plex_1,0.46,0.3,0.34,0.85,0.31,0.4,0.37,0.21,0.26,,,,,,,,,
Ufsp2,plex_1,0.83,0.9,1.06,1.25,0.85,0.91,1.08,1.05,0.76,,,,,,,,,
Pde12,plex_1,0.55,0.96,0.98,1.38,0.96,1.01,1.21,0.99,0.64,,,,,,,,,
Magt1,plex_1,0.91,1.42,1.44,1.98,0.57,1.17,1.66,0.79,0.78,,,,,,,,,
Magt1,plex_1,0.91,1.42,1.44,1.98,0.57,1.17,1.66,0.79,0.78,,,,,,,,,
Magt1,plex_1,0.91,1.42,1.44,1.98,0.57,1.17,1.66,0.79,0.78,,,,,,,,,
Magt1,plex_1,0.91,1.42,1.44,1.98,0.57,1.17,1.66,0.79,0.78,,,,,,,,,
Magt1,plex_1,0.91,1.42,1.44,1.98,0.57,1.17,1.66,0.79,0.78,,,,,,,,,
Magt1,plex_1,0.91,1.42,1.44,1.98,0.57,1.17,1.66,0.79,0.78,,,,,,,,,
Jchain,plex_1,0.83,0.73,0.64,1.06,0.7,0.92,0.77,0.88,0.78,,,,,,,,,
Wasf2,plex_1,0.95,1.69,2.27,3.14,2.5,2.4,2.84,1.68,2.0,,,,,,,,,
Wasf2,plex_1,0.95,1.69,2.27,3.14,2.5,2.4,2.84,1.68,2.0,,,,,,,,,
Pla2g12b,plex_1,0.67,0.54,0.78,1.09,0.59,0.67,0.6,0.57,0.61,,,,,,,,,
Pla2g12b,plex_1,0.67,0.54,0.78,1.09,0.59,0.67,0.6,0.57,0.61,,,,,,,,,
Tm9sf1,plex_1,0.75,1.02,1.14,1.64,1.27,1.16,1.01,0.8,1.07,,,,,,,,,
Tm9sf1,plex_1,0.75,1.02,1.14,1.64,1.27,1.16,1.01,0.8,1.07,,,,,,,,,
Tm9sf1,plex_1,0.75,1.02,1.14,1.64,1.27,1.16,1.01,0.8,1.07,,,,,,,,,
Gpx5,plex_1,0.81,1.11,1.04,1.28,0.83,0.83,0.98,0.89,0.99,,,,,,,,,
Gpx5,plex_1,0.81,1.11,1.04,1.28,0.83,0.83,0.98,0.89,0.99,,,,,,,,,
Gpx5,plex_1,0.81,1.11,1.04,1.28,0.83,0.83,0.98,0.89,0.99,,,,,,,,,
Eef1e1,plex_1,1.13,1.29,1.2,1.56,0.8,1.01,1.13,1.15,1.12,,,,,,,,,
Tmbim6,plex_1,0.81,0.93,0.91,1.7,0.7,1.07,1.18,1.11,0.72,,,,,,,,,
Tmbim6,plex_1,0.81,0.93,0.91,1.7,0.7,1.07,1.18,1.11,0.72,,,,,,,,,
Tmbim6,plex_1,0.81,0.93,0.91,1.7,0.7,1.07,1.18,1.11,0.72,,,,,,,,,
Tmbim6,plex_1,0.81,0.93,0.91,1.7,0.7,1.07,1.18,1.11,0.72,,,,,,,,,
Cdkn2aip,plex_1,1.28,0.47,1.49,1.41,0.46,0.59,1.23,0.41,,,,,,,,,,
Skt,plex_1,1.16,0.87,1.17,1.72,0.92,1.04,1.12,1.03,0.88,,,,,,,,,
Skt,plex_1,1.16,0.87,1.17,1.72,0.92,1.04,1.12,1.03,0.88,,,,,,,,,
Gnl3,plex_1,,,,,,,,,,,,,,,,,,
Gnl3,plex_1,,,,,,,,,,,,,,,,,,
Arf4,plex_1,0.86,0.87,1.17,1.48,0.63,1.19,1.07,1.11,0.83,,,,,,,,,
Pde3b,plex_1,1.09,1.2,1.59,1.12,1.18,1.69,1.36,1.29,1.45,,,,,,,,,
Pde3b,plex_1,1.09,1.2,1.59,1.12,1.18,1.69,1.36,1.29,1.45,,,,,,,,,
Trip6,plex_1,1.11,1.02,1.1,1.39,1.07,1.04,1.22,1.22,1.14,,,,,,,,,
Trip6,plex_1,1.11,1.02,1.1,1.39,1.07,1.04,1.22,1.22,1.14,,,,,,,,,
Cyp2a4,plex_1,0.75,0.96,0.77,1.09,0.66,0.71,0.99,1.08,0.76,,,,,,,,,
mt-Atp6,plex_1,0.78,0.56,0.9,1.42,0.57,1.15,1.03,1.48,0.5,,,,,,,,,
Ppp1r8,plex_1,1.3,2.24,2.76,3.06,2.29,0.91,2.08,2.24,2.24,,,,,,,,,
Ppp1r8,plex_1,1.3,2.24,2.76,3.06,2.29,0.91,2.08,2.24,2.24,,,,,,,,,
Dhcr7,plex_1,0.67,0.78,0.9,1.2,0.59,1.13,1.18,1.3,0.65,,,,,,,,,
Ppfibp1,plex_1,0.62,0.84,0.89,1.1,0.65,0.79,0.71,0.58,0.67,,,,,,,,,
Ppfibp1,plex_1,0.62,0.84,0.89,1.1,0.65,0.79,0.71,0.58,0.67,,,,,,,,,
Cpsf3,plex_1,1.46,1.18,1.16,1.49,0.79,0.98,1.1,1.05,1.19,,,,,,,,,
Cpsf3,plex_1,1.46,1.18,1.16,1.49,0.79,0.98,1.1,1.05,1.19,,,,,,,,,
Cpsf3,plex_1,1.46,1.18,1.16,1.49,0.79,0.98,1.1,1.05,1.19,,,,,,,,,
Cpsf3,plex_1,1.46,1.18,1.16,1.49,0.79,0.98,1.1,1.05,1.19,,,,,,,,,
Cpsf3,plex_1,1.46,1.18,1.16,1.49,0.79,0.98,1.1,1.05,1.19,,,,,,,,,
Arl3,plex_1,0.79,0.96,1.03,1.31,0.84,0.99,1.22,0.92,0.77,,,,,,,,,
Rbbp7,plex_1,1.03,0.91,1.32,1.15,0.77,1.06,1.33,0.96,0.88,,,,,,,,,
Rbbp7,plex_1,1.03,0.91,1.32,1.15,0.77,1.06,1.33,0.96,0.88,,,,,,,,,
Rbbp7,plex_1,1.03,0.91,1.32,1.15,0.77,1.06,1.33,0.96,0.88,,,,,,,,,
Cybb,plex_1,,,,,,,,,,,,,,,,,,
G6pdx,plex_1,0.62,0.94,1.03,1.19,0.76,0.66,0.91,0.81,0.82,,,,,,,,,
G6pdx,plex_1,0.62,0.94,1.03,1.19,0.76,0.66,0.91,0.81,0.82,,,,,,,,,
Cacfd1,plex_1,1.2,0.88,0.79,1.44,1.07,0.95,0.94,0.78,0.52,,,,,,,,,
Cacfd1,plex_1,1.2,0.88,0.79,1.44,1.07,0.95,0.94,0.78,0.52,,,,,,,,,
Acsl4,plex_1,0.89,1.02,1.1,1.44,0.71,1.2,0.99,0.84,1.06,,,,,,,,,
Acsl4,plex_1,0.89,1.02,1.1,1.44,0.71,1.2,0.99,0.84,1.06,,,,,,,,,
Cdc73,plex_1,0.64,0.77,1.05,1.74,0.86,1.1,1.13,0.78,0.86,,,,,,,,,
Rnmt,plex_1,1.19,1.19,0.94,,,1.09,1.68,,1.1,,,,,,,,,
Myadm,plex_1,1.24,1.05,0.89,1.31,0.94,0.93,1.12,1.09,0.62,,,,,,,,,
Myadm,plex_1,1.24,1.05,0.89,1.31,0.94,0.93,1.12,1.09,0.62,,,,,,,,,
Nmral1,plex_1,1.35,0.83,1.59,1.51,0.72,0.94,1.01,1.04,0.87,,,,,,,,,
Rmnd1,plex_1,1.18,0.81,1.21,1.44,0.93,1.19,1.01,1.25,1.06,,,,,,,,,
Ganab,plex_1,0.73,0.36,0.72,1.51,0.9,0.87,1.13,0.82,0.35,,,,,,,,,
Cad,plex_1,0.87,1.25,1.07,1.32,0.66,1.05,0.91,0.88,0.83,,,,,,,,,
Cad,plex_1,0.87,1.25,1.07,1.32,0.66,1.05,0.91,0.88,0.83,,,,,,,,,
Cad,plex_1,0.87,1.25,1.07,1.32,0.66,1.05,0.91,0.88,0.83,,,,,,,,,
Rpe,plex_1,,,1.08,0.69,,,0.67,0.56,,,,,,,,,,
Rpe,plex_1,,,1.08,0.69,,,0.67,0.56,,,,,,,,,,
Rpe,plex_1,,,1.08,0.69,,,0.67,0.56,,,,,,,,,,
Rpe,plex_1,,,1.08,0.69,,,0.67,0.56,,,,,,,,,,
Rpe,plex_1,,,1.08,0.69,,,0.67,0.56,,,,,,,,,,
Rpe,plex_1,,,1.08,0.69,,,0.67,0.56,,,,,,,,,,
Rpe,plex_1,,,1.08,0.69,,,0.67,0.56,,,,,,,,,,
Rpe,plex_1,,,1.08,0.69,,,0.67,0.56,,,,,,,,,,
Serpina3h,plex_1,0.74,1.17,1.37,1.12,0.64,1.0,0.87,0.98,0.78,,,,,,,,,
Serpina3h,plex_1,0.74,1.17,1.37,1.12,0.64,1.0,0.87,0.98,0.78,,,,,,,,,
Nub1,plex_1,0.87,1.2,1.12,1.26,0.79,0.92,1.12,1.03,0.88,,,,,,,,,
Rdh19,plex_1,,,,,,,,,,,,,,,,,,
Rdh19,plex_1,,,,,,,,,,,,,,,,,,
Arhgap5,plex_1,0.69,0.98,1.07,0.86,1.02,,0.92,0.76,,,,,,,,,,
Arhgap5,plex_1,0.69,0.98,1.07,0.86,1.02,,0.92,0.76,,,,,,,,,,
Arhgap5,plex_1,0.69,0.98,1.07,0.86,1.02,,0.92,0.76,,,,,,,,,,
Pnkd,plex_1,0.89,0.87,1.93,,1.07,0.44,0.64,,0.6,,,,,,,,,
Pnkd,plex_1,0.89,0.87,1.93,,1.07,0.44,0.64,,0.6,,,,,,,,,
Gnpat,plex_1,0.84,1.38,1.26,1.39,1.01,1.25,1.51,1.32,1.06,,,,,,,,,
Gnpat,plex_1,0.84,1.38,1.26,1.39,1.01,1.25,1.51,1.32,1.06,,,,,,,,,
Gnpat,plex_1,0.84,1.38,1.26,1.39,1.01,1.25,1.51,1.32,1.06,,,,,,,,,
Gnpat,plex_1,0.84,1.38,1.26,1.39,1.01,1.25,1.51,1.32,1.06,,,,,,,,,
Gnpat,plex_1,0.84,1.38,1.26,1.39,1.01,1.25,1.51,1.32,1.06,,,,,,,,,
Wipf1,plex_1,1.05,0.76,0.84,0.66,0.97,0.78,0.64,0.44,0.79,,,,,,,,,
Rtfdc1,plex_1,0.98,0.97,1.25,1.28,0.65,0.94,1.25,0.92,0.74,,,,,,,,,
Rtfdc1,plex_1,0.98,0.97,1.25,1.28,0.65,0.94,1.25,0.92,0.74,,,,,,,,,
Rnf123,plex_1,2.8,0.7,0.85,1.35,0.97,0.7,0.82,0.85,0.59,,,,,,,,,
Rnf123,plex_1,2.8,0.7,0.85,1.35,0.97,0.7,0.82,0.85,0.59,,,,,,,,,
Rnf123,plex_1,2.8,0.7,0.85,1.35,0.97,0.7,0.82,0.85,0.59,,,,,,,,,
Znf22,plex_1,1.1,0.95,1.3,1.32,0.64,1.14,1.05,1.34,1.13,,,,,,,,,
Trmu,plex_1,0.91,0.99,1.09,1.46,0.92,0.86,1.02,0.86,0.8,,,,,,,,,
,plex_1,1.78,1.18,0.75,0.84,0.84,1.23,0.86,0.64,0.63,,,,,,,,,
Igkv4-86,plex_1,1.78,1.18,0.75,0.84,0.84,1.23,0.86,0.64,0.63,,,,,,,,,
Igkv4-86,plex_1,1.78,1.18,0.75,0.84,0.84,1.23,0.86,0.64,0.63,,,,,,,,,
,plex_1,1.78,1.18,0.75,0.84,0.84,1.23,0.86,0.64,0.63,,,,,,,,,
,plex_1,1.78,1.18,0.75,0.84,0.84,1.23,0.86,0.64,0.63,,,,,,,,,
,plex_1,1.78,1.18,0.75,0.84,0.84,1.23,0.86,0.64,0.63,,,,,,,,,
,plex_1,1.78,1.18,0.75,0.84,0.84,1.23,0.86,0.64,0.63,,,,,,,,,
Sept4,plex_1,0.86,1.0,1.24,1.36,1.17,1.1,1.18,0.92,0.66,,,,,,,,,
Sept4,plex_1,0.86,1.0,1.24,1.36,1.17,1.1,1.18,0.92,0.66,,,,,,,,,
Sept4,plex_1,0.86,1.0,1.24,1.36,1.17,1.1,1.18,0.92,0.66,,,,,,,,,
Sept4,plex_1,0.86,1.0,1.24,1.36,1.17,1.1,1.18,0.92,0.66,,,,,,,,,
Sept4,plex_1,0.86,1.0,1.24,1.36,1.17,1.1,1.18,0.92,0.66,,,,,,,,,
Emc7,plex_1,1.22,1.08,1.34,1.72,0.89,1.09,1.34,1.18,0.91,,,,,,,,,
Aldh1l2,plex_1,0.72,0.72,1.15,1.76,0.85,1.04,1.02,0.98,0.96,,,,,,,,,
,plex_1,2.8,1.28,0.25,1.44,0.78,0.57,0.4,0.47,1.36,,,,,,,,,
Las1l,plex_1,0.85,0.77,1.07,1.26,0.88,0.9,1.05,0.72,0.75,,,,,,,,,
Las1l,plex_1,0.85,0.77,1.07,1.26,0.88,0.9,1.05,0.72,0.75,,,,,,,,,
Tma7,plex_1,1.1,0.98,1.21,1.21,0.84,0.79,1.21,0.88,0.92,,,,,,,,,
Tmc7,plex_1,,,,,,,,,,,,,,,,,,
Vps18,plex_1,0.75,0.7,1.28,1.12,0.34,0.92,1.33,1.25,0.77,,,,,,,,,
Vps18,plex_1,0.75,0.7,1.28,1.12,0.34,0.92,1.33,1.25,0.77,,,,,,,,,
Vps18,plex_1,0.75,0.7,1.28,1.12,0.34,0.92,1.33,1.25,0.77,,,,,,,,,
Nifk,plex_1,0.39,0.98,1.07,0.92,0.87,0.79,1.12,1.18,0.62,,,,,,,,,
Ap3s1,plex_1,0.97,0.94,1.15,1.17,0.67,1.07,1.27,0.94,0.75,,,,,,,,,
Prkcdbp,plex_1,1.33,0.7,0.68,0.86,0.74,0.79,1.04,1.32,0.94,,,,,,,,,
Apcs,plex_1,1.62,0.55,0.65,1.63,0.56,0.4,0.36,0.72,0.56,,,,,,,,,
Gigyf1,plex_1,,0.79,,,,,,,,,,,,,,,,
Ssu72,plex_1,,,,,,,,,,,,,,,,,,
Ssu72,plex_1,,,,,,,,,,,,,,,,,,
Irs1,plex_1,0.83,0.62,0.73,1.46,0.59,0.79,0.74,0.75,0.68,,,,,,,,,
Irs1,plex_1,0.83,0.62,0.73,1.46,0.59,0.79,0.74,0.75,0.68,,,,,,,,,
Ttc1,plex_1,0.48,0.71,0.96,1.0,0.68,0.77,0.78,0.58,0.92,,,,,,,,,
Mrpl24,plex_1,0.84,0.87,1.02,1.22,0.85,0.85,1.02,0.94,0.71,,,,,,,,,
Ago2,plex_1,0.72,1.16,1.02,1.01,0.87,0.77,0.9,0.85,0.63,,,,,,,,,
Rbks,plex_1,1.32,0.89,1.16,1.05,,,1.34,0.75,0.7,,,,,,,,,
Cdk9,plex_1,,,,,,,,,,,,,,,,,,
Ttc19,plex_1,1.6,0.72,0.3,1.07,0.84,0.77,0.87,0.95,0.26,,,,,,,,,
Ttc19,plex_1,1.6,0.72,0.3,1.07,0.84,0.77,0.87,0.95,0.26,,,,,,,,,
Ngly1,plex_1,1.47,0.71,0.94,1.75,0.65,0.73,1.0,0.92,0.85,,,,,,,,,
Sat2,plex_1,0.96,1.01,1.26,1.61,0.94,0.85,0.98,1.02,0.88,,,,,,,,,
Cd81,plex_1,0.58,0.78,1.02,0.93,0.35,0.39,0.5,1.16,0.81,,,,,,,,,
Galnt1,plex_1,1.66,0.74,1.06,2.08,0.67,0.71,1.64,1.83,1.07,,,,,,,,,
Ubl7,plex_1,,,,,,,,,,,,,,,,,,
Ubl7,plex_1,,,,,,,,,,,,,,,,,,
Stk24,plex_1,1.83,3.15,3.12,1.97,4.95,3.92,2.45,1.94,4.86,,,,,,,,,
Stk24,plex_1,1.83,3.15,3.12,1.97,4.95,3.92,2.45,1.94,4.86,,,,,,,,,
Ccdc93,plex_1,0.93,1.16,1.15,1.24,0.71,0.44,0.77,0.83,0.45,,,,,,,,,
Arid1a,plex_1,1.15,1.0,1.42,1.53,0.79,1.35,0.9,1.09,0.78,,,,,,,,,
Inf2,plex_1,1.03,1.18,1.05,1.75,0.75,1.23,1.09,1.22,0.78,,,,,,,,,
Tgfbrap1,plex_1,0.99,1.15,1.13,1.34,0.66,0.93,1.12,1.17,0.87,,,,,,,,,
Sfn,plex_1,,,,,,,,,,,,,,,,,,
Sfn,plex_1,,,,,,,,,,,,,,,,,,
Gle1,plex_1,,,,,,,,,,,,,,,,,,
Rbsn,plex_1,0.76,1.25,1.46,2.63,0.98,1.17,1.14,0.94,1.01,,,,,,,,,
Lmbrd2,plex_1,2.3,0.72,1.96,2.18,2.06,2.62,2.06,2.26,1.08,,,,,,,,,
Zfand2b,plex_1,0.91,1.45,1.51,1.86,0.99,1.23,1.67,1.56,1.73,,,,,,,,,
Zfand2b,plex_1,0.91,1.45,1.51,1.86,0.99,1.23,1.67,1.56,1.73,,,,,,,,,
Zfand2b,plex_1,0.91,1.45,1.51,1.86,0.99,1.23,1.67,1.56,1.73,,,,,,,,,
Pus1,plex_1,0.82,0.75,0.92,1.41,0.96,0.85,0.93,0.86,0.75,,,,,,,,,
Pus1,plex_1,0.82,0.75,0.92,1.41,0.96,0.85,0.93,0.86,0.75,,,,,,,,,
Pus1,plex_1,0.82,0.75,0.92,1.41,0.96,0.85,0.93,0.86,0.75,,,,,,,,,
Pus1,plex_1,0.82,0.75,0.92,1.41,0.96,0.85,0.93,0.86,0.75,,,,,,,,,
Pus1,plex_1,0.82,0.75,0.92,1.41,0.96,0.85,0.93,0.86,0.75,,,,,,,,,
Snrpd1,plex_1,,,,,,,,,,,,,,,,,,
Rbm3,plex_1,1.29,1.42,1.4,1.19,0.75,0.86,1.02,0.75,0.74,,,,,,,,,
Rbm3,plex_1,1.29,1.42,1.4,1.19,0.75,0.86,1.02,0.75,0.74,,,,,,,,,
Rbm3,plex_1,1.29,1.42,1.4,1.19,0.75,0.86,1.02,0.75,0.74,,,,,,,,,
Rbm3,plex_1,1.29,1.42,1.4,1.19,0.75,0.86,1.02,0.75,0.74,,,,,,,,,
Col4a1,plex_1,0.71,2.29,1.13,1.66,0.89,0.87,0.9,0.83,0.6,,,,,,,,,
Lamtor3,plex_1,1.01,1.31,1.26,1.25,0.8,1.01,0.87,0.85,0.69,,,,,,,,,
Lamtor3,plex_1,1.01,1.31,1.26,1.25,0.8,1.01,0.87,0.85,0.69,,,,,,,,,
Snap23,plex_1,0.75,0.93,0.87,1.0,0.71,0.97,0.91,0.93,0.74,,,,,,,,,
Snap23,plex_1,0.75,0.93,0.87,1.0,0.71,0.97,0.91,0.93,0.74,,,,,,,,,
Ccar1,plex_1,1.05,1.1,1.69,1.51,1.52,1.69,1.39,1.47,2.04,,,,,,,,,
Tspan31,plex_1,0.96,1.43,0.97,1.77,0.84,1.2,1.38,1.58,0.46,,,,,,,,,
Srsf9,plex_1,0.97,1.16,0.98,1.31,0.71,0.6,1.28,1.02,0.96,,,,,,,,,
Itgb5,plex_1,0.95,0.88,1.22,1.26,0.99,0.7,0.97,0.75,0.79,,,,,,,,,
Smarcb1,plex_1,0.97,0.74,0.95,1.03,0.94,0.84,1.04,0.88,1.04,,,,,,,,,
Smarcb1,plex_1,0.97,0.74,0.95,1.03,0.94,0.84,1.04,0.88,1.04,,,,,,,,,
Rdh10,plex_1,,,,,,,,,,,,,,,,,,
Sypl1,plex_1,1.1,1.27,2.22,1.68,,1.35,1.98,1.8,,,,,,,,,,
Reep3,plex_1,1.09,0.64,1.33,1.24,1.15,0.93,1.36,0.7,0.85,,,,,,,,,
Kiaa1161,plex_1,0.79,1.22,1.08,1.33,0.69,0.91,1.06,0.95,0.88,,,,,,,,,
Ado,plex_1,1.09,1.12,0.98,1.27,0.89,0.93,1.15,1.03,0.76,,,,,,,,,
Gm12250,plex_1,1.92,5.17,1.3,1.59,1.21,1.88,2.28,1.72,1.34,,,,,,,,,
Ndufa1,plex_1,1.06,1.42,1.71,1.87,1.62,1.69,1.58,1.65,0.9,,,,,,,,,
Lss,plex_1,1.05,0.74,0.83,1.26,0.81,1.56,1.19,1.39,0.79,,,,,,,,,
Ostc,plex_1,1.17,1.18,0.91,1.32,1.19,1.19,0.83,0.94,0.82,,,,,,,,,
Nlrx1,plex_1,1.27,1.16,0.95,1.62,1.0,1.08,1.54,0.98,1.04,,,,,,,,,
Gar1,plex_1,0.96,1.07,1.69,1.15,1.02,0.99,0.91,0.32,0.58,,,,,,,,,
Gar1,plex_1,0.96,1.07,1.69,1.15,1.02,0.99,0.91,0.32,0.58,,,,,,,,,
Gar1,plex_1,0.96,1.07,1.69,1.15,1.02,0.99,0.91,0.32,0.58,,,,,,,,,
Gar1,plex_1,0.96,1.07,1.69,1.15,1.02,0.99,0.91,0.32,0.58,,,,,,,,,
Gar1,plex_1,0.96,1.07,1.69,1.15,1.02,0.99,0.91,0.32,0.58,,,,,,,,,
Cpsf7,plex_1,1.08,0.53,1.57,1.52,1.24,0.54,1.4,1.11,0.97,,,,,,,,,
Cpsf7,plex_1,1.08,0.53,1.57,1.52,1.24,0.54,1.4,1.11,0.97,,,,,,,,,
Dnajb2,plex_1,0.91,1.07,1.07,1.37,0.78,1.02,1.1,0.97,0.79,,,,,,,,,
Dnajb2,plex_1,0.91,1.07,1.07,1.37,0.78,1.02,1.1,0.97,0.79,,,,,,,,,
Ogt,plex_1,1.31,1.32,1.04,1.61,1.0,1.25,1.08,1.23,0.6,,,,,,,,,
Ogt,plex_1,1.31,1.32,1.04,1.61,1.0,1.25,1.08,1.23,0.6,,,,,,,,,
Nadk2,plex_1,1.05,1.03,1.19,1.12,0.79,1.06,1.11,1.24,0.86,,,,,,,,,
Ctif,plex_1,1.01,2.48,2.3,2.62,0.78,1.47,2.21,0.8,1.23,,,,,,,,,
Raph1,plex_1,2.06,2.16,1.51,1.83,2.0,1.08,2.09,1.43,1.5,,,,,,,,,
Uba6,plex_1,0.92,0.72,0.73,1.39,0.97,0.91,1.1,1.01,0.54,,,,,,,,,
Iglv1,plex_1,,,,,,,,,,,,,,,,,,
Iglc1,plex_1,,,,,,,,,,,,,,,,,,
LOC207685,plex_1,,,,,,,,,,,,,,,,,,
,plex_1,,,,,,,,,,,,,,,,,,
,plex_1,,,,,,,,,,,,,,,,,,
Ppp1r3b,plex_1,0.98,0.88,0.76,2.31,0.53,1.01,0.72,0.66,0.88,,,,,,,,,
Col3a1,plex_1,2.63,0.73,0.8,1.24,1.12,1.01,0.8,1.2,0.59,,,,,,,,,
Col3a1,plex_1,2.63,0.73,0.8,1.24,1.12,1.01,0.8,1.2,0.59,,,,,,,,,
Col3a1,plex_1,2.63,0.73,0.8,1.24,1.12,1.01,0.8,1.2,0.59,,,,,,,,,
Col3a1,plex_1,2.63,0.73,0.8,1.24,1.12,1.01,0.8,1.2,0.59,,,,,,,,,
Col3a1,plex_1,2.63,0.73,0.8,1.24,1.12,1.01,0.8,1.2,0.59,,,,,,,,,
Zc3h18,plex_1,0.45,0.85,1.17,0.86,0.31,0.26,0.42,0.19,0.38,,,,,,,,,
Zc3h18,plex_1,0.45,0.85,1.17,0.86,0.31,0.26,0.42,0.19,0.38,,,,,,,,,
Zc3h18,plex_1,0.45,0.85,1.17,0.86,0.31,0.26,0.42,0.19,0.38,,,,,,,,,
Pkp4,plex_1,1.1,1.1,0.94,1.3,0.76,1.28,0.84,0.76,0.8,,,,,,,,,
Pkp4,plex_1,1.1,1.1,0.94,1.3,0.76,1.28,0.84,0.76,0.8,,,,,,,,,
Scaf4,plex_1,1.82,2.71,1.66,1.96,2.15,2.43,3.77,2.2,1.56,,,,,,,,,
Scaf4,plex_1,1.82,2.71,1.66,1.96,2.15,2.43,3.77,2.2,1.56,,,,,,,,,
Scaf4,plex_1,1.82,2.71,1.66,1.96,2.15,2.43,3.77,2.2,1.56,,,,,,,,,
Ddrgk1,plex_1,0.89,1.95,1.1,2.38,0.96,1.79,2.03,0.89,0.78,,,,,,,,,
Rab43,plex_1,1.01,1.08,1.08,1.43,0.89,1.06,1.2,1.09,1.0,,,,,,,,,
Chmp2b,plex_1,1.05,1.6,1.36,1.41,0.8,0.75,1.21,1.14,0.87,,,,,,,,,
Mgat2,plex_1,0.95,0.81,1.25,1.18,0.78,1.3,0.96,1.03,1.01,,,,,,,,,
Mgat2,plex_1,0.95,0.81,1.25,1.18,0.78,1.3,0.96,1.03,1.01,,,,,,,,,
Mgat2,plex_1,0.95,0.81,1.25,1.18,0.78,1.3,0.96,1.03,1.01,,,,,,,,,
Tmem38b,plex_1,0.97,0.94,1.07,1.25,0.6,0.93,0.82,0.97,0.78,,,,,,,,,
Pds5b,plex_1,1.88,1.28,2.48,2.79,1.48,1.96,1.79,1.08,0.82,,,,,,,,,
Pds5b,plex_1,1.88,1.28,2.48,2.79,1.48,1.96,1.79,1.08,0.82,,,,,,,,,
Pds5b,plex_1,1.88,1.28,2.48,2.79,1.48,1.96,1.79,1.08,0.82,,,,,,,,,
Srp9,plex_1,,,,,,,,,,,,,,,,,,
Srp9,plex_1,,,,,,,,,,,,,,,,,,
Ylpm1,plex_1,0.89,1.02,1.09,1.28,1.01,1.0,0.93,0.91,0.85,,,,,,,,,
Ylpm1,plex_1,0.89,1.02,1.09,1.28,1.01,1.0,0.93,0.91,0.85,,,,,,,,,
Fam20a,plex_1,0.95,1.11,1.26,1.57,0.96,1.16,1.58,1.15,0.85,,,,,,,,,
Mob1b,plex_1,1.07,0.91,1.14,1.33,0.84,0.98,1.03,1.09,0.83,,,,,,,,,
Mob1a,plex_1,1.07,0.91,1.14,1.33,0.84,0.98,1.03,1.09,0.83,,,,,,,,,
Mob1b,plex_1,1.07,0.91,1.14,1.33,0.84,0.98,1.03,1.09,0.83,,,,,,,,,
,plex_1,1.83,1.97,1.62,2.25,1.74,1.12,1.7,0.79,1.54,,,,,,,,,
Snrpg,plex_1,1.83,1.97,1.62,2.25,1.74,1.12,1.7,0.79,1.54,,,,,,,,,
Emc10,plex_1,0.37,1.02,0.53,1.45,0.56,0.56,0.39,0.35,0.63,,,,,,,,,
Emc10,plex_1,0.37,1.02,0.53,1.45,0.56,0.56,0.39,0.35,0.63,,,,,,,,,
Emc10,plex_1,0.37,1.02,0.53,1.45,0.56,0.56,0.39,0.35,0.63,,,,,,,,,
Emc10,plex_1,0.37,1.02,0.53,1.45,0.56,0.56,0.39,0.35,0.63,,,,,,,,,
Triobp,plex_1,1.04,0.98,1.21,1.5,0.66,0.92,1.15,1.11,0.81,,,,,,,,,
Triobp,plex_1,1.04,0.98,1.21,1.5,0.66,0.92,1.15,1.11,0.81,,,,,,,,,
Triobp,plex_1,1.04,0.98,1.21,1.5,0.66,0.92,1.15,1.11,0.81,,,,,,,,,
Wipi2,plex_1,0.64,1.14,1.12,1.38,0.96,1.02,0.85,0.87,0.97,,,,,,,,,
Sco1,plex_1,0.61,0.59,0.75,1.55,0.79,0.67,0.91,0.89,0.83,,,,,,,,,
Sco1,plex_1,0.61,0.59,0.75,1.55,0.79,0.67,0.91,0.89,0.83,,,,,,,,,
Ghr,plex_1,1.19,1.32,1.26,,1.09,,2.22,2.2,1.17,,,,,,,,,
Ghr,plex_1,1.19,1.32,1.26,,1.09,,2.22,2.2,1.17,,,,,,,,,
Ghr,plex_1,1.19,1.32,1.26,,1.09,,2.22,2.2,1.17,,,,,,,,,
Ghr,plex_1,1.19,1.32,1.26,,1.09,,2.22,2.2,1.17,,,,,,,,,
Ghr,plex_1,1.19,1.32,1.26,,1.09,,2.22,2.2,1.17,,,,,,,,,
Lrrfip1,plex_1,0.5,1.4,1.66,1.56,0.79,0.75,1.13,0.98,0.54,,,,,,,,,
Ccdc6,plex_1,2.09,1.68,1.87,2.07,0.95,1.0,1.3,1.49,0.84,,,,,,,,,
Tns3,plex_1,0.69,0.86,0.81,1.15,0.7,0.69,0.92,0.94,0.66,,,,,,,,,
mt-Co3,plex_1,0.92,1.06,1.15,1.71,0.84,0.99,1.26,1.01,0.56,,,,,,,,,
Tlcd2,plex_1,1.38,1.03,0.81,0.69,0.6,0.75,1.04,0.94,0.68,,,,,,,,,
Ghitm,plex_1,0.76,1.56,0.82,1.73,0.97,0.83,1.1,1.04,0.9,,,,,,,,,
Dpf2,plex_1,1.21,,1.67,2.82,1.25,1.09,0.73,,1.02,,,,,,,,,
Dpf2,plex_1,1.21,,1.67,2.82,1.25,1.09,0.73,,1.02,,,,,,,,,
Dpf2,plex_1,1.21,,1.67,2.82,1.25,1.09,0.73,,1.02,,,,,,,,,
Edf1,plex_1,0.88,0.95,1.29,1.22,0.48,0.89,0.88,1.02,0.87,,,,,,,,,
Casp3,plex_1,0.79,0.35,0.35,0.52,0.65,0.45,0.95,0.66,0.67,,,,,,,,,
Casp3,plex_1,0.79,0.35,0.35,0.52,0.65,0.45,0.95,0.66,0.67,,,,,,,,,
Vps4a,plex_1,0.92,0.82,0.98,1.45,0.85,1.16,1.05,0.96,1.0,,,,,,,,,
Vps4a,plex_1,0.92,0.82,0.98,1.45,0.85,1.16,1.05,0.96,1.0,,,,,,,,,
Dock6,plex_1,0.74,1.24,0.95,0.86,0.41,0.74,0.71,0.93,0.68,,,,,,,,,
Sympk,plex_1,0.89,1.02,1.2,1.38,0.63,1.1,1.26,1.15,0.78,,,,,,,,,
Sympk,plex_1,0.89,1.02,1.2,1.38,0.63,1.1,1.26,1.15,0.78,,,,,,,,,
Sympk,plex_1,0.89,1.02,1.2,1.38,0.63,1.1,1.26,1.15,0.78,,,,,,,,,
Was,plex_1,,0.57,1.36,1.13,,0.93,0.6,0.81,,,,,,,,,,
Was,plex_1,,0.57,1.36,1.13,,0.93,0.6,0.81,,,,,,,,,,
Asap1,plex_1,0.88,0.9,0.96,1.24,0.83,1.0,0.85,1.05,0.87,,,,,,,,,
Asap1,plex_1,0.88,0.9,0.96,1.24,0.83,1.0,0.85,1.05,0.87,,,,,,,,,
Asap1,plex_1,0.88,0.9,0.96,1.24,0.83,1.0,0.85,1.05,0.87,,,,,,,,,
Asap1,plex_1,0.88,0.9,0.96,1.24,0.83,1.0,0.85,1.05,0.87,,,,,,,,,
Ecsit,plex_1,1.0,1.34,1.0,1.37,0.8,1.21,1.67,1.32,1.05,,,,,,,,,
Naa30,plex_1,,,,,,,,,,,,,,,,,,
Naa30,plex_1,,,,,,,,,,,,,,,,,,
Naa30,plex_1,,,,,,,,,,,,,,,,,,
Naa30,plex_1,,,,,,,,,,,,,,,,,,
Ccdc167,plex_1,0.79,0.82,0.85,1.22,0.81,1.03,1.32,1.12,0.62,,,,,,,,,
Ccdc167,plex_1,0.79,0.82,0.85,1.22,0.81,1.03,1.32,1.12,0.62,,,,,,,,,
Ccdc167,plex_1,0.79,0.82,0.85,1.22,0.81,1.03,1.32,1.12,0.62,,,,,,,,,
Phka2,plex_1,0.85,0.7,1.07,1.09,0.74,0.91,1.2,1.19,0.79,,,,,,,,,
Cnn1,plex_1,,,,,,,,,,,,,,,,,,
Smarca2,plex_1,0.92,1.26,1.32,1.93,1.23,1.45,0.95,0.95,1.13,,,,,,,,,
Smarca2,plex_1,0.92,1.26,1.32,1.93,1.23,1.45,0.95,0.95,1.13,,,,,,,,,
Adnp,plex_1,2.03,2.46,1.01,1.2,0.85,1.04,1.4,0.82,0.83,,,,,,,,,
Calu,plex_1,1.1,0.96,1.17,1.63,0.86,1.23,1.23,1.04,0.89,,,,,,,,,
Calu,plex_1,1.1,0.96,1.17,1.63,0.86,1.23,1.23,1.04,0.89,,,,,,,,,
Supt4h1b,plex_1,1.04,0.44,1.01,1.1,0.29,0.41,0.48,0.84,0.99,,,,,,,,,
Supt4h1a,plex_1,1.04,0.44,1.01,1.1,0.29,0.41,0.48,0.84,0.99,,,,,,,,,
Hspa13,plex_1,1.15,0.97,1.18,1.56,1.24,1.02,1.45,1.06,0.92,,,,,,,,,
Hsd17b7,plex_1,1.1,1.07,1.14,1.31,0.68,1.26,1.16,1.04,0.93,,,,,,,,,
Arhgap17,plex_1,0.75,0.77,0.82,1.63,0.72,0.82,0.79,0.7,0.64,,,,,,,,,
Ccdc90b,plex_1,0.94,0.88,1.14,1.46,0.91,0.97,1.16,1.29,0.86,,,,,,,,,
Ccdc90b,plex_1,0.94,0.88,1.14,1.46,0.91,0.97,1.16,1.29,0.86,,,,,,,,,
Arhgef11,plex_1,2.75,1.68,1.26,1.75,1.98,1.63,1.08,1.9,1.5,,,,,,,,,
Znrf2,plex_1,0.88,0.84,0.83,1.07,0.62,1.0,0.73,0.77,0.85,,,,,,,,,
Rps6ka1,plex_1,0.82,0.75,0.61,0.94,0.72,0.63,0.82,0.79,0.55,,,,,,,,,
Mrpl45,plex_1,0.8,0.79,0.97,1.41,0.52,1.2,1.35,0.87,0.82,,,,,,,,,
Cobll1,plex_1,0.8,1.28,0.81,1.19,0.57,0.71,0.85,0.8,0.84,,,,,,,,,
Srsf2,plex_1,1.06,0.88,1.23,1.45,0.93,0.92,0.95,0.94,0.78,,,,,,,,,
Srsf2,plex_1,1.06,0.88,1.23,1.45,0.93,0.92,0.95,0.94,0.78,,,,,,,,,
R3hcc1,plex_1,0.96,0.92,1.05,1.57,0.83,0.84,1.18,0.97,0.8,,,,,,,,,
Pgam2,plex_1,1.18,0.36,0.7,0.18,1.06,0.26,0.31,1.02,0.35,,,,,,,,,
Ddx3y,plex_1,,,,,,,,,,,,,,,,,,
Ddx3y,plex_1,,,,,,,,,,,,,,,,,,
Dhx30,plex_1,1.35,0.82,1.1,1.85,0.73,0.85,1.01,0.97,0.68,,,,,,,,,
Mrpl17,plex_1,0.31,0.98,0.4,1.25,1.16,0.48,1.41,0.97,0.33,,,,,,,,,
Mrpl17,plex_1,0.31,0.98,0.4,1.25,1.16,0.48,1.41,0.97,0.33,,,,,,,,,
Mrpl17,plex_1,0.31,0.98,0.4,1.25,1.16,0.48,1.41,0.97,0.33,,,,,,,,,
Mrpl17,plex_1,0.31,0.98,0.4,1.25,1.16,0.48,1.41,0.97,0.33,,,,,,,,,
Vcpip1,plex_1,0.77,1.95,0.99,1.24,0.58,0.66,0.79,0.77,0.73,,,,,,,,,
Vcpip1,plex_1,0.77,1.95,0.99,1.24,0.58,0.66,0.79,0.77,0.73,,,,,,,,,
Dmd,plex_1,1.06,1.21,1.44,2.04,1.08,1.14,1.47,0.82,1.31,,,,,,,,,
Hist1h1d,plex_1,0.93,1.52,1.35,1.47,0.65,0.9,1.22,1.12,0.94,,,,,,,,,
Ctnna2,plex_1,,,,,,,,,,,,,,,,,,
Ctnna2,plex_1,,,,,,,,,,,,,,,,,,
Ctnna2,plex_1,,,,,,,,,,,,,,,,,,
Itgb6,plex_1,,,,,,,,,,,,,,,,,,
Itgb6,plex_1,,,,,,,,,,,,,,,,,,
Itgb6,plex_1,,,,,,,,,,,,,,,,,,
Apeh,plex_1,0.95,1.0,1.41,0.94,0.41,0.45,0.97,0.58,0.4,,,,,,,,,
Mboat7,plex_1,0.99,0.79,1.74,2.04,0.75,0.97,1.1,1.26,0.71,,,,,,,,,
Spty2d1,plex_1,,,,,,,,,,,,,,,,,,
Arsb,plex_1,0.4,1.09,1.56,1.3,0.26,0.36,1.05,0.87,0.43,,,,,,,,,
Arsb,plex_1,0.4,1.09,1.56,1.3,0.26,0.36,1.05,0.87,0.43,,,,,,,,,
H2-K1,plex_1,0.99,0.78,,0.93,0.78,0.72,0.75,1.01,0.73,,,,,,,,,
Zranb2,plex_1,1.31,2.75,1.14,3.45,1.36,1.45,2.92,1.63,1.33,,,,,,,,,
Zranb2,plex_1,1.31,2.75,1.14,3.45,1.36,1.45,2.92,1.63,1.33,,,,,,,,,
Aatf,plex_1,,,,,,,,,,,,,,,,,,
Egln1,plex_1,0.94,1.06,1.11,1.47,0.92,0.83,1.13,1.09,0.75,,,,,,,,,
Sash1,plex_1,1.34,1.23,1.55,1.38,1.15,0.64,1.19,1.57,0.81,,,,,,,,,
Sash1,plex_1,1.34,1.23,1.55,1.38,1.15,0.64,1.19,1.57,0.81,,,,,,,,,
Sash1,plex_1,1.34,1.23,1.55,1.38,1.15,0.64,1.19,1.57,0.81,,,,,,,,,
Wdr81,plex_1,0.97,0.77,0.98,1.33,0.84,0.93,1.07,0.92,0.68,,,,,,,,,
Wdr81,plex_1,0.97,0.77,0.98,1.33,0.84,0.93,1.07,0.92,0.68,,,,,,,,,
Wdr81,plex_1,0.97,0.77,0.98,1.33,0.84,0.93,1.07,0.92,0.68,,,,,,,,,
Ttn,plex_1,0.9,0.93,1.05,1.25,0.84,0.94,1.02,1.02,0.78,,,,,,,,,
Skiv2l,plex_1,0.89,1.05,1.07,1.27,0.75,0.84,1.09,0.8,0.76,,,,,,,,,
SKI,plex_1,0.89,1.05,1.07,1.27,0.75,0.84,1.09,0.8,0.76,,,,,,,,,
Apol9b,plex_1,0.9,1.02,1.11,1.09,0.75,0.58,0.91,0.94,0.65,,,,,,,,,
Apol9a,plex_1,0.9,1.02,1.11,1.09,0.75,0.58,0.91,0.94,0.65,,,,,,,,,
Fxr1,plex_1,0.91,1.05,1.02,1.35,0.95,0.93,1.21,0.91,0.62,,,,,,,,,
Fxr1,plex_1,0.91,1.05,1.02,1.35,0.95,0.93,1.21,0.91,0.62,,,,,,,,,
Pkd2,plex_1,0.74,0.75,0.91,1.38,0.89,0.88,0.94,1.02,0.74,,,,,,,,,
Pkd2,plex_1,0.74,0.75,0.91,1.38,0.89,0.88,0.94,1.02,0.74,,,,,,,,,
Cnot10,plex_1,0.74,0.5,0.68,0.97,0.74,0.76,1.14,0.92,0.8,,,,,,,,,
Cnot10,plex_1,0.74,0.5,0.68,0.97,0.74,0.76,1.14,0.92,0.8,,,,,,,,,
Pggt1b,plex_1,0.82,0.87,1.1,1.36,0.89,0.97,1.03,1.02,0.87,,,,,,,,,
Pggt1b,plex_1,0.82,0.87,1.1,1.36,0.89,0.97,1.03,1.02,0.87,,,,,,,,,
Ankrd33b,plex_1,1.07,0.92,1.04,1.42,0.71,0.97,1.36,1.22,1.08,,,,,,,,,
Ankrd33b,plex_1,1.07,0.92,1.04,1.42,0.71,0.97,1.36,1.22,1.08,,,,,,,,,
Pex1,plex_1,1.03,0.87,1.11,1.04,0.88,0.65,1.02,1.16,0.58,,,,,,,,,
Sqstm1,plex_1,0.88,1.81,0.72,2.16,0.81,0.4,0.74,0.65,1.31,,,,,,,,,
Pcdh1,plex_1,1.13,1.63,1.49,1.73,1.33,1.23,1.32,1.36,1.3,,,,,,,,,
C5,plex_1,1.12,1.0,1.03,0.91,0.81,0.71,0.82,1.1,0.67,,,,,,,,,
Fam129a,plex_1,0.59,0.67,0.59,1.23,0.57,0.61,0.51,0.46,0.53,,,,,,,,,
Aip,plex_1,0.8,1.26,1.21,1.22,0.8,0.74,0.88,0.88,0.93,,,,,,,,,
Tldc1,plex_1,0.7,0.54,1.17,1.3,0.78,1.02,0.67,0.48,0.53,,,,,,,,,
Man1b1,plex_1,2.19,0.88,0.96,1.55,1.24,0.99,1.21,0.87,1.03,,,,,,,,,
Dnajc7,plex_1,0.98,0.91,0.95,1.44,1.09,0.88,1.24,1.09,0.97,,,,,,,,,
,plex_1,1.18,1.29,1.31,1.49,0.86,0.9,1.56,0.98,1.21,,,,,,,,,
,plex_1,1.18,1.29,1.31,1.49,0.86,0.9,1.56,0.98,1.21,,,,,,,,,
Rab35,plex_1,0.83,0.89,1.04,1.26,0.76,0.96,1.12,0.95,0.78,,,,,,,,,
Pigk,plex_1,0.81,1.11,1.19,1.16,0.65,0.76,0.98,0.99,0.86,,,,,,,,,
Pigk,plex_1,0.81,1.11,1.19,1.16,0.65,0.76,0.98,0.99,0.86,,,,,,,,,
Pigk,plex_1,0.81,1.11,1.19,1.16,0.65,0.76,0.98,0.99,0.86,,,,,,,,,
Pigk,plex_1,0.81,1.11,1.19,1.16,0.65,0.76,0.98,0.99,0.86,,,,,,,,,
Pigk,plex_1,0.81,1.11,1.19,1.16,0.65,0.76,0.98,0.99,0.86,,,,,,,,,
Rufy1,plex_1,1.16,1.4,1.03,1.31,1.23,1.49,1.01,1.03,0.97,,,,,,,,,
Fam134a,plex_1,,,,,,,,,,,,,,,,,,
Fam134a,plex_1,,,,,,,,,,,,,,,,,,
Fam134a,plex_1,,,,,,,,,,,,,,,,,,
Fam134a,plex_1,,,,,,,,,,,,,,,,,,
Mapk14,plex_1,0.82,1.22,1.08,1.66,0.76,0.52,1.39,1.16,1.16,,,,,,,,,
Pip4k2c,plex_1,1.08,1.28,1.0,1.73,1.0,1.06,1.32,1.09,0.9,,,,,,,,,
Ldah,plex_1,1.97,1.49,0.93,1.45,1.22,1.1,0.87,0.82,0.89,,,,,,,,,
Gopc,plex_1,1.12,0.91,1.23,1.35,0.67,1.04,1.39,0.86,0.96,,,,,,,,,
Gopc,plex_1,1.12,0.91,1.23,1.35,0.67,1.04,1.39,0.86,0.96,,,,,,,,,
Acad12,plex_1,1.55,1.01,1.27,1.47,1.02,0.7,0.77,1.03,0.73,,,,,,,,,
,plex_1,1.72,1.33,0.63,1.3,1.23,1.41,0.67,0.72,1.01,,,,,,,,,
Ubl5,plex_1,0.69,0.92,1.28,0.87,0.74,0.81,1.08,0.74,0.74,,,,,,,,,
Ubl5,plex_1,0.69,0.92,1.28,0.87,0.74,0.81,1.08,0.74,0.74,,,,,,,,,
Ubl5,plex_1,0.69,0.92,1.28,0.87,0.74,0.81,1.08,0.74,0.74,,,,,,,,,
Ubl5,plex_1,0.69,0.92,1.28,0.87,0.74,0.81,1.08,0.74,0.74,,,,,,,,,
Ubl5,plex_1,0.69,0.92,1.28,0.87,0.74,0.81,1.08,0.74,0.74,,,,,,,,,
Ubl5,plex_1,0.69,0.92,1.28,0.87,0.74,0.81,1.08,0.74,0.74,,,,,,,,,
Gm16381,plex_1,0.69,0.92,1.28,0.87,0.74,0.81,1.08,0.74,0.74,,,,,,,,,
Gatb,plex_1,,,,,,,,,,,,,,,,,,
Ehd2,plex_1,1.99,0.99,1.36,1.67,1.03,0.87,0.99,1.0,0.89,,,,,,,,,
Mrpl40,plex_1,1.13,0.91,0.97,1.41,0.87,0.79,1.26,1.04,0.76,,,,,,,,,
Mrpl40,plex_1,1.13,0.91,0.97,1.41,0.87,0.79,1.26,1.04,0.76,,,,,,,,,
Bccip,plex_1,1.13,0.85,1.82,2.43,1.09,1.24,1.28,1.29,0.83,,,,,,,,,
Atp6v1g1,plex_1,0.58,0.8,0.89,1.12,0.61,0.6,0.55,0.63,0.93,,,,,,,,,
Atp6v1g1,plex_1,0.58,0.8,0.89,1.12,0.61,0.6,0.55,0.63,0.93,,,,,,,,,
Plod3,plex_1,0.53,0.83,0.71,0.67,0.8,0.45,0.72,0.82,0.72,,,,,,,,,
Pdp2,plex_1,,,,,,,,,,,,,,,,,,
Pdp2,plex_1,,,,,,,,,,,,,,,,,,
Ldhb,plex_1,3.34,2.0,1.46,1.22,3.07,2.25,1.29,1.74,2.36,,,,,,,,,
Dpep1,plex_1,1.28,0.83,0.35,1.14,0.52,1.04,1.22,0.51,1.07,,,,,,,,,
Dpep1,plex_1,1.28,0.83,0.35,1.14,0.52,1.04,1.22,0.51,1.07,,,,,,,,,
Mrpl16,plex_1,0.69,0.77,0.8,1.19,0.75,0.79,1.07,1.04,0.68,,,,,,,,,
Mrpl16,plex_1,0.69,0.77,0.8,1.19,0.75,0.79,1.07,1.04,0.68,,,,,,,,,
Tbcd,plex_1,,,,,,,,,,,,,,,,,,
Phldb2,plex_1,1.13,1.08,1.44,1.41,1.01,1.07,1.44,1.02,0.89,,,,,,,,,
Phldb2,plex_1,1.13,1.08,1.44,1.41,1.01,1.07,1.44,1.02,0.89,,,,,,,,,
Lpin2,plex_1,0.91,0.98,1.08,1.17,0.76,0.94,0.88,0.65,0.63,,,,,,,,,
Ldha,plex_1,0.7,0.78,1.33,1.26,0.85,0.91,1.26,0.79,1.2,,,,,,,,,
Mvk,plex_1,0.69,0.73,0.88,1.14,0.87,0.88,1.32,1.16,0.83,,,,,,,,,
Paip2,plex_1,1.15,2.3,2.68,1.2,,0.96,0.69,0.74,0.86,,,,,,,,,
Paip2,plex_1,1.15,2.3,2.68,1.2,,0.96,0.69,0.74,0.86,,,,,,,,,
Paip2,plex_1,1.15,2.3,2.68,1.2,,0.96,0.69,0.74,0.86,,,,,,,,,
Rnf121,plex_1,,,,,,,,,,,,,,,,,,
Hdac6,plex_1,1.25,0.94,1.33,2.2,1.53,1.65,1.28,0.95,1.36,,,,,,,,,
Oas1c,plex_1,1.14,1.12,0.93,1.07,0.48,0.92,0.71,0.89,0.41,,,,,,,,,
Oas1c,plex_1,1.14,1.12,0.93,1.07,0.48,0.92,0.71,0.89,0.41,,,,,,,,,
Cdipt,plex_1,0.46,0.34,0.39,1.43,0.47,0.23,0.79,0.67,0.76,,,,,,,,,
Cdipt,plex_1,0.46,0.34,0.39,1.43,0.47,0.23,0.79,0.67,0.76,,,,,,,,,
Cdipt,plex_1,0.46,0.34,0.39,1.43,0.47,0.23,0.79,0.67,0.76,,,,,,,,,
Cdipt,plex_1,0.46,0.34,0.39,1.43,0.47,0.23,0.79,0.67,0.76,,,,,,,,,
Cdipt,plex_1,0.46,0.34,0.39,1.43,0.47,0.23,0.79,0.67,0.76,,,,,,,,,
Cdipt,plex_1,0.46,0.34,0.39,1.43,0.47,0.23,0.79,0.67,0.76,,,,,,,,,
Rbp4,plex_1,0.95,1.19,1.44,1.37,1.41,1.57,1.44,1.34,1.71,,,,,,,,,
Rbp4,plex_1,0.95,1.19,1.44,1.37,1.41,1.57,1.44,1.34,1.71,,,,,,,,,
Rbp4,plex_1,0.95,1.19,1.44,1.37,1.41,1.57,1.44,1.34,1.71,,,,,,,,,
Iqgap2,plex_1,0.67,0.88,1.44,1.13,0.33,1.19,0.98,0.78,1.14,,,,,,,,,
Prg2,plex_1,0.97,0.95,0.79,2.19,0.37,1.1,0.84,1.37,1.27,,,,,,,,,
Dffa,plex_1,1.41,1.42,1.7,1.47,,1.44,0.72,1.54,1.87,,,,,,,,,
Arl6ip5,plex_1,0.86,1.01,0.92,1.07,0.83,0.96,1.22,0.86,0.76,,,,,,,,,
Rab4a,plex_1,0.82,0.8,0.94,1.28,0.52,0.61,1.05,0.59,1.01,,,,,,,,,
Fn3k,plex_1,1.09,1.27,0.97,1.37,0.92,1.02,1.02,1.06,0.74,,,,,,,,,
Amfr,plex_1,0.95,,0.58,1.01,,,0.99,0.65,,,,,,,,,,
Amfr,plex_1,0.95,,0.58,1.01,,,0.99,0.65,,,,,,,,,,
Hydin,plex_1,1.36,1.13,1.59,1.71,1.32,1.34,1.41,1.3,1.11,,,,,,,,,
Ganc,plex_1,1.81,1.55,1.18,2.33,1.34,1.39,0.69,1.21,0.85,,,,,,,,,
Pex16,plex_1,,,,,,,,,,,,,,,,,,
Chuk,plex_1,1.05,0.94,1.9,0.94,1.32,1.24,1.2,1.87,2.32,,,,,,,,,
Rpl39,plex_1,0.28,0.35,0.82,0.65,0.34,0.64,1.11,0.4,0.3,,,,,,,,,
Tpd52l1,plex_1,,,,,,0.83,,,,,,,,,,,,
Ankrd13a,plex_1,0.85,1.09,1.17,1.33,0.91,1.05,1.59,1.08,0.8,,,,,,,,,
Spast,plex_1,0.62,0.77,0.93,1.02,0.65,0.6,0.98,0.76,0.7,,,,,,,,,
Slc4a1ap,plex_1,0.87,0.66,0.93,1.16,0.65,0.9,0.98,0.89,0.77,,,,,,,,,
Slc4a1ap,plex_1,0.87,0.66,0.93,1.16,0.65,0.9,0.98,0.89,0.77,,,,,,,,,
Gabarapl1,plex_1,0.8,0.84,0.99,1.27,0.79,1.07,0.95,1.06,0.73,,,,,,,,,
Nubp2,plex_1,1.85,0.99,1.38,2.06,1.22,1.23,2.24,1.55,1.19,,,,,,,,,
Cnot1,plex_1,1.02,1.02,1.03,1.3,0.93,0.89,1.15,1.17,0.95,,,,,,,,,
Cnot1,plex_1,1.02,1.02,1.03,1.3,0.93,0.89,1.15,1.17,0.95,,,,,,,,,
Erbin,plex_1,1.1,0.91,1.23,1.36,0.76,1.0,1.16,1.03,0.87,,,,,,,,,
Erbb2ip,plex_1,1.1,0.91,1.23,1.36,0.76,1.0,1.16,1.03,0.87,,,,,,,,,
Erbin,plex_1,1.1,0.91,1.23,1.36,0.76,1.0,1.16,1.03,0.87,,,,,,,,,
Erbin,plex_1,1.1,0.91,1.23,1.36,0.76,1.0,1.16,1.03,0.87,,,,,,,,,
Erbb2ip,plex_1,1.1,0.91,1.23,1.36,0.76,1.0,1.16,1.03,0.87,,,,,,,,,
Erbb2ip,plex_1,1.1,0.91,1.23,1.36,0.76,1.0,1.16,1.03,0.87,,,,,,,,,
Adck1,plex_1,0.79,2.59,0.72,0.9,0.47,0.51,1.7,0.75,0.5,,,,,,,,,
Gatad2b,plex_1,0.93,0.95,1.0,1.2,1.27,0.61,0.87,0.91,1.31,,,,,,,,,
Ccny,plex_1,1.09,0.69,0.72,1.42,0.33,0.87,0.87,0.71,0.94,,,,,,,,,
Ccny,plex_1,1.09,0.69,0.72,1.42,0.33,0.87,0.87,0.71,0.94,,,,,,,,,
Rrp1b,plex_1,,,,,,,,,,,,,,,,,,
Ppox,plex_1,1.04,1.0,1.28,1.41,0.82,0.91,1.21,1.21,0.86,,,,,,,,,
Ppox,plex_1,1.04,1.0,1.28,1.41,0.82,0.91,1.21,1.21,0.86,,,,,,,,,
Ppox,plex_1,1.04,1.0,1.28,1.41,0.82,0.91,1.21,1.21,0.86,,,,,,,,,
Atp7b,plex_1,0.82,1.43,1.41,1.5,0.68,0.93,1.1,1.04,0.94,,,,,,,,,
Slc4a4,plex_1,1.06,0.84,1.08,1.25,0.76,0.99,1.37,0.7,0.69,,,,,,,,,
Slc4a4,plex_1,1.06,0.84,1.08,1.25,0.76,0.99,1.37,0.7,0.69,,,,,,,,,
Gimd1,plex_1,0.95,0.72,0.92,1.12,0.8,0.8,0.77,0.37,0.84,,,,,,,,,
Cd151,plex_1,1.26,1.16,0.64,1.11,0.98,1.16,0.75,0.86,0.81,,,,,,,,,
Eif4ebp2,plex_1,1.05,0.89,1.18,1.35,0.85,0.86,0.8,0.94,1.03,,,,,,,,,
Fhl3,plex_1,0.66,0.73,0.65,0.9,0.75,0.88,0.87,0.92,0.68,,,,,,,,,
Itih3,plex_1,1.76,1.44,0.96,1.08,0.82,0.74,0.66,0.8,0.91,,,,,,,,,
Itih3,plex_1,1.76,1.44,0.96,1.08,0.82,0.74,0.66,0.8,0.91,,,,,,,,,
Rpl37,plex_1,0.82,0.95,1.01,0.98,0.71,0.75,1.06,1.16,0.89,,,,,,,,,
Mrps12,plex_1,0.91,0.94,0.89,1.07,0.77,0.8,1.27,1.28,1.1,,,,,,,,,
Mrps12,plex_1,0.91,0.94,0.89,1.07,0.77,0.8,1.27,1.28,1.1,,,,,,,,,
Tmem126a,plex_1,1.02,0.92,1.31,1.43,0.78,1.16,1.25,1.4,0.94,,,,,,,,,
Myl1,plex_1,,,,,,,,,,,,,,,,,,
Tpm3,plex_1,0.99,0.66,0.86,0.82,0.82,0.63,0.65,0.64,0.26,,,,,,,,,
Shroom2,plex_1,0.79,0.68,0.8,1.21,0.67,0.86,0.64,0.69,0.65,,,,,,,,,
Shroom2,plex_1,0.79,0.68,0.8,1.21,0.67,0.86,0.64,0.69,0.65,,,,,,,,,
Sdhd,plex_1,0.53,0.71,0.97,1.45,0.84,0.96,1.1,1.14,0.82,,,,,,,,,
Sdhd,plex_1,0.53,0.71,0.97,1.45,0.84,0.96,1.1,1.14,0.82,,,,,,,,,
Dnm3,plex_1,0.87,0.76,0.97,1.35,0.69,0.97,0.95,1.07,0.76,,,,,,,,,
Dnm3,plex_1,0.87,0.76,0.97,1.35,0.69,0.97,0.95,1.07,0.76,,,,,,,,,
Tial1,plex_1,,1.1,,0.89,0.83,1.38,1.2,1.4,1.41,,,,,,,,,
Tial1,plex_1,,1.1,,0.89,0.83,1.38,1.2,1.4,1.41,,,,,,,,,
Srsf6,plex_1,0.95,0.89,1.14,1.34,0.91,0.81,1.03,0.95,0.82,,,,,,,,,
Trappc11,plex_1,1.14,0.89,1.58,2.17,0.86,1.24,1.25,1.1,0.87,,,,,,,,,
Vti1b,plex_1,,,,,,,,,,,,,,,,,,
Vti1b,plex_1,,,,,,,,,,,,,,,,,,
Vti1b,plex_1,,,,,,,,,,,,,,,,,,
Vti1b,plex_1,,,,,,,,,,,,,,,,,,
Vti1b,plex_1,,,,,,,,,,,,,,,,,,
Ube2o,plex_1,0.86,1.0,1.16,1.04,0.68,0.89,0.97,1.01,0.68,,,,,,,,,
Asnsd1,plex_1,0.77,0.92,1.1,1.38,0.85,0.51,0.9,1.08,1.01,,,,,,,,,
Zw10,plex_1,1.07,1.06,1.1,1.09,1.32,0.92,1.59,1.38,1.03,,,,,,,,,
Gbp2,plex_1,0.62,0.56,0.48,0.82,0.71,1.11,0.7,0.8,0.62,,,,,,,,,
Mrpl44,plex_1,0.76,1.09,1.14,1.28,0.97,0.54,0.72,0.95,0.53,,,,,,,,,
Mrpl44,plex_1,0.76,1.09,1.14,1.28,0.97,0.54,0.72,0.95,0.53,,,,,,,,,
Mrpl44,plex_1,0.76,1.09,1.14,1.28,0.97,0.54,0.72,0.95,0.53,,,,,,,,,
Fndc3a,plex_1,0.8,1.33,1.22,1.26,0.63,0.71,1.05,0.81,0.87,,,,,,,,,
,plex_1,1.0,1.01,0.99,1.59,0.83,0.96,1.05,1.02,0.76,,,,,,,,,
Ppih,plex_1,1.0,1.01,0.99,1.59,0.83,0.96,1.05,1.02,0.76,,,,,,,,,
Ppih,plex_1,1.0,1.01,0.99,1.59,0.83,0.96,1.05,1.02,0.76,,,,,,,,,
,plex_1,1.0,1.01,0.99,1.59,0.83,0.96,1.05,1.02,0.76,,,,,,,,,
Lyrm5,plex_1,1.08,1.25,1.24,1.6,1.09,1.11,1.33,1.26,1.14,,,,,,,,,
Slc17a2,plex_1,1.66,1.59,2.12,1.7,1.83,0.82,0.75,1.85,0.98,,,,,,,,,
Slc17a2,plex_1,1.66,1.59,2.12,1.7,1.83,0.82,0.75,1.85,0.98,,,,,,,,,
Lyrm4,plex_1,1.42,0.82,0.78,1.26,0.6,0.88,0.94,0.9,0.7,,,,,,,,,
Usp24,plex_1,1.47,0.82,1.35,1.97,1.2,1.28,1.58,1.56,1.4,,,,,,,,,
Pus7,plex_1,,,,,,,,,,,,,,,,,,
Pus7,plex_1,,,,,,,,,,,,,,,,,,
Nav2,plex_1,1.06,0.93,0.84,1.27,0.85,0.92,1.07,1.47,0.79,,,,,,,,,
Gcc2,plex_1,1.0,1.08,1.14,1.25,0.65,0.97,1.11,0.97,0.78,,,,,,,,,
Gcc2,plex_1,1.0,1.08,1.14,1.25,0.65,0.97,1.11,0.97,0.78,,,,,,,,,
Gcc2,plex_1,1.0,1.08,1.14,1.25,0.65,0.97,1.11,0.97,0.78,,,,,,,,,
Mup2,plex_1,0.47,2.08,1.95,2.0,0.49,0.29,2.02,2.08,0.39,,,,,,,,,
HBB1,plex_1,1.25,1.35,0.58,0.92,0.96,1.14,0.72,0.66,0.85,,,,,,,,,
Arhgef18,plex_1,0.8,1.01,1.1,1.33,0.73,0.87,1.1,0.93,0.62,,,,,,,,,
Get4,plex_1,0.82,0.85,0.99,1.27,0.85,0.89,0.85,0.94,0.62,,,,,,,,,
Get4,plex_1,0.82,0.85,0.99,1.27,0.85,0.89,0.85,0.94,0.62,,,,,,,,,
Scyl1,plex_1,,,,,,,,,,,,,,,,,,
Scyl1,plex_1,,,,,,,,,,,,,,,,,,
Paf1,plex_1,1.22,0.98,0.87,1.08,0.32,0.44,0.86,0.86,0.67,,,,,,,,,
Eif2b5,plex_1,0.67,1.08,1.35,1.22,0.57,0.98,0.97,1.0,0.85,,,,,,,,,
Ppil1,plex_1,0.97,1.15,0.96,1.45,0.82,1.15,1.15,1.03,0.9,,,,,,,,,
Ppil1,plex_1,0.97,1.15,0.96,1.45,0.82,1.15,1.15,1.03,0.9,,,,,,,,,
Creld1,plex_1,1.09,1.33,2.81,1.3,1.16,1.03,1.22,1.23,0.78,,,,,,,,,
Son,plex_1,1.17,0.79,0.82,1.45,0.94,0.87,0.9,1.03,0.91,,,,,,,,,
Son,plex_1,1.17,0.79,0.82,1.45,0.94,0.87,0.9,1.03,0.91,,,,,,,,,
Son,plex_1,1.17,0.79,0.82,1.45,0.94,0.87,0.9,1.03,0.91,,,,,,,,,
Son,plex_1,1.17,0.79,0.82,1.45,0.94,0.87,0.9,1.03,0.91,,,,,,,,,
Bmp2k,plex_1,1.63,1.65,2.05,2.11,1.64,1.77,1.59,2.1,1.29,,,,,,,,,
Ces1b,plex_1,0.66,0.73,0.92,1.5,0.91,0.95,1.15,0.89,0.94,,,,,,,,,
Maged1,plex_1,1.26,1.01,0.72,1.13,0.86,0.88,0.88,0.86,0.65,,,,,,,,,
Qtrtd1,plex_1,,,,,,,,,,,,,,,,,,
Qtrtd1,plex_1,,,,,,,,,,,,,,,,,,
Qtrtd1,plex_1,,,,,,,,,,,,,,,,,,
Lrg1,plex_1,1.96,1.09,1.12,1.29,0.91,0.9,1.09,0.75,0.53,,,,,,,,,
Rbm12,plex_1,2.52,1.35,1.49,1.3,0.89,0.82,1.13,1.19,0.92,,,,,,,,,
Cyp39a1,plex_1,0.61,0.94,1.08,0.96,0.67,0.7,1.23,1.28,0.96,,,,,,,,,
Tomm6,plex_1,1.05,1.09,1.78,2.08,0.92,0.88,1.13,1.04,0.94,,,,,,,,,
Naa25,plex_1,,,,,,,,,,,,,,,,,,
Naa25,plex_1,,,,,,,,,,,,,,,,,,
ORF11,plex_1,0.67,0.66,0.71,1.25,0.82,1.1,1.16,0.93,0.73,,,,,,,,,
0610007P14Rik,plex_1,0.67,0.66,0.71,1.25,0.82,1.1,1.16,0.93,0.73,,,,,,,,,
Smap,plex_1,,,,,,,,,,,,,,,,,,
Hba-a2,plex_1,1.55,1.43,0.63,0.99,0.95,1.28,0.6,0.84,0.65,,,,,,,,,
Erbb3,plex_1,0.47,1.13,0.83,0.91,0.33,0.64,1.2,0.87,0.29,,,,,,,,,
Serpina1b,plex_1,1.74,1.07,1.17,1.2,0.81,0.73,0.59,0.66,0.54,,,,,,,,,
Wars2,plex_1,1.11,0.89,0.89,0.75,,,0.99,1.45,,,,,,,,,,
Acly,plex_1,0.74,0.73,0.94,1.05,0.38,1.06,0.98,1.39,1.19,,,,,,,,,
Anp32e,plex_1,,,,,,,,,,,,,,,,,,
Anp32e,plex_1,,,,,,,,,,,,,,,,,,
Anp32e,plex_1,,,,,,,,,,,,,,,,,,
Anp32e,plex_1,,,,,,,,,,,,,,,,,,
Anp32e,plex_1,,,,,,,,,,,,,,,,,,
Tpm1,plex_1,1.81,0.79,0.83,1.14,0.95,0.9,0.91,0.82,0.56,,,,,,,,,
Nom1,plex_1,0.82,1.15,1.19,0.92,0.62,0.5,0.96,1.6,0.78,,,,,,,,,
Cfp,plex_1,1.97,1.23,0.96,1.32,0.81,1.14,0.65,1.16,0.66,,,,,,,,,
Fam129b,plex_1,0.88,0.99,1.12,1.18,0.68,0.85,1.12,0.98,0.8,,,,,,,,,
Ndufaf4,plex_1,0.63,0.92,0.58,1.09,0.51,0.75,0.67,0.87,0.37,,,,,,,,,
Ndufaf4,plex_1,0.63,0.92,0.58,1.09,0.51,0.75,0.67,0.87,0.37,,,,,,,,,
Csk,plex_1,0.57,0.68,1.55,1.57,1.1,1.87,1.88,1.73,1.04,,,,,,,,,
Cul5,plex_1,2.41,1.42,1.41,1.54,2.3,1.98,2.69,1.93,1.22,,,,,,,,,
Cul5,plex_1,2.41,1.42,1.41,1.54,2.3,1.98,2.69,1.93,1.22,,,,,,,,,
Cul5,plex_1,2.41,1.42,1.41,1.54,2.3,1.98,2.69,1.93,1.22,,,,,,,,,
Cul5,plex_1,2.41,1.42,1.41,1.54,2.3,1.98,2.69,1.93,1.22,,,,,,,,,
Chd7,plex_1,0.81,0.95,0.91,1.2,0.72,0.83,0.94,1.04,0.87,,,,,,,,,
Serpina3n,plex_1,1.23,1.05,1.12,1.26,0.85,0.96,1.11,0.9,0.76,,,,,,,,,
Serpina3n,plex_1,1.23,1.05,1.12,1.26,0.85,0.96,1.11,0.9,0.76,,,,,,,,,
Ate1,plex_1,0.87,0.88,1.09,1.7,1.04,1.07,1.23,0.99,0.85,,,,,,,,,
Ate1,plex_1,0.87,0.88,1.09,1.7,1.04,1.07,1.23,0.99,0.85,,,,,,,,,
Ces2c,plex_1,0.88,0.55,1.26,1.33,0.38,1.06,1.08,0.89,0.66,,,,,,,,,
Prpf31,plex_1,0.6,0.8,0.67,1.12,0.89,0.9,0.97,0.79,0.8,,,,,,,,,
Prpf31,plex_1,0.6,0.8,0.67,1.12,0.89,0.9,0.97,0.79,0.8,,,,,,,,,
Tor1a,plex_1,,,,,,,,,,,,,,,,,,
Lgals3,plex_1,,,,,,,,,,,,,,,,,,
Pigs,plex_1,,,,,,,,,,,,,,,,,,
Pigs,plex_1,,,,,,,,,,,,,,,,,,
Pigs,plex_1,,,,,,,,,,,,,,,,,,
Pigs,plex_1,,,,,,,,,,,,,,,,,,
Bid,plex_1,0.89,0.65,0.85,0.44,0.35,0.27,0.29,0.98,0.87,,,,,,,,,
Reps2,plex_1,0.62,0.95,0.95,1.07,0.7,0.82,1.43,0.97,1.27,,,,,,,,,
Reps2,plex_1,0.62,0.95,0.95,1.07,0.7,0.82,1.43,0.97,1.27,,,,,,,,,
Gpat4,plex_1,0.97,1.16,1.17,1.64,0.92,1.11,1.06,1.05,1.34,,,,,,,,,
Farp2,plex_1,1.13,1.2,1.23,1.52,0.97,0.99,1.15,1.11,0.97,,,,,,,,,
Ivns1abp,plex_1,1.66,1.03,1.2,1.3,0.76,1.0,0.81,0.83,0.77,,,,,,,,,
Ivns1abp,plex_1,1.66,1.03,1.2,1.3,0.76,1.0,0.81,0.83,0.77,,,,,,,,,
Ivns1abp,plex_1,1.66,1.03,1.2,1.3,0.76,1.0,0.81,0.83,0.77,,,,,,,,,
Klhdc10,plex_1,,,,,,,,,,,,,,,,,,
Klhdc10,plex_1,,,,,,,,,,,,,,,,,,
Zfpm1,plex_1,0.93,1.01,1.52,1.28,0.54,0.99,0.99,1.7,0.58,,,,,,,,,
Serpina3m,plex_1,1.3,1.54,1.32,1.58,0.83,0.98,1.39,1.08,0.88,,,,,,,,,
Tbcc,plex_1,0.5,0.77,0.71,0.71,0.74,0.68,0.98,0.92,0.44,,,,,,,,,
Tbcc,plex_1,0.5,0.77,0.71,0.71,0.74,0.68,0.98,0.92,0.44,,,,,,,,,
Tprgl,plex_1,,,,,,,,,,,,,,,,,,
Tprg1l,plex_1,,,,,,,,,,,,,,,,,,
Saysd1,plex_1,0.74,,0.74,1.16,,,0.74,0.78,,,,,,,,,,
Hspa1l,plex_1,0.91,0.77,0.73,1.14,0.73,0.89,1.03,0.87,0.74,,,,,,,,,
Supt16,plex_1,1.53,1.04,1.75,2.54,1.01,0.87,1.35,1.38,0.55,,,,,,,,,
Supt16h,plex_1,1.53,1.04,1.75,2.54,1.01,0.87,1.35,1.38,0.55,,,,,,,,,
Phf5a,plex_1,0.86,1.72,1.5,1.55,0.62,0.82,1.1,0.94,1.04,,,,,,,,,
Gtf2f1,plex_1,,,,,,,,,,,,,,,,,,
Wdfy1,plex_1,1.01,1.18,0.97,1.29,0.84,1.29,1.08,1.0,0.8,,,,,,,,,
Mrpl14,plex_1,0.97,0.82,1.38,1.34,0.87,1.21,1.28,1.46,0.78,,,,,,,,,
Mtch1,plex_1,1.1,1.45,1.52,2.1,1.91,1.63,1.65,0.95,1.22,,,,,,,,,
Mtch1,plex_1,1.1,1.45,1.52,2.1,1.91,1.63,1.65,0.95,1.22,,,,,,,,,
Mtch1,plex_1,1.1,1.45,1.52,2.1,1.91,1.63,1.65,0.95,1.22,,,,,,,,,
Cox15,plex_1,1.0,0.98,0.98,1.13,0.67,1.18,1.01,0.84,0.73,,,,,,,,,
Diaph2,plex_1,1.14,0.91,1.23,1.23,0.64,0.71,1.28,0.62,0.75,,,,,,,,,
Hbb-y,plex_1,1.1,2.0,0.61,1.17,0.81,1.11,0.58,0.57,0.68,,,,,,,,,
Fermt3,plex_1,0.96,1.02,0.96,1.59,0.96,1.02,1.18,1.6,0.68,,,,,,,,,
Ears2,plex_1,0.84,0.74,0.96,1.09,0.69,0.73,0.98,1.04,0.98,,,,,,,,,
Trp53inp2,plex_1,0.4,0.43,1.18,0.8,,0.6,1.44,1.01,0.95,,,,,,,,,
Tp53inp2,plex_1,0.4,0.43,1.18,0.8,,0.6,1.44,1.01,0.95,,,,,,,,,
Trp53inp2,plex_1,0.4,0.43,1.18,0.8,,0.6,1.44,1.01,0.95,,,,,,,,,
Tp53inp2,plex_1,0.4,0.43,1.18,0.8,,0.6,1.44,1.01,0.95,,,,,,,,,
Selt,plex_1,1.28,1.04,0.93,1.69,0.74,1.04,1.23,0.9,1.03,,,,,,,,,
Epb42,plex_1,0.66,0.93,0.68,1.12,0.72,0.91,0.59,0.99,0.5,,,,,,,,,
Cfd,plex_1,1.49,0.9,0.78,1.07,0.95,0.66,0.74,0.89,0.83,,,,,,,,,
Cfd,plex_1,1.49,0.9,0.78,1.07,0.95,0.66,0.74,0.89,0.83,,,,,,,,,
Hsd17b10,plex_1,0.32,0.73,0.72,0.74,0.36,0.62,0.99,0.61,0.28,,,,,,,,,
Ppp1r9b,plex_1,1.2,0.84,1.06,1.22,0.94,0.84,1.24,1.12,0.84,,,,,,,,,
Mcat,plex_1,0.7,0.75,0.72,0.92,0.61,0.6,0.66,0.69,0.71,,,,,,,,,
Commd3,plex_1,0.82,1.03,1.04,1.26,0.77,0.91,1.05,0.9,0.67,,,,,,,,,
Commd3,plex_1,0.82,1.03,1.04,1.26,0.77,0.91,1.05,0.9,0.67,,,,,,,,,
Prkca,plex_1,0.9,1.06,1.12,0.93,0.74,0.78,1.14,0.83,0.75,,,,,,,,,
Uba2,plex_1,2.98,3.38,1.52,2.0,1.84,1.7,1.88,1.62,1.46,,,,,,,,,
Ppat,plex_1,1.76,1.48,0.98,1.32,1.63,1.12,1.14,1.76,1.04,,,,,,,,,
Hypk,plex_1,0.66,,1.26,0.76,,0.9,0.83,0.49,0.92,,,,,,,,,
Tysnd1,plex_1,1.09,1.13,1.2,1.65,0.76,0.78,0.98,0.73,0.82,,,,,,,,,
Tom1l2,plex_1,0.58,0.7,0.77,0.89,0.72,0.41,0.69,0.61,0.58,,,,,,,,,
Tmlhe,plex_1,,0.56,0.61,0.94,,0.6,1.08,0.96,,,,,,,,,,
Crocc,plex_1,0.94,0.82,1.01,1.03,0.65,0.75,1.11,1.07,1.03,,,,,,,,,
Crocc,plex_1,0.94,0.82,1.01,1.03,0.65,0.75,1.11,1.07,1.03,,,,,,,,,
Arhgef1,plex_1,1.05,0.91,1.02,1.35,0.9,0.91,0.92,0.83,0.78,,,,,,,,,
Sc5d,plex_1,0.68,0.6,0.59,0.92,0.63,0.86,1.14,1.19,1.31,,,,,,,,,
Sc5d,plex_1,0.68,0.6,0.59,0.92,0.63,0.86,1.14,1.19,1.31,,,,,,,,,
Thumpd3,plex_1,0.92,2.13,0.68,0.93,0.45,0.48,0.96,0.52,1.85,,,,,,,,,
Thumpd3,plex_1,0.92,2.13,0.68,0.93,0.45,0.48,0.96,0.52,1.85,,,,,,,,,
,plex_1,1.18,1.01,0.79,1.38,1.97,0.74,1.53,0.73,0.79,,,,,,,,,
2610301B20Rik,plex_1,1.18,1.01,0.79,1.38,1.97,0.74,1.53,0.73,0.79,,,,,,,,,
Ube2z,plex_1,0.96,1.0,0.97,1.3,0.88,0.84,1.33,0.93,0.96,,,,,,,,,
Hook2,plex_1,,,,,,,,,,,,,,,,,,
Hook2,plex_1,,,,,,,,,,,,,,,,,,
Hook2,plex_1,,,,,,,,,,,,,,,,,,
,plex_1,1.04,1.04,1.14,1.43,1.0,0.94,1.28,1.26,0.82,,,,,,,,,
Fbxo6,plex_1,1.0,1.24,1.21,1.3,0.99,0.94,1.15,0.92,0.98,,,,,,,,,
Fbxo6,plex_1,1.0,1.24,1.21,1.3,0.99,0.94,1.15,0.92,0.98,,,,,,,,,
Amy2,plex_1,0.99,1.55,0.85,0.84,0.81,0.82,1.1,0.92,0.83,,,,,,,,,
Pid1,plex_1,1.31,0.69,0.43,1.05,0.6,1.16,0.52,1.25,0.68,,,,,,,,,
Pid1,plex_1,1.31,0.69,0.43,1.05,0.6,1.16,0.52,1.25,0.68,,,,,,,,,
Cdc34,plex_1,0.86,0.95,1.01,1.18,0.64,0.77,0.89,0.69,0.68,,,,,,,,,
Hist1h1c,plex_1,1.09,1.48,1.51,1.51,0.85,0.61,2.16,1.06,0.99,,,,,,,,,
RP23-56I20.8-001,plex_1,1.01,1.18,1.13,1.35,0.87,1.13,1.39,1.2,1.02,,,,,,,,,
Chchd6,plex_1,0.87,0.85,0.81,1.02,0.67,0.74,0.88,0.87,0.73,,,,,,,,,
Chchd6,plex_1,0.87,0.85,0.81,1.02,0.67,0.74,0.88,0.87,0.73,,,,,,,,,
Dnah14,plex_1,1.11,1.02,0.97,1.37,0.74,1.19,1.07,1.13,0.74,,,,,,,,,
Hscb,plex_1,,,,,,,,,,,,,,,,,,
Hscb,plex_1,,,,,,,,,,,,,,,,,,
Adprh,plex_1,0.91,0.98,1.33,1.38,0.81,0.75,1.02,1.05,0.84,,,,,,,,,
Nmd3,plex_1,0.46,0.4,0.47,0.88,0.32,0.36,0.5,0.46,0.44,,,,,,,,,
Hpn,plex_1,0.89,1.0,1.02,1.52,0.96,1.04,1.29,1.06,0.85,,,,,,,,,
Hpn,plex_1,0.89,1.0,1.02,1.52,0.96,1.04,1.29,1.06,0.85,,,,,,,,,
Hpn,plex_1,0.89,1.0,1.02,1.52,0.96,1.04,1.29,1.06,0.85,,,,,,,,,
Hpn,plex_1,0.89,1.0,1.02,1.52,0.96,1.04,1.29,1.06,0.85,,,,,,,,,
Hpn,plex_1,0.89,1.0,1.02,1.52,0.96,1.04,1.29,1.06,0.85,,,,,,,,,
Hpn,plex_1,0.89,1.0,1.02,1.52,0.96,1.04,1.29,1.06,0.85,,,,,,,,,
Psip1,plex_1,1.65,1.05,2.3,2.55,1.31,1.19,1.51,2.02,0.82,,,,,,,,,
Lclat1,plex_1,0.79,1.09,1.08,1.35,0.77,1.05,1.1,0.98,0.9,,,,,,,,,
Col24a1,plex_1,2.42,0.4,0.71,1.28,0.75,0.68,1.08,1.64,0.68,,,,,,,,,
Bola3,plex_1,0.78,0.82,1.11,1.34,0.67,0.97,0.99,1.04,0.97,,,,,,,,,
COX1,plex_1,0.35,0.54,0.81,0.89,0.42,0.48,0.77,0.97,0.41,,,,,,,,,
Akap9,plex_1,0.87,1.12,1.21,1.27,0.91,1.12,1.24,1.06,0.89,,,,,,,,,
Gpr182,plex_1,0.96,0.94,1.08,1.31,0.81,1.0,1.12,0.98,0.77,,,,,,,,,
Gpr182,plex_1,0.96,0.94,1.08,1.31,0.81,1.0,1.12,0.98,0.77,,,,,,,,,
Supv3l1,plex_1,0.75,0.79,0.84,1.02,1.38,0.83,0.83,1.36,0.77,,,,,,,,,
Trappc3,plex_1,0.89,0.45,1.03,0.98,0.91,1.02,0.87,0.85,0.86,,,,,,,,,
Scamp3,plex_1,0.99,1.43,1.29,1.31,0.58,0.78,1.01,0.84,0.91,,,,,,,,,
Exosc8,plex_1,1.64,1.25,1.13,1.92,1.19,1.12,1.6,1.36,1.27,,,,,,,,,
Tsnax,plex_1,1.07,1.17,1.54,1.29,1.63,1.66,1.6,1.6,1.02,,,,,,,,,
Tsnax,plex_1,1.07,1.17,1.54,1.29,1.63,1.66,1.6,1.6,1.02,,,,,,,,,
Ublcp1,plex_1,1.69,1.7,2.87,1.06,2.7,2.36,1.5,2.49,4.16,,,,,,,,,
Lrrc47,plex_1,1.14,1.03,0.82,1.31,0.99,0.9,1.75,0.88,0.87,,,,,,,,,
Lrrc47,plex_1,1.14,1.03,0.82,1.31,0.99,0.9,1.75,0.88,0.87,,,,,,,,,
Swi5,plex_1,0.76,0.92,0.79,1.1,0.87,0.69,1.24,0.96,0.82,,,,,,,,,
Tmprss6,plex_1,0.96,0.66,0.72,1.29,0.84,1.03,1.15,0.93,1.03,,,,,,,,,
Rtn4,plex_1,0.35,0.6,0.72,1.08,1.38,0.99,1.34,0.64,0.57,,,,,,,,,
Tppp,plex_1,1.03,0.61,0.87,0.88,1.0,0.81,0.97,0.97,0.85,,,,,,,,,
C1rl,plex_1,0.99,1.06,0.95,2.07,0.81,0.97,1.32,1.05,0.93,,,,,,,,,
Ppm1g,plex_1,0.39,0.53,0.6,0.95,0.56,0.54,0.55,0.83,0.72,,,,,,,,,
Atpaf2,plex_1,0.89,1.04,1.27,1.65,1.03,0.97,1.22,0.97,0.54,,,,,,,,,
Atpaf2,plex_1,0.89,1.04,1.27,1.65,1.03,0.97,1.22,0.97,0.54,,,,,,,,,
Slc8a2,plex_1,1.12,0.94,1.19,1.13,0.9,0.87,1.1,1.16,0.91,,,,,,,,,
Slc8a2,plex_1,1.12,0.94,1.19,1.13,0.9,0.87,1.1,1.16,0.91,,,,,,,,,
Atpaf1,plex_1,0.46,1.22,0.44,1.31,0.89,0.98,1.42,1.14,0.58,,,,,,,,,
Vps53,plex_1,0.93,1.51,1.45,1.79,0.69,0.63,1.24,1.21,1.12,,,,,,,,,
Rap1b,plex_1,1.0,0.82,1.0,1.05,0.85,0.9,1.01,1.07,0.61,,,,,,,,,
Map4k4,plex_1,1.14,0.76,1.2,1.77,0.95,1.15,1.52,1.21,1.04,,,,,,,,,
Map4k4,plex_1,1.14,0.76,1.2,1.77,0.95,1.15,1.52,1.21,1.04,,,,,,,,,
Map4k4,plex_1,1.14,0.76,1.2,1.77,0.95,1.15,1.52,1.21,1.04,,,,,,,,,
Map4k4,plex_1,1.14,0.76,1.2,1.77,0.95,1.15,1.52,1.21,1.04,,,,,,,,,
Map4k4,plex_1,1.14,0.76,1.2,1.77,0.95,1.15,1.52,1.21,1.04,,,,,,,,,
mKIAA0687,plex_1,1.14,0.76,1.2,1.77,0.95,1.15,1.52,1.21,1.04,,,,,,,,,
Map4k4,plex_1,1.14,0.76,1.2,1.77,0.95,1.15,1.52,1.21,1.04,,,,,,,,,
Map4k4,plex_1,1.14,0.76,1.2,1.77,0.95,1.15,1.52,1.21,1.04,,,,,,,,,
Map4k4,plex_1,1.14,0.76,1.2,1.77,0.95,1.15,1.52,1.21,1.04,,,,,,,,,
Guk1,plex_1,0.48,0.8,0.71,1.38,0.79,0.65,1.21,1.08,0.64,,,,,,,,,
Guk1,plex_1,0.48,0.8,0.71,1.38,0.79,0.65,1.21,1.08,0.64,,,,,,,,,
Guk1,plex_1,0.48,0.8,0.71,1.38,0.79,0.65,1.21,1.08,0.64,,,,,,,,,
,plex_1,1.9,1.38,1.42,1.17,1.2,1.15,1.02,1.29,1.14,,,,,,,,,
Stx4,plex_1,0.85,1.06,1.13,1.13,0.84,0.87,1.06,0.97,0.85,,,,,,,,,
Heatr6,plex_1,0.25,0.26,0.37,0.33,0.2,0.23,0.63,1.02,0.59,,,,,,,,,
Tubb3,plex_1,0.82,0.83,0.92,1.14,0.85,0.88,1.11,0.92,0.82,,,,,,,,,
Sec31b,plex_1,0.83,0.79,0.87,0.9,0.61,0.53,0.84,0.63,0.61,,,,,,,,,
Dst,plex_1,1.02,1.01,0.94,1.39,0.8,1.09,0.98,0.81,0.74,,,,,,,,,
Dst,plex_1,1.02,1.01,0.94,1.39,0.8,1.09,0.98,0.81,0.74,,,,,,,,,
Myo1e,plex_1,0.86,1.24,0.88,0.96,0.56,0.73,0.89,0.83,0.72,,,,,,,,,
Dnah7a,plex_1,2.5,2.88,4.59,1.41,4.54,2.88,2.17,2.78,4.79,,,,,,,,,
Ppp3ca,plex_1,0.74,1.11,0.91,1.33,0.67,0.86,1.13,0.75,0.85,,,,,,,,,
Ncbp2,plex_1,1.09,1.07,2.07,0.74,0.81,1.11,1.63,0.75,0.82,,,,,,,,,
Abca13,plex_1,0.92,0.93,1.27,1.6,0.89,1.22,1.11,0.78,0.76,,,,,,,,,
Sec11a,plex_1,0.95,0.84,1.83,0.91,0.72,0.96,1.14,1.84,0.97,,,,,,,,,
Mif4gd,plex_1,0.86,0.51,1.0,0.94,0.93,0.51,1.09,0.41,0.89,,,,,,,,,
Mif4gd,plex_1,0.86,0.51,1.0,0.94,0.93,0.51,1.09,0.41,0.89,,,,,,,,,
Polr2l,plex_1,0.99,0.83,0.99,1.19,0.64,0.92,1.07,0.83,0.76,,,,,,,,,
Usp50,plex_1,0.99,0.83,0.99,1.19,0.64,0.92,1.07,0.83,0.76,,,,,,,,,
Pcbp2,plex_1,0.93,0.92,0.99,1.06,0.76,0.87,0.95,0.95,0.71,,,,,,,,,
9330121J05Rik,plex_1,0.77,0.78,0.57,0.96,0.53,0.64,0.73,0.97,0.66,,,,,,,,,
Shtn1,plex_1,0.98,0.96,0.86,1.35,0.67,0.96,0.92,0.84,0.78,,,,,,,,,
Shtn1,plex_1,0.98,0.96,0.86,1.35,0.67,0.96,0.92,0.84,0.78,,,,,,,,,
Vasp,plex_1,0.76,0.85,1.46,0.83,1.01,0.79,1.51,1.08,0.87,,,,,,,,,
Asah2,plex_1,0.91,1.16,1.03,1.26,0.62,0.77,1.02,1.19,1.31,,,,,,,,,
Eng,plex_1,,,,,,,,,,,,,,,,,,
Eng,plex_1,,,,,,,,,,,,,,,,,,
Eng,plex_1,,,,,,,,,,,,,,,,,,
Eng,plex_1,,,,,,,,,,,,,,,,,,
Nqo1,plex_1,0.84,0.72,0.61,1.0,1.73,0.8,1.16,0.78,0.61,,,,,,,,,
Nqo1,plex_1,0.84,0.72,0.61,1.0,1.73,0.8,1.16,0.78,0.61,,,,,,,,,
Map2k4,plex_1,0.95,0.92,0.96,1.05,0.91,0.87,0.83,0.82,1.02,,,,,,,,,
2310061I04Rik,plex_1,0.54,1.04,1.05,1.86,0.96,0.49,1.28,1.46,1.08,,,,,,,,,
Epx,plex_1,2.0,1.1,0.95,0.96,1.34,0.82,0.67,1.23,0.5,,,,,,,,,
Ube2j1,plex_1,0.85,0.76,0.75,0.89,0.63,0.62,0.69,0.87,0.67,,,,,,,,,
Ube2j1,plex_1,0.85,0.76,0.75,0.89,0.63,0.62,0.69,0.87,0.67,,,,,,,,,
Ube2j1,plex_1,0.85,0.76,0.75,0.89,0.63,0.62,0.69,0.87,0.67,,,,,,,,,
Ube2j1,plex_1,0.85,0.76,0.75,0.89,0.63,0.62,0.69,0.87,0.67,,,,,,,,,
Ube2j1,plex_1,0.85,0.76,0.75,0.89,0.63,0.62,0.69,0.87,0.67,,,,,,,,,
Dab2,plex_1,1.01,0.81,1.03,0.97,0.66,0.88,0.89,0.77,0.7,,,,,,,,,
Dab2,plex_1,1.01,0.81,1.03,0.97,0.66,0.88,0.89,0.77,0.7,,,,,,,,,
Dab2,plex_1,1.01,0.81,1.03,0.97,0.66,0.88,0.89,0.77,0.7,,,,,,,,,
Dab2,plex_1,1.01,0.81,1.03,0.97,0.66,0.88,0.89,0.77,0.7,,,,,,,,,
Dab2,plex_1,1.01,0.81,1.03,0.97,0.66,0.88,0.89,0.77,0.7,,,,,,,,,
Nudt8,plex_1,0.98,2.71,3.17,3.02,1.16,1.03,2.6,1.14,1.05,,,,,,,,,
Cyp7b1,plex_1,0.84,1.74,0.99,1.42,0.79,0.87,0.91,0.88,0.73,,,,,,,,,
Kank1,plex_1,0.84,0.96,1.12,1.26,0.67,0.86,1.08,1.01,0.83,,,,,,,,,
Dguok,plex_1,0.87,0.91,0.39,0.97,0.45,0.44,0.95,0.8,,,,,,,,,,
Gnb1,plex_1,0.59,0.37,1.08,1.92,1.09,1.04,1.3,0.49,1.18,,,,,,,,,
F10,plex_1,1.26,1.25,1.29,1.37,0.88,0.87,1.05,0.64,1.31,,,,,,,,,
Eps15l1,plex_1,1.11,1.03,1.06,1.68,1.51,2.02,1.52,1.32,1.23,,,,,,,,,
Eps15l1,plex_1,1.11,1.03,1.06,1.68,1.51,2.02,1.52,1.32,1.23,,,,,,,,,
Smarcd2,plex_1,1.31,1.34,1.62,1.91,1.12,1.2,1.48,1.18,1.07,,,,,,,,,
Smarcd2,plex_1,1.31,1.34,1.62,1.91,1.12,1.2,1.48,1.18,1.07,,,,,,,,,
Stom,plex_1,1.13,1.22,1.22,1.08,0.95,1.14,0.98,0.94,0.87,,,,,,,,,
Osbpl9,plex_1,0.66,1.25,1.47,1.52,0.98,1.64,0.92,1.15,,,,,,,,,,
Osbpl9,plex_1,0.66,1.25,1.47,1.52,0.98,1.64,0.92,1.15,,,,,,,,,,
Osbpl9,plex_1,0.66,1.25,1.47,1.52,0.98,1.64,0.92,1.15,,,,,,,,,,
Osbpl9,plex_1,0.66,1.25,1.47,1.52,0.98,1.64,0.92,1.15,,,,,,,,,,
Osbpl9,plex_1,0.66,1.25,1.47,1.52,0.98,1.64,0.92,1.15,,,,,,,,,,
Ezr,plex_1,,,,,,,,,,,,,,,,,,
Yy2,plex_1,0.63,0.83,0.87,0.87,0.26,0.44,0.91,0.35,0.4,,,,,,,,,
Stk38,plex_1,0.89,1.07,1.16,1.2,1.07,1.01,0.89,0.83,0.84,,,,,,,,,
Ric8a,plex_1,,,1.26,1.51,0.77,0.83,1.71,1.35,1.34,,,,,,,,,
Pdlim7,plex_1,2.51,1.17,0.97,0.97,0.93,0.51,1.38,1.01,0.99,,,,,,,,,
Rab3gap1,plex_1,1.12,1.01,0.98,1.43,0.84,0.8,1.06,1.14,1.02,,,,,,,,,
Pml,plex_1,1.06,0.89,0.73,1.42,0.83,1.15,1.14,1.02,0.86,,,,,,,,,
Pml,plex_1,1.06,0.89,0.73,1.42,0.83,1.15,1.14,1.02,0.86,,,,,,,,,
Tmem173,plex_1,0.63,1.18,1.34,0.88,1.24,0.86,1.31,0.77,1.26,,,,,,,,,
Tmem173,plex_1,0.63,1.18,1.34,0.88,1.24,0.86,1.31,0.77,1.26,,,,,,,,,
Arpp19,plex_1,0.96,0.9,0.94,1.39,0.95,0.8,1.21,0.9,0.76,,,,,,,,,
Il6st,plex_1,1.11,1.06,1.23,1.38,0.79,0.96,1.13,0.84,0.81,,,,,,,,,
Vps28,plex_1,0.61,0.55,0.66,1.4,0.67,0.6,1.23,0.56,0.88,,,,,,,,,
Ptk2,plex_1,0.8,0.85,1.05,1.33,0.79,1.01,0.87,1.27,0.94,,,,,,,,,
Mrpl35,plex_1,0.6,1.0,1.24,1.38,0.63,0.87,1.42,1.37,0.97,,,,,,,,,
,plex_1,,,,,,,,,,,,,,,,,,
Spg20,plex_1,1.05,0.88,1.28,1.27,0.84,0.96,1.18,0.95,0.95,,,,,,,,,
Spg20,plex_1,1.05,0.88,1.28,1.27,0.84,0.96,1.18,0.95,0.95,,,,,,,,,
Cyp2j7,plex_1,0.83,0.89,1.46,1.65,1.22,1.37,1.56,1.04,0.9,,,,,,,,,
Glyctk,plex_1,1.44,1.27,1.75,1.47,1.17,1.06,0.99,1.13,0.88,,,,,,,,,
Brd2,plex_1,,,,,,,,,,,,,,,,,,
Brd2,plex_1,,,,,,,,,,,,,,,,,,
Nup153,plex_1,,,,,,,,,,,,,,,,,,
Hnmt,plex_1,0.89,1.23,1.06,1.1,0.72,0.71,1.08,0.89,0.74,,,,,,,,,
Asap2,plex_1,0.87,0.92,1.0,1.37,0.94,1.16,1.15,1.09,0.73,,,,,,,,,
Armc8,plex_1,0.43,0.73,0.84,1.46,0.81,1.0,0.7,1.02,0.89,,,,,,,,,
Armc8,plex_1,0.43,0.73,0.84,1.46,0.81,1.0,0.7,1.02,0.89,,,,,,,,,
Wdr33,plex_1,1.53,0.83,1.03,1.27,1.01,0.96,1.12,1.15,0.86,,,,,,,,,
Cyp4b1,plex_1,1.03,0.76,1.22,1.24,0.92,0.9,0.89,0.82,0.85,,,,,,,,,
Gtf2e1,plex_1,1.32,1.63,1.28,1.74,2.06,1.89,1.65,1.36,1.15,,,,,,,,,
Krt23,plex_1,1.18,3.03,1.21,1.1,1.03,0.63,0.81,0.72,2.51,,,,,,,,,
Tsc22d2,plex_1,1.03,1.3,1.62,1.38,0.8,0.88,1.43,1.02,0.79,,,,,,,,,
Tsc22d2,plex_1,1.03,1.3,1.62,1.38,0.8,0.88,1.43,1.02,0.79,,,,,,,,,
Spin1,plex_1,0.75,0.86,0.58,0.63,0.15,0.34,0.5,0.54,0.51,,,,,,,,,
Thoc2,plex_1,0.82,0.67,0.79,0.88,0.31,0.8,0.76,0.84,0.7,,,,,,,,,
Nes,plex_1,3.66,2.22,1.67,2.17,2.08,1.79,1.77,1.72,2.07,,,,,,,,,
Nes,plex_1,3.66,2.22,1.67,2.17,2.08,1.79,1.77,1.72,2.07,,,,,,,,,
Gstm1,plex_1,1.03,1.02,1.06,1.79,0.87,1.08,1.07,1.39,0.76,,,,,,,,,
Npc1,plex_1,0.85,1.02,0.95,1.11,0.77,0.99,0.9,1.03,0.58,,,,,,,,,
Npc1,plex_1,0.85,1.02,0.95,1.11,0.77,0.99,0.9,1.03,0.58,,,,,,,,,
Npc1,plex_1,0.85,1.02,0.95,1.11,0.77,0.99,0.9,1.03,0.58,,,,,,,,,
Kdelr2,plex_1,0.68,0.79,1.14,1.21,0.76,0.89,1.22,0.92,0.9,,,,,,,,,
Kdelr1,plex_1,0.68,0.79,1.14,1.21,0.76,0.89,1.22,0.92,0.9,,,,,,,,,
Kdelr1,plex_1,0.68,0.79,1.14,1.21,0.76,0.89,1.22,0.92,0.9,,,,,,,,,
Kif1c,plex_1,0.69,0.61,0.61,1.11,0.48,0.7,0.65,0.61,0.52,,,,,,,,,
Kif1c,plex_1,0.69,0.61,0.61,1.11,0.48,0.7,0.65,0.61,0.52,,,,,,,,,
Kif1c,plex_1,0.69,0.61,0.61,1.11,0.48,0.7,0.65,0.61,0.52,,,,,,,,,
Usp19,plex_1,0.83,0.76,0.92,1.02,0.76,0.71,0.84,0.73,0.8,,,,,,,,,
Usp19,plex_1,0.83,0.76,0.92,1.02,0.76,0.71,0.84,0.73,0.8,,,,,,,,,
Usp19,plex_1,0.83,0.76,0.92,1.02,0.76,0.71,0.84,0.73,0.8,,,,,,,,,
Usp19,plex_1,0.83,0.76,0.92,1.02,0.76,0.71,0.84,0.73,0.8,,,,,,,,,
Usp19,plex_1,0.83,0.76,0.92,1.02,0.76,0.71,0.84,0.73,0.8,,,,,,,,,
Yme1l1,plex_1,0.99,1.05,1.52,2.1,1.1,1.06,1.21,0.5,1.12,,,,,,,,,
Esrp2,plex_1,0.93,0.83,0.88,1.47,0.87,1.02,1.31,1.12,0.95,,,,,,,,,
Pikfyve,plex_1,0.93,1.67,1.3,2.17,0.83,1.19,1.26,1.82,1.37,,,,,,,,,
Trabd,plex_1,1.16,1.12,1.33,2.05,1.2,1.19,1.35,1.38,0.93,,,,,,,,,
Fchsd2,plex_1,,,,,,,,,,,,,,,,,,
Fchsd2,plex_1,,,,,,,,,,,,,,,,,,
Fchsd2,plex_1,,,,,,,,,,,,,,,,,,
Ergic3,plex_1,0.74,1.27,1.04,1.35,0.83,0.88,0.98,0.73,0.51,,,,,,,,,
Ergic3,plex_1,0.74,1.27,1.04,1.35,0.83,0.88,0.98,0.73,0.51,,,,,,,,,
Irf2bp1,plex_1,1.03,0.74,0.71,1.05,,1.24,0.83,,0.8,,,,,,,,,
Clec4g,plex_1,0.92,0.96,0.76,1.51,0.93,1.28,1.06,1.23,0.61,,,,,,,,,
Tubb4a,plex_1,,,,,,,,,,,,,,,,,,
Sult2a2,plex_1,1.1,1.28,0.95,1.82,1.32,1.32,1.05,1.1,1.3,,,,,,,,,
Utp18,plex_1,0.78,0.91,1.0,1.09,0.79,0.95,1.02,0.93,0.99,,,,,,,,,
Utp18,plex_1,0.78,0.91,1.0,1.09,0.79,0.95,1.02,0.93,0.99,,,,,,,,,
6330408A02Rik,plex_1,0.63,1.12,0.99,1.06,0.69,0.7,0.9,0.89,0.82,,,,,,,,,
Sptbn2,plex_1,0.49,0.92,0.95,1.15,0.87,1.24,0.92,1.2,0.49,,,,,,,,,
Mpv17,plex_1,0.79,1.08,0.76,0.99,0.35,1.17,0.95,0.9,0.58,,,,,,,,,
Mpv17,plex_1,0.79,1.08,0.76,0.99,0.35,1.17,0.95,0.9,0.58,,,,,,,,,
Mpv17,plex_1,0.79,1.08,0.76,0.99,0.35,1.17,0.95,0.9,0.58,,,,,,,,,
Mpv17,plex_1,0.79,1.08,0.76,0.99,0.35,1.17,0.95,0.9,0.58,,,,,,,,,
Mpv17,plex_1,0.79,1.08,0.76,0.99,0.35,1.17,0.95,0.9,0.58,,,,,,,,,
Tubgcp6,plex_1,0.92,0.94,1.01,1.48,0.79,0.82,1.16,1.07,0.8,,,,,,,,,
Tubgcp6,plex_1,0.92,0.94,1.01,1.48,0.79,0.82,1.16,1.07,0.8,,,,,,,,,
Akap2,plex_1,0.87,0.87,1.08,1.16,0.98,0.77,1.18,1.22,0.93,,,,,,,,,
Akap2,plex_1,0.87,0.87,1.08,1.16,0.98,0.77,1.18,1.22,0.93,,,,,,,,,
Akap2,plex_1,0.87,0.87,1.08,1.16,0.98,0.77,1.18,1.22,0.93,,,,,,,,,
Akap2,plex_1,0.87,0.87,1.08,1.16,0.98,0.77,1.18,1.22,0.93,,,,,,,,,
Slc16a7,plex_1,1.42,1.45,1.68,2.03,1.27,1.41,1.89,1.53,0.98,,,,,,,,,
Slc16a7,plex_1,1.42,1.45,1.68,2.03,1.27,1.41,1.89,1.53,0.98,,,,,,,,,
Slc16a7,plex_1,1.42,1.45,1.68,2.03,1.27,1.41,1.89,1.53,0.98,,,,,,,,,
Slc16a7,plex_1,1.42,1.45,1.68,2.03,1.27,1.41,1.89,1.53,0.98,,,,,,,,,
Herpud2,plex_1,0.83,1.06,1.06,1.55,0.59,0.88,1.09,1.08,0.9,,,,,,,,,
Cdh5,plex_1,0.95,1.06,1.58,1.46,1.07,0.79,0.83,1.02,0.9,,,,,,,,,
Lace1,plex_1,1.18,1.15,1.1,1.63,0.96,1.05,1.21,1.21,0.85,,,,,,,,,
Lace1,plex_1,1.18,1.15,1.1,1.63,0.96,1.05,1.21,1.21,0.85,,,,,,,,,
Clasp2,plex_1,0.88,1.13,1.92,2.13,0.71,1.02,1.13,1.08,1.61,,,,,,,,,
Clasp2,plex_1,0.88,1.13,1.92,2.13,0.71,1.02,1.13,1.08,1.61,,,,,,,,,
Ftl1,plex_1,0.74,0.62,1.09,1.17,0.86,0.79,1.02,0.58,1.25,,,,,,,,,
Xiap,plex_1,0.38,0.49,1.22,0.85,0.48,0.72,0.48,0.42,0.3,,,,,,,,,
HC,plex_1,0.97,0.83,0.81,1.45,0.96,0.92,1.13,0.64,0.73,,,,,,,,,
Erlin1,plex_1,,,,,,,,,,,,,,,,,,
Erlin1,plex_1,,,,,,,,,,,,,,,,,,
Arih1,plex_1,0.68,0.96,1.12,1.36,0.98,1.1,1.06,0.8,0.74,,,,,,,,,
Mib1,plex_1,,,,,,,,,,,,,,,,,,
Gsk3b,plex_1,0.55,0.94,0.9,2.03,1.02,0.63,1.25,0.99,0.92,,,,,,,,,
Tsg101,plex_1,0.84,0.91,1.03,1.26,0.89,1.05,0.92,1.0,0.98,,,,,,,,,
Mrps24,plex_1,0.9,0.94,0.93,1.2,0.82,0.94,1.1,1.01,0.78,,,,,,,,,
Pkn2,plex_1,,,,,,,,,,,,,,,,,,
Pkn2,plex_1,,,,,,,,,,,,,,,,,,
Pkn2,plex_1,,,,,,,,,,,,,,,,,,
Pkn2,plex_1,,,,,,,,,,,,,,,,,,
Pkn2,plex_1,,,,,,,,,,,,,,,,,,
Hn1l,plex_1,0.8,0.78,0.84,0.96,0.64,0.65,0.89,0.8,0.56,,,,,,,,,
Gm17190,plex_1,0.83,0.91,0.99,1.29,0.95,0.9,0.96,1.01,0.92,,,,,,,,,
Fdx1l,plex_1,1.08,0.97,0.79,0.43,0.76,0.71,0.85,0.48,0.46,,,,,,,,,
Fdx1l,plex_1,1.08,0.97,0.79,0.43,0.76,0.71,0.85,0.48,0.46,,,,,,,,,
Ptbp1,plex_1,1.11,1.19,0.51,0.58,0.56,1.2,0.62,0.4,0.42,,,,,,,,,
Pcbp2,plex_1,,,,,,,,,,,,,,,,,,
Slc22a27,plex_1,0.76,0.89,0.87,1.26,0.76,0.88,0.99,1.0,0.79,,,,,,,,,
Slc22a27,plex_1,0.76,0.89,0.87,1.26,0.76,0.88,0.99,1.0,0.79,,,,,,,,,
Slc12a7,plex_1,0.76,0.73,1.62,1.42,1.14,1.15,0.87,1.0,1.23,,,,,,,,,
Trim42,plex_1,1.08,0.73,1.19,1.38,1.31,0.57,1.4,1.53,0.69,,,,,,,,,
Gtpbp4,plex_1,1.54,1.35,2.12,0.98,1.63,2.16,3.98,0.96,1.78,,,,,,,,,
Plekha6,plex_1,1.11,1.05,1.19,1.65,0.93,1.0,1.34,1.23,0.95,,,,,,,,,
Ssrp1,plex_1,0.79,0.79,0.98,1.04,0.82,0.8,0.99,0.99,0.73,,,,,,,,,
Ssrp1,plex_1,0.79,0.79,0.98,1.04,0.82,0.8,0.99,0.99,0.73,,,,,,,,,
Tapbpl,plex_1,0.67,0.91,0.83,1.41,0.78,0.91,0.93,0.96,0.77,,,,,,,,,
Nup43,plex_1,0.74,0.97,1.08,1.22,0.75,0.7,0.77,0.78,0.7,,,,,,,,,
Nup43,plex_1,0.74,0.97,1.08,1.22,0.75,0.7,0.77,0.78,0.7,,,,,,,,,
Nup43,plex_1,0.74,0.97,1.08,1.22,0.75,0.7,0.77,0.78,0.7,,,,,,,,,
Prpf3,plex_1,1.04,0.7,1.07,2.35,0.48,1.6,1.05,0.97,1.09,,,,,,,,,
Fpgs,plex_1,1.37,2.15,1.33,2.82,1.13,0.93,1.02,1.27,2.06,,,,,,,,,
Clec16a,plex_1,0.97,1.51,1.01,1.52,0.83,0.93,1.09,0.84,0.92,,,,,,,,,
Zdhhc5,plex_1,1.18,1.29,1.32,1.19,0.79,1.23,1.05,1.19,1.04,,,,,,,,,
Tnrc6b,plex_1,1.02,0.87,1.03,1.11,0.68,0.68,1.01,0.75,0.62,,,,,,,,,
Arhgap35,plex_1,0.83,0.99,1.01,1.3,0.94,1.3,0.89,0.85,0.72,,,,,,,,,
Arhgap35,plex_1,0.83,0.99,1.01,1.3,0.94,1.3,0.89,0.85,0.72,,,,,,,,,
Pyroxd2,plex_1,0.68,0.58,0.95,1.28,0.65,0.87,0.92,0.97,0.66,,,,,,,,,
Pyroxd2,plex_1,0.68,0.58,0.95,1.28,0.65,0.87,0.92,0.97,0.66,,,,,,,,,
Nfxl1,plex_1,0.76,0.47,0.86,1.06,,0.91,0.38,0.95,0.34,,,,,,,,,
Inppl1,plex_1,1.12,1.27,1.11,1.04,0.67,0.79,0.88,0.79,0.77,,,,,,,,,
Grsf1,plex_1,1.04,0.86,0.81,1.16,0.63,0.81,1.12,0.95,0.76,,,,,,,,,
Slc23a1,plex_1,0.67,0.98,0.96,1.23,0.78,1.08,1.11,1.04,0.89,,,,,,,,,
Arhgef19,plex_1,,,,,,,,,,,,,,,,,,
Rbbp6,plex_1,0.81,1.06,1.02,1.28,0.79,0.79,1.11,0.96,0.86,,,,,,,,,
Zfp780b,plex_1,0.95,1.28,1.2,1.31,1.08,1.04,0.82,0.92,0.87,,,,,,,,,
Igh,plex_1,1.11,1.19,0.92,1.09,0.96,0.66,0.91,0.94,0.86,,,,,,,,,
Fmo6,plex_1,1.38,2.19,1.7,2.31,0.9,1.41,2.31,1.48,0.78,,,,,,,,,
Dnajb6,plex_1,0.66,0.81,0.91,1.2,0.86,0.78,0.99,0.84,1.04,,,,,,,,,
Vmn2r83,plex_1,1.02,0.82,1.22,1.68,1.19,0.96,1.27,1.02,0.89,,,,,,,,,
ND4,plex_1,0.81,0.96,1.13,1.43,0.86,1.04,1.16,1.21,0.8,,,,,,,,,
Mrps25,plex_1,0.87,0.97,1.08,1.22,0.74,0.88,1.18,1.17,0.74,,,,,,,,,
Cps1,plex_2,,,,,,,,,,0.96,0.93,1.04,0.85,0.81,0.89,0.94,0.9,1.0
Fasn,plex_2,,,,,,,,,,1.25,1.82,0.84,0.63,0.7,0.88,0.8,0.92,0.92
Aldh1l1,plex_2,,,,,,,,,,0.95,1.0,0.89,0.82,0.87,0.99,0.97,0.98,1.02
Pcx,plex_2,,,,,,,,,,0.95,0.92,0.96,0.81,0.76,0.85,1.0,0.89,1.11
Myh9,plex_2,,,,,,,,,,0.96,1.06,0.87,0.84,0.79,0.92,0.91,0.89,1.03
Sardh,plex_2,,,,,,,,,,0.96,0.87,1.01,0.85,0.91,0.95,0.95,0.91,1.01
Dmgdh,plex_2,,,,,,,,,,0.97,0.97,0.94,0.78,0.82,0.91,0.94,1.02,1.04
Sptan1,plex_2,,,,,,,,,,1.09,1.01,0.93,0.84,0.84,0.88,0.97,0.94,1.07
Atp5b,plex_2,,,,,,,,,,0.95,0.92,1.01,0.8,0.82,0.86,0.95,0.96,1.05
Tln1,plex_2,,,,,,,,,,0.96,0.96,0.89,0.88,0.78,0.89,0.92,0.91,0.82
Alb,plex_2,,,,,,,,,,1.42,0.98,0.82,1.02,0.69,0.98,0.91,0.66,0.79
Cat,plex_2,,,,,,,,,,0.99,0.91,0.87,0.85,0.81,0.98,0.99,0.95,1.11
Ehhadh,plex_2,,,,,,,,,,0.97,0.94,0.95,0.81,0.82,0.92,0.95,0.95,1.09
Cltc,plex_2,,,,,,,,,,1.05,1.03,0.94,0.83,0.8,0.88,1.01,1.0,1.03
Acaa2,plex_2,,,,,,,,,,0.96,0.89,0.99,0.79,0.83,0.86,0.97,0.95,1.1
Eef2,plex_2,,,,,,,,,,0.93,1.08,0.9,0.81,0.85,0.92,0.98,0.93,1.04
Mthfd1,plex_2,,,,,,,,,,0.94,0.97,0.94,0.84,0.82,0.9,0.97,0.96,1.08
Hadha,plex_2,,,,,,,,,,0.95,0.9,0.98,0.81,0.79,0.86,1.02,0.96,1.11
C3,plex_2,,,,,,,,,,1.13,0.95,0.79,0.85,0.78,0.86,0.95,0.84,1.04
Agl,plex_2,,,,,,,,,,0.96,0.96,0.93,0.82,0.84,0.93,0.95,0.91,1.02
Pygl,plex_2,,,,,,,,,,0.98,0.99,0.91,0.82,0.8,0.94,0.91,0.91,1.02
Hspd1,plex_2,,,,,,,,,,0.94,0.93,0.99,0.8,0.77,0.83,1.0,0.97,1.05
Iqgap2,plex_2,,,,,,,,,,0.97,1.02,0.96,0.77,0.81,0.9,0.9,0.96,1.06
Eef1a1,plex_2,,,,,,,,,,0.93,1.05,0.98,0.84,0.81,0.84,1.07,0.94,1.08
Aldh6a1,plex_2,,,,,,,,,,0.92,0.87,0.98,0.88,0.82,0.88,0.96,0.97,1.06
Glud1,plex_2,,,,,,,,,,0.97,1.0,1.03,0.83,0.82,0.82,0.95,0.95,1.1
Ephx2,plex_2,,,,,,,,,,0.9,0.81,0.88,0.79,0.84,0.93,0.95,0.95,0.98
Aass,plex_2,,,,,,,,,,0.88,0.78,0.93,0.91,0.92,0.99,1.07,0.96,1.18
Hsp90b1,plex_2,,,,,,,,,,0.96,1.05,0.94,0.84,0.84,0.77,0.98,0.93,1.12
Mug1,plex_2,,,,,,,,,,1.07,0.81,0.92,1.06,0.69,0.82,0.95,0.87,1.12
Aldh2,plex_2,,,,,,,,,,1.02,0.93,1.03,0.82,0.79,0.83,1.01,1.01,1.06
Vcp,plex_2,,,,,,,,,,0.96,0.94,0.95,0.82,0.72,0.87,0.98,0.92,1.06
Tkfc,plex_2,,,,,,,,,,1.09,1.12,0.95,0.8,0.76,0.85,0.87,1.0,1.03
Actn4,plex_2,,,,,,,,,,1.05,1.1,1.0,0.88,0.85,0.94,0.96,1.02,1.06
Ass1,plex_2,,,,,,,,,,0.89,0.91,1.02,0.8,0.87,0.94,1.08,0.99,1.03
Aco1,plex_2,,,,,,,,,,0.96,0.96,0.98,0.89,0.82,0.89,0.98,0.91,1.06
Hspa8,plex_2,,,,,,,,,,0.94,1.03,0.93,0.8,0.77,0.82,0.97,0.95,1.0
Hmgcs2,plex_2,,,,,,,,,,0.86,0.84,0.95,0.91,0.8,0.8,1.06,0.92,1.19
Hsp90ab1,plex_2,,,,,,,,,,0.96,1.03,0.88,0.83,0.8,0.92,0.99,0.92,0.99
Acly,plex_2,,,,,,,,,,1.17,1.84,0.82,0.66,0.76,0.87,0.86,0.86,0.9
Krt18,plex_2,,,,,,,,,,0.99,1.28,0.83,0.95,0.99,0.72,0.81,0.9,0.99
Dhtkd1,plex_2,,,,,,,,,,0.9,0.78,0.87,0.83,0.81,1.05,0.99,0.84,1.06
Uroc1,plex_2,,,,,,,,,,0.94,0.96,0.97,0.81,0.9,1.04,0.94,0.96,0.97
Hacl1,plex_2,,,,,,,,,,1.0,1.04,0.87,0.74,0.88,0.95,0.95,0.99,0.97
Hacl1,plex_2,,,,,,,,,,1.0,1.04,0.87,0.74,0.88,0.95,0.95,0.99,0.97
Gapdh,plex_2,,,,,,,,,,1.0,0.99,1.0,0.83,0.83,0.81,0.93,0.92,0.98
Flnb,plex_2,,,,,,,,,,1.05,1.08,0.88,0.88,0.83,0.9,0.91,0.9,0.99
Ahcy,plex_2,,,,,,,,,,0.94,0.91,0.97,0.92,0.92,1.0,1.02,0.93,1.04
Hspa9,plex_2,,,,,,,,,,1.08,1.01,0.99,0.88,0.84,0.91,1.08,1.01,1.11
Gm20425,plex_2,,,,,,,,,,1.23,0.98,0.82,0.97,0.75,0.9,1.04,0.89,1.06
Atp5a1,plex_2,,,,,,,,,,0.98,0.89,1.06,0.79,0.79,0.82,1.0,0.95,1.06
Sdha,plex_2,,,,,,,,,,1.06,0.94,0.93,0.83,0.85,0.94,0.95,0.91,0.99
Got2,plex_2,,,,,,,,,,0.98,0.91,0.97,0.89,0.82,0.88,1.04,0.92,1.0
Aldh1a1,plex_2,,,,,,,,,,0.92,0.71,0.84,0.82,0.84,0.85,0.94,0.96,0.99
Pgk1,plex_2,,,,,,,,,,0.99,1.01,0.94,0.83,0.85,0.96,0.9,0.88,1.12
Tkt,plex_2,,,,,,,,,,1.06,1.09,0.9,0.82,0.74,0.84,0.96,1.02,1.15
Krt8,plex_2,,,,,,,,,,1.09,1.53,0.81,1.04,1.14,0.81,0.8,0.88,1.05
Aldob,plex_2,,,,,,,,,,0.95,0.99,0.96,0.82,0.84,0.9,0.94,0.94,1.04
Fbp1,plex_2,,,,,,,,,,0.92,0.98,1.07,0.89,0.89,0.89,1.03,0.97,1.01
Acat1,plex_2,,,,,,,,,,0.87,0.85,1.08,0.89,0.8,0.78,1.1,0.84,1.14
Slc25a13,plex_2,,,,,,,,,,0.94,0.93,0.94,0.81,0.78,0.96,0.96,0.9,1.01
Acox1,plex_2,,,,,,,,,,0.85,0.92,0.95,0.91,0.83,0.97,1.13,1.05,1.31
Pzp,plex_2,,,,,,,,,,1.41,0.99,0.78,1.05,0.7,0.96,1.06,0.8,1.01
Hpd,plex_2,,,,,,,,,,0.93,0.86,1.08,0.79,0.77,0.88,1.12,1.06,1.04
EG433182,plex_2,,,,,,,,,,1.04,1.04,0.93,0.78,0.81,0.91,0.96,1.02,1.08
Hdlbp,plex_2,,,,,,,,,,0.99,1.03,0.93,0.83,0.77,0.81,0.89,0.94,1.03
Dpyd,plex_2,,,,,,,,,,0.94,0.99,1.05,0.84,0.96,0.98,1.07,1.05,1.1
Uba1,plex_2,,,,,,,,,,0.96,0.97,0.93,0.84,0.77,0.86,0.93,0.9,1.11
Aco2,plex_2,,,,,,,,,,0.98,0.88,0.97,0.91,0.85,0.98,0.97,0.93,1.12
Pdia4,plex_2,,,,,,,,,,0.97,1.01,0.89,0.86,0.83,0.84,0.99,0.97,1.21
Pdia4,plex_2,,,,,,,,,,0.97,1.01,0.89,0.86,0.83,0.84,0.99,0.97,1.21
Acadvl,plex_2,,,,,,,,,,0.95,0.88,0.93,0.79,0.8,0.9,0.96,0.91,1.08
Fn1,plex_2,,,,,,,,,,1.11,1.11,0.83,0.81,0.78,0.93,0.95,0.87,0.95
Fn1,plex_2,,,,,,,,,,1.11,1.11,0.83,0.81,0.78,0.93,0.95,0.87,0.95
Fn1,plex_2,,,,,,,,,,1.11,1.11,0.83,0.81,0.78,0.93,0.95,0.87,0.95
Fn1,plex_2,,,,,,,,,,1.11,1.11,0.83,0.81,0.78,0.93,0.95,0.87,0.95
Fn1,plex_2,,,,,,,,,,1.11,1.11,0.83,0.81,0.78,0.93,0.95,0.87,0.95
Fn1,plex_2,,,,,,,,,,1.11,1.11,0.83,0.81,0.78,0.93,0.95,0.87,0.95
Snd1,plex_2,,,,,,,,,,0.98,0.99,1.03,0.85,0.77,0.91,0.93,0.91,1.03
Hsd17b4,plex_2,,,,,,,,,,0.88,0.91,0.87,0.87,0.83,0.94,1.01,0.94,1.06
Nnt,plex_2,,,,,,,,,,0.89,0.89,0.94,0.9,0.78,0.85,0.94,0.89,1.03
Mttp,plex_2,,,,,,,,,,0.96,0.99,0.9,0.82,0.72,0.87,0.91,0.91,0.99
Bhmt,plex_2,,,,,,,,,,0.87,0.9,0.84,0.77,0.89,0.87,0.94,0.92,0.94
Aldh8a1,plex_2,,,,,,,,,,0.95,0.92,0.92,0.83,0.8,0.97,1.0,0.99,1.01
Idh1,plex_2,,,,,,,,,,0.99,0.99,0.96,0.85,0.84,0.87,0.93,0.98,1.1
Idh1,plex_2,,,,,,,,,,0.99,0.99,0.96,0.85,0.84,0.87,0.93,0.98,1.1
Idh1,plex_2,,,,,,,,,,0.99,0.99,0.96,0.85,0.84,0.87,0.93,0.98,1.1
Pdia3,plex_2,,,,,,,,,,1.02,1.03,0.93,0.85,0.81,0.84,0.98,0.99,1.14
Plec,plex_2,,,,,,,,,,1.15,1.18,0.99,1.1,0.91,0.92,1.1,1.11,1.02
Plec,plex_2,,,,,,,,,,1.15,1.18,0.99,1.1,0.91,0.92,1.1,1.11,1.02
Actb,plex_2,,,,,,,,,,1.03,1.07,0.86,0.93,0.8,0.96,0.96,0.9,1.04
Actg1,plex_2,,,,,,,,,,1.03,1.07,0.86,0.93,0.8,0.96,0.96,0.9,1.04
Sec14l2,plex_2,,,,,,,,,,0.93,0.92,1.04,0.85,0.74,0.89,1.04,1.03,1.08
Mat1a,plex_2,,,,,,,,,,0.92,0.88,0.96,0.88,0.86,1.02,1.02,0.87,1.06
Eprs,plex_2,,,,,,,,,,0.94,1.03,0.94,0.8,0.79,0.82,0.96,0.96,1.0
Selenbp1,plex_2,,,,,,,,,,0.96,1.07,1.01,0.81,0.84,0.86,1.01,0.98,1.1
Fh,plex_2,,,,,,,,,,0.95,0.89,1.0,0.82,0.84,0.86,1.06,0.91,1.06
Lonp1,plex_2,,,,,,,,,,0.91,0.92,0.92,0.79,0.73,0.88,0.93,0.96,1.08
Pck1,plex_2,,,,,,,,,,1.05,0.99,1.16,0.78,0.66,0.64,0.93,0.82,0.91
Pck1,plex_2,,,,,,,,,,1.05,0.99,1.16,0.78,0.66,0.64,0.93,0.82,0.91
Ces1d,plex_2,,,,,,,,,,1.06,1.01,0.86,0.88,0.91,0.96,0.97,0.97,1.14
Rrbp1,plex_2,,,,,,,,,,1.1,1.08,0.91,0.86,0.83,0.79,1.01,0.91,1.19
Hspa5,plex_2,,,,,,,,,,0.98,0.98,0.93,0.82,0.79,0.77,0.99,0.97,1.13
Scp2,plex_2,,,,,,,,,,0.84,0.79,0.96,0.81,0.76,0.75,0.95,0.95,1.15
P4hb,plex_2,,,,,,,,,,0.92,0.98,0.89,0.83,0.82,0.77,0.97,0.96,1.09
P4hb,plex_2,,,,,,,,,,0.92,0.98,0.89,0.83,0.82,0.77,0.97,0.96,1.09
P4hb,plex_2,,,,,,,,,,0.92,0.98,0.89,0.83,0.82,0.77,0.97,0.96,1.09
P4hb,plex_2,,,,,,,,,,0.92,0.98,0.89,0.83,0.82,0.77,0.97,0.96,1.09
Tubb4b,plex_2,,,,,,,,,,0.94,0.98,1.01,0.76,0.73,0.84,0.96,1.02,1.07
Pgm2,plex_2,,,,,,,,,,0.94,0.92,0.94,0.8,0.87,0.9,0.98,0.99,1.13
Pgm1,plex_2,,,,,,,,,,0.94,0.92,0.94,0.8,0.87,0.9,0.98,0.99,1.13
Pgm2,plex_2,,,,,,,,,,0.94,0.92,0.94,0.8,0.87,0.9,0.98,0.99,1.13
Akr1c6,plex_2,,,,,,,,,,0.97,0.92,1.09,0.88,0.81,0.83,1.07,0.99,1.11
Sptbn1,plex_2,,,,,,,,,,0.96,0.99,0.87,0.76,0.72,0.87,0.84,0.91,0.99
Atp1a1,plex_2,,,,,,,,,,0.99,0.97,0.91,0.83,0.76,0.97,0.87,0.92,1.0
Otc,plex_2,,,,,,,,,,0.95,0.9,1.02,0.81,0.82,0.88,0.96,0.97,0.99
Otc,plex_2,,,,,,,,,,0.95,0.9,1.02,0.81,0.82,0.88,0.96,0.97,0.99
Gpt,plex_2,,,,,,,,,,0.91,0.9,0.91,0.82,0.83,1.06,0.98,0.92,0.97
Aldh9a1,plex_2,,,,,,,,,,0.92,1.0,0.9,0.82,0.83,0.87,0.95,0.92,0.97
Hal,plex_2,,,,,,,,,,0.92,0.93,0.86,0.91,0.89,1.06,0.98,0.93,1.1
Acat3,plex_2,,,,,,,,,,1.0,0.98,0.86,0.87,0.9,0.92,1.05,0.9,1.0
Slc27a2,plex_2,,,,,,,,,,1.03,0.89,0.88,0.79,0.82,0.92,0.94,0.87,1.07
Shmt1,plex_2,,,,,,,,,,1.01,1.04,1.01,0.79,0.76,0.86,0.95,0.96,1.0
Tuba1c,plex_2,,,,,,,,,,1.07,1.11,1.11,0.92,0.83,0.96,1.0,0.95,0.99
Ndufs1,plex_2,,,,,,,,,,0.94,0.92,0.88,0.79,0.83,0.93,0.92,0.9,1.05
Pklr,plex_2,,,,,,,,,,1.31,1.38,0.88,0.71,0.71,0.87,0.73,0.94,0.91
Pklr,plex_2,,,,,,,,,,1.31,1.38,0.88,0.71,0.71,0.87,0.73,0.94,0.91
Pklr,plex_2,,,,,,,,,,1.31,1.38,0.88,0.71,0.71,0.87,0.73,0.94,0.91
Hadhb,plex_2,,,,,,,,,,0.95,0.83,0.95,0.83,0.78,0.79,1.01,0.91,1.05
Anxa6,plex_2,,,,,,,,,,0.97,1.02,0.94,0.88,0.83,0.95,1.03,0.97,1.12
Got1,plex_2,,,,,,,,,,0.85,0.89,0.94,0.9,0.79,0.99,1.07,0.97,0.99
Dpys,plex_2,,,,,,,,,,0.94,0.95,1.02,0.9,0.84,0.95,1.01,0.98,1.15
Mdh2,plex_2,,,,,,,,,,0.99,0.98,1.0,0.9,0.81,0.86,0.99,0.96,1.06
Acsl1,plex_2,,,,,,,,,,1.0,0.95,0.99,0.86,0.88,1.01,1.05,0.97,1.02
Abat,plex_2,,,,,,,,,,0.87,0.94,0.9,0.84,0.83,1.03,0.99,0.91,1.03
Oat,plex_2,,,,,,,,,,0.79,0.79,0.99,0.67,0.85,1.02,1.25,0.82,0.91
Uox,plex_2,,,,,,,,,,1.02,0.97,0.9,0.85,0.78,1.01,0.95,0.93,0.97
Acaa1a,plex_2,,,,,,,,,,0.94,0.9,0.98,0.83,0.86,0.99,1.06,1.04,1.21
Gldc,plex_2,,,,,,,,,,0.96,0.96,1.0,0.83,0.82,0.96,0.96,1.0,0.94
Vwa8,plex_2,,,,,,,,,,0.83,0.87,0.93,0.79,0.76,0.88,1.0,1.0,1.13
Fah,plex_2,,,,,,,,,,0.99,1.05,1.01,0.83,0.9,0.85,0.97,1.07,1.11
Ugp2,plex_2,,,,,,,,,,0.96,0.95,0.85,0.85,0.77,1.0,0.93,0.86,0.96
Rgn,plex_2,,,,,,,,,,1.02,1.02,1.19,0.85,0.95,0.79,1.07,0.98,1.07
Suox,plex_2,,,,,,,,,,0.91,0.82,1.0,0.88,0.82,1.01,0.9,1.01,1.09
Acad11,plex_2,,,,,,,,,,0.94,0.97,0.83,0.81,0.83,0.98,1.01,0.94,1.05
Aldh1b1,plex_2,,,,,,,,,,0.89,0.98,0.83,0.78,0.97,1.11,0.94,0.98,1.08
Hibadh,plex_2,,,,,,,,,,0.94,0.81,0.96,0.85,0.8,0.91,1.05,1.01,1.11
Sord,plex_2,,,,,,,,,,0.99,0.96,0.93,0.87,0.9,0.97,1.03,0.96,1.13
Aldh7a1,plex_2,,,,,,,,,,0.95,0.92,0.99,0.82,0.8,0.97,1.0,0.94,0.97
Asl,plex_2,,,,,,,,,,0.93,0.96,0.91,0.81,0.87,1.0,0.97,0.88,1.0
Me1,plex_2,,,,,,,,,,1.25,1.57,0.8,0.62,0.6,0.76,0.83,0.95,0.99
Hsp90aa1,plex_2,,,,,,,,,,1.0,0.99,0.9,0.83,0.76,0.87,0.95,0.93,1.03
Acadl,plex_2,,,,,,,,,,0.86,0.88,0.92,0.83,0.69,0.88,1.01,0.99,1.08
Acads,plex_2,,,,,,,,,,0.9,0.88,1.03,0.83,0.84,0.88,1.01,1.0,1.12
Acsm1,plex_2,,,,,,,,,,1.04,0.98,0.99,0.88,0.8,0.85,1.03,0.99,1.04
Pccb,plex_2,,,,,,,,,,0.97,0.87,0.95,0.85,0.83,0.84,0.94,1.0,1.03
Pccb,plex_2,,,,,,,,,,0.97,0.87,0.95,0.85,0.83,0.84,0.94,1.0,1.03
Hgd,plex_2,,,,,,,,,,0.98,0.96,1.07,0.86,0.81,0.91,1.03,0.9,0.93
Ftcd,plex_2,,,,,,,,,,0.95,0.99,0.97,0.89,0.92,0.97,1.0,1.05,1.05
Cyp1a2,plex_2,,,,,,,,,,0.93,0.81,0.83,0.76,0.78,0.93,0.93,0.91,1.01
Arg1,plex_2,,,,,,,,,,0.93,0.97,1.07,0.82,0.81,0.86,0.96,0.98,1.08
Fmo3,plex_2,,,,,,,,,,0.98,1.17,0.91,0.87,0.88,0.88,0.88,1.0,1.06
Acad10,plex_2,,,,,,,,,,0.89,0.94,0.97,0.97,0.83,1.02,1.0,0.87,1.13
Papss2,plex_2,,,,,,,,,,1.01,1.11,0.88,0.83,0.89,1.0,0.98,1.06,1.08
Etfdh,plex_2,,,,,,,,,,0.97,0.93,0.93,0.88,0.86,0.88,1.03,0.93,1.13
Ogdh,plex_2,,,,,,,,,,1.01,0.96,0.91,0.94,0.68,0.89,1.01,0.92,1.07
Cpt2,plex_2,,,,,,,,,,0.87,0.87,0.84,0.77,0.71,0.99,0.9,0.96,1.05
Ca3,plex_2,,,,,,,,,,0.91,0.83,0.95,0.77,0.98,0.98,0.99,0.94,0.94
Dld,plex_2,,,,,,,,,,0.95,0.9,0.89,0.84,0.78,0.97,0.95,0.9,1.02
Ganab,plex_2,,,,,,,,,,1.11,1.01,0.99,0.77,0.82,0.94,0.99,0.99,1.12
Alad,plex_2,,,,,,,,,,1.01,0.97,0.93,0.98,0.91,0.9,1.09,1.06,1.14
Alad,plex_2,,,,,,,,,,1.01,0.97,0.93,0.98,0.91,0.9,1.09,1.06,1.14
Fmo5,plex_2,,,,,,,,,,0.92,0.88,0.78,0.8,0.76,0.92,0.97,0.8,0.85
Ugt1a1,plex_2,,,,,,,,,,0.97,1.04,0.88,0.96,0.85,0.87,0.99,0.99,1.12
Sult1a1,plex_2,,,,,,,,,,0.99,1.09,0.99,0.81,0.7,0.92,0.93,1.07,0.9
Hspa4,plex_2,,,,,,,,,,1.05,1.02,0.92,0.87,0.86,0.92,0.93,0.94,0.91
Lrpprc,plex_2,,,,,,,,,,0.97,1.01,0.94,0.8,0.85,0.9,0.9,0.85,1.06
Maob,plex_2,,,,,,,,,,0.95,1.01,0.95,0.83,0.83,1.04,0.88,0.9,0.93
Acsf2,plex_2,,,,,,,,,,1.02,0.88,0.9,0.75,0.75,0.91,0.93,0.86,1.08
Tufm,plex_2,,,,,,,,,,0.98,0.94,1.03,0.85,0.8,0.87,0.97,0.92,1.01
Mccc2,plex_2,,,,,,,,,,0.91,0.97,0.98,0.81,0.86,0.93,0.97,0.96,1.01
Cyb5r3,plex_2,,,,,,,,,,1.11,1.19,0.93,0.81,0.89,0.98,0.94,1.07,1.11
Cyb5r3,plex_2,,,,,,,,,,1.11,1.19,0.93,0.81,0.89,0.98,0.94,1.07,1.11
Immt,plex_2,,,,,,,,,,0.95,0.92,0.92,0.83,0.81,0.91,0.89,0.89,1.05
Lmna,plex_2,,,,,,,,,,0.98,1.12,1.0,0.95,0.81,0.88,0.93,1.03,1.12
Prdx6,plex_2,,,,,,,,,,0.96,0.89,1.07,0.84,0.79,0.77,1.04,1.0,1.12
Etfa,plex_2,,,,,,,,,,0.96,0.88,0.97,0.84,0.79,0.91,0.99,0.98,1.07
Aldh4a1,plex_2,,,,,,,,,,1.14,1.1,1.17,0.93,1.14,1.21,1.12,1.06,1.47
Por,plex_2,,,,,,,,,,0.93,0.89,0.91,0.82,0.81,0.86,1.02,0.96,1.21
Pcca,plex_2,,,,,,,,,,1.02,0.91,0.92,0.78,0.88,0.87,0.95,0.93,1.38
Oplah,plex_2,,,,,,,,,,0.91,0.95,0.87,0.83,0.81,0.87,0.96,0.91,1.09
Bckdha,plex_2,,,,,,,,,,0.96,0.96,1.0,0.79,0.86,0.94,0.92,0.94,1.03
Bckdha,plex_2,,,,,,,,,,0.96,0.96,1.0,0.79,0.86,0.94,0.92,0.94,1.03
Calr,plex_2,,,,,,,,,,1.17,0.96,0.94,0.93,0.8,0.86,1.03,0.98,1.08
Ces1f,plex_2,,,,,,,,,,1.06,0.83,0.87,0.86,0.77,0.91,0.98,1.0,1.03
Ivd,plex_2,,,,,,,,,,0.91,0.91,1.1,0.86,0.85,0.92,1.0,1.0,1.11
Vcl,plex_2,,,,,,,,,,1.03,1.06,0.93,0.94,0.84,1.07,0.96,0.84,0.99
Cct2,plex_2,,,,,,,,,,1.07,1.02,0.93,0.84,0.79,0.85,0.94,0.99,1.04
Rpn1,plex_2,,,,,,,,,,0.97,0.96,0.92,0.9,0.76,0.86,0.97,0.92,1.03
Rpn1,plex_2,,,,,,,,,,0.97,0.96,0.92,0.9,0.76,0.86,0.97,0.92,1.03
Glul,plex_2,,,,,,,,,,0.92,0.96,0.85,0.87,0.77,0.87,1.05,0.94,1.12
Hspg2,plex_2,,,,,,,,,,1.1,1.08,0.87,0.88,0.77,0.84,0.96,0.98,0.98
Hspg2,plex_2,,,,,,,,,,1.1,1.08,0.87,0.88,0.77,0.84,0.96,0.98,0.98
Amdhd1,plex_2,,,,,,,,,,0.91,0.89,0.95,0.83,0.79,0.94,0.94,0.9,0.99
Aars,plex_2,,,,,,,,,,0.92,1.0,0.89,0.84,0.82,0.93,1.01,0.83,0.97
Gdi2,plex_2,,,,,,,,,,1.03,1.06,0.94,0.82,0.82,0.98,0.96,0.94,1.01
Gdi2,plex_2,,,,,,,,,,1.03,1.06,0.94,0.82,0.82,0.98,0.96,0.94,1.01
Gdi2,plex_2,,,,,,,,,,1.03,1.06,0.94,0.82,0.82,0.98,0.96,0.94,1.01
Pah,plex_2,,,,,,,,,,0.98,1.02,1.03,0.83,0.85,1.0,0.99,0.95,0.94
Cyp2d26,plex_2,,,,,,,,,,0.94,0.91,0.91,0.86,0.79,0.88,0.94,0.98,1.08
Suclg2,plex_2,,,,,,,,,,0.91,0.94,0.93,0.85,0.85,0.88,0.99,0.93,1.1
Flna,plex_2,,,,,,,,,,0.92,1.11,0.82,0.9,0.72,1.01,0.83,0.94,1.03
Mccc1,plex_2,,,,,,,,,,0.91,0.93,0.98,0.82,0.75,0.91,0.96,0.98,1.02
Dync1h1,plex_2,,,,,,,,,,0.95,1.02,0.79,0.78,0.8,0.85,0.95,0.91,0.97
Gstm1,plex_2,,,,,,,,,,0.98,0.85,0.83,0.94,0.8,0.94,1.05,1.04,1.12
Slc27a5,plex_2,,,,,,,,,,0.93,0.88,0.85,0.75,0.75,0.97,0.95,0.86,0.94
Ldha,plex_2,,,,,,,,,,0.93,0.95,0.88,0.78,0.89,0.89,0.97,0.86,1.1
Abca8a,plex_2,,,,,,,,,,0.98,0.89,0.96,0.84,0.79,0.91,0.96,0.87,1.0
Ces2e,plex_2,,,,,,,,,,1.0,1.08,0.83,0.74,0.82,1.02,0.9,1.16,1.05
Psmd1,plex_2,,,,,,,,,,0.95,0.97,0.86,0.79,0.73,0.96,0.85,0.86,0.99
Abcd3,plex_2,,,,,,,,,,1.01,0.89,0.77,0.93,0.81,0.99,0.99,0.87,1.09
Mut,plex_2,,,,,,,,,,0.92,0.95,0.94,0.73,0.8,0.93,0.99,0.9,1.03
Aifm1,plex_2,,,,,,,,,,0.87,0.92,0.89,0.8,0.78,0.87,0.94,0.92,0.99
Atp2a2,plex_2,,,,,,,,,,0.87,0.97,0.84,0.92,0.81,0.87,1.01,0.87,1.1
Lrp1,plex_2,,,,,,,,,,0.95,1.01,0.87,0.84,0.79,0.93,0.94,0.79,0.96
Cyp2d10,plex_2,,,,,,,,,,0.99,0.88,0.91,0.82,0.79,0.84,1.0,0.99,1.04
Uqcrc2,plex_2,,,,,,,,,,0.95,0.88,0.96,0.91,0.66,1.05,1.01,0.94,1.04
Haao,plex_2,,,,,,,,,,0.99,0.97,0.95,0.84,0.82,0.88,1.0,0.96,1.09
Gpi,plex_2,,,,,,,,,,1.06,1.08,1.04,0.83,0.8,0.89,1.04,1.02,1.07
Bdh1,plex_2,,,,,,,,,,0.98,0.91,0.97,0.87,0.84,0.82,1.07,0.9,1.08
Tgm2,plex_2,,,,,,,,,,1.17,1.21,0.94,0.95,0.83,0.94,1.05,0.9,1.13
Rpl4,plex_2,,,,,,,,,,0.93,1.05,0.95,0.8,0.76,0.89,0.88,0.9,1.01
Akr1a1,plex_2,,,,,,,,,,0.92,0.93,0.99,0.83,0.76,0.86,0.93,0.97,1.18
Hnrnpa2b1,plex_2,,,,,,,,,,0.94,0.9,0.89,0.88,0.86,0.81,0.9,0.97,1.16
Canx,plex_2,,,,,,,,,,0.91,0.9,0.85,0.75,0.68,0.74,0.87,0.88,1.07
Atic,plex_2,,,,,,,,,,0.91,0.95,0.79,0.79,0.77,0.8,0.86,0.84,1.01
Fabp1,plex_2,,,,,,,,,,1.0,1.01,0.93,0.77,1.0,0.87,1.09,1.03,1.19
Gnmt,plex_2,,,,,,,,,,1.0,0.85,0.95,0.77,0.85,0.95,1.06,1.0,1.04
Gpd1,plex_2,,,,,,,,,,0.95,0.92,0.89,0.83,0.81,0.78,0.97,0.84,1.02
Pdia5,plex_2,,,,,,,,,,1.01,1.12,0.98,0.8,0.91,0.85,0.97,0.85,0.97
Rpn2,plex_2,,,,,,,,,,1.05,1.02,0.88,0.86,0.69,0.81,1.05,0.99,1.14
Rpn2,plex_2,,,,,,,,,,1.05,1.02,0.88,0.86,0.69,0.81,1.05,0.99,1.14
Rpn2,plex_2,,,,,,,,,,1.05,1.02,0.88,0.86,0.69,0.81,1.05,0.99,1.14
Idh2,plex_2,,,,,,,,,,0.94,0.91,0.92,0.84,0.83,0.91,1.04,1.02,0.97
Copa,plex_2,,,,,,,,,,0.96,1.0,0.9,0.74,0.74,0.92,0.86,0.88,1.04
Cth,plex_2,,,,,,,,,,0.85,0.88,0.88,0.88,0.81,0.96,0.95,0.84,0.93
Sds,plex_2,,,,,,,,,,1.02,0.87,0.96,0.88,0.87,1.02,1.14,0.89,1.17
Pgam1,plex_2,,,,,,,,,,1.07,0.99,0.83,0.72,0.78,0.82,0.93,0.99,1.06
Fga,plex_2,,,,,,,,,,1.18,0.84,0.79,1.04,0.78,0.81,1.07,1.02,1.2
Pbld2,plex_2,,,,,,,,,,0.97,0.9,1.02,0.92,0.87,0.96,0.97,0.99,1.2
Pbld1,plex_2,,,,,,,,,,0.97,0.9,1.02,0.92,0.87,0.96,0.97,0.99,1.2
Gclc,plex_2,,,,,,,,,,1.03,0.9,0.85,0.81,0.83,0.91,0.95,0.92,1.07
Gckr,plex_2,,,,,,,,,,0.93,1.0,1.01,0.8,0.84,0.97,0.96,0.94,1.02
,plex_2,,,,,,,,,,0.95,1.07,0.94,0.89,0.85,0.85,0.98,0.95,1.15
Acadm,plex_2,,,,,,,,,,0.89,0.76,0.94,0.89,0.8,0.95,1.0,0.91,1.11
Bhmt2,plex_2,,,,,,,,,,1.01,1.03,0.97,0.74,0.84,0.86,1.03,1.05,1.04
Gpx1,plex_2,,,,,,,,,,0.99,0.96,0.96,0.81,0.86,0.9,1.08,1.02,1.1
Ctnna1,plex_2,,,,,,,,,,0.97,0.95,0.93,0.79,0.8,0.87,0.94,0.93,0.97
Adh5,plex_2,,,,,,,,,,0.93,1.05,1.06,0.88,0.92,0.88,1.02,0.95,1.09
Cyp2e1,plex_2,,,,,,,,,,1.03,0.89,1.02,0.75,0.76,0.87,1.03,0.87,1.07
Aldh3a2,plex_2,,,,,,,,,,1.02,0.94,0.86,0.78,0.79,0.87,0.95,1.0,0.93
Aldh3a2,plex_2,,,,,,,,,,1.02,0.94,0.86,0.78,0.79,0.87,0.95,1.0,0.93
Aldh3a2,plex_2,,,,,,,,,,1.02,0.94,0.86,0.78,0.79,0.87,0.95,1.0,0.93
Pdia6,plex_2,,,,,,,,,,0.97,1.03,1.08,0.87,0.83,0.9,0.99,0.96,1.16
Pdia6,plex_2,,,,,,,,,,0.97,1.03,1.08,0.87,0.83,0.9,0.99,0.96,1.16
Fmo1,plex_2,,,,,,,,,,1.05,1.19,0.96,0.87,0.9,1.01,1.02,1.13,1.05
Gbe1,plex_2,,,,,,,,,,0.97,0.99,0.89,0.76,0.9,1.06,0.95,0.98,1.12
Copb1,plex_2,,,,,,,,,,0.97,1.04,0.94,0.78,0.75,0.95,0.92,0.92,0.97
Pm20d1,plex_2,,,,,,,,,,0.97,1.24,1.02,0.88,0.84,0.97,1.08,1.1,1.22
Prdx1,plex_2,,,,,,,,,,1.03,1.03,1.03,0.79,0.75,0.83,0.99,1.03,1.03
Hyou1,plex_2,,,,,,,,,,0.98,1.06,0.93,0.92,0.87,0.93,0.97,0.93,1.14
Acsl5,plex_2,,,,,,,,,,0.96,1.22,0.81,0.75,0.84,0.95,0.95,0.97,1.06
Akr1d1,plex_2,,,,,,,,,,0.95,0.94,0.86,0.82,0.8,0.91,0.84,0.81,1.05
Tars,plex_2,,,,,,,,,,1.03,1.19,0.92,0.81,0.76,1.0,0.93,0.98,1.01
Uqcrc1,plex_2,,,,,,,,,,1.0,0.99,0.99,0.83,0.8,0.86,0.97,0.96,1.11
Uqcrc1,plex_2,,,,,,,,,,1.0,0.99,0.99,0.83,0.8,0.86,0.97,0.96,1.11
Acox2,plex_2,,,,,,,,,,0.89,0.96,0.94,0.85,0.82,0.95,0.99,0.95,1.07
Hsd17b10,plex_2,,,,,,,,,,1.0,0.99,1.18,0.84,0.8,0.95,1.09,1.08,1.26
Rnh1,plex_2,,,,,,,,,,1.0,1.01,0.98,0.85,0.84,0.82,0.95,0.93,0.95
Rnh1,plex_2,,,,,,,,,,1.0,1.01,0.98,0.85,0.84,0.82,0.95,0.93,0.95
Rnh1,plex_2,,,,,,,,,,1.0,1.01,0.98,0.85,0.84,0.82,0.95,0.93,0.95
Tst,plex_2,,,,,,,,,,1.0,0.94,0.94,0.79,0.75,0.93,1.02,1.01,0.98
Adh1,plex_2,,,,,,,,,,0.97,1.04,0.91,0.82,0.79,0.93,0.95,0.85,1.03
Eif4a1,plex_2,,,,,,,,,,1.0,1.0,0.89,0.77,0.77,0.81,0.92,0.94,1.02
Chdh,plex_2,,,,,,,,,,1.06,1.14,1.06,0.88,0.96,0.94,1.17,1.43,1.41
Gc,plex_2,,,,,,,,,,1.13,1.26,0.85,0.82,0.71,0.82,0.81,0.81,0.84
Cs,plex_2,,,,,,,,,,1.05,1.05,0.88,0.82,0.72,0.93,0.94,0.92,1.01
Ces2a,plex_2,,,,,,,,,,0.98,0.83,0.95,0.85,0.81,0.96,0.98,0.96,1.24
Myh2,plex_2,,,,,,,,,,0.56,0.45,0.65,11.66,0.47,0.88,0.57,0.53,0.49
Kyat3,plex_2,,,,,,,,,,0.85,1.0,0.86,0.83,0.78,0.9,0.92,1.0,1.03
Kyat3,plex_2,,,,,,,,,,0.85,1.0,0.86,0.83,0.78,0.9,0.92,1.0,1.03
Adk,plex_2,,,,,,,,,,0.98,0.99,0.92,0.83,0.82,0.89,0.98,0.88,1.04
Adk,plex_2,,,,,,,,,,0.98,0.99,0.92,0.83,0.82,0.89,0.98,0.88,1.04
Crot,plex_2,,,,,,,,,,1.06,0.91,0.94,0.87,0.78,0.84,1.04,1.1,1.07
Aspdh,plex_2,,,,,,,,,,1.08,0.92,0.99,0.9,0.8,1.02,1.21,0.96,1.09
Hnrnpm,plex_2,,,,,,,,,,1.01,1.12,0.96,0.95,0.8,0.98,1.02,1.01,1.14
Hnrnpm,plex_2,,,,,,,,,,1.01,1.12,0.96,0.95,0.8,0.98,1.02,1.01,1.14
Hnrnpu,plex_2,,,,,,,,,,1.01,1.02,0.88,0.85,0.74,0.86,0.98,0.96,1.04
Hmgcl,plex_2,,,,,,,,,,0.92,0.89,1.03,1.07,0.84,0.96,1.06,1.25,1.17
Prodh,plex_2,,,,,,,,,,0.93,0.97,0.9,0.81,0.78,0.98,0.88,0.91,1.03
Marc2,plex_2,,,,,,,,,,0.95,0.89,0.95,0.8,0.81,0.91,0.97,0.83,0.92
Acaca,plex_2,,,,,,,,,,1.09,1.74,0.68,0.61,0.67,0.85,0.77,0.86,0.94
Acaca,plex_2,,,,,,,,,,1.09,1.74,0.68,0.61,0.67,0.85,0.77,0.86,0.94
Cbs,plex_2,,,,,,,,,,0.98,0.87,0.93,0.87,0.87,0.95,1.08,0.94,1.04
Hbbt1,plex_2,,,,,,,,,,1.46,0.84,0.66,1.11,0.59,0.92,1.08,0.85,0.95
Pnp,plex_2,,,,,,,,,,1.0,1.01,0.99,0.85,0.74,0.96,1.02,0.96,1.05
Usp5,plex_2,,,,,,,,,,1.02,1.11,0.93,0.8,0.86,0.87,0.99,0.92,1.08
Usp5,plex_2,,,,,,,,,,1.02,1.11,0.93,0.8,0.86,0.87,0.99,0.92,1.08
Akr1c12,plex_2,,,,,,,,,,0.99,0.96,1.17,0.9,0.81,0.86,0.98,1.0,1.0
Hsd11b1,plex_2,,,,,,,,,,1.0,1.01,0.89,0.86,0.79,0.99,0.92,0.89,1.01
Sucla2,plex_2,,,,,,,,,,0.98,1.04,1.08,0.9,0.84,0.98,0.96,0.85,1.16
Sucla2,plex_2,,,,,,,,,,0.98,1.04,1.08,0.9,0.84,0.98,0.96,0.85,1.16
Ces3a,plex_2,,,,,,,,,,1.2,1.02,0.99,0.85,0.77,0.83,1.0,0.79,1.03
Sec23a,plex_2,,,,,,,,,,1.07,0.94,0.89,0.84,0.76,0.89,0.96,0.85,0.99
Sec23a,plex_2,,,,,,,,,,1.07,0.94,0.89,0.84,0.76,0.89,0.96,0.85,0.99
Trap1,plex_2,,,,,,,,,,1.08,1.05,1.12,0.96,0.94,1.02,1.16,1.09,1.17
Ndrg2,plex_2,,,,,,,,,,0.99,0.99,0.96,0.85,0.89,0.94,1.0,0.99,1.07
Rack1,plex_2,,,,,,,,,,0.97,1.06,1.0,0.84,0.84,0.86,0.94,0.92,0.99
Abcb11,plex_2,,,,,,,,,,1.05,0.98,0.86,0.8,0.78,0.9,0.93,0.9,1.05
Dbt,plex_2,,,,,,,,,,0.95,0.88,0.97,0.82,0.84,0.9,0.93,0.88,0.99
C4b,plex_2,,,,,,,,,,1.05,0.95,0.91,0.78,0.76,0.75,1.03,0.85,1.08
Gpd2,plex_2,,,,,,,,,,1.07,1.04,0.9,0.89,0.7,0.82,0.92,0.93,1.18
Gstz1,plex_2,,,,,,,,,,1.03,0.95,0.92,0.86,0.85,0.88,1.0,0.94,1.05
Sec31a,plex_2,,,,,,,,,,1.07,1.05,0.9,0.95,0.88,0.88,0.96,0.95,1.16
Grhpr,plex_2,,,,,,,,,,0.95,1.06,1.19,0.89,0.92,0.87,1.08,0.97,1.27
Aldh1a7,plex_2,,,,,,,,,,1.05,1.03,0.92,0.73,0.77,0.85,0.94,1.03,0.99
Khk,plex_2,,,,,,,,,,1.23,1.04,1.16,1.03,0.81,0.94,1.14,1.03,1.23
Cct5,plex_2,,,,,,,,,,1.08,1.03,1.01,0.84,0.88,0.9,1.03,0.9,1.17
Gcdh,plex_2,,,,,,,,,,0.91,0.97,1.04,0.92,0.89,1.03,1.02,0.9,1.1
Gcdh,plex_2,,,,,,,,,,0.91,0.97,1.04,0.92,0.89,1.03,1.02,0.9,1.1
Gulo,plex_2,,,,,,,,,,1.01,0.97,0.9,0.78,0.82,0.95,0.98,0.94,1.03
Psmd2,plex_2,,,,,,,,,,0.91,1.03,0.87,0.8,0.86,0.83,0.95,0.9,0.97
Ugt2b1,plex_2,,,,,,,,,,1.0,0.99,0.84,0.78,0.78,0.81,0.91,0.9,0.94
Cct3,plex_2,,,,,,,,,,0.96,1.08,0.84,0.81,0.71,0.96,0.9,0.83,1.03
Qdpr,plex_2,,,,,,,,,,1.03,1.03,1.05,0.86,0.94,0.91,1.0,1.11,1.05
Sptbn2,plex_2,,,,,,,,,,0.96,0.87,0.84,0.82,0.82,1.02,0.86,0.77,1.04
Hadh,plex_2,,,,,,,,,,0.97,0.96,1.03,0.84,0.86,0.91,1.07,0.99,1.17
Agxt2,plex_2,,,,,,,,,,1.01,0.89,1.1,1.0,0.96,0.99,1.17,1.05,1.15
Serpina3k,plex_2,,,,,,,,,,1.17,0.89,0.83,1.08,0.55,0.61,0.92,1.02,1.25
Agxt,plex_2,,,,,,,,,,0.85,1.18,1.05,0.93,0.95,0.99,0.82,0.91,0.81
Pabpc1,plex_2,,,,,,,,,,0.99,1.05,0.92,0.79,0.84,0.84,0.99,0.95,1.04
Cyp2c50,plex_2,,,,,,,,,,1.04,0.89,0.89,0.86,0.8,0.83,0.92,0.9,1.13
Ces1,plex_2,,,,,,,,,,0.93,1.09,0.77,0.86,0.98,0.97,0.96,0.93,1.25
Pipox,plex_2,,,,,,,,,,0.92,1.02,0.93,0.81,0.91,1.01,1.07,0.94,0.99
Ppa1,plex_2,,,,,,,,,,0.99,1.03,0.98,0.84,0.83,0.86,0.99,1.02,0.98
Rdh7,plex_2,,,,,,,,,,0.97,0.99,0.97,0.84,0.86,0.95,0.98,0.97,1.01
Gcat,plex_2,,,,,,,,,,0.99,1.14,0.99,0.87,0.84,0.97,1.17,1.19,1.19
Cpox,plex_2,,,,,,,,,,0.92,0.94,0.92,0.83,0.82,0.92,0.92,0.93,1.15
Sult1d1,plex_2,,,,,,,,,,0.95,0.96,0.99,0.88,0.78,0.88,0.99,0.85,1.07
Aldh5a1,plex_2,,,,,,,,,,0.86,0.89,0.96,0.88,0.84,0.94,0.95,0.9,1.12
Vdac1,plex_2,,,,,,,,,,0.87,0.87,0.97,0.85,0.74,0.85,0.91,0.97,0.99
Vdac1,plex_2,,,,,,,,,,0.87,0.87,0.97,0.85,0.74,0.85,0.91,0.97,0.99
Ap1b1,plex_2,,,,,,,,,,1.07,1.06,1.07,0.83,0.89,0.92,0.89,1.01,1.18
Ak2,plex_2,,,,,,,,,,0.99,0.91,0.87,0.77,0.85,0.87,0.93,0.9,1.06
Pa2g4,plex_2,,,,,,,,,,1.05,0.94,0.94,0.79,0.77,0.88,0.92,0.91,0.94
Pdzk1,plex_2,,,,,,,,,,0.96,0.99,0.88,0.77,0.72,0.85,0.89,0.91,0.99
Xylb,plex_2,,,,,,,,,,0.93,0.99,1.02,0.91,0.83,1.03,1.0,0.86,1.16
Xylb,plex_2,,,,,,,,,,0.93,0.99,1.02,0.91,0.83,1.03,1.0,0.86,1.16
Cpt1a,plex_2,,,,,,,,,,0.89,0.9,0.86,0.71,0.92,0.88,0.91,0.85,1.0
Shmt2,plex_2,,,,,,,,,,0.99,0.96,0.96,0.82,0.86,0.95,1.0,0.93,1.14
Plg,plex_2,,,,,,,,,,1.3,1.19,1.05,0.94,0.83,1.11,1.02,0.84,0.95
Plg,plex_2,,,,,,,,,,1.3,1.19,1.05,0.94,0.83,1.11,1.02,0.84,0.95
Decr1,plex_2,,,,,,,,,,0.99,0.86,0.96,0.99,0.78,0.89,1.05,0.83,1.07
Hnrnpk,plex_2,,,,,,,,,,0.99,0.94,0.8,0.77,0.76,0.83,0.9,0.87,1.02
Xdh,plex_2,,,,,,,,,,0.98,0.95,0.94,0.8,0.83,0.91,0.96,1.03,1.09
Xdh,plex_2,,,,,,,,,,0.98,0.95,0.94,0.8,0.83,0.91,0.96,1.03,1.09
Apeh,plex_2,,,,,,,,,,1.1,1.03,1.01,0.89,0.87,0.91,1.06,1.05,1.1
Apeh,plex_2,,,,,,,,,,1.1,1.03,1.01,0.89,0.87,0.91,1.06,1.05,1.1
Pls3,plex_2,,,,,,,,,,1.04,1.01,1.02,0.87,0.8,0.86,0.88,0.88,1.12
Pls3,plex_2,,,,,,,,,,1.04,1.01,1.02,0.87,0.8,0.86,0.88,0.88,1.12
Pls3,plex_2,,,,,,,,,,1.04,1.01,1.02,0.87,0.8,0.86,0.88,0.88,1.12
Cluh,plex_2,,,,,,,,,,0.96,0.98,0.85,0.76,0.82,0.85,0.91,0.83,0.98
Gls2,plex_2,,,,,,,,,,0.89,0.92,0.96,0.8,0.79,0.91,0.86,0.91,0.86
Tcp1,plex_2,,,,,,,,,,0.99,1.01,0.96,0.84,0.79,0.95,1.03,1.03,1.12
Cct4,plex_2,,,,,,,,,,1.17,1.11,0.84,0.97,0.78,1.01,0.84,0.87,0.94
Cct4,plex_2,,,,,,,,,,1.17,1.11,0.84,0.97,0.78,1.01,0.84,0.87,0.94
Stard10,plex_2,,,,,,,,,,0.96,1.0,1.07,0.92,0.9,0.98,1.1,0.91,0.94
Stard10,plex_2,,,,,,,,,,0.96,1.0,1.07,0.92,0.9,0.98,1.1,0.91,0.94
Stard10,plex_2,,,,,,,,,,0.96,1.0,1.07,0.92,0.9,0.98,1.1,0.91,0.94
Stard10,plex_2,,,,,,,,,,0.96,1.0,1.07,0.92,0.9,0.98,1.1,0.91,0.94
Cyp2a5,plex_2,,,,,,,,,,1.06,1.08,0.96,0.57,0.66,0.94,0.84,0.8,0.8
Cyp2a5,plex_2,,,,,,,,,,1.06,1.08,0.96,0.57,0.66,0.94,0.84,0.8,0.8
Cyp2a5,plex_2,,,,,,,,,,1.06,1.08,0.96,0.57,0.66,0.94,0.84,0.8,0.8
Ywhae,plex_2,,,,,,,,,,1.04,1.16,0.99,0.88,0.83,0.96,0.96,1.0,1.05
Sephs2,plex_2,,,,,,,,,,0.94,1.0,0.92,0.81,0.86,0.94,0.95,1.07,1.05
Dlat,plex_2,,,,,,,,,,1.02,1.16,1.0,0.87,0.68,0.96,0.93,0.93,1.1
Esd,plex_2,,,,,,,,,,0.93,1.03,1.02,0.84,0.92,0.95,1.0,1.06,1.08
Esd,plex_2,,,,,,,,,,0.93,1.03,1.02,0.84,0.92,0.95,1.0,1.06,1.08
Map4,plex_2,,,,,,,,,,1.02,1.05,0.87,0.86,0.8,1.15,0.88,0.87,0.98
Map4,plex_2,,,,,,,,,,1.02,1.05,0.87,0.86,0.8,1.15,0.88,0.87,0.98
Letm1,plex_2,,,,,,,,,,1.03,1.05,1.02,0.86,0.74,0.96,0.97,1.03,1.09
Mvp,plex_2,,,,,,,,,,1.1,1.08,0.99,0.86,0.77,0.89,0.92,0.91,0.98
Mvp,plex_2,,,,,,,,,,1.1,1.08,0.99,0.86,0.77,0.89,0.92,0.91,0.98
Cand1,plex_2,,,,,,,,,,0.91,0.98,0.9,0.76,0.77,0.9,0.95,0.9,0.95
A1cf,plex_2,,,,,,,,,,1.0,1.07,1.11,0.78,0.85,0.91,1.1,0.94,1.08
A1cf,plex_2,,,,,,,,,,1.0,1.07,1.11,0.78,0.85,0.91,1.1,0.94,1.08
Cyp2c29,plex_2,,,,,,,,,,1.01,0.9,0.89,0.79,0.77,0.94,0.86,0.84,0.94
Gys2,plex_2,,,,,,,,,,0.95,0.86,0.96,0.91,0.81,0.96,0.95,0.84,1.08
Ddah1,plex_2,,,,,,,,,,0.94,0.9,0.88,0.94,0.81,0.9,1.04,0.88,1.09
Pgrmc1,plex_2,,,,,,,,,,1.05,1.01,0.93,0.8,0.79,0.9,1.02,1.03,1.11
Pgrmc1,plex_2,,,,,,,,,,1.05,1.01,0.93,0.8,0.79,0.9,1.02,1.03,1.11
Hnrnpl,plex_2,,,,,,,,,,1.04,1.06,0.91,0.86,0.81,0.95,0.88,0.83,1.04
Hnrnpl,plex_2,,,,,,,,,,1.04,1.06,0.91,0.86,0.81,0.95,0.88,0.83,1.04
Comt,plex_2,,,,,,,,,,1.05,1.0,0.76,0.75,0.78,0.92,1.02,0.79,1.08
Comt,plex_2,,,,,,,,,,1.05,1.0,0.76,0.75,0.78,0.92,1.02,0.79,1.08
Ppp2r1a,plex_2,,,,,,,,,,1.05,1.12,0.94,0.93,0.93,1.01,0.98,0.92,1.02
Adck3,plex_2,,,,,,,,,,0.97,0.93,0.93,0.84,0.79,0.9,0.96,0.94,1.05
Glyat,plex_2,,,,,,,,,,0.99,0.92,0.99,1.0,0.73,0.86,1.0,0.91,1.02
Gsta3,plex_2,,,,,,,,,,0.93,0.91,0.93,0.84,0.83,0.86,1.04,0.99,1.14
Bckdhb,plex_2,,,,,,,,,,0.95,0.96,1.07,0.77,0.9,0.94,0.86,0.78,1.02
Suclg1,plex_2,,,,,,,,,,0.96,0.9,1.09,0.79,0.85,0.86,1.04,1.08,1.14
Eci1,plex_2,,,,,,,,,,0.89,0.87,0.94,0.89,0.75,0.88,1.01,0.91,1.08
Ncl,plex_2,,,,,,,,,,1.03,1.02,0.87,0.85,0.77,0.87,0.82,0.78,1.01
Ncl,plex_2,,,,,,,,,,1.03,1.02,0.87,0.85,0.77,0.87,0.82,0.78,1.01
Ncl,plex_2,,,,,,,,,,1.03,1.02,0.87,0.85,0.77,0.87,0.82,0.78,1.01
Ncl,plex_2,,,,,,,,,,1.03,1.02,0.87,0.85,0.77,0.87,0.82,0.78,1.01
Ugdh,plex_2,,,,,,,,,,0.97,0.85,0.97,0.92,0.75,0.93,1.07,1.04,0.98
Cbr1,plex_2,,,,,,,,,,1.12,1.13,1.16,0.97,0.75,1.0,1.11,1.04,1.09
Copg1,plex_2,,,,,,,,,,0.87,1.01,0.92,0.74,0.63,0.74,0.86,0.83,0.93
Cyp2c70,plex_2,,,,,,,,,,1.03,1.02,0.86,0.94,0.75,0.93,1.01,0.89,1.13
Cndp2,plex_2,,,,,,,,,,0.87,0.91,0.85,0.83,0.71,0.73,0.8,1.01,0.98
Hbat1,plex_2,,,,,,,,,,1.56,0.9,0.74,1.15,0.59,0.94,1.11,0.84,1.03
Nit2,plex_2,,,,,,,,,,0.95,0.99,1.11,0.89,0.87,0.94,0.94,0.95,1.18
Rdx,plex_2,,,,,,,,,,0.96,0.93,0.87,0.73,0.72,0.83,0.91,0.88,0.97
Rdx,plex_2,,,,,,,,,,0.96,0.93,0.87,0.73,0.72,0.83,0.91,0.88,0.97
Rdx,plex_2,,,,,,,,,,0.96,0.93,0.87,0.73,0.72,0.83,0.91,0.88,0.97
Gm20390,plex_2,,,,,,,,,,0.99,0.99,0.91,0.93,0.88,0.9,1.02,0.94,1.1
Ap2a2,plex_2,,,,,,,,,,0.97,0.88,0.82,0.88,0.78,0.91,0.97,0.95,1.05
Ap2a2,plex_2,,,,,,,,,,0.97,0.88,0.82,0.88,0.78,0.91,0.97,0.95,1.05
Ap2a2,plex_2,,,,,,,,,,0.97,0.88,0.82,0.88,0.78,0.91,0.97,0.95,1.05
Cryz,plex_2,,,,,,,,,,0.92,0.91,0.88,0.88,0.85,0.99,0.91,0.87,1.06
Cap1,plex_2,,,,,,,,,,0.97,1.03,0.94,0.82,0.75,0.89,0.89,0.91,0.94
Tomm70a,plex_2,,,,,,,,,,0.93,0.89,0.9,0.75,0.75,0.79,0.84,0.88,0.96
Tomm70a,plex_2,,,,,,,,,,0.93,0.89,0.9,0.75,0.75,0.79,0.84,0.88,0.96
Tomm70,plex_2,,,,,,,,,,0.93,0.89,0.9,0.75,0.75,0.79,0.84,0.88,0.96
Hsdl2,plex_2,,,,,,,,,,1.1,0.85,0.81,0.91,0.88,0.9,0.84,0.94,1.15
Cctq,plex_2,,,,,,,,,,1.03,1.06,0.86,0.8,0.83,0.96,0.97,0.89,1.04
Cct8,plex_2,,,,,,,,,,1.03,1.06,0.86,0.8,0.83,0.96,0.97,0.89,1.04
Cct8,plex_2,,,,,,,,,,1.03,1.06,0.86,0.8,0.83,0.96,0.97,0.89,1.04
Psmc2,plex_2,,,,,,,,,,1.0,0.9,0.96,0.8,0.73,0.92,0.88,0.8,0.86
Psmc2,plex_2,,,,,,,,,,1.0,0.9,0.96,0.8,0.73,0.92,0.88,0.8,0.86
Cct6a,plex_2,,,,,,,,,,1.02,1.1,0.96,0.84,0.81,0.96,0.94,1.0,1.14
Fkbp4,plex_2,,,,,,,,,,0.99,1.09,0.77,0.78,0.78,0.8,1.04,1.0,1.02
Pcbp1,plex_2,,,,,,,,,,1.07,1.0,0.88,0.87,0.78,0.92,1.07,1.01,1.1
Gm4952,plex_2,,,,,,,,,,0.83,0.89,0.79,0.75,0.85,0.81,1.3,0.82,1.43
Txnrd2,plex_2,,,,,,,,,,1.0,1.0,0.86,0.86,0.78,0.98,0.98,0.85,1.02
Txnrd2,plex_2,,,,,,,,,,1.0,1.0,0.86,0.86,0.78,0.98,0.98,0.85,1.02
Txnrd2,plex_2,,,,,,,,,,1.0,1.0,0.86,0.86,0.78,0.98,0.98,0.85,1.02
Mlycd,plex_2,,,,,,,,,,0.87,0.91,0.78,0.73,0.82,0.88,0.82,0.82,0.88
Wdr1,plex_2,,,,,,,,,,1.04,1.03,0.92,0.79,0.88,0.88,0.99,0.95,0.94
Acad8,plex_2,,,,,,,,,,0.99,0.96,0.95,0.84,0.75,0.85,0.9,0.87,0.97
Echs1,plex_2,,,,,,,,,,0.95,0.99,1.02,0.91,0.82,0.94,1.03,0.99,1.07
Mdh1,plex_2,,,,,,,,,,0.87,0.86,1.01,0.92,0.73,0.86,0.87,0.8,0.92
Ddx3x,plex_2,,,,,,,,,,1.06,0.97,0.94,0.92,0.86,0.93,1.01,0.86,1.12
Ddx3x,plex_2,,,,,,,,,,1.06,0.97,0.94,0.92,0.86,0.93,1.01,0.86,1.12
Ddx3x,plex_2,,,,,,,,,,1.06,0.97,0.94,0.92,0.86,0.93,1.01,0.86,1.12
Nqo2,plex_2,,,,,,,,,,1.14,1.05,1.09,0.92,0.9,1.11,1.01,1.04,1.08
Adh4,plex_2,,,,,,,,,,1.04,1.1,0.99,0.89,0.88,1.0,1.13,1.12,0.94
Etfb,plex_2,,,,,,,,,,0.95,0.86,0.9,0.89,0.81,0.94,0.94,0.94,1.03
Hpx,plex_2,,,,,,,,,,1.24,0.96,0.84,0.92,0.73,0.96,1.08,0.86,1.12
Ppia,plex_2,,,,,,,,,,0.94,1.02,0.95,0.78,0.84,0.88,0.96,0.92,1.11
Ppia,plex_2,,,,,,,,,,0.94,1.02,0.95,0.78,0.84,0.88,0.96,0.92,1.11
Akr1c14,plex_2,,,,,,,,,,0.99,0.9,0.97,0.86,0.75,0.88,1.06,1.05,1.02
Nipsnap1,plex_2,,,,,,,,,,0.9,1.03,1.08,0.97,0.8,0.91,1.04,1.2,1.13
Rplp0,plex_2,,,,,,,,,,0.95,1.06,0.95,0.81,0.8,0.95,0.98,0.95,0.96
Acsm5,plex_2,,,,,,,,,,1.08,0.99,1.2,0.86,0.83,0.88,1.04,1.06,1.1
Psma1,plex_2,,,,,,,,,,0.96,0.92,0.86,0.77,0.7,0.9,0.87,0.79,1.0
Eef1g,plex_2,,,,,,,,,,1.02,1.03,0.92,0.81,0.81,0.9,0.92,0.91,0.99
Coasy,plex_2,,,,,,,,,,0.91,0.78,0.97,0.68,0.8,0.81,0.96,1.02,0.98
Cyp2a12,plex_2,,,,,,,,,,0.97,0.97,0.83,0.74,0.82,0.75,0.83,0.88,0.91
Eef1d,plex_2,,,,,,,,,,1.08,1.0,0.98,0.87,0.79,0.79,0.97,0.86,1.02
Eef1d,plex_2,,,,,,,,,,1.08,1.0,0.98,0.87,0.79,0.79,0.97,0.86,1.02
Eef1d,plex_2,,,,,,,,,,1.08,1.0,0.98,0.87,0.79,0.79,0.97,0.86,1.02
Ech1,plex_2,,,,,,,,,,0.97,0.91,0.97,0.85,0.91,0.98,0.96,1.0,1.05
Pdcd6ip,plex_2,,,,,,,,,,1.03,1.13,0.98,0.8,0.88,0.92,0.97,0.99,1.09
Pdcd6ip,plex_2,,,,,,,,,,1.03,1.13,0.98,0.8,0.88,0.92,0.97,0.99,1.09
Aldoa,plex_2,,,,,,,,,,1.04,1.06,0.84,1.28,0.74,0.98,1.02,0.84,1.17
Ak3,plex_2,,,,,,,,,,0.97,0.94,0.92,0.86,0.82,1.08,0.91,0.93,1.11
Eif4b,plex_2,,,,,,,,,,0.94,0.98,0.87,0.94,0.77,1.16,0.95,0.82,1.07
Msra,plex_2,,,,,,,,,,0.97,0.89,0.95,0.82,0.84,0.79,0.96,0.95,1.07
Msra,plex_2,,,,,,,,,,0.97,0.89,0.95,0.82,0.84,0.79,0.96,0.95,1.07
Amacr,plex_2,,,,,,,,,,0.99,1.0,0.88,0.9,0.85,0.94,0.97,0.96,1.15
Amacr,plex_2,,,,,,,,,,0.99,1.0,0.88,0.9,0.85,0.94,0.97,0.96,1.15
Gamt,plex_2,,,,,,,,,,1.03,1.03,0.96,0.79,0.84,0.86,0.91,0.91,0.92
Gamt,plex_2,,,,,,,,,,1.03,1.03,0.96,0.79,0.84,0.86,0.91,0.91,0.92
Tpi1,plex_2,,,,,,,,,,0.93,0.97,0.83,0.84,0.84,1.01,0.97,0.93,1.08
Slc4a1,plex_2,,,,,,,,,,1.44,0.99,0.66,1.15,0.63,0.85,0.93,0.87,1.04
Cyp2c40,plex_2,,,,,,,,,,1.17,1.83,0.96,0.6,0.72,0.75,0.65,1.06,0.82
Cyp2c40,plex_2,,,,,,,,,,1.17,1.83,0.96,0.6,0.72,0.75,0.65,1.06,0.82
Acot3,plex_2,,,,,,,,,,1.2,1.31,0.96,0.92,0.96,1.17,1.15,1.2,1.36
Lman1,plex_2,,,,,,,,,,0.95,0.97,0.83,0.85,0.77,1.01,0.9,0.88,0.9
Eif3b,plex_2,,,,,,,,,,0.92,1.1,0.94,0.86,0.71,0.86,0.89,0.91,1.04
Gstp1,plex_2,,,,,,,,,,0.99,1.04,1.13,0.84,0.77,0.81,1.09,1.02,1.06
Ehd3,plex_2,,,,,,,,,,0.84,0.82,0.94,0.78,0.75,0.89,0.83,1.05,0.95
Dpp3,plex_2,,,,,,,,,,1.02,1.17,0.93,0.98,0.78,0.93,0.92,0.91,1.06
Dpp3,plex_2,,,,,,,,,,1.02,1.17,0.93,0.98,0.78,0.93,0.92,0.91,1.06
Eif3a,plex_2,,,,,,,,,,0.99,1.02,0.89,0.83,0.77,0.87,0.89,0.94,1.02
Pter,plex_2,,,,,,,,,,1.07,1.08,0.86,0.77,0.78,0.76,0.79,0.98,1.0
Fgg,plex_2,,,,,,,,,,1.23,0.85,0.64,1.04,0.66,0.83,1.06,0.98,1.17
Fgg,plex_2,,,,,,,,,,1.23,0.85,0.64,1.04,0.66,0.83,1.06,0.98,1.17
Slc25a5,plex_2,,,,,,,,,,0.94,0.9,0.85,0.92,0.8,1.04,0.93,0.85,0.98
Sfpq,plex_2,,,,,,,,,,0.98,1.09,0.86,0.8,0.78,0.78,0.82,0.77,1.0
Park7,plex_2,,,,,,,,,,1.0,0.98,1.0,0.97,0.86,0.98,1.09,0.91,1.1
Ugt2b5,plex_2,,,,,,,,,,1.04,1.03,0.86,0.81,0.81,0.94,0.97,0.99,1.01
Ugt2b5,plex_2,,,,,,,,,,1.04,1.03,0.86,0.81,0.81,0.94,0.97,0.99,1.01
Cyc1,plex_2,,,,,,,,,,1.03,0.94,0.89,0.82,0.9,0.92,0.95,0.96,1.08
Cyc1,plex_2,,,,,,,,,,1.03,0.94,0.89,0.82,0.9,0.92,0.95,0.96,1.08
Ndufs2,plex_2,,,,,,,,,,0.86,0.88,0.74,0.66,0.61,0.88,0.79,0.8,0.99
Baat,plex_2,,,,,,,,,,0.97,0.93,0.75,0.93,0.86,1.04,0.91,0.97,1.11
Pebp1,plex_2,,,,,,,,,,1.06,0.94,0.89,0.7,0.73,0.79,1.01,1.02,1.08
Anxa5,plex_2,,,,,,,,,,0.99,1.15,0.9,0.8,0.74,0.91,1.0,1.06,1.07
Dhdh,plex_2,,,,,,,,,,0.9,0.92,0.92,0.83,0.85,0.83,0.96,0.84,1.12
Dhdh,plex_2,,,,,,,,,,0.9,0.92,0.92,0.83,0.85,0.83,0.96,0.84,1.12
Rtcb,plex_2,,,,,,,,,,1.02,1.05,0.89,0.77,0.75,0.9,0.89,0.89,1.07
Phb,plex_2,,,,,,,,,,0.98,0.94,0.94,0.79,0.82,0.9,1.0,1.0,1.05
Rpl5,plex_2,,,,,,,,,,0.93,1.01,0.86,0.89,0.75,0.93,0.82,0.82,0.93
Naprt,plex_2,,,,,,,,,,0.97,1.0,0.91,0.88,0.89,0.93,1.0,0.95,1.14
Dhrs1,plex_2,,,,,,,,,,1.02,0.82,0.97,0.78,0.75,0.82,0.85,0.91,1.02
Acy3,plex_2,,,,,,,,,,0.84,0.98,0.79,0.73,0.7,0.95,0.84,0.81,0.86
Ugt2b34,plex_2,,,,,,,,,,0.91,0.92,0.8,0.78,0.73,0.83,0.99,0.99,1.06
Faah,plex_2,,,,,,,,,,1.09,0.93,0.91,0.77,0.91,0.9,0.97,0.91,0.95
Ndufa10,plex_2,,,,,,,,,,0.92,0.83,0.84,0.79,0.76,0.83,0.95,0.96,1.13
Echdc3,plex_2,,,,,,,,,,1.21,1.23,1.18,0.79,0.94,0.9,1.28,1.23,1.23
Rpl7,plex_2,,,,,,,,,,0.9,1.0,0.94,0.71,0.72,0.93,0.93,0.83,0.99
Hao1,plex_2,,,,,,,,,,0.88,0.97,0.81,0.85,0.74,0.83,0.82,0.88,1.08
Acadsb,plex_2,,,,,,,,,,0.97,0.99,0.95,0.87,0.83,1.01,1.02,0.99,1.06
Gstt1,plex_2,,,,,,,,,,1.03,0.95,0.89,0.86,0.86,1.04,1.02,0.93,0.96
Eif4g1,plex_2,,,,,,,,,,0.97,1.08,0.83,0.8,0.83,0.93,0.9,0.84,0.94
Stip1,plex_2,,,,,,,,,,1.04,1.03,0.92,0.78,0.87,0.86,0.91,0.99,1.05
Dpysl2,plex_2,,,,,,,,,,0.86,0.95,0.98,0.79,0.72,0.78,1.01,1.01,1.1
Kpnb1,plex_2,,,,,,,,,,0.91,1.08,0.74,0.71,0.74,0.82,0.88,0.75,0.98
Kpnb1,plex_2,,,,,,,,,,0.91,1.08,0.74,0.71,0.74,0.82,0.88,0.75,0.98
Kpnb1,plex_2,,,,,,,,,,0.91,1.08,0.74,0.71,0.74,0.82,0.88,0.75,0.98
Kpnb1,plex_2,,,,,,,,,,0.91,1.08,0.74,0.71,0.74,0.82,0.88,0.75,0.98
Prdx5,plex_2,,,,,,,,,,1.0,0.93,1.04,0.79,0.76,0.87,0.96,0.98,0.99
Ephx1,plex_2,,,,,,,,,,0.94,0.9,1.0,0.86,0.66,0.86,0.95,0.84,1.07
Vim,plex_2,,,,,,,,,,1.11,1.94,0.87,1.02,0.94,1.27,0.93,1.02,1.38
Vim,plex_2,,,,,,,,,,1.11,1.94,0.87,1.02,0.94,1.27,0.93,1.02,1.38
Actr3,plex_2,,,,,,,,,,1.23,1.06,1.1,0.83,0.92,0.91,1.03,1.05,1.27
Phb2,plex_2,,,,,,,,,,1.01,0.93,0.96,0.88,0.73,0.98,1.0,0.79,1.03
Ptgr2,plex_2,,,,,,,,,,1.02,1.01,1.03,0.81,1.1,1.11,1.05,1.05,1.55
Pecr,plex_2,,,,,,,,,,0.89,0.87,0.93,0.83,0.7,1.02,1.04,1.02,1.11
Pecr,plex_2,,,,,,,,,,0.89,0.87,0.93,0.83,0.7,1.02,1.04,1.02,1.11
Spr,plex_2,,,,,,,,,,1.04,1.11,1.06,0.93,0.93,0.94,1.02,0.96,1.1
Ahsg,plex_2,,,,,,,,,,1.11,0.94,0.78,1.07,0.69,0.87,0.95,0.84,0.95
Ahsg,plex_2,,,,,,,,,,1.11,0.94,0.78,1.07,0.69,0.87,0.95,0.84,0.95
Ahsg,plex_2,,,,,,,,,,1.11,0.94,0.78,1.07,0.69,0.87,0.95,0.84,0.95
Acad9,plex_2,,,,,,,,,,0.95,1.06,0.96,0.8,0.9,0.9,1.06,1.07,1.1
,plex_2,,,,,,,,,,1.0,1.17,0.76,0.77,0.9,0.94,1.08,1.01,0.96
Pcyt2,plex_2,,,,,,,,,,1.0,1.17,0.76,0.77,0.9,0.94,1.08,1.01,0.96
Dars,plex_2,,,,,,,,,,1.01,1.06,0.96,0.81,0.75,0.82,1.0,1.05,0.95
Prdx2,plex_2,,,,,,,,,,1.1,0.93,0.87,0.99,0.76,0.96,1.02,0.9,1.0
Rpl3,plex_2,,,,,,,,,,0.92,1.01,0.92,0.83,0.78,0.89,0.92,0.85,1.0
Gstk1,plex_2,,,,,,,,,,0.96,0.98,0.98,0.84,0.87,1.02,1.01,1.03,1.08
Atp5o,plex_2,,,,,,,,,,1.04,0.92,0.97,0.93,0.84,0.95,1.02,0.96,1.09
Pgd,plex_2,,,,,,,,,,0.97,1.21,0.72,0.7,0.79,0.79,0.82,0.86,1.0
Dpp4,plex_2,,,,,,,,,,1.05,0.92,1.03,0.87,0.75,0.98,0.91,0.98,0.92
Slc25a20,plex_2,,,,,,,,,,0.85,0.9,0.84,0.9,0.9,1.0,1.0,0.86,1.03
Slc25a20,plex_2,,,,,,,,,,0.85,0.9,0.84,0.9,0.9,1.0,1.0,0.86,1.03
Eci2,plex_2,,,,,,,,,,0.97,0.9,0.92,0.79,0.76,0.9,0.99,0.93,1.01
Eci2,plex_2,,,,,,,,,,0.97,0.9,0.92,0.79,0.76,0.9,0.99,0.93,1.01
Ndufa9,plex_2,,,,,,,,,,0.89,0.95,0.88,0.82,0.84,0.94,0.92,0.88,1.08
Ndufa9,plex_2,,,,,,,,,,0.89,0.95,0.88,0.82,0.84,0.94,0.92,0.88,1.08
Rps3a1,plex_2,,,,,,,,,,1.06,1.04,0.95,0.88,0.84,0.93,0.97,0.88,0.96
Rps3a,plex_2,,,,,,,,,,1.06,1.04,0.95,0.88,0.84,0.93,0.97,0.88,0.96
Cyp3a41a,plex_2,,,,,,,,,,0.85,1.64,0.79,0.59,0.44,0.86,0.4,1.26,0.54
Sec14l4,plex_2,,,,,,,,,,0.94,1.02,1.25,0.86,0.97,1.08,1.34,1.2,1.25
Dlst,plex_2,,,,,,,,,,0.92,0.88,0.92,0.7,0.67,0.84,0.83,0.81,1.01
Hibch,plex_2,,,,,,,,,,0.95,1.01,1.08,0.83,0.77,0.89,0.98,0.98,1.08
Hnrnpa3,plex_2,,,,,,,,,,0.93,0.94,0.88,0.72,0.75,0.8,0.87,0.75,0.97
Hnrnpa3,plex_2,,,,,,,,,,0.93,0.94,0.88,0.72,0.75,0.8,0.87,0.75,0.97
Hnrnpa3,plex_2,,,,,,,,,,0.93,0.94,0.88,0.72,0.75,0.8,0.87,0.75,0.97
Hnrnpa3,plex_2,,,,,,,,,,0.93,0.94,0.88,0.72,0.75,0.8,0.87,0.75,0.97
Atp11c,plex_2,,,,,,,,,,1.02,0.82,0.89,0.83,0.75,0.89,0.92,0.85,1.11
Hoga1,plex_2,,,,,,,,,,0.83,0.79,0.92,0.65,0.69,1.0,1.0,0.92,0.98
Gcn1l1,plex_2,,,,,,,,,,1.17,1.17,0.97,0.81,0.8,1.05,0.94,1.15,0.96
Gcn1,plex_2,,,,,,,,,,1.17,1.17,0.97,0.81,0.8,1.05,0.94,1.15,0.96
Pbld2,plex_2,,,,,,,,,,0.96,0.91,1.0,0.75,0.8,0.9,0.98,1.01,1.01
Fggy,plex_2,,,,,,,,,,0.93,1.04,0.89,0.78,0.88,0.88,0.98,0.93,1.06
Gk,plex_2,,,,,,,,,,0.92,0.89,1.05,0.79,0.85,0.84,1.06,1.01,1.05
Gk,plex_2,,,,,,,,,,0.92,0.89,1.05,0.79,0.85,0.84,1.06,1.01,1.05
Gk,plex_2,,,,,,,,,,0.92,0.89,1.05,0.79,0.85,0.84,1.06,1.01,1.05
Gk,plex_2,,,,,,,,,,0.92,0.89,1.05,0.79,0.85,0.84,1.06,1.01,1.05
Gk,plex_2,,,,,,,,,,0.92,0.89,1.05,0.79,0.85,0.84,1.06,1.01,1.05
Gk,plex_2,,,,,,,,,,0.92,0.89,1.05,0.79,0.85,0.84,1.06,1.01,1.05
Pdhb,plex_2,,,,,,,,,,0.86,0.91,0.95,0.78,0.69,0.72,0.91,1.0,1.09
Txnrd1,plex_2,,,,,,,,,,1.07,0.98,0.95,0.9,0.8,0.85,1.02,0.94,1.15
Txnrd1,plex_2,,,,,,,,,,1.07,0.98,0.95,0.9,0.8,0.85,1.02,0.94,1.15
Hsd17b2,plex_2,,,,,,,,,,0.99,1.19,0.86,0.75,0.77,0.79,1.04,1.0,1.08
Ctsd,plex_2,,,,,,,,,,1.11,1.13,1.09,0.69,0.63,0.66,0.87,0.85,0.91
Lars,plex_2,,,,,,,,,,0.93,1.16,0.93,0.82,0.78,0.78,0.95,1.01,1.04
Mpst,plex_2,,,,,,,,,,0.93,1.03,1.02,0.82,0.79,0.86,1.0,0.92,1.09
Uggt1,plex_2,,,,,,,,,,0.91,0.98,0.88,0.81,0.74,0.78,0.84,0.82,1.05
Psma7,plex_2,,,,,,,,,,1.02,1.18,1.18,0.79,0.85,0.81,1.08,0.91,1.16
Apob,plex_2,,,,,,,,,,0.97,1.06,0.87,0.82,0.89,0.85,0.89,0.9,1.12
Rplp2,plex_2,,,,,,,,,,1.11,1.08,0.95,0.81,0.83,0.82,0.98,1.09,1.18
Hnrnpf,plex_2,,,,,,,,,,1.03,1.08,0.89,0.74,0.73,0.85,0.96,0.93,1.18
Opa1,plex_2,,,,,,,,,,0.9,0.91,0.86,0.78,0.79,0.87,0.88,0.89,0.99
Rps3,plex_2,,,,,,,,,,1.0,1.09,1.01,0.83,0.85,0.93,1.0,0.9,1.01
Cct7,plex_2,,,,,,,,,,1.04,1.01,0.89,0.83,0.82,0.88,0.96,0.86,1.05
Cyp27a1,plex_2,,,,,,,,,,0.96,0.95,0.83,0.77,0.78,0.84,0.95,0.82,0.99
Ctnnd1,plex_2,,,,,,,,,,1.01,1.04,0.93,0.79,0.83,0.86,0.89,0.98,1.12
Amt,plex_2,,,,,,,,,,1.0,0.92,0.93,0.87,0.66,0.93,0.96,0.92,0.99
Acy1,plex_2,,,,,,,,,,0.96,1.02,0.86,0.74,0.94,1.03,1.0,0.93,1.03
Psmc5,plex_2,,,,,,,,,,1.04,0.95,0.86,0.76,0.83,0.87,0.92,0.89,1.04
Blvrb,plex_2,,,,,,,,,,1.1,0.95,1.06,0.9,0.66,0.9,0.99,0.93,1.16
Rars,plex_2,,,,,,,,,,1.04,0.81,0.89,0.82,0.73,0.89,0.93,0.86,1.03
D10Jhu81e,plex_2,,,,,,,,,,0.96,0.94,0.9,0.94,0.83,0.93,0.93,0.89,0.95
Aox3,plex_2,,,,,,,,,,0.86,0.8,0.83,0.91,0.71,0.91,0.93,0.83,0.94
H2-Ke6,plex_2,,,,,,,,,,1.02,0.93,0.98,0.85,0.85,0.81,0.99,0.86,1.09
Slc25a3,plex_2,,,,,,,,,,0.97,1.04,0.88,0.93,0.85,0.95,0.98,0.84,1.0
Plin2,plex_2,,,,,,,,,,1.03,0.9,0.84,0.63,0.71,0.76,0.92,1.04,1.1
Bphl,plex_2,,,,,,,,,,0.95,0.86,1.02,0.76,0.88,0.84,0.97,0.97,1.06
Atp5h,plex_2,,,,,,,,,,0.94,0.9,0.86,0.82,0.83,0.9,0.92,0.92,1.01
Lta4h,plex_2,,,,,,,,,,0.94,1.01,0.92,0.8,0.76,0.87,0.91,0.92,1.1
Uqcrfs1,plex_2,,,,,,,,,,0.97,0.99,0.92,0.95,0.88,1.24,1.42,0.9,1.21
Ca2,plex_2,,,,,,,,,,1.54,0.9,0.75,1.11,0.75,1.1,1.19,1.0,1.19
Nipsnap3b,plex_2,,,,,,,,,,0.97,0.88,0.97,0.81,0.76,1.12,0.92,0.85,0.89
H6pd,plex_2,,,,,,,,,,0.82,0.9,0.87,0.65,0.73,0.83,0.88,0.8,0.98
H6pd,plex_2,,,,,,,,,,0.82,0.9,0.87,0.65,0.73,0.83,0.88,0.8,0.98
Ldhd,plex_2,,,,,,,,,,0.88,0.82,1.1,0.81,0.86,0.88,1.02,1.08,1.15
Agmat,plex_2,,,,,,,,,,0.92,0.88,0.96,0.76,0.75,0.87,0.92,0.91,0.89
Clpx,plex_2,,,,,,,,,,0.81,0.92,0.85,0.89,0.93,1.07,1.28,1.22,1.3
Ndufv1,plex_2,,,,,,,,,,0.86,0.9,0.8,0.8,0.79,0.89,0.9,0.83,0.89
Hrsp12,plex_2,,,,,,,,,,0.96,0.99,0.96,0.8,0.75,0.86,0.97,1.04,1.06
Adhfe1,plex_2,,,,,,,,,,0.95,0.87,0.93,0.87,0.89,0.93,1.01,0.86,1.11
Adhfe1,plex_2,,,,,,,,,,0.95,0.87,0.93,0.87,0.89,0.93,1.01,0.86,1.11
Gne,plex_2,,,,,,,,,,1.17,1.09,0.82,0.87,0.87,0.94,0.98,0.92,0.94
Gne,plex_2,,,,,,,,,,1.17,1.09,0.82,0.87,0.87,0.94,0.98,0.92,0.94
Slc25a15,plex_2,,,,,,,,,,1.01,0.88,0.92,0.89,0.74,1.0,0.97,0.8,0.9
Serpina1c,plex_2,,,,,,,,,,1.18,0.94,0.83,0.83,0.63,0.77,1.09,0.82,1.24
Sdhb,plex_2,,,,,,,,,,1.03,1.03,0.9,0.95,0.82,0.94,1.0,0.9,1.11
Nit1,plex_2,,,,,,,,,,0.84,0.97,0.96,0.7,0.8,0.85,1.01,1.09,0.97
Akr7a2,plex_2,,,,,,,,,,0.98,0.96,0.84,0.97,0.92,0.94,1.04,0.92,1.11
Fech,plex_2,,,,,,,,,,0.85,0.91,0.93,0.81,0.73,0.93,0.91,0.87,1.09
Fech,plex_2,,,,,,,,,,0.85,0.91,0.93,0.81,0.73,0.93,0.91,0.87,1.09
Fech,plex_2,,,,,,,,,,0.85,0.91,0.93,0.81,0.73,0.93,0.91,0.87,1.09
Pmpca,plex_2,,,,,,,,,,1.21,1.06,1.14,1.01,0.91,0.88,1.16,1.08,1.29
Ddc,plex_2,,,,,,,,,,1.04,1.22,0.84,1.09,0.88,1.33,1.11,1.23,1.12
Cyp2j5,plex_2,,,,,,,,,,1.02,1.03,0.96,0.83,0.91,0.94,0.93,0.91,1.08
Cyp2f2,plex_2,,,,,,,,,,1.32,1.03,0.65,0.9,0.9,0.88,0.93,0.99,1.05
Pkm,plex_2,,,,,,,,,,1.07,1.03,0.91,0.94,0.7,0.95,0.89,0.95,1.05
Mybbp1a,plex_2,,,,,,,,,,1.18,1.16,1.11,0.77,0.79,0.99,1.08,0.92,1.23
Tpm3,plex_2,,,,,,,,,,1.04,1.0,1.01,1.07,0.8,0.86,0.89,0.91,1.05
Dhx9,plex_2,,,,,,,,,,0.95,0.93,0.91,0.81,0.74,0.91,0.9,0.82,1.03
Qprt,plex_2,,,,,,,,,,1.1,1.12,0.94,0.91,0.87,1.04,1.07,0.92,1.11
Kyat1,plex_2,,,,,,,,,,1.07,1.05,1.02,0.63,0.77,0.73,0.92,0.94,1.06
Rpl7a,plex_2,,,,,,,,,,0.83,0.89,0.94,0.83,0.64,1.02,0.87,0.92,0.81
Tpp2,plex_2,,,,,,,,,,0.93,0.99,0.96,0.84,0.8,0.86,0.97,0.91,1.18
Tpp2,plex_2,,,,,,,,,,0.93,0.99,0.96,0.84,0.8,0.86,0.97,0.91,1.18
Tpp2,plex_2,,,,,,,,,,0.93,0.99,0.96,0.84,0.8,0.86,0.97,0.91,1.18
Apoe,plex_2,,,,,,,,,,1.16,0.96,0.82,0.97,0.92,0.95,0.93,0.93,1.2
Psmc1,plex_2,,,,,,,,,,1.13,1.09,1.1,0.98,1.03,0.95,1.02,1.09,1.21
Ethe1,plex_2,,,,,,,,,,1.1,0.97,1.21,0.88,0.71,1.25,0.94,0.92,0.86
Capza2,plex_2,,,,,,,,,,0.95,1.17,1.1,0.89,0.8,0.93,0.92,0.96,1.22
Marc1,plex_2,,,,,,,,,,0.88,0.85,0.95,0.65,0.75,0.71,0.74,0.87,1.12
Vdac3-ps1,plex_2,,,,,,,,,,0.92,1.04,0.93,0.81,0.65,0.84,1.4,0.9,0.98
Vdac3,plex_2,,,,,,,,,,0.92,1.04,0.93,0.81,0.65,0.84,1.4,0.9,0.98
Iigp1,plex_2,,,,,,,,,,1.03,1.1,0.84,0.74,0.73,0.94,0.88,0.92,0.96
Prkcsh,plex_2,,,,,,,,,,1.1,1.02,0.95,0.78,0.77,0.83,0.89,0.95,0.99
Slc9a3r1,plex_2,,,,,,,,,,1.04,1.21,0.82,0.86,0.95,1.1,1.13,0.85,1.16
Kmo,plex_2,,,,,,,,,,0.99,0.86,0.88,0.81,0.76,0.87,0.92,0.98,1.0
Kmo,plex_2,,,,,,,,,,0.99,0.86,0.88,0.81,0.76,0.87,0.92,0.98,1.0
Rpsa,plex_2,,,,,,,,,,0.99,1.11,0.94,0.82,0.82,0.94,0.95,1.08,1.23
Anpep,plex_2,,,,,,,,,,0.88,1.29,1.06,0.87,0.75,0.97,0.96,0.99,1.27
Kynu,plex_2,,,,,,,,,,1.46,1.59,1.39,0.97,1.32,1.37,1.38,1.13,1.38
Kynu,plex_2,,,,,,,,,,1.46,1.59,1.39,0.97,1.32,1.37,1.38,1.13,1.38
Psme1,plex_2,,,,,,,,,,1.08,1.17,0.98,0.9,0.75,0.98,0.96,0.99,1.09
Pfn1,plex_2,,,,,,,,,,1.07,1.05,1.03,0.89,0.89,1.07,1.06,0.96,1.05
Ces2g,plex_2,,,,,,,,,,1.03,1.08,0.92,0.77,0.7,0.83,0.92,0.88,0.95
Rps4x,plex_2,,,,,,,,,,1.02,0.93,0.81,0.87,0.78,0.97,0.91,0.83,0.92
Inmt,plex_2,,,,,,,,,,1.19,1.0,1.29,0.88,0.84,0.88,1.04,0.93,1.16
Sqrdl,plex_2,,,,,,,,,,0.9,0.9,0.89,0.93,1.03,1.12,1.11,0.98,1.15
Txndc5,plex_2,,,,,,,,,,1.03,0.96,0.85,0.78,0.77,0.71,0.99,1.14,1.01
Sod1,plex_2,,,,,,,,,,1.03,0.89,1.01,0.9,0.85,1.0,1.15,1.04,1.14
Ddost,plex_2,,,,,,,,,,0.91,0.98,0.9,0.76,0.77,0.83,0.94,1.02,1.0
Ddost,plex_2,,,,,,,,,,0.91,0.98,0.9,0.76,0.77,0.83,0.94,1.02,1.0
Ddost,plex_2,,,,,,,,,,0.91,0.98,0.9,0.76,0.77,0.83,0.94,1.02,1.0
Tubb2a,plex_2,,,,,,,,,,0.84,1.0,0.83,0.77,0.81,0.84,0.94,0.86,0.87
Vdac2,plex_2,,,,,,,,,,0.95,1.18,1.02,0.92,0.92,1.11,1.18,1.04,1.19
Pitrm1,plex_2,,,,,,,,,,0.92,0.84,1.0,0.66,0.77,0.88,0.89,0.82,0.93
Pitrm1,plex_2,,,,,,,,,,0.92,0.84,1.0,0.66,0.77,0.88,0.89,0.82,0.93
Lap3,plex_2,,,,,,,,,,1.01,1.14,0.76,0.84,0.75,1.24,1.29,1.06,1.12
Lap3,plex_2,,,,,,,,,,1.01,1.14,0.76,0.84,0.75,1.24,1.29,1.06,1.12
Hnrnph2,plex_2,,,,,,,,,,1.28,0.96,0.96,0.85,0.72,1.16,1.17,1.19,1.12
Erp44,plex_2,,,,,,,,,,0.95,1.07,1.0,0.85,0.83,0.91,1.04,0.99,1.13
Ctsb,plex_2,,,,,,,,,,0.82,1.0,1.13,0.91,0.91,1.0,0.95,1.17,1.17
Ctsb,plex_2,,,,,,,,,,0.82,1.0,1.13,0.91,0.91,1.0,0.95,1.17,1.17
Mup6,plex_2,,,,,,,,,,1.61,0.49,0.32,0.58,0.34,0.45,0.91,0.77,0.56
Mup17,plex_2,,,,,,,,,,1.61,0.49,0.32,0.58,0.34,0.45,0.91,0.77,0.56
Mup11,plex_2,,,,,,,,,,1.61,0.49,0.32,0.58,0.34,0.45,0.91,0.77,0.56
Slc25a11,plex_2,,,,,,,,,,0.89,0.99,0.95,0.85,0.83,0.93,0.96,1.0,1.08
Hebp1,plex_2,,,,,,,,,,0.89,0.77,0.89,0.72,0.93,0.88,1.36,0.85,1.03
Gsto1,plex_2,,,,,,,,,,0.95,0.92,0.97,0.8,0.78,0.96,1.04,0.95,1.05
Glod4,plex_2,,,,,,,,,,0.96,0.88,0.88,0.78,0.68,0.8,0.86,0.86,1.01
Galm,plex_2,,,,,,,,,,1.03,1.0,0.91,0.94,0.95,1.04,0.98,1.01,1.09
Erap1,plex_2,,,,,,,,,,1.01,1.06,0.79,0.86,0.82,0.94,0.89,0.9,1.06
Epb41,plex_2,,,,,,,,,,1.07,0.92,0.67,0.87,0.65,0.88,0.95,0.85,1.06
Lcp1,plex_2,,,,,,,,,,0.99,0.97,0.95,0.7,0.74,0.79,0.95,0.96,0.92
Lcp1,plex_2,,,,,,,,,,0.99,0.97,0.95,0.7,0.74,0.79,0.95,0.96,0.92
Lcp1,plex_2,,,,,,,,,,0.99,0.97,0.95,0.7,0.74,0.79,0.95,0.96,0.92
Rpl6,plex_2,,,,,,,,,,0.99,0.99,0.94,0.81,0.76,0.87,0.94,0.85,1.07
Acsm3,plex_2,,,,,,,,,,0.7,0.68,0.81,0.75,0.63,0.78,0.86,0.79,1.13
Hdhd3,plex_2,,,,,,,,,,0.85,1.02,1.12,0.9,0.71,0.92,1.04,0.96,1.04
Nampt,plex_2,,,,,,,,,,0.87,1.05,0.91,0.76,0.74,0.7,0.91,1.03,1.1
Cald1,plex_2,,,,,,,,,,0.97,1.11,0.84,0.85,0.84,1.01,0.93,0.84,1.0
Abhd14b,plex_2,,,,,,,,,,1.03,0.94,1.01,1.0,0.83,1.08,1.05,0.95,1.2
Atp5c1,plex_2,,,,,,,,,,0.96,0.94,1.0,0.85,0.8,0.89,1.01,1.03,1.11
Psmc6,plex_2,,,,,,,,,,1.04,0.91,0.88,0.76,0.82,0.85,1.02,0.87,1.15
Paics,plex_2,,,,,,,,,,1.02,1.05,0.98,1.09,0.93,1.19,1.03,0.91,1.08
Samhd1,plex_2,,,,,,,,,,1.09,1.32,1.09,0.85,0.83,0.86,0.92,1.05,1.35
Samhd1,plex_2,,,,,,,,,,1.09,1.32,1.09,0.85,0.83,0.86,0.92,1.05,1.35
Samhd1,plex_2,,,,,,,,,,1.09,1.32,1.09,0.85,0.83,0.86,0.92,1.05,1.35
Dhrs4,plex_2,,,,,,,,,,0.92,0.87,0.96,0.87,0.82,0.88,1.05,0.95,1.08
Dhrs4,plex_2,,,,,,,,,,0.92,0.87,0.96,0.87,0.82,0.88,1.05,0.95,1.08
Eif5a,plex_2,,,,,,,,,,0.98,1.03,0.86,0.81,0.77,0.94,0.9,0.83,1.04
Iars,plex_2,,,,,,,,,,1.07,1.06,0.94,0.82,0.78,0.84,0.88,0.87,0.95
Mpc1,plex_2,,,,,,,,,,1.03,1.02,0.83,1.02,0.89,1.06,1.1,0.74,1.07
Mpc1,plex_2,,,,,,,,,,1.03,1.02,0.83,1.02,0.89,1.06,1.1,0.74,1.07
Anxa2,plex_2,,,,,,,,,,1.03,1.31,1.16,0.99,0.85,0.93,1.07,0.93,1.02
Lpp,plex_2,,,,,,,,,,0.87,0.95,0.85,0.8,0.75,0.9,0.83,0.94,0.97
Mecr,plex_2,,,,,,,,,,0.94,0.92,1.0,0.84,0.69,0.73,0.94,0.94,1.01
Lgals9,plex_2,,,,,,,,,,1.1,1.3,0.87,0.8,1.01,0.84,0.85,0.92,0.9
Lgals9,plex_2,,,,,,,,,,1.1,1.3,0.87,0.8,1.01,0.84,0.85,0.92,0.9
Lgals9,plex_2,,,,,,,,,,1.1,1.3,0.87,0.8,1.01,0.84,0.85,0.92,0.9
,plex_2,,,,,,,,,,0.99,1.02,1.06,0.83,0.83,0.91,0.96,1.02,1.1
Acss2,plex_2,,,,,,,,,,1.17,1.38,0.87,0.8,0.91,1.07,1.0,1.04,1.04
Ttc38,plex_2,,,,,,,,,,1.04,1.01,0.92,0.92,0.91,0.91,1.14,0.98,1.12
Mettl7b,plex_2,,,,,,,,,,0.93,0.93,0.83,0.77,0.84,0.93,1.0,0.97,1.07
Dnpep,plex_2,,,,,,,,,,0.98,1.04,0.96,0.85,0.71,0.84,0.99,0.97,1.06
Dnpep,plex_2,,,,,,,,,,0.98,1.04,0.96,0.85,0.71,0.84,0.99,0.97,1.06
,plex_2,,,,,,,,,,0.98,1.04,0.96,0.85,0.71,0.84,0.99,0.97,1.06
Dnpep,plex_2,,,,,,,,,,0.98,1.04,0.96,0.85,0.71,0.84,0.99,0.97,1.06
Sept2,plex_2,,,,,,,,,,0.97,1.02,0.86,0.71,0.75,0.83,0.94,0.86,1.05
Cnn3,plex_2,,,,,,,,,,0.84,0.79,0.66,0.68,0.69,0.86,0.84,0.69,1.07
Pdxk,plex_2,,,,,,,,,,1.03,0.87,0.84,0.82,0.8,0.89,0.91,0.98,1.14
Lactb2,plex_2,,,,,,,,,,1.02,1.02,0.87,0.85,0.82,0.92,0.87,0.83,0.98
Psmd4,plex_2,,,,,,,,,,0.96,0.92,0.87,0.85,0.9,0.86,0.96,0.82,1.02
Uso1,plex_2,,,,,,,,,,0.93,0.97,0.95,0.75,0.83,0.77,0.88,0.94,1.06
Tpmt,plex_2,,,,,,,,,,1.1,1.05,1.18,1.01,0.9,1.11,1.45,1.2,1.57
Tpmt,plex_2,,,,,,,,,,1.1,1.05,1.18,1.01,0.9,1.11,1.45,1.2,1.57
Psap,plex_2,,,,,,,,,,1.07,0.91,0.96,0.81,0.66,0.82,0.85,0.92,0.87
Psap,plex_2,,,,,,,,,,1.07,0.91,0.96,0.81,0.66,0.82,0.85,0.92,0.87
Psap,plex_2,,,,,,,,,,1.07,0.91,0.96,0.81,0.66,0.82,0.85,0.92,0.87
Psap,plex_2,,,,,,,,,,1.07,0.91,0.96,0.81,0.66,0.82,0.85,0.92,0.87
Psap,plex_2,,,,,,,,,,1.07,0.91,0.96,0.81,0.66,0.82,0.85,0.92,0.87
Psap,plex_2,,,,,,,,,,1.07,0.91,0.96,0.81,0.66,0.82,0.85,0.92,0.87
Psap,plex_2,,,,,,,,,,1.07,0.91,0.96,0.81,0.66,0.82,0.85,0.92,0.87
Psap,plex_2,,,,,,,,,,1.07,0.91,0.96,0.81,0.66,0.82,0.85,0.92,0.87
Psap,plex_2,,,,,,,,,,1.07,0.91,0.96,0.81,0.66,0.82,0.85,0.92,0.87
Psap,plex_2,,,,,,,,,,1.07,0.91,0.96,0.81,0.66,0.82,0.85,0.92,0.87
Psap,plex_2,,,,,,,,,,1.07,0.91,0.96,0.81,0.66,0.82,0.85,0.92,0.87
Psap,plex_2,,,,,,,,,,1.07,0.91,0.96,0.81,0.66,0.82,0.85,0.92,0.87
Psap,plex_2,,,,,,,,,,1.07,0.91,0.96,0.81,0.66,0.82,0.85,0.92,0.87
Rpl8,plex_2,,,,,,,,,,0.88,1.0,0.87,0.83,0.71,1.06,0.87,0.78,0.81
Nadk2,plex_2,,,,,,,,,,0.95,0.92,1.08,1.03,0.77,0.98,1.19,1.06,1.13
Gclm,plex_2,,,,,,,,,,0.93,0.97,0.82,0.83,0.78,0.73,0.88,0.91,1.02
Gclm,plex_2,,,,,,,,,,0.93,0.97,0.82,0.83,0.78,0.73,0.88,0.91,1.02
Ctnnb1,plex_2,,,,,,,,,,1.01,1.08,0.97,0.84,0.83,1.07,0.87,0.89,1.03
Acot4,plex_2,,,,,,,,,,1.3,1.49,1.2,0.91,1.2,1.13,0.95,1.85,2.29
Dnm1l,plex_2,,,,,,,,,,1.21,1.32,0.86,0.69,0.74,0.87,1.15,0.97,1.11
Sfxn1,plex_2,,,,,,,,,,1.06,1.09,0.91,0.85,0.84,1.06,0.96,1.02,1.02
Cox6b1,plex_2,,,,,,,,,,0.94,0.9,1.0,0.91,0.67,0.73,0.89,0.92,0.95
Hagh,plex_2,,,,,,,,,,0.98,0.98,0.9,0.76,0.89,0.8,0.97,0.96,0.9
Hagh,plex_2,,,,,,,,,,0.98,0.98,0.9,0.76,0.89,0.8,0.97,0.96,0.9
Hagh,plex_2,,,,,,,,,,0.98,0.98,0.9,0.76,0.89,0.8,0.97,0.96,0.9
Hagh,plex_2,,,,,,,,,,0.98,0.98,0.9,0.76,0.89,0.8,0.97,0.96,0.9
Rps17,plex_2,,,,,,,,,,1.01,1.06,0.98,0.83,0.8,0.86,0.95,1.01,1.05
Rps17,plex_2,,,,,,,,,,1.01,1.06,0.98,0.83,0.8,0.86,0.95,1.01,1.05
Cobll1,plex_2,,,,,,,,,,1.14,0.97,1.17,0.95,0.85,1.08,1.25,0.96,1.05
Cobll1,plex_2,,,,,,,,,,1.14,0.97,1.17,0.95,0.85,1.08,1.25,0.96,1.05
Hsph1,plex_2,,,,,,,,,,0.89,1.17,0.91,0.96,0.78,0.85,1.11,1.14,1.08
Hsph1,plex_2,,,,,,,,,,0.89,1.17,0.91,0.96,0.78,0.85,1.11,1.14,1.08
Hsph1,plex_2,,,,,,,,,,0.89,1.17,0.91,0.96,0.78,0.85,1.11,1.14,1.08
Cyp2d22,plex_2,,,,,,,,,,0.86,0.83,0.91,0.77,0.75,0.87,0.99,0.86,0.97
Mia3,plex_2,,,,,,,,,,1.44,1.15,0.93,0.78,0.82,1.06,1.09,0.94,1.22
Gm20441,plex_2,,,,,,,,,,1.14,1.06,0.94,0.87,0.83,0.92,1.13,1.02,1.14
Taldo1,plex_2,,,,,,,,,,1.03,1.04,0.94,0.85,0.72,0.94,0.97,0.88,0.99
Taldo1,plex_2,,,,,,,,,,1.03,1.04,0.94,0.85,0.72,0.94,0.97,0.88,0.99
Blmh,plex_2,,,,,,,,,,0.88,0.96,0.89,0.82,0.66,0.86,0.8,0.91,1.05
Nars,plex_2,,,,,,,,,,1.03,1.15,0.94,0.86,0.8,0.87,0.91,0.9,1.12
Hint1,plex_2,,,,,,,,,,0.98,1.11,0.99,0.91,0.83,0.86,1.11,0.91,1.16
Psmd11,plex_2,,,,,,,,,,1.02,1.29,0.77,0.93,0.87,0.92,1.02,1.21,1.16
Psmd11,plex_2,,,,,,,,,,1.02,1.29,0.77,0.93,0.87,0.92,1.02,1.21,1.16
Kng1,plex_2,,,,,,,,,,1.25,1.02,0.68,0.93,0.77,0.93,0.95,0.73,0.95
Kng1,plex_2,,,,,,,,,,1.25,1.02,0.68,0.93,0.77,0.93,0.95,0.73,0.95
Iars2,plex_2,,,,,,,,,,1.0,0.92,0.83,0.83,0.8,1.03,0.99,0.91,1.04
Nucb1,plex_2,,,,,,,,,,1.18,1.0,1.19,0.74,0.86,0.81,0.87,0.92,1.03
Hsd17b13,plex_2,,,,,,,,,,0.94,1.03,0.79,0.89,0.91,0.94,1.02,1.03,1.2
Gda,plex_2,,,,,,,,,,0.98,0.88,0.79,0.77,0.69,0.9,0.9,0.87,0.92
Fdxr,plex_2,,,,,,,,,,0.94,0.96,1.1,0.77,0.83,0.96,0.9,1.0,1.02
Fdxr,plex_2,,,,,,,,,,0.94,0.96,1.1,0.77,0.83,0.96,0.9,1.0,1.02
Ywhag,plex_2,,,,,,,,,,1.04,1.01,0.95,0.93,0.82,0.95,0.86,0.99,1.17
Serbp1,plex_2,,,,,,,,,,1.01,0.98,0.92,0.81,0.73,1.09,0.87,0.79,0.98
Prdx3,plex_2,,,,,,,,,,0.92,0.89,0.89,0.8,0.72,0.85,0.9,0.9,0.93
Arf1,plex_2,,,,,,,,,,1.02,1.05,0.91,0.84,0.89,0.94,1.18,1.08,1.11
C1qbp,plex_2,,,,,,,,,,0.88,1.0,1.04,0.72,0.84,0.74,0.94,0.84,1.15
Dcxr,plex_2,,,,,,,,,,0.94,0.88,1.02,0.89,0.93,0.99,1.02,0.93,1.18
Ugt1a6b,plex_2,,,,,,,,,,0.79,0.85,0.76,0.74,0.64,0.91,0.91,0.89,1.07
Psma5,plex_2,,,,,,,,,,1.08,1.09,1.0,0.77,0.92,0.87,0.95,1.02,1.13
Psma5,plex_2,,,,,,,,,,1.08,1.09,1.0,0.77,0.92,0.87,0.95,1.02,1.13
Psma5,plex_2,,,,,,,,,,1.08,1.09,1.0,0.77,0.92,0.87,0.95,1.02,1.13
Myo1c,plex_2,,,,,,,,,,0.86,0.81,0.82,0.9,0.8,0.85,0.8,0.9,0.98
Myo1c,plex_2,,,,,,,,,,0.86,0.81,0.82,0.9,0.8,0.85,0.8,0.9,0.98
Myo1c,plex_2,,,,,,,,,,0.86,0.81,0.82,0.9,0.8,0.85,0.8,0.9,0.98
Sept7,plex_2,,,,,,,,,,0.98,0.99,0.8,0.78,0.77,0.82,1.02,1.03,1.07
Sept7,plex_2,,,,,,,,,,0.98,0.99,0.8,0.78,0.77,0.82,1.02,1.03,1.07
Sept7,plex_2,,,,,,,,,,0.98,0.99,0.8,0.78,0.77,0.82,1.02,1.03,1.07
Rps2,plex_2,,,,,,,,,,0.99,0.94,0.87,0.77,0.71,1.12,0.86,0.79,0.89
Rps2,plex_2,,,,,,,,,,0.99,0.94,0.87,0.77,0.71,1.12,0.86,0.79,0.89
Ddx5,plex_2,,,,,,,,,,1.03,1.06,0.98,0.8,0.82,0.77,0.94,1.0,0.95
Phyh,plex_2,,,,,,,,,,0.8,0.8,0.9,0.84,0.84,1.0,0.98,0.74,0.93
Ugt2b36,plex_2,,,,,,,,,,0.92,0.93,0.9,0.84,0.86,0.92,1.0,0.99,1.11
Ugt2b36,plex_2,,,,,,,,,,0.92,0.93,0.9,0.84,0.86,0.92,1.0,0.99,1.11
Hsd3b3,plex_2,,,,,,,,,,1.04,1.01,0.85,0.92,0.77,1.04,0.86,0.82,0.95
Psmc3,plex_2,,,,,,,,,,1.05,0.98,0.87,0.77,0.97,0.95,1.0,1.07,1.05
Ddb1,plex_2,,,,,,,,,,0.89,0.98,0.8,0.72,0.77,0.84,0.89,0.85,0.93
Rpl17,plex_2,,,,,,,,,,0.88,0.91,1.07,0.85,0.76,0.88,0.94,0.92,0.96
Rpl17,plex_2,,,,,,,,,,0.88,0.91,1.07,0.85,0.76,0.88,0.94,0.92,0.96
Rpl17,plex_2,,,,,,,,,,0.88,0.91,1.07,0.85,0.76,0.88,0.94,0.92,0.96
Rpl17,plex_2,,,,,,,,,,0.88,0.91,1.07,0.85,0.76,0.88,0.94,0.92,0.96
Gstm2,plex_2,,,,,,,,,,0.91,0.98,0.88,0.87,0.79,1.02,0.92,1.14,1.04
Actr2,plex_2,,,,,,,,,,1.17,1.13,1.03,0.93,0.84,0.93,0.93,0.89,1.15
Fgb,plex_2,,,,,,,,,,1.17,0.88,0.71,0.81,0.76,1.04,1.06,0.94,1.23
Arcn1,plex_2,,,,,,,,,,1.01,1.04,1.04,0.89,0.8,0.85,1.11,0.98,1.05
Shpk,plex_2,,,,,,,,,,1.49,1.25,1.3,0.93,1.07,1.14,1.19,1.34,1.49
Ywhaz,plex_2,,,,,,,,,,0.95,1.0,0.78,0.91,0.83,1.1,0.92,0.78,0.99
Apoa1,plex_2,,,,,,,,,,1.02,0.88,0.73,1.15,0.66,0.79,1.03,0.7,1.16
Ybx1,plex_2,,,,,,,,,,1.07,1.1,0.97,0.74,0.76,0.89,0.96,0.87,1.18
Ybx1,plex_2,,,,,,,,,,1.07,1.1,0.97,0.74,0.76,0.89,0.96,0.87,1.18
Ybx1,plex_2,,,,,,,,,,1.07,1.1,0.97,0.74,0.76,0.89,0.96,0.87,1.18
Lactb,plex_2,,,,,,,,,,1.11,0.98,1.11,0.96,0.93,1.11,1.4,1.26,1.44
Ola1,plex_2,,,,,,,,,,0.97,0.94,0.85,0.76,0.82,0.76,0.91,0.82,1.02
Aadat,plex_2,,,,,,,,,,0.87,0.87,0.96,0.86,0.79,0.94,0.95,0.84,1.09
Hnrnpul2,plex_2,,,,,,,,,,0.98,0.98,0.93,0.81,0.9,0.88,0.89,0.95,1.09
Atp5f1,plex_2,,,,,,,,,,0.96,0.88,0.91,0.85,0.75,0.97,0.92,0.93,1.03
Bpnt1,plex_2,,,,,,,,,,0.84,1.15,0.89,0.71,0.73,0.74,0.88,0.87,1.13
Kif13b,plex_2,,,,,,,,,,1.17,1.12,1.05,0.88,0.86,0.85,1.01,0.92,1.25
Fermt2,plex_2,,,,,,,,,,1.06,1.12,0.91,0.78,0.86,0.97,0.99,1.03,1.16
Cox4i1,plex_2,,,,,,,,,,1.24,0.95,1.0,0.87,0.92,1.01,1.01,1.04,1.07
Scrn2,plex_2,,,,,,,,,,1.21,1.05,1.11,0.8,0.81,0.81,1.25,1.02,1.11
H2afy,plex_2,,,,,,,,,,1.07,0.92,1.01,0.68,0.71,0.88,1.0,0.86,0.99
H2afy,plex_2,,,,,,,,,,1.07,0.92,1.01,0.68,0.71,0.88,1.0,0.86,0.99
Gart,plex_2,,,,,,,,,,0.94,1.02,1.13,0.92,0.8,0.93,0.92,0.93,1.01
Vps35,plex_2,,,,,,,,,,0.91,0.97,1.03,0.94,0.82,1.02,0.9,0.97,1.06
Cyp2b9,plex_2,,,,,,,,,,0.96,0.9,0.89,0.74,0.82,0.9,0.89,0.92,1.05
Syncrip,plex_2,,,,,,,,,,1.0,1.12,0.95,0.75,0.82,0.81,0.9,0.91,1.08
Syncrip,plex_2,,,,,,,,,,1.0,1.12,0.95,0.75,0.82,0.81,0.9,0.91,1.08
Pdha1,plex_2,,,,,,,,,,1.03,0.98,0.83,0.89,0.7,1.05,0.92,0.96,1.1
Mogs,plex_2,,,,,,,,,,0.95,0.95,0.86,0.79,0.74,0.81,0.92,0.89,1.04
Mogs,plex_2,,,,,,,,,,0.95,0.95,0.86,0.79,0.74,0.81,0.92,0.89,1.04
Mogs,plex_2,,,,,,,,,,0.95,0.95,0.86,0.79,0.74,0.81,0.92,0.89,1.04
Tjp1,plex_2,,,,,,,,,,0.96,0.93,0.93,0.81,0.76,0.8,1.01,0.89,1.05
Ptbp1,plex_2,,,,,,,,,,1.03,0.99,0.8,0.87,0.82,0.87,0.88,0.88,1.12
Ptbp1,plex_2,,,,,,,,,,1.03,0.99,0.8,0.87,0.82,0.87,0.88,0.88,1.12
Dnajc3,plex_2,,,,,,,,,,0.99,0.99,0.94,0.91,0.73,0.85,0.79,1.04,1.02
Mavs,plex_2,,,,,,,,,,0.98,0.9,0.9,0.59,0.72,0.77,1.03,0.94,1.02
Bbox1,plex_2,,,,,,,,,,1.14,1.06,1.13,0.98,0.93,1.02,1.23,1.24,1.25
Ppib,plex_2,,,,,,,,,,1.0,1.12,1.08,0.9,0.91,0.95,0.97,1.02,1.12
Gphn,plex_2,,,,,,,,,,1.28,1.11,1.06,0.87,0.89,1.24,1.16,0.85,1.24
Glyctk,plex_2,,,,,,,,,,0.89,0.85,0.96,0.79,0.77,0.75,0.88,0.88,1.02
Apool,plex_2,,,,,,,,,,0.94,0.86,0.93,0.76,0.62,0.83,1.0,0.98,0.99
Gsr,plex_2,,,,,,,,,,0.91,0.9,0.99,0.79,0.7,0.89,0.91,0.91,1.01
Gsr,plex_2,,,,,,,,,,0.91,0.9,0.99,0.79,0.7,0.89,0.91,0.91,1.01
Gsr,plex_2,,,,,,,,,,0.91,0.9,0.99,0.79,0.7,0.89,0.91,0.91,1.01
Gsr,plex_2,,,,,,,,,,0.91,0.9,0.99,0.79,0.7,0.89,0.91,0.91,1.01
Gsr,plex_2,,,,,,,,,,0.91,0.9,0.99,0.79,0.7,0.89,0.91,0.91,1.01
Gsr,plex_2,,,,,,,,,,0.91,0.9,0.99,0.79,0.7,0.89,0.91,0.91,1.01
Cenpv,plex_2,,,,,,,,,,0.85,0.86,0.97,0.85,0.76,0.9,1.01,0.85,1.17
Eif4a2,plex_2,,,,,,,,,,1.11,1.16,0.99,0.79,0.75,0.87,1.0,0.95,1.09
Eif4a2,plex_2,,,,,,,,,,1.11,1.16,0.99,0.79,0.75,0.87,1.0,0.95,1.09
Rpl10a,plex_2,,,,,,,,,,0.93,1.02,0.9,0.83,0.76,0.84,0.91,0.9,0.97
Hrg,plex_2,,,,,,,,,,0.97,1.03,0.75,0.7,0.81,0.86,1.05,0.73,0.94
Sec24a,plex_2,,,,,,,,,,1.11,0.98,0.95,0.97,0.68,0.78,0.98,0.86,1.32
Lmnb1,plex_2,,,,,,,,,,1.05,1.12,0.98,0.84,0.82,1.02,1.01,1.13,1.02
Sod2,plex_2,,,,,,,,,,0.89,0.78,0.88,0.79,0.77,0.8,0.92,0.84,0.97
Myl6,plex_2,,,,,,,,,,0.94,1.1,0.89,0.8,0.78,0.9,0.86,0.93,1.04
Pon1,plex_2,,,,,,,,,,0.96,0.91,0.81,0.83,0.86,0.93,0.87,0.89,0.94
Rpl10,plex_2,,,,,,,,,,0.91,1.02,0.93,0.74,0.79,0.79,0.86,0.95,0.99
Ap2b1,plex_2,,,,,,,,,,0.84,1.05,0.9,0.76,0.73,0.84,0.95,0.9,1.13
Ap2b1,plex_2,,,,,,,,,,0.84,1.05,0.9,0.76,0.73,0.84,0.95,0.9,1.13
Aldh16a1,plex_2,,,,,,,,,,0.96,1.11,0.97,0.82,0.98,0.98,0.99,0.86,1.0
Dnaja1,plex_2,,,,,,,,,,1.17,1.19,0.97,0.77,0.83,1.06,1.16,1.08,1.02
Lypla1,plex_2,,,,,,,,,,0.93,0.91,0.97,0.7,0.92,0.8,0.97,0.98,0.82
Prps1l3,plex_2,,,,,,,,,,1.11,1.09,1.05,0.86,0.89,0.94,1.06,0.99,1.05
Prps1,plex_2,,,,,,,,,,1.11,1.09,1.05,0.86,0.89,0.94,1.06,0.99,1.05
Prps1,plex_2,,,,,,,,,,1.11,1.09,1.05,0.86,0.89,0.94,1.06,0.99,1.05
Ighm,plex_2,,,,,,,,,,1.06,0.73,0.6,0.96,0.6,0.89,1.01,0.81,0.99
Anxa4,plex_2,,,,,,,,,,0.96,1.0,0.91,0.9,0.84,0.94,1.03,1.0,1.2
Prdx4,plex_2,,,,,,,,,,0.96,1.12,0.99,0.83,0.82,0.92,0.94,0.94,1.02
Ttpa,plex_2,,,,,,,,,,0.99,0.88,0.94,0.74,0.8,0.86,0.92,0.92,1.01
Ttpa,plex_2,,,,,,,,,,0.99,0.88,0.94,0.74,0.8,0.86,0.92,0.92,1.01
Psmb4,plex_2,,,,,,,,,,1.04,1.01,0.95,0.79,0.66,0.87,0.88,0.93,0.95
Psmd7,plex_2,,,,,,,,,,1.16,1.1,0.87,0.81,0.85,0.88,1.12,0.94,1.2
Ndufa7,plex_2,,,,,,,,,,0.88,0.89,0.75,0.86,0.82,1.06,0.84,0.72,1.02
Mrc1,plex_2,,,,,,,,,,0.98,0.78,1.17,0.96,0.95,1.07,1.1,1.03,0.92
Sf3b1,plex_2,,,,,,,,,,0.94,1.03,1.0,0.83,0.74,0.81,0.93,1.03,1.06
Cbr4,plex_2,,,,,,,,,,0.96,0.86,0.86,0.83,0.8,0.94,0.97,0.88,1.04
Mettl7a1,plex_2,,,,,,,,,,1.02,0.99,0.78,0.78,0.83,0.8,0.99,0.92,0.87
Ces1e,plex_2,,,,,,,,,,0.94,0.99,0.69,0.83,0.89,0.69,0.94,0.91,1.15
Cdv3,plex_2,,,,,,,,,,0.82,0.9,1.06,0.88,0.72,0.72,0.9,0.86,0.82
Cdv3,plex_2,,,,,,,,,,0.82,0.9,1.06,0.88,0.72,0.72,0.9,0.86,0.82
Cdv3,plex_2,,,,,,,,,,0.82,0.9,1.06,0.88,0.72,0.72,0.9,0.86,0.82
Cyp2c39,plex_2,,,,,,,,,,1.08,0.99,0.69,0.63,0.82,1.03,1.0,1.02,0.92
,plex_2,,,,,,,,,,0.94,0.95,0.87,0.82,0.84,0.78,0.93,0.87,1.1
Hbb-b2,plex_2,,,,,,,,,,1.71,0.89,0.81,1.29,0.66,1.0,1.18,1.02,1.11
Hbb-b2,plex_2,,,,,,,,,,1.71,0.89,0.81,1.29,0.66,1.0,1.18,1.02,1.11
Rab1a,plex_2,,,,,,,,,,0.97,0.95,0.78,0.87,0.77,1.1,0.92,0.69,0.86
,plex_2,,,,,,,,,,0.98,0.91,0.99,0.81,0.82,0.88,1.08,0.93,1.19
Lmnb2,plex_2,,,,,,,,,,1.26,1.03,0.87,1.11,0.78,0.93,0.98,1.04,1.24
Lmnb2,plex_2,,,,,,,,,,1.26,1.03,0.87,1.11,0.78,0.93,0.98,1.04,1.24
Calm1,plex_2,,,,,,,,,,1.0,1.01,0.9,0.78,0.77,0.84,0.92,0.94,1.0
Tuba4a,plex_2,,,,,,,,,,0.95,0.87,1.12,0.89,0.89,0.97,1.16,1.02,1.12
Tuba4a,plex_2,,,,,,,,,,0.95,0.87,1.12,0.89,0.89,0.97,1.16,1.02,1.12
Cp,plex_2,,,,,,,,,,1.07,0.95,0.81,0.87,0.65,0.84,0.96,0.87,1.07
Myo1b,plex_2,,,,,,,,,,0.87,0.95,0.86,0.74,0.73,0.71,0.88,0.92,0.92
G3bp1,plex_2,,,,,,,,,,1.0,0.94,0.91,0.73,0.72,0.82,0.89,1.0,0.99
Glo1,plex_2,,,,,,,,,,1.17,0.98,1.05,0.93,0.93,0.86,1.17,1.1,1.25
Mtch2,plex_2,,,,,,,,,,1.01,0.9,0.82,0.61,0.64,0.86,0.79,0.77,0.93
Mtch2,plex_2,,,,,,,,,,1.01,0.9,0.82,0.61,0.64,0.86,0.79,0.77,0.93
Txnl1,plex_2,,,,,,,,,,1.0,1.24,0.94,0.96,0.91,0.92,1.07,0.89,1.1
Txnl1,plex_2,,,,,,,,,,1.0,1.24,0.94,0.96,0.91,0.92,1.07,0.89,1.1
Txnl1,plex_2,,,,,,,,,,1.0,1.24,0.94,0.96,0.91,0.92,1.07,0.89,1.1
Cdh2,plex_2,,,,,,,,,,1.09,1.19,0.95,0.93,0.82,1.03,0.98,0.84,1.2
Cdh2,plex_2,,,,,,,,,,1.09,1.19,0.95,0.93,0.82,1.03,0.98,0.84,1.2
Cdh2,plex_2,,,,,,,,,,1.09,1.19,0.95,0.93,0.82,1.03,0.98,0.84,1.2
Tagln2,plex_2,,,,,,,,,,0.96,1.29,0.67,0.75,0.87,0.85,0.81,0.89,0.97
Prep,plex_2,,,,,,,,,,1.21,1.08,0.93,0.93,0.92,1.05,1.2,1.13,1.43
Prep,plex_2,,,,,,,,,,1.21,1.08,0.93,0.93,0.92,1.05,1.2,1.13,1.43
Prep,plex_2,,,,,,,,,,1.21,1.08,0.93,0.93,0.92,1.05,1.2,1.13,1.43
Atl3,plex_2,,,,,,,,,,0.98,1.0,0.79,0.76,0.82,1.04,0.98,0.94,0.98
Atl3,plex_2,,,,,,,,,,0.98,1.0,0.79,0.76,0.82,1.04,0.98,0.94,0.98
Rpl9,plex_2,,,,,,,,,,0.98,1.07,1.04,0.89,0.69,1.03,0.91,0.91,1.0
Acnat2,plex_2,,,,,,,,,,0.89,1.05,0.98,1.0,0.88,0.98,0.9,1.09,1.13
Prkar2a,plex_2,,,,,,,,,,1.08,0.8,0.89,0.66,0.79,0.94,0.83,0.92,1.06
Prkar2a,plex_2,,,,,,,,,,1.08,0.8,0.89,0.66,0.79,0.94,0.83,0.92,1.06
Scfd1,plex_2,,,,,,,,,,0.88,1.05,0.88,0.72,0.63,0.66,0.89,0.9,0.95
Tardbp,plex_2,,,,,,,,,,0.86,0.99,1.01,0.85,0.74,0.73,1.1,0.9,0.96
Tardbp,plex_2,,,,,,,,,,0.86,0.99,1.01,0.85,0.74,0.73,1.1,0.9,0.96
Gstm6,plex_2,,,,,,,,,,0.94,0.85,0.81,0.99,0.85,0.96,1.07,0.9,1.02
Lonp2,plex_2,,,,,,,,,,0.98,0.91,0.9,0.73,0.66,0.83,0.99,1.03,1.01
Dera,plex_2,,,,,,,,,,0.89,0.99,0.84,0.83,0.74,1.17,0.94,0.78,1.12
Vars,plex_2,,,,,,,,,,1.04,1.03,0.94,0.78,0.72,0.92,0.89,0.9,1.0
Vars,plex_2,,,,,,,,,,1.04,1.03,0.94,0.78,0.72,0.92,0.89,0.9,1.0
Rhoa,plex_2,,,,,,,,,,1.04,1.02,0.87,0.85,0.92,0.88,0.98,0.89,1.1
Coq9,plex_2,,,,,,,,,,1.11,0.87,0.78,0.77,0.78,0.82,0.85,0.86,0.98
Ugt2a3,plex_2,,,,,,,,,,1.08,1.21,0.84,1.12,0.73,1.05,0.93,0.92,1.04
Dstn,plex_2,,,,,,,,,,0.98,1.0,0.92,0.9,0.86,0.93,0.92,0.74,0.91
Cmbl,plex_2,,,,,,,,,,0.92,0.94,1.03,0.8,0.83,0.87,1.1,1.01,1.04
Npm1,plex_2,,,,,,,,,,1.07,1.1,0.85,0.9,0.79,0.93,0.99,0.84,1.05
Nono,plex_2,,,,,,,,,,1.1,1.15,0.95,0.93,0.88,0.86,0.94,0.83,1.07
Asgr1,plex_2,,,,,,,,,,0.96,0.86,0.84,0.69,0.74,1.03,0.9,0.81,0.9
Acss3,plex_2,,,,,,,,,,1.08,0.95,0.91,0.78,0.8,0.92,0.95,1.02,0.94
Fahd1,plex_2,,,,,,,,,,0.89,0.86,0.96,0.78,0.79,0.89,0.92,0.83,0.93
Nudt19,plex_2,,,,,,,,,,0.97,0.97,0.87,0.89,0.74,0.85,1.14,1.01,1.09
Matr3,plex_2,,,,,,,,,,1.07,1.17,1.08,0.98,0.96,1.11,1.1,0.99,1.11
Ddx39b,plex_2,,,,,,,,,,0.93,1.01,0.89,0.85,0.73,0.85,0.91,0.95,1.01
Samm50,plex_2,,,,,,,,,,0.99,0.92,0.86,0.76,0.74,1.03,0.9,0.93,1.09
Ndufs3,plex_2,,,,,,,,,,1.01,0.9,0.83,0.93,0.66,0.95,0.96,1.04,1.18
Napa,plex_2,,,,,,,,,,1.06,1.22,1.22,0.87,0.92,1.04,0.91,1.12,1.01
Sept9,plex_2,,,,,,,,,,1.09,1.04,0.96,0.79,0.77,0.8,1.0,0.86,1.05
Sept9,plex_2,,,,,,,,,,1.09,1.04,0.96,0.79,0.77,0.8,1.0,0.86,1.05
Arhgdia,plex_2,,,,,,,,,,1.16,1.13,0.88,1.0,0.9,1.09,1.09,1.02,1.19
Dhfr,plex_2,,,,,,,,,,1.03,1.14,1.19,0.92,0.74,0.89,0.93,0.9,1.22
Psma2,plex_2,,,,,,,,,,1.0,1.02,0.96,0.8,0.77,0.79,0.96,0.95,1.19
Tfg,plex_2,,,,,,,,,,1.25,1.21,1.32,0.92,0.96,0.79,1.15,0.99,1.28
Tfg,plex_2,,,,,,,,,,1.25,1.21,1.32,0.92,0.96,0.79,1.15,0.99,1.28
Macrod1,plex_2,,,,,,,,,,0.91,0.96,0.9,0.8,0.85,0.93,0.86,0.92,1.06
Pura,plex_2,,,,,,,,,,1.0,1.03,0.95,0.76,0.81,0.86,1.02,1.26,1.04
Hnrnpc,plex_2,,,,,,,,,,1.09,1.0,0.95,0.91,0.83,1.0,0.92,0.81,1.12
Hnrnpc,plex_2,,,,,,,,,,1.09,1.0,0.95,0.91,0.83,1.0,0.92,0.81,1.12
Hsd17b6,plex_2,,,,,,,,,,0.97,0.76,0.88,0.83,0.83,0.83,0.99,0.92,1.0
Gck,plex_2,,,,,,,,,,0.99,0.97,1.03,0.97,0.95,1.0,1.01,1.03,1.11
Gck,plex_2,,,,,,,,,,0.99,0.97,1.03,0.97,0.95,1.0,1.01,1.03,1.11
Stt3a,plex_2,,,,,,,,,,1.01,1.18,0.93,0.88,0.85,1.0,0.96,0.91,1.14
Stt3a,plex_2,,,,,,,,,,1.01,1.18,0.93,0.88,0.85,1.0,0.96,0.91,1.14
Stt3a,plex_2,,,,,,,,,,1.01,1.18,0.93,0.88,0.85,1.0,0.96,0.91,1.14
Stt3a,plex_2,,,,,,,,,,1.01,1.18,0.93,0.88,0.85,1.0,0.96,0.91,1.14
Stt3a,plex_2,,,,,,,,,,1.01,1.18,0.93,0.88,0.85,1.0,0.96,0.91,1.14
Stt3a,plex_2,,,,,,,,,,1.01,1.18,0.93,0.88,0.85,1.0,0.96,0.91,1.14
Stt3a,plex_2,,,,,,,,,,1.01,1.18,0.93,0.88,0.85,1.0,0.96,0.91,1.14
Hist1h1e,plex_2,,,,,,,,,,0.75,0.76,1.2,0.73,0.62,0.78,0.94,0.87,0.87
Mocs1,plex_2,,,,,,,,,,1.0,0.77,0.8,0.69,0.76,0.86,1.05,0.8,1.0
Srp68,plex_2,,,,,,,,,,1.04,0.95,0.92,0.87,0.68,0.86,0.98,0.99,0.96
Bcl2l13,plex_2,,,,,,,,,,1.35,1.34,1.16,1.01,1.27,1.57,1.08,1.5,2.27
Bcl2l13,plex_2,,,,,,,,,,1.35,1.34,1.16,1.01,1.27,1.57,1.08,1.5,2.27
Bcl2l13,plex_2,,,,,,,,,,1.35,1.34,1.16,1.01,1.27,1.57,1.08,1.5,2.27
Slc25a22,plex_2,,,,,,,,,,0.85,1.09,0.98,0.82,1.02,0.95,0.86,1.06,1.05
Gpd1l,plex_2,,,,,,,,,,0.86,0.88,1.03,0.81,0.77,0.75,0.98,0.93,0.93
Gpd1l,plex_2,,,,,,,,,,0.86,0.88,1.03,0.81,0.77,0.75,0.98,0.93,0.93
Cttn,plex_2,,,,,,,,,,1.0,1.31,1.3,1.22,0.94,0.88,1.3,0.87,2.06
Cttn,plex_2,,,,,,,,,,1.0,1.31,1.3,1.22,0.94,0.88,1.3,0.87,2.06
Cttn,plex_2,,,,,,,,,,1.0,1.31,1.3,1.22,0.94,0.88,1.3,0.87,2.06
Rps6,plex_2,,,,,,,,,,1.03,0.98,0.91,0.88,0.78,0.97,0.9,0.82,0.96
Aadac,plex_2,,,,,,,,,,1.02,1.09,0.98,0.96,0.96,0.99,1.13,1.13,1.26
,plex_2,,,,,,,,,,0.79,0.74,0.74,0.84,0.71,0.63,1.36,1.19,1.33
Jup,plex_2,,,,,,,,,,1.23,1.31,1.1,1.18,0.95,1.01,1.21,1.16,0.82
FAM120A,plex_2,,,,,,,,,,1.1,0.95,0.76,0.75,0.69,0.75,0.92,0.85,0.97
Vwa5a,plex_2,,,,,,,,,,0.98,1.11,0.99,0.97,0.86,0.9,1.06,0.99,1.15
Ide,plex_2,,,,,,,,,,0.92,0.96,0.89,0.77,0.78,0.84,0.92,1.04,1.06
Ide,plex_2,,,,,,,,,,0.92,0.96,0.89,0.77,0.78,0.84,0.92,1.04,1.06
Hdgf,plex_2,,,,,,,,,,0.98,1.01,0.91,0.77,0.83,0.83,0.9,0.91,1.05
Clic4,plex_2,,,,,,,,,,0.86,0.98,0.9,0.75,0.78,0.89,0.91,0.9,0.93
Lrrc59,plex_2,,,,,,,,,,0.96,0.91,0.87,0.76,0.72,0.86,0.81,0.88,0.93
Ces3b,plex_2,,,,,,,,,,1.02,1.09,0.84,0.65,0.77,0.8,1.01,0.91,1.18
Fdps,plex_2,,,,,,,,,,0.79,1.99,0.7,0.58,0.92,0.9,1.15,1.05,0.89
Cecr5,plex_2,,,,,,,,,,1.09,1.13,1.04,0.88,0.6,0.95,1.06,1.13,1.15
Cyp2c37,plex_2,,,,,,,,,,0.93,0.8,1.04,0.68,0.7,0.78,0.88,0.92,1.12
Gars,plex_2,,,,,,,,,,0.85,0.81,0.86,1.04,0.77,0.88,0.94,0.95,0.91
Ugt3a2,plex_2,,,,,,,,,,1.19,1.14,0.92,0.91,0.77,1.08,1.04,0.89,1.07
Ppt1,plex_2,,,,,,,,,,0.83,0.91,1.04,0.77,0.71,0.88,1.03,0.86,1.01
Ppt1,plex_2,,,,,,,,,,0.83,0.91,1.04,0.77,0.71,0.88,1.03,0.86,1.01
Ppt1,plex_2,,,,,,,,,,0.83,0.91,1.04,0.77,0.71,0.88,1.03,0.86,1.01
Ppt1,plex_2,,,,,,,,,,0.83,0.91,1.04,0.77,0.71,0.88,1.03,0.86,1.01
Ppt1,plex_2,,,,,,,,,,0.83,0.91,1.04,0.77,0.71,0.88,1.03,0.86,1.01
Pgls,plex_2,,,,,,,,,,0.9,0.86,0.96,0.82,0.76,0.92,0.9,0.91,1.02
Eif3i,plex_2,,,,,,,,,,0.99,1.03,0.97,0.73,0.81,0.85,0.97,0.8,0.97
Nedd4,plex_2,,,,,,,,,,1.37,1.32,0.93,0.86,0.94,0.95,1.18,1.02,1.06
Psmb1,plex_2,,,,,,,,,,1.1,1.05,1.05,0.84,0.91,0.86,1.07,0.95,1.12
Cox5a,plex_2,,,,,,,,,,0.94,0.88,0.9,0.76,0.78,0.81,0.99,0.95,1.01
Clybl,plex_2,,,,,,,,,,0.98,0.88,0.8,0.88,0.72,0.96,0.92,0.87,1.03
Mif,plex_2,,,,,,,,,,0.98,1.08,0.91,0.9,0.87,0.93,0.98,0.94,1.01
Coq6,plex_2,,,,,,,,,,0.84,0.76,0.82,0.69,0.81,0.71,1.18,0.92,0.98
Gnpnat1,plex_2,,,,,,,,,,1.13,1.2,0.97,0.87,0.94,0.84,1.23,1.24,1.01
Gspt1,plex_2,,,,,,,,,,1.01,0.95,0.94,0.82,0.77,0.84,0.91,0.86,0.96
Gspt1,plex_2,,,,,,,,,,1.01,0.95,0.94,0.82,0.77,0.84,0.91,0.86,0.96
Oxsm,plex_2,,,,,,,,,,0.76,0.74,0.81,0.75,0.87,0.72,0.93,0.67,0.8
Oxsm,plex_2,,,,,,,,,,0.76,0.74,0.81,0.75,0.87,0.72,0.93,0.67,0.8
Serpinc1,plex_2,,,,,,,,,,0.98,1.01,0.64,0.73,0.95,1.07,1.27,1.07,1.1
Cfl1,plex_2,,,,,,,,,,1.12,1.07,0.97,0.96,0.84,0.86,1.0,0.93,1.2
Rps27a,plex_2,,,,,,,,,,0.91,0.99,0.85,0.78,0.76,0.92,0.85,0.82,0.87
Rab7a,plex_2,,,,,,,,,,0.96,1.24,0.96,0.99,1.02,0.98,1.31,1.09,1.26
Mia2,plex_2,,,,,,,,,,1.08,1.27,1.02,1.11,0.73,0.94,1.04,0.9,1.11
Pdlim5,plex_2,,,,,,,,,,0.97,1.03,0.96,0.88,0.85,0.86,0.84,0.95,0.96
Pdlim5,plex_2,,,,,,,,,,0.97,1.03,0.96,0.88,0.85,0.86,0.84,0.95,0.96
Ak4,plex_2,,,,,,,,,,0.84,0.94,0.95,0.92,0.76,0.91,0.97,0.93,1.07
Rbm14,plex_2,,,,,,,,,,1.02,0.91,1.02,0.91,0.84,0.92,1.02,1.04,1.25
Rbm14,plex_2,,,,,,,,,,1.02,0.91,1.02,0.91,0.84,0.92,1.02,1.04,1.25
Rbm14,plex_2,,,,,,,,,,1.02,0.91,1.02,0.91,0.84,0.92,1.02,1.04,1.25
Rbm14,plex_2,,,,,,,,,,1.02,0.91,1.02,0.91,0.84,0.92,1.02,1.04,1.25
Sec24c,plex_2,,,,,,,,,,1.12,1.19,0.9,1.03,1.31,1.05,1.34,1.16,1.41
Sec24c,plex_2,,,,,,,,,,1.12,1.19,0.9,1.03,1.31,1.05,1.34,1.16,1.41
Sec24c,plex_2,,,,,,,,,,1.12,1.19,0.9,1.03,1.31,1.05,1.34,1.16,1.41
Ces1c,plex_2,,,,,,,,,,1.45,0.95,0.68,0.78,0.69,0.86,0.99,0.81,0.97
Coro1b,plex_2,,,,,,,,,,1.01,1.0,0.91,0.98,0.84,0.92,0.93,0.89,1.02
Hist1h2bf,plex_2,,,,,,,,,,1.06,1.08,1.14,0.99,0.75,0.94,1.17,0.87,1.12
Hist1h2bb,plex_2,,,,,,,,,,1.06,1.08,1.14,0.99,0.75,0.94,1.17,0.87,1.12
Bag3,plex_2,,,,,,,,,,0.81,1.02,0.99,0.67,0.81,0.79,0.92,0.81,0.89
Dnm2,plex_2,,,,,,,,,,0.95,0.75,0.84,0.79,0.64,0.87,0.87,0.89,0.96
Dnm2,plex_2,,,,,,,,,,0.95,0.75,0.84,0.79,0.64,0.87,0.87,0.89,0.96
Lman2,plex_2,,,,,,,,,,1.12,1.18,0.9,0.92,0.8,0.89,0.9,0.97,1.09
,plex_2,,,,,,,,,,0.97,0.95,0.79,0.87,0.72,0.92,0.87,0.8,1.03
Hmgb1,plex_2,,,,,,,,,,0.97,0.95,0.79,0.87,0.72,0.92,0.87,0.8,1.03
Hmgb1,plex_2,,,,,,,,,,0.97,0.95,0.79,0.87,0.72,0.92,0.87,0.8,1.03
,plex_2,,,,,,,,,,0.97,0.95,0.79,0.87,0.72,0.92,0.87,0.8,1.03
,plex_2,,,,,,,,,,0.97,0.95,0.79,0.87,0.72,0.92,0.87,0.8,1.03
Rpl23,plex_2,,,,,,,,,,0.95,0.98,0.86,0.83,0.77,0.85,0.98,0.86,0.98
Sars,plex_2,,,,,,,,,,0.84,1.02,0.86,0.83,0.82,0.76,0.83,1.05,1.1
Sars,plex_2,,,,,,,,,,0.84,1.02,0.86,0.83,0.82,0.76,0.83,1.05,1.1
Sars,plex_2,,,,,,,,,,0.84,1.02,0.86,0.83,0.82,0.76,0.83,1.05,1.1
Sars,plex_2,,,,,,,,,,0.84,1.02,0.86,0.83,0.82,0.76,0.83,1.05,1.1
Ndufv2,plex_2,,,,,,,,,,1.0,0.95,0.92,0.8,0.88,0.99,0.87,0.83,1.07
Spta1,plex_2,,,,,,,,,,1.45,1.0,0.85,1.13,0.61,0.94,1.27,1.03,1.22
Cycs,plex_2,,,,,,,,,,0.98,0.87,1.02,0.88,0.94,0.91,0.99,0.99,1.47
Scly,plex_2,,,,,,,,,,0.91,1.07,0.94,0.79,0.77,0.96,0.92,0.87,0.97
PSME2b,plex_2,,,,,,,,,,1.13,1.2,0.99,0.85,0.85,0.95,1.0,0.94,1.12
Acaa1b,plex_2,,,,,,,,,,1.02,0.78,0.85,0.8,0.87,1.02,1.0,0.95,1.21
Acaa1b,plex_2,,,,,,,,,,1.02,0.78,0.85,0.8,0.87,1.02,1.0,0.95,1.21
Pnpo,plex_2,,,,,,,,,,0.99,0.93,0.74,0.85,0.82,0.99,0.9,0.85,1.15
Decr2,plex_2,,,,,,,,,,0.94,0.92,0.78,0.87,0.85,1.27,0.94,0.87,1.15
Decr2,plex_2,,,,,,,,,,0.94,0.92,0.78,0.87,0.85,1.27,0.94,0.87,1.15
Decr2,plex_2,,,,,,,,,,0.94,0.92,0.78,0.87,0.85,1.27,0.94,0.87,1.15
Rad23b,plex_2,,,,,,,,,,1.09,1.13,1.0,0.79,0.86,0.79,0.96,0.9,1.08
L2hgdh,plex_2,,,,,,,,,,1.01,0.89,1.06,0.88,0.87,1.08,1.05,0.93,1.15
Pcyox1,plex_2,,,,,,,,,,1.06,1.02,1.09,0.88,0.78,0.92,0.96,1.04,1.16
Pcyox1,plex_2,,,,,,,,,,1.06,1.02,1.09,0.88,0.78,0.92,0.96,1.04,1.16
Pcyox1,plex_2,,,,,,,,,,1.06,1.02,1.09,0.88,0.78,0.92,0.96,1.04,1.16
Hyi,plex_2,,,,,,,,,,1.02,0.97,0.8,0.89,0.9,1.0,1.09,0.99,1.21
Gnb2,plex_2,,,,,,,,,,1.03,1.13,1.05,1.33,0.84,1.39,1.33,0.96,1.4
Ddi2,plex_2,,,,,,,,,,1.01,1.04,0.8,0.67,0.8,1.07,0.94,1.0,1.22
Pcbp2,plex_2,,,,,,,,,,1.03,1.03,0.93,0.89,0.81,0.91,1.01,1.0,0.94
Eif3h,plex_2,,,,,,,,,,1.04,1.04,1.01,0.83,0.85,0.94,0.99,0.82,1.15
Eif3h,plex_2,,,,,,,,,,1.04,1.04,1.01,0.83,0.85,0.94,0.99,0.82,1.15
Eif3h,plex_2,,,,,,,,,,1.04,1.04,1.01,0.83,0.85,0.94,0.99,0.82,1.15
Eif3h,plex_2,,,,,,,,,,1.04,1.04,1.01,0.83,0.85,0.94,0.99,0.82,1.15
Nap1l4,plex_2,,,,,,,,,,1.07,1.1,0.85,0.93,0.8,0.91,0.98,1.2,1.14
Isoc2a,plex_2,,,,,,,,,,0.93,0.91,0.99,0.78,0.79,1.04,0.98,0.94,1.03
Eif3d,plex_2,,,,,,,,,,0.91,1.06,0.85,0.82,0.82,0.81,0.95,1.03,0.97
Cox5b,plex_2,,,,,,,,,,0.94,0.91,0.86,0.85,0.86,0.92,0.93,0.91,1.01
Cox5b,plex_2,,,,,,,,,,0.94,0.91,0.86,0.85,0.86,0.92,0.93,0.91,1.01
H2-K1,plex_2,,,,,,,,,,0.84,1.59,0.78,0.51,0.72,0.85,1.22,0.92,1.23
H2-K1,plex_2,,,,,,,,,,0.84,1.59,0.78,0.51,0.72,0.85,1.22,0.92,1.23
H2-K,plex_2,,,,,,,,,,0.84,1.59,0.78,0.51,0.72,0.85,1.22,0.92,1.23
mCG_129835,plex_2,,,,,,,,,,0.84,1.59,0.78,0.51,0.72,0.85,1.22,0.92,1.23
Tmem214,plex_2,,,,,,,,,,0.79,0.97,0.82,0.88,0.72,0.83,0.85,0.77,1.03
Pycrl,plex_2,,,,,,,,,,1.2,1.27,1.21,0.82,0.91,0.78,1.15,1.23,1.27
Farsa,plex_2,,,,,,,,,,1.12,1.06,0.99,0.94,0.81,0.97,0.98,1.02,1.1
Upb1,plex_2,,,,,,,,,,0.95,0.88,0.89,0.82,0.81,0.89,0.86,0.81,1.15
Dazap1,plex_2,,,,,,,,,,1.09,0.85,1.13,1.15,0.66,0.81,0.87,0.97,1.08
Scrn3,plex_2,,,,,,,,,,0.76,0.94,0.91,0.79,0.75,0.77,0.92,1.02,0.91
Copb2,plex_2,,,,,,,,,,1.01,1.15,0.93,1.02,0.8,1.08,0.95,1.14,0.98
Psma4,plex_2,,,,,,,,,,0.9,0.93,1.08,0.85,0.82,0.81,0.93,0.92,1.1
Farsb,plex_2,,,,,,,,,,1.0,1.02,0.89,0.85,0.74,1.0,0.91,0.87,0.96
Farsb,plex_2,,,,,,,,,,1.0,1.02,0.89,0.85,0.74,1.0,0.91,0.87,0.96
Farsb,plex_2,,,,,,,,,,1.0,1.02,0.89,0.85,0.74,1.0,0.91,0.87,0.96
Ckm,plex_2,,,,,,,,,,1.01,0.67,0.29,2.85,1.04,0.93,0.59,0.48,1.76
Arpc1a,plex_2,,,,,,,,,,1.03,1.05,1.07,1.02,0.78,0.95,1.03,1.0,0.93
Abca6,plex_2,,,,,,,,,,0.97,0.93,0.91,0.71,0.89,0.91,0.97,0.94,1.03
Thnsl2,plex_2,,,,,,,,,,1.32,1.44,1.02,0.83,0.81,1.02,1.0,1.08,1.21
Sar1b,plex_2,,,,,,,,,,1.08,1.22,1.0,0.79,0.88,1.06,1.2,1.05,1.18
Pmpcb,plex_2,,,,,,,,,,0.89,0.9,0.85,0.72,0.75,0.77,0.8,0.88,0.97
Pmpcb,plex_2,,,,,,,,,,0.89,0.9,0.85,0.72,0.75,0.77,0.8,0.88,0.97
Sorbs1,plex_2,,,,,,,,,,1.01,0.99,0.82,0.85,0.94,0.99,0.82,0.94,1.15
Ahnak,plex_2,,,,,,,,,,1.13,1.21,0.96,0.89,0.85,0.97,0.94,1.03,1.1
Khsrp,plex_2,,,,,,,,,,0.97,1.0,0.85,0.77,0.83,0.88,0.95,0.87,0.96
Cyp2c54,plex_2,,,,,,,,,,1.02,0.76,0.73,0.82,0.77,0.83,1.01,0.8,1.17
Eif4h,plex_2,,,,,,,,,,0.98,1.08,0.77,1.05,0.8,1.03,0.84,0.7,1.16
mKIAA0038,plex_2,,,,,,,,,,0.98,1.08,0.77,1.05,0.8,1.03,0.84,0.7,1.16
Eif4h,plex_2,,,,,,,,,,0.98,1.08,0.77,1.05,0.8,1.03,0.84,0.7,1.16
Tpt1,plex_2,,,,,,,,,,0.93,1.08,0.81,0.94,0.69,0.82,0.96,0.73,1.06
Anxa7,plex_2,,,,,,,,,,1.03,1.0,0.81,0.73,0.63,0.97,0.92,0.9,1.09
Carkd,plex_2,,,,,,,,,,1.05,1.11,1.09,0.84,0.98,0.86,0.93,1.05,1.17
Naxd,plex_2,,,,,,,,,,1.05,1.11,1.09,0.84,0.98,0.86,0.93,1.05,1.17
Carkd,plex_2,,,,,,,,,,1.05,1.11,1.09,0.84,0.98,0.86,0.93,1.05,1.17
Naxd,plex_2,,,,,,,,,,1.05,1.11,1.09,0.84,0.98,0.86,0.93,1.05,1.17
Naxd,plex_2,,,,,,,,,,1.05,1.11,1.09,0.84,0.98,0.86,0.93,1.05,1.17
Sult2a1,plex_2,,,,,,,,,,0.85,1.21,0.72,1.09,1.07,1.11,0.55,1.19,0.87
Snrnp200,plex_2,,,,,,,,,,1.13,1.3,0.93,1.14,1.09,0.92,0.96,0.9,1.19
Itgb1,plex_2,,,,,,,,,,0.95,1.01,0.89,0.75,0.8,0.8,0.81,0.92,0.95
Ppp2ca,plex_2,,,,,,,,,,0.91,0.98,0.84,0.69,0.74,0.82,0.88,0.93,0.88
Slco1b2,plex_2,,,,,,,,,,1.19,1.07,1.02,0.74,0.71,1.01,1.03,0.88,1.0
Slco1b2,plex_2,,,,,,,,,,1.19,1.07,1.02,0.74,0.71,1.01,1.03,0.88,1.0
Slco1b2,plex_2,,,,,,,,,,1.19,1.07,1.02,0.74,0.71,1.01,1.03,0.88,1.0
Psmb7,plex_2,,,,,,,,,,0.94,0.89,1.0,0.78,0.71,0.81,1.0,0.86,0.97
Psmb7,plex_2,,,,,,,,,,0.94,0.89,1.0,0.78,0.71,0.81,1.0,0.86,0.97
Slc25a10,plex_2,,,,,,,,,,0.9,0.86,1.11,0.79,0.77,0.99,0.96,1.07,0.99
Lima1,plex_2,,,,,,,,,,0.98,1.12,0.89,0.76,1.05,0.84,0.99,0.86,0.95
Rps11,plex_2,,,,,,,,,,0.92,0.9,1.0,0.8,0.74,0.98,0.91,0.9,0.89
Mtap,plex_2,,,,,,,,,,1.19,1.12,1.1,0.93,1.1,1.01,1.17,1.36,1.35
Hist2h4,plex_2,,,,,,,,,,0.7,0.78,1.11,0.78,0.52,1.3,0.94,0.89,0.78
Zadh2,plex_2,,,,,,,,,,1.05,1.08,1.11,1.04,0.89,1.01,1.2,1.18,1.09
Myo18a,plex_2,,,,,,,,,,1.02,1.16,0.88,0.93,0.75,1.06,0.99,0.87,1.03
Myo18a,plex_2,,,,,,,,,,1.02,1.16,0.88,0.93,0.75,1.06,0.99,0.87,1.03
Myo18a,plex_2,,,,,,,,,,1.02,1.16,0.88,0.93,0.75,1.06,0.99,0.87,1.03
Gnai2,plex_2,,,,,,,,,,0.87,0.93,0.97,0.76,0.73,0.87,0.74,0.91,0.98
Plin3,plex_2,,,,,,,,,,1.64,1.42,1.02,1.62,0.87,0.89,0.94,1.11,1.06
Timm44,plex_2,,,,,,,,,,0.89,1.04,0.95,0.68,0.74,1.03,0.82,0.99,0.96
Nudt7,plex_2,,,,,,,,,,1.08,1.17,0.8,0.76,0.83,1.01,1.02,0.87,0.94
Tnks1bp1,plex_2,,,,,,,,,,1.07,1.17,1.46,0.79,0.93,0.95,1.11,1.23,1.27
Eif5,plex_2,,,,,,,,,,1.07,1.14,0.9,0.98,0.94,1.0,1.17,1.11,1.27
Atp5j,plex_2,,,,,,,,,,0.89,0.81,0.82,0.82,0.79,1.14,0.87,0.76,0.87
Gdi1,plex_2,,,,,,,,,,1.06,0.98,1.01,0.71,0.65,0.97,0.99,1.15,1.02
Vapa,plex_2,,,,,,,,,,1.11,1.04,0.92,0.86,0.75,0.93,0.96,0.89,1.09
Psmd3,plex_2,,,,,,,,,,1.43,1.19,0.87,0.85,0.87,1.0,1.02,0.91,1.1
Eif3l,plex_2,,,,,,,,,,1.16,1.33,1.07,0.87,0.99,0.97,1.28,1.21,1.1
Eif2s2,plex_2,,,,,,,,,,1.03,0.98,0.82,0.78,0.83,0.94,0.88,0.83,1.01
Galt,plex_2,,,,,,,,,,1.05,1.08,0.98,0.76,1.11,1.0,1.13,1.15,1.33
Capzb,plex_2,,,,,,,,,,1.02,0.99,0.92,0.85,0.76,0.88,0.85,0.82,1.05
Capzb,plex_2,,,,,,,,,,1.02,0.99,0.92,0.85,0.76,0.88,0.85,0.82,1.05
Manf,plex_2,,,,,,,,,,1.04,1.07,0.83,0.8,0.74,0.78,0.94,0.88,1.08
Manf,plex_2,,,,,,,,,,1.04,1.07,0.83,0.8,0.74,0.78,0.94,0.88,1.08
Manf,plex_2,,,,,,,,,,1.04,1.07,0.83,0.8,0.74,0.78,0.94,0.88,1.08
Hykk,plex_2,,,,,,,,,,0.9,0.84,0.86,0.84,0.76,0.92,0.93,0.86,1.03
Cnpy2,plex_2,,,,,,,,,,1.17,1.13,0.94,0.85,0.88,0.87,1.04,1.06,1.06
Cyp4f14,plex_2,,,,,,,,,,1.05,1.08,0.97,0.85,0.93,0.99,1.01,0.95,0.95
Srp72,plex_2,,,,,,,,,,1.13,1.1,1.01,0.73,0.71,1.01,1.07,1.13,1.36
D2hgdh,plex_2,,,,,,,,,,0.99,0.89,0.93,0.82,0.82,0.86,0.98,0.9,1.1
D2hgdh,plex_2,,,,,,,,,,0.99,0.89,0.93,0.82,0.82,0.86,0.98,0.9,1.1
Cmpk1,plex_2,,,,,,,,,,1.14,1.0,1.13,1.02,0.94,0.78,1.08,1.08,1.28
Rps8,plex_2,,,,,,,,,,0.95,0.95,0.9,0.77,0.77,0.88,1.07,0.85,0.98
Eef1b,plex_2,,,,,,,,,,0.98,1.0,0.88,0.89,0.75,1.02,0.9,0.82,1.04
Psmc4,plex_2,,,,,,,,,,1.18,1.48,0.86,0.78,1.12,0.82,1.09,1.35,1.23
Ptges2,plex_2,,,,,,,,,,0.98,0.78,0.75,0.68,0.8,0.73,0.95,0.98,1.03
Rab14,plex_2,,,,,,,,,,1.32,1.27,1.18,0.93,1.08,1.03,1.31,1.17,1.38
Nsfl1c,plex_2,,,,,,,,,,1.02,1.05,0.91,0.85,0.82,0.92,0.96,0.95,1.3
Nsfl1c,plex_2,,,,,,,,,,1.02,1.05,0.91,0.85,0.82,0.92,0.96,0.95,1.3
Nsfl1c,plex_2,,,,,,,,,,1.02,1.05,0.91,0.85,0.82,0.92,0.96,0.95,1.3
Xpnpep1,plex_2,,,,,,,,,,1.07,1.61,0.93,0.99,0.68,1.03,1.1,1.51,1.58
Xpnpep1,plex_2,,,,,,,,,,1.07,1.61,0.93,0.99,0.68,1.03,1.1,1.51,1.58
Xpnpep1,plex_2,,,,,,,,,,1.07,1.61,0.93,0.99,0.68,1.03,1.1,1.51,1.58
Xpnpep1,plex_2,,,,,,,,,,1.07,1.61,0.93,0.99,0.68,1.03,1.1,1.51,1.58
Nomo1,plex_2,,,,,,,,,,1.07,1.0,0.7,0.87,0.71,0.9,0.9,0.86,1.07
Abce1,plex_2,,,,,,,,,,0.97,1.0,0.95,0.82,0.79,0.92,0.88,1.03,1.04
Atp6v1a,plex_2,,,,,,,,,,0.91,0.94,0.91,0.72,0.69,0.75,0.86,0.86,0.94
COX2,plex_2,,,,,,,,,,1.0,1.0,0.96,0.86,0.75,0.9,0.95,0.92,1.03
Mtco2,plex_2,,,,,,,,,,1.0,1.0,0.96,0.86,0.75,0.9,0.95,0.92,1.03
Psmd12,plex_2,,,,,,,,,,0.91,0.96,0.85,0.76,0.59,0.84,0.91,0.6,0.78
Ttc36,plex_2,,,,,,,,,,0.83,0.88,0.97,0.72,0.8,0.81,0.96,0.87,0.98
Psma6,plex_2,,,,,,,,,,0.98,1.05,1.02,0.8,0.88,0.82,1.0,0.99,1.12
Cdc42,plex_2,,,,,,,,,,1.03,1.09,0.93,0.86,0.8,0.9,0.93,1.1,1.02
Cdc42,plex_2,,,,,,,,,,1.03,1.09,0.93,0.86,0.8,0.9,0.93,1.1,1.02
Ndufb9,plex_2,,,,,,,,,,1.0,0.98,0.93,0.84,0.9,0.95,1.08,1.01,1.18
Prpf8,plex_2,,,,,,,,,,0.87,0.88,0.76,0.78,0.73,0.92,0.87,0.84,1.05
Eif3e,plex_2,,,,,,,,,,1.12,1.05,0.95,0.73,0.84,0.82,1.01,0.96,1.34
Atp1b1,plex_2,,,,,,,,,,1.01,0.94,0.9,0.79,0.82,0.77,0.86,0.96,0.92
Ndufb10,plex_2,,,,,,,,,,1.19,1.15,1.03,1.1,0.81,1.0,1.15,0.75,1.19
Hnrnpa1,plex_2,,,,,,,,,,0.97,1.1,0.92,0.87,0.74,0.83,1.07,0.84,1.23
Hnrnpa1,plex_2,,,,,,,,,,0.97,1.1,0.92,0.87,0.74,0.83,1.07,0.84,1.23
Hnrnpa1,plex_2,,,,,,,,,,0.97,1.1,0.92,0.87,0.74,0.83,1.07,0.84,1.23
Hnrnpa1,plex_2,,,,,,,,,,0.97,1.1,0.92,0.87,0.74,0.83,1.07,0.84,1.23
Hnrnpa1,plex_2,,,,,,,,,,0.97,1.1,0.92,0.87,0.74,0.83,1.07,0.84,1.23
Gm28046,plex_2,,,,,,,,,,0.86,0.9,0.68,0.81,0.76,0.82,0.99,0.77,1.02
Prosc,plex_2,,,,,,,,,,1.01,1.04,1.17,0.86,0.92,0.95,1.11,1.02,1.12
Prosc,plex_2,,,,,,,,,,1.01,1.04,1.17,0.86,0.92,0.95,1.11,1.02,1.12
Prosc,plex_2,,,,,,,,,,1.01,1.04,1.17,0.86,0.92,0.95,1.11,1.02,1.12
Ube2n,plex_2,,,,,,,,,,0.89,1.05,1.08,0.78,0.83,0.79,1.04,0.97,1.11
Rmdn3,plex_2,,,,,,,,,,0.87,0.88,0.97,0.62,0.67,0.65,0.84,0.91,0.91
Apoh,plex_2,,,,,,,,,,1.05,0.86,0.8,0.8,0.71,0.87,0.89,0.79,0.86
Sptb,plex_2,,,,,,,,,,1.47,1.01,0.81,1.44,0.65,1.19,1.08,0.96,1.33
Ahsa1,plex_2,,,,,,,,,,0.97,1.18,0.93,0.7,0.79,0.83,0.98,0.88,1.11
Rps5,plex_2,,,,,,,,,,0.99,1.02,0.92,0.9,0.81,1.04,0.94,0.77,1.01
Sf3b3,plex_2,,,,,,,,,,0.94,1.18,1.04,0.64,1.0,0.93,1.16,1.02,1.14
Ran,plex_2,,,,,,,,,,1.24,1.28,1.01,1.07,0.74,0.92,1.69,1.4,1.18
Slc25a12,plex_2,,,,,,,,,,1.21,0.97,1.2,1.0,0.86,0.83,1.14,1.12,1.01
Osbp,plex_2,,,,,,,,,,1.02,1.25,0.92,0.7,0.81,0.92,1.02,0.95,1.06
Npepps,plex_2,,,,,,,,,,0.83,0.85,0.82,0.67,0.67,0.81,0.92,0.95,0.97
Naxe,plex_2,,,,,,,,,,0.96,0.97,0.92,0.84,0.81,0.87,0.95,0.97,1.02
Idh3a,plex_2,,,,,,,,,,0.95,0.91,0.84,0.87,0.77,0.78,0.86,0.84,0.93
Rbp1,plex_2,,,,,,,,,,1.13,1.16,1.19,0.93,0.99,0.97,1.19,1.17,1.43
Rps15,plex_2,,,,,,,,,,1.09,1.03,0.83,0.82,0.74,0.83,1.06,1.0,1.15
Rps15,plex_2,,,,,,,,,,1.09,1.03,0.83,0.82,0.74,0.83,1.06,1.0,1.15
Cyb5a,plex_2,,,,,,,,,,0.98,0.95,0.93,0.92,0.85,0.96,1.09,0.85,1.15
Acot13,plex_2,,,,,,,,,,1.22,1.06,0.89,0.86,0.84,0.9,1.18,0.92,1.04
Eif2a,plex_2,,,,,,,,,,0.97,1.01,1.02,0.82,0.76,0.89,1.08,1.01,1.12
,plex_2,,,,,,,,,,0.5,0.62,0.69,1.82,1.2,1.76,2.17,1.19,1.2
Ppa2,plex_2,,,,,,,,,,0.88,1.27,1.06,0.95,0.84,0.76,1.11,1.07,1.16
Tpd52l2,plex_2,,,,,,,,,,0.95,0.88,0.82,0.7,0.68,0.77,0.94,0.89,0.82
Tpd52l2,plex_2,,,,,,,,,,0.95,0.88,0.82,0.7,0.68,0.77,0.94,0.89,0.82
Tpd52l2,plex_2,,,,,,,,,,0.95,0.88,0.82,0.7,0.68,0.77,0.94,0.89,0.82
Tpd52l2,plex_2,,,,,,,,,,0.95,0.88,0.82,0.7,0.68,0.77,0.94,0.89,0.82
Kars,plex_2,,,,,,,,,,0.94,1.04,0.86,0.86,0.77,0.84,0.92,0.93,0.98
Kars,plex_2,,,,,,,,,,0.94,1.04,0.86,0.86,0.77,0.84,0.92,0.93,0.98
Kars,plex_2,,,,,,,,,,0.94,1.04,0.86,0.86,0.77,0.84,0.92,0.93,0.98
Kars,plex_2,,,,,,,,,,0.94,1.04,0.86,0.86,0.77,0.84,0.92,0.93,0.98
Acin1,plex_2,,,,,,,,,,1.16,1.18,1.17,1.2,1.02,1.07,1.36,0.97,1.32
Ndufa8,plex_2,,,,,,,,,,1.03,1.08,0.81,0.74,0.76,0.87,0.98,0.98,1.06
rps14,plex_2,,,,,,,,,,0.89,0.94,0.9,0.64,0.65,0.57,0.84,0.96,1.12
Rps14,plex_2,,,,,,,,,,0.89,0.94,0.9,0.64,0.65,0.57,0.84,0.96,1.12
Ubr4,plex_2,,,,,,,,,,1.0,1.08,0.97,0.97,0.92,1.63,1.22,0.95,1.06
Ubr4,plex_2,,,,,,,,,,1.0,1.08,0.97,0.97,0.92,1.63,1.22,0.95,1.06
Ubr4,plex_2,,,,,,,,,,1.0,1.08,0.97,0.97,0.92,1.63,1.22,0.95,1.06
Rpl12,plex_2,,,,,,,,,,0.89,0.82,0.77,0.73,0.55,0.96,0.83,0.75,0.82
Galk1,plex_2,,,,,,,,,,0.96,0.9,0.94,0.8,0.91,1.09,1.04,0.72,1.23
Galk1,plex_2,,,,,,,,,,0.96,0.9,0.94,0.8,0.91,1.09,1.04,0.72,1.23
Fkbp8,plex_2,,,,,,,,,,1.05,1.01,0.86,0.86,0.8,1.07,0.95,0.83,1.01
St13,plex_2,,,,,,,,,,0.97,1.1,0.88,0.88,0.82,0.99,0.95,0.94,1.03
Rps10,plex_2,,,,,,,,,,1.01,0.99,0.94,0.86,0.81,0.85,0.99,0.91,1.01
Lgals3bp,plex_2,,,,,,,,,,1.24,1.19,0.84,0.89,0.86,1.15,1.12,1.24,0.94
Qars,plex_2,,,,,,,,,,0.93,1.24,1.03,0.75,0.78,0.78,1.04,0.9,1.21
Qars,plex_2,,,,,,,,,,0.93,1.24,1.03,0.75,0.78,0.78,1.04,0.9,1.21
Qars,plex_2,,,,,,,,,,0.93,1.24,1.03,0.75,0.78,0.78,1.04,0.9,1.21
Rps19,plex_2,,,,,,,,,,1.25,1.17,0.85,1.09,0.77,1.18,0.97,1.16,1.11
Pigr,plex_2,,,,,,,,,,0.81,0.75,0.78,0.75,0.8,0.97,1.09,0.96,1.03
Pfkl,plex_2,,,,,,,,,,1.2,1.08,1.13,1.01,0.91,1.2,1.28,1.25,1.19
Fth1,plex_2,,,,,,,,,,0.64,0.5,0.61,0.63,0.67,0.61,1.39,1.13,1.59
Dsp,plex_2,,,,,,,,,,1.06,1.11,1.0,0.96,0.7,0.97,0.82,0.84,1.14
Akr1c13,plex_2,,,,,,,,,,1.16,1.02,1.16,0.86,0.93,0.94,1.12,1.08,1.1
Rpl14,plex_2,,,,,,,,,,0.71,0.78,1.01,0.68,0.56,1.11,0.78,0.85,0.64
Kif5b,plex_2,,,,,,,,,,1.12,1.0,0.87,0.89,0.86,0.99,0.93,0.95,1.27
Cyb5b,plex_2,,,,,,,,,,0.95,0.93,0.75,0.77,0.76,0.88,0.87,0.93,0.98
Cyb5b,plex_2,,,,,,,,,,0.95,0.93,0.75,0.77,0.76,0.88,0.87,0.93,0.98
Rpl32,plex_2,,,,,,,,,,0.99,1.09,0.93,0.85,0.81,0.89,0.92,0.94,0.93
Idh3g,plex_2,,,,,,,,,,1.17,1.18,0.95,0.88,0.75,0.86,0.93,1.07,1.01
Srsf1,plex_2,,,,,,,,,,1.08,1.04,0.79,0.94,0.81,0.97,0.85,0.83,1.0
Srsf1,plex_2,,,,,,,,,,1.08,1.04,0.79,0.94,0.81,0.97,0.85,0.83,1.0
Ywhaq,plex_2,,,,,,,,,,1.08,1.12,0.82,0.97,0.85,1.2,1.03,0.86,1.02
Pon3,plex_2,,,,,,,,,,1.05,1.14,0.85,0.81,0.96,1.12,0.98,0.97,1.2
Psmd13,plex_2,,,,,,,,,,0.94,1.12,0.63,0.85,0.67,0.88,0.86,1.03,1.07
Erp29,plex_2,,,,,,,,,,1.12,1.22,1.18,0.8,0.94,0.73,1.06,0.86,1.4
Ctsz,plex_2,,,,,,,,,,1.02,0.83,0.83,0.81,0.74,0.72,0.84,0.85,1.16
Tymp,plex_2,,,,,,,,,,0.95,0.93,0.96,1.1,0.94,1.04,0.85,0.78,0.99
Clint1,plex_2,,,,,,,,,,1.29,1.01,0.96,0.94,0.83,0.96,1.17,1.02,1.06
Fabp4,plex_2,,,,,,,,,,0.9,0.8,0.46,0.96,0.47,0.89,1.05,0.68,1.05
Ttr,plex_2,,,,,,,,,,1.22,0.83,1.12,1.32,0.77,0.91,1.5,1.41,1.74
Capza1,plex_2,,,,,,,,,,1.09,1.1,1.03,0.89,0.78,0.87,0.85,1.08,0.93
Mars,plex_2,,,,,,,,,,1.09,0.95,0.98,0.69,0.73,0.9,0.81,0.92,0.98
Mars,plex_2,,,,,,,,,,1.09,0.95,0.98,0.69,0.73,0.9,0.81,0.92,0.98
Nfs1,plex_2,,,,,,,,,,1.01,0.89,0.99,0.69,0.9,0.76,0.89,1.03,1.05
Nfs1,plex_2,,,,,,,,,,1.01,0.89,0.99,0.69,0.9,0.76,0.89,1.03,1.05
Dhrs11,plex_2,,,,,,,,,,1.04,0.93,0.95,0.83,0.6,0.9,1.16,0.83,0.95
Twf1,plex_2,,,,,,,,,,1.01,0.94,0.99,0.91,0.85,0.93,0.92,0.91,1.06
Adssl1,plex_2,,,,,,,,,,0.86,0.87,0.59,0.82,0.77,0.95,0.94,0.77,1.15
Adssl1,plex_2,,,,,,,,,,0.86,0.87,0.59,0.82,0.77,0.95,0.94,0.77,1.15
Endog,plex_2,,,,,,,,,,0.98,0.87,0.88,0.64,0.61,0.77,0.91,0.87,0.93
Pdcd4,plex_2,,,,,,,,,,0.93,0.74,0.67,0.69,0.79,0.84,0.79,0.77,1.03
Eftud2,plex_2,,,,,,,,,,0.92,0.98,0.85,0.91,0.7,0.84,0.99,0.94,1.04
Eftud2,plex_2,,,,,,,,,,0.92,0.98,0.85,0.91,0.7,0.84,0.99,0.94,1.04
Eftud2,plex_2,,,,,,,,,,0.92,0.98,0.85,0.91,0.7,0.84,0.99,0.94,1.04
Eftud2,plex_2,,,,,,,,,,0.92,0.98,0.85,0.91,0.7,0.84,0.99,0.94,1.04
Eftud2,plex_2,,,,,,,,,,0.92,0.98,0.85,0.91,0.7,0.84,0.99,0.94,1.04
Eftud2,plex_2,,,,,,,,,,0.92,0.98,0.85,0.91,0.7,0.84,0.99,0.94,1.04
Upf1,plex_2,,,,,,,,,,0.98,0.87,0.99,0.82,0.76,0.85,1.01,0.88,0.99
Hspe1,plex_2,,,,,,,,,,0.98,0.96,0.93,0.83,0.8,0.87,0.98,0.84,0.97
Rpl13,plex_2,,,,,,,,,,1.01,1.01,1.06,0.79,0.78,0.82,0.92,0.95,1.0
As3mt,plex_2,,,,,,,,,,1.0,1.02,0.96,0.76,0.67,0.82,1.01,0.96,1.01
Ociad1,plex_2,,,,,,,,,,0.95,0.93,0.88,0.79,0.84,1.04,0.92,0.78,0.91
Rpl22,plex_2,,,,,,,,,,1.24,1.17,1.44,1.04,0.97,1.09,1.11,0.98,1.18
Actn1,plex_2,,,,,,,,,,1.04,1.02,1.02,0.85,0.82,0.91,0.87,0.95,1.03
Rplp1,plex_2,,,,,,,,,,1.1,1.07,0.78,0.83,0.9,0.95,1.01,0.96,1.18
Rps13,plex_2,,,,,,,,,,1.02,1.06,0.95,0.8,0.75,0.92,1.09,1.15,1.09
Atad3,plex_2,,,,,,,,,,0.95,0.85,0.97,0.8,0.72,0.8,0.97,0.88,1.22
Acot1,plex_2,,,,,,,,,,1.02,0.68,0.84,0.93,0.75,1.1,1.12,1.06,1.21
Txn,plex_2,,,,,,,,,,1.14,1.1,1.31,0.86,0.92,0.85,1.13,1.02,1.04
Ppm1b,plex_2,,,,,,,,,,1.13,1.41,0.83,1.06,1.15,1.18,1.07,1.11,1.73
Ppm1b,plex_2,,,,,,,,,,1.13,1.41,0.83,1.06,1.15,1.18,1.07,1.11,1.73
Pafah1b1,plex_2,,,,,,,,,,0.95,0.91,0.85,0.72,0.73,0.8,0.98,0.86,0.97
Pafah1b1,plex_2,,,,,,,,,,0.95,0.91,0.85,0.72,0.73,0.8,0.98,0.86,0.97
Pafah1b1,plex_2,,,,,,,,,,0.95,0.91,0.85,0.72,0.73,0.8,0.98,0.86,0.97
Pafah1b1,plex_2,,,,,,,,,,0.95,0.91,0.85,0.72,0.73,0.8,0.98,0.86,0.97
Usp14,plex_2,,,,,,,,,,1.06,1.17,0.93,0.99,0.77,1.2,1.16,0.95,1.14
Usp14,plex_2,,,,,,,,,,1.06,1.17,0.93,0.99,0.77,1.2,1.16,0.95,1.14
Hsd17b11,plex_2,,,,,,,,,,1.01,0.78,0.77,0.7,0.65,0.99,0.94,0.84,1.07
Col6a3,plex_2,,,,,,,,,,0.79,0.98,0.7,0.69,0.64,0.72,0.51,0.77,0.69
Igk,plex_2,,,,,,,,,,0.75,0.55,0.48,1.05,0.67,1.15,0.85,0.7,0.83
,plex_2,,,,,,,,,,0.75,0.55,0.48,1.05,0.67,1.15,0.85,0.7,0.83
Col14a1,plex_2,,,,,,,,,,1.21,1.23,1.35,0.83,0.92,1.06,1.04,0.96,1.42
Col14a1,plex_2,,,,,,,,,,1.21,1.23,1.35,0.83,0.92,1.06,1.04,0.96,1.42
Bsg,plex_2,,,,,,,,,,1.15,1.04,0.96,0.89,0.81,0.85,1.13,1.13,1.55
Ddx1,plex_2,,,,,,,,,,0.97,1.06,0.88,0.9,0.82,0.75,0.83,0.89,1.01
Arpc2,plex_2,,,,,,,,,,1.12,1.01,0.99,0.91,0.7,0.92,0.97,1.02,1.15
Ece1,plex_2,,,,,,,,,,1.05,0.95,0.82,0.72,0.62,0.93,0.79,0.82,0.8
Ece1,plex_2,,,,,,,,,,1.05,0.95,0.82,0.72,0.62,0.93,0.79,0.82,0.8
Ece1,plex_2,,,,,,,,,,1.05,0.95,0.82,0.72,0.62,0.93,0.79,0.82,0.8
Pyroxd2,plex_2,,,,,,,,,,1.77,1.37,1.27,0.77,1.21,1.38,1.02,1.4,1.2
Pyroxd2,plex_2,,,,,,,,,,1.77,1.37,1.27,0.77,1.21,1.38,1.02,1.4,1.2
Hsd17b12,plex_2,,,,,,,,,,1.04,1.09,0.74,0.67,0.79,0.98,0.98,0.78,0.98
Fabp5,plex_2,,,,,,,,,,1.23,2.34,0.82,0.51,0.54,0.47,0.98,0.74,0.93
Cdc42bpb,plex_2,,,,,,,,,,0.98,0.96,0.86,0.73,0.68,0.82,0.92,0.74,1.01
Prpf19,plex_2,,,,,,,,,,1.1,1.09,1.07,0.93,0.87,1.13,1.04,1.14,1.68
Prpf19,plex_2,,,,,,,,,,1.1,1.09,1.07,0.93,0.87,1.13,1.04,1.14,1.68
Acbd5,plex_2,,,,,,,,,,0.88,0.95,0.89,0.78,0.79,0.82,0.95,0.95,1.01
Rmdn2,plex_2,,,,,,,,,,1.08,1.06,0.82,0.67,0.74,0.87,0.96,0.98,1.01
Slc2a2,plex_2,,,,,,,,,,1.22,1.26,0.76,0.79,0.87,0.88,1.04,1.07,1.21
Tns1,plex_2,,,,,,,,,,1.24,1.03,1.28,0.88,0.88,1.4,1.38,1.36,1.44
Tns1,plex_2,,,,,,,,,,1.24,1.03,1.28,0.88,0.88,1.4,1.38,1.36,1.44
Tns1,plex_2,,,,,,,,,,1.24,1.03,1.28,0.88,0.88,1.4,1.38,1.36,1.44
Tns1,plex_2,,,,,,,,,,1.24,1.03,1.28,0.88,0.88,1.4,1.38,1.36,1.44
Tns1,plex_2,,,,,,,,,,1.24,1.03,1.28,0.88,0.88,1.4,1.38,1.36,1.44
Trim28,plex_2,,,,,,,,,,1.03,0.95,0.95,0.85,1.19,0.88,1.02,1.04,1.06
Itih4,plex_2,,,,,,,,,,0.88,0.98,0.83,0.87,0.79,0.98,1.02,0.91,1.1
Itih4,plex_2,,,,,,,,,,0.88,0.98,0.83,0.87,0.79,0.98,1.02,0.91,1.1
Itih4,plex_2,,,,,,,,,,0.88,0.98,0.83,0.87,0.79,0.98,1.02,0.91,1.1
Ufl1,plex_2,,,,,,,,,,0.93,1.0,0.8,0.82,0.74,1.06,0.86,0.95,1.22
Afg3l2,plex_2,,,,,,,,,,0.96,0.97,0.9,0.86,0.76,0.92,0.98,0.81,1.13
Otub1,plex_2,,,,,,,,,,0.91,0.91,0.84,0.7,0.78,0.89,0.91,0.77,0.98
Sri,plex_2,,,,,,,,,,1.09,1.17,0.92,0.82,0.89,0.9,0.98,0.87,0.96
Sri,plex_2,,,,,,,,,,1.09,1.17,0.92,0.82,0.89,0.9,0.98,0.87,0.96
Idh3b,plex_2,,,,,,,,,,0.99,0.92,0.91,0.85,0.8,0.91,0.93,0.92,1.05
Npepl1,plex_2,,,,,,,,,,0.96,1.18,1.25,0.98,0.95,1.25,1.09,0.94,1.01
Npepl1,plex_2,,,,,,,,,,0.96,1.18,1.25,0.98,0.95,1.25,1.09,0.94,1.01
Npepl1,plex_2,,,,,,,,,,0.96,1.18,1.25,0.98,0.95,1.25,1.09,0.94,1.01
Npepl1,plex_2,,,,,,,,,,0.96,1.18,1.25,0.98,0.95,1.25,1.09,0.94,1.01
Sec61a1,plex_2,,,,,,,,,,0.97,1.31,0.77,0.74,0.68,0.78,0.85,0.93,1.07
Ruvbl1,plex_2,,,,,,,,,,1.1,1.12,1.02,0.9,0.85,0.69,1.12,1.04,1.19
Acat2,plex_2,,,,,,,,,,1.19,1.39,1.15,0.9,0.98,1.15,1.35,1.13,1.17
Aimp1,plex_2,,,,,,,,,,1.06,0.95,0.85,0.88,0.77,0.96,0.88,1.01,1.15
Asph,plex_2,,,,,,,,,,0.88,1.03,0.86,0.74,0.77,0.77,1.01,0.98,1.06
Rnpep,plex_2,,,,,,,,,,1.02,0.94,0.84,0.73,0.79,0.72,0.87,0.89,0.86
Mtx1,plex_2,,,,,,,,,,1.06,1.01,0.93,0.74,0.75,0.97,0.87,0.82,0.95
Ido2,plex_2,,,,,,,,,,0.93,1.08,1.18,0.87,1.04,1.1,1.04,1.3,1.39
Rpl18a,plex_2,,,,,,,,,,0.96,1.02,0.86,0.9,0.76,1.08,0.86,0.82,1.0
Sult2a8,plex_2,,,,,,,,,,0.95,0.7,0.69,0.89,0.79,0.78,1.21,0.78,0.94
Sult2a8,plex_2,,,,,,,,,,0.95,0.7,0.69,0.89,0.79,0.78,1.21,0.78,0.94
Tagln,plex_2,,,,,,,,,,1.21,1.34,0.53,0.71,0.81,0.86,0.68,0.68,1.4
Ndufb11,plex_2,,,,,,,,,,1.11,0.96,0.81,0.83,0.82,0.91,1.04,0.87,1.13
Ndufb11,plex_2,,,,,,,,,,1.11,0.96,0.81,0.83,0.82,0.91,1.04,0.87,1.13
Cdc37,plex_2,,,,,,,,,,1.12,0.95,0.89,0.65,0.82,0.83,0.92,0.96,0.98
Rab5c,plex_2,,,,,,,,,,0.81,0.84,0.68,0.77,0.7,0.92,0.86,0.64,0.7
Rab5c,plex_2,,,,,,,,,,0.81,0.84,0.68,0.77,0.7,0.92,0.86,0.64,0.7
Rab5c,plex_2,,,,,,,,,,0.81,0.84,0.68,0.77,0.7,0.92,0.86,0.64,0.7
Csde1,plex_2,,,,,,,,,,0.9,0.98,1.01,0.78,0.8,1.14,1.12,0.85,1.18
Hint2,plex_2,,,,,,,,,,1.0,0.85,0.91,0.94,0.76,0.99,0.92,1.02,0.97
Thrap3,plex_2,,,,,,,,,,1.32,1.28,1.18,1.09,1.01,0.98,1.15,1.26,1.36
Gmps,plex_2,,,,,,,,,,0.96,0.94,0.93,0.88,0.92,0.86,0.88,0.9,1.08
Pdhx,plex_2,,,,,,,,,,1.04,0.92,0.85,0.77,0.78,0.71,0.85,0.85,1.08
Cse1l,plex_2,,,,,,,,,,1.05,1.09,0.93,0.93,0.79,0.95,1.05,1.02,1.12
Atp5i,plex_2,,,,,,,,,,0.96,0.91,1.11,0.76,0.7,1.08,0.97,0.93,1.12
Ptcd3,plex_2,,,,,,,,,,0.8,0.65,0.69,0.68,0.78,0.8,0.78,0.74,1.0
Mlec,plex_2,,,,,,,,,,1.01,0.96,0.73,0.68,0.64,0.83,0.74,0.77,0.91
Rac1,plex_2,,,,,,,,,,0.9,0.99,0.84,0.78,0.79,0.89,0.84,0.93,0.96
Rac1,plex_2,,,,,,,,,,0.9,0.99,0.84,0.78,0.79,0.89,0.84,0.93,0.96
Rac1,plex_2,,,,,,,,,,0.9,0.99,0.84,0.78,0.79,0.89,0.84,0.93,0.96
Rac1,plex_2,,,,,,,,,,0.9,0.99,0.84,0.78,0.79,0.89,0.84,0.93,0.96
Rac1,plex_2,,,,,,,,,,0.9,0.99,0.84,0.78,0.79,0.89,0.84,0.93,0.96
Ank1,plex_2,,,,,,,,,,1.24,0.99,0.74,0.99,0.65,1.03,0.88,0.79,1.01
Snx2,plex_2,,,,,,,,,,1.06,0.86,0.97,0.97,0.84,0.84,0.89,0.9,1.0
Aacs,plex_2,,,,,,,,,,1.17,1.37,0.64,0.59,0.7,1.07,0.81,0.86,1.03
Tmpo,plex_2,,,,,,,,,,1.17,1.15,1.09,0.79,0.79,0.98,0.95,0.88,1.17
Rab18,plex_2,,,,,,,,,,1.01,0.95,0.97,0.82,0.75,0.96,0.97,1.06,1.05
Stoml2,plex_2,,,,,,,,,,0.81,0.86,1.02,0.75,0.92,0.7,0.88,0.86,0.96
Dnajb11,plex_2,,,,,,,,,,1.24,1.0,1.08,1.12,0.82,1.21,1.19,1.29,1.63
Itih2,plex_2,,,,,,,,,,1.1,1.02,0.9,0.98,0.79,0.91,1.19,0.93,1.13
Eif2s3x,plex_2,,,,,,,,,,1.01,1.15,0.84,0.77,0.85,0.91,0.92,0.87,1.08
Urod,plex_2,,,,,,,,,,1.05,1.0,0.95,0.78,0.81,0.83,1.06,0.81,1.17
Hao2,plex_2,,,,,,,,,,1.08,1.26,0.84,0.67,0.9,1.14,0.64,0.86,0.9
Gale,plex_2,,,,,,,,,,1.21,1.4,0.95,1.01,0.89,1.03,0.9,1.37,1.26
Ndufs4,plex_2,,,,,,,,,,0.99,0.84,0.77,0.8,0.72,0.94,0.88,0.84,1.06
Ndufs4,plex_2,,,,,,,,,,0.99,0.84,0.77,0.8,0.72,0.94,0.88,0.84,1.06
Ndufs4,plex_2,,,,,,,,,,0.99,0.84,0.77,0.8,0.72,0.94,0.88,0.84,1.06
Ppp1r7,plex_2,,,,,,,,,,0.73,0.9,0.8,0.7,0.75,0.84,0.92,0.89,0.94
,plex_2,,,,,,,,,,1.04,1.19,0.9,0.83,0.85,0.88,1.08,1.02,1.26
Picalm,plex_2,,,,,,,,,,1.18,0.87,0.95,0.92,0.85,0.91,1.23,0.99,1.44
Picalm,plex_2,,,,,,,,,,1.18,0.87,0.95,0.92,0.85,0.91,1.23,0.99,1.44
Picalm,plex_2,,,,,,,,,,1.18,0.87,0.95,0.92,0.85,0.91,1.23,0.99,1.44
Picalm,plex_2,,,,,,,,,,1.18,0.87,0.95,0.92,0.85,0.91,1.23,0.99,1.44
Acp1,plex_2,,,,,,,,,,1.23,1.04,0.93,0.9,0.77,1.21,0.87,1.05,0.92
Fbl,plex_2,,,,,,,,,,1.02,1.2,0.84,0.82,0.76,0.92,1.0,0.89,1.2
Fbl,plex_2,,,,,,,,,,1.02,1.2,0.84,0.82,0.76,0.92,1.0,0.89,1.2
Rap1b,plex_2,,,,,,,,,,0.96,1.08,0.76,1.0,0.91,1.0,1.25,1.06,0.96
Cisd1,plex_2,,,,,,,,,,1.1,1.1,1.05,1.15,0.92,1.45,1.02,0.9,1.33
Rpl13a,plex_2,,,,,,,,,,0.89,0.87,1.09,0.64,0.71,1.04,0.87,0.96,0.9
Rps12,plex_2,,,,,,,,,,1.05,1.12,1.02,0.86,1.04,0.95,1.0,0.97,1.07
Prpsap1,plex_2,,,,,,,,,,1.45,1.36,1.44,0.81,0.73,1.04,1.34,1.29,1.41
Psmb6,plex_2,,,,,,,,,,0.89,0.94,0.9,0.86,0.81,0.81,0.9,0.83,1.16
Cfh,plex_2,,,,,,,,,,1.05,0.92,0.74,0.8,0.74,0.79,0.89,0.89,1.05
Itih1,plex_2,,,,,,,,,,1.57,1.52,1.19,0.74,1.06,0.9,1.13,1.15,1.55
Itih1,plex_2,,,,,,,,,,1.57,1.52,1.19,0.74,1.06,0.9,1.13,1.15,1.55
Itih1,plex_2,,,,,,,,,,1.57,1.52,1.19,0.74,1.06,0.9,1.13,1.15,1.55
Itih1,plex_2,,,,,,,,,,1.57,1.52,1.19,0.74,1.06,0.9,1.13,1.15,1.55
Nop56,plex_2,,,,,,,,,,0.96,1.05,0.88,0.95,0.66,0.7,0.98,1.01,1.12
Man2a1,plex_2,,,,,,,,,,1.23,1.27,0.73,0.97,0.81,1.04,0.86,0.79,1.08
Ppp1ca,plex_2,,,,,,,,,,1.22,1.26,1.14,1.02,0.97,1.05,1.13,0.94,1.05
Fahd2a,plex_2,,,,,,,,,,1.0,1.18,1.2,0.73,0.84,1.03,0.9,1.11,1.15
Dcps,plex_2,,,,,,,,,,0.95,1.05,0.88,0.79,0.82,0.72,0.95,0.94,1.09
Dbi,plex_2,,,,,,,,,,0.97,1.13,1.01,0.77,0.85,0.86,1.05,0.96,1.19
Dbi,plex_2,,,,,,,,,,0.97,1.13,1.01,0.77,0.85,0.86,1.05,0.96,1.19
Hnrnpd,plex_2,,,,,,,,,,1.0,0.98,1.0,0.84,0.77,0.83,1.05,0.84,1.05
Hnrnpd,plex_2,,,,,,,,,,1.0,0.98,1.0,0.84,0.77,0.83,1.05,0.84,1.05
Glrx3,plex_2,,,,,,,,,,1.04,1.04,0.91,0.87,0.76,0.88,0.98,0.83,0.99
Aprt,plex_2,,,,,,,,,,1.16,1.3,0.88,0.9,0.92,0.98,1.1,1.05,0.97
Nudc,plex_2,,,,,,,,,,1.1,1.49,1.07,1.05,1.15,1.17,1.43,1.08,1.15
Eif3f,plex_2,,,,,,,,,,1.09,1.04,0.93,0.89,0.73,1.0,1.0,0.94,1.05
Eif3f,plex_2,,,,,,,,,,1.09,1.04,0.93,0.89,0.73,1.0,1.0,0.94,1.05
Eif3f,plex_2,,,,,,,,,,1.09,1.04,0.93,0.89,0.73,1.0,1.0,0.94,1.05
Eif3f,plex_2,,,,,,,,,,1.09,1.04,0.93,0.89,0.73,1.0,1.0,0.94,1.05
Lasp1,plex_2,,,,,,,,,,1.1,1.1,0.89,0.79,0.86,0.96,1.01,0.81,1.06
Clpp,plex_2,,,,,,,,,,1.04,1.0,0.92,0.82,0.77,0.76,1.02,0.86,0.95
Clpp,plex_2,,,,,,,,,,1.04,1.0,0.92,0.82,0.77,0.76,1.02,0.86,0.95
Nsdhl,plex_2,,,,,,,,,,0.8,1.41,0.65,0.82,0.88,0.87,1.1,0.96,1.11
Nsdhl,plex_2,,,,,,,,,,0.8,1.41,0.65,0.82,0.88,0.87,1.1,0.96,1.11
Nsdhl,plex_2,,,,,,,,,,0.8,1.41,0.65,0.82,0.88,0.87,1.1,0.96,1.11
Mbl2,plex_2,,,,,,,,,,1.44,1.24,1.19,0.77,1.14,1.01,1.06,0.93,1.26
Clic1,plex_2,,,,,,,,,,0.94,1.02,0.98,0.76,0.72,0.86,0.92,0.91,0.89
Uchl3,plex_2,,,,,,,,,,1.13,1.31,0.89,0.95,0.82,1.18,0.97,1.55,1.52
Cops4,plex_2,,,,,,,,,,0.99,1.07,1.01,0.74,0.63,0.89,1.13,1.23,1.18
Rps23,plex_2,,,,,,,,,,1.02,0.98,0.88,0.94,0.82,1.23,0.94,0.71,0.96
Rps23,plex_2,,,,,,,,,,1.02,0.98,0.88,0.94,0.82,1.23,0.94,0.71,0.96
Rps23,plex_2,,,,,,,,,,1.02,0.98,0.88,0.94,0.82,1.23,0.94,0.71,0.96
Gstt3,plex_2,,,,,,,,,,1.01,1.04,0.78,0.88,0.79,1.01,0.9,0.94,0.82
Gstt3,plex_2,,,,,,,,,,1.01,1.04,0.78,0.88,0.79,1.01,0.9,0.94,0.82
Crym,plex_2,,,,,,,,,,1.0,1.01,0.95,0.92,0.81,1.04,1.05,1.05,1.13
Rad23a,plex_2,,,,,,,,,,1.02,1.0,1.11,0.71,0.95,1.01,1.06,0.87,0.89
,plex_2,,,,,,,,,,1.02,1.0,1.11,0.71,0.95,1.01,1.06,0.87,0.89
BC085271,plex_2,,,,,,,,,,1.02,1.04,0.88,1.05,0.82,0.82,1.01,0.91,1.25
Set,plex_2,,,,,,,,,,1.02,1.04,0.88,1.05,0.82,0.82,1.01,0.91,1.25
Set,plex_2,,,,,,,,,,1.02,1.04,0.88,1.05,0.82,0.82,1.01,0.91,1.25
Set,plex_2,,,,,,,,,,1.02,1.04,0.88,1.05,0.82,0.82,1.01,0.91,1.25
Ube2l3,plex_2,,,,,,,,,,1.0,1.12,1.02,0.79,0.79,0.83,0.92,0.98,1.08
Hist1h3e,plex_2,,,,,,,,,,0.96,1.07,1.33,0.91,0.73,1.16,0.89,1.06,0.85
Hist1h3b,plex_2,,,,,,,,,,0.96,1.07,1.33,0.91,0.73,1.16,0.89,1.06,0.85
Sec63,plex_2,,,,,,,,,,1.07,0.85,0.83,0.7,0.7,0.68,0.84,0.92,0.97
Uqcrb,plex_2,,,,,,,,,,0.93,0.89,0.92,0.86,0.86,0.85,1.0,0.92,1.05
Uqcrb,plex_2,,,,,,,,,,0.93,0.89,0.92,0.86,0.86,0.85,1.0,0.92,1.05
Rbm39,plex_2,,,,,,,,,,1.31,1.13,1.07,0.85,0.92,0.77,1.17,1.15,0.98
Rbm39,plex_2,,,,,,,,,,1.31,1.13,1.07,0.85,0.92,0.77,1.17,1.15,0.98
Rbm39,plex_2,,,,,,,,,,1.31,1.13,1.07,0.85,0.92,0.77,1.17,1.15,0.98
Csad,plex_2,,,,,,,,,,0.67,0.87,1.53,0.66,0.49,0.57,0.89,0.83,0.89
Mylk,plex_2,,,,,,,,,,1.12,1.22,1.01,0.89,0.83,0.93,0.92,0.87,1.24
Mgll,plex_2,,,,,,,,,,0.96,1.07,0.96,0.65,0.75,0.89,0.9,1.12,1.09
Gpt2,plex_2,,,,,,,,,,0.88,0.91,1.02,0.77,0.92,0.84,0.98,0.92,0.87
Isoc1,plex_2,,,,,,,,,,0.95,1.02,0.95,0.87,0.8,0.95,0.94,0.95,0.95
Cast,plex_2,,,,,,,,,,1.21,1.02,0.89,0.84,0.75,0.83,0.94,1.01,1.07
Cast,plex_2,,,,,,,,,,1.21,1.02,0.89,0.84,0.75,0.83,0.94,1.01,1.07
Cast,plex_2,,,,,,,,,,1.21,1.02,0.89,0.84,0.75,0.83,0.94,1.01,1.07
Cast,plex_2,,,,,,,,,,1.21,1.02,0.89,0.84,0.75,0.83,0.94,1.01,1.07
Cast,plex_2,,,,,,,,,,1.21,1.02,0.89,0.84,0.75,0.83,0.94,1.01,1.07
Fads1,plex_2,,,,,,,,,,0.96,1.2,0.94,0.68,0.91,0.83,1.27,1.04,1.19
Calu,plex_2,,,,,,,,,,0.96,1.11,0.89,0.74,0.78,0.89,0.88,0.8,1.01
Ywhah,plex_2,,,,,,,,,,1.0,1.08,0.92,0.9,0.8,0.98,0.77,0.86,0.84
Ap2m1,plex_2,,,,,,,,,,0.92,1.03,0.99,0.74,0.88,0.99,0.94,1.01,0.97
Dhx15,plex_2,,,,,,,,,,0.89,0.93,0.78,0.78,0.72,0.81,1.07,0.92,1.07
Fkbp2,plex_2,,,,,,,,,,0.93,0.98,0.77,0.82,0.76,0.89,0.9,0.79,1.02
Eif2s1,plex_2,,,,,,,,,,0.87,0.99,0.86,0.79,0.61,0.76,0.95,0.98,1.02
Mpc2,plex_2,,,,,,,,,,0.94,1.09,0.94,0.99,0.92,0.94,1.0,0.9,1.05
Timm50,plex_2,,,,,,,,,,1.06,1.03,0.84,0.71,0.77,0.85,0.9,0.86,1.03
H2-D1,plex_2,,,,,,,,,,1.03,1.16,0.89,0.85,0.75,1.04,0.92,0.93,1.04
Ruvbl2,plex_2,,,,,,,,,,1.1,1.05,1.09,0.99,0.94,0.84,1.1,1.16,1.28
Ruvbl2,plex_2,,,,,,,,,,1.1,1.05,1.09,0.99,0.94,0.84,1.1,1.16,1.28
Sorbs2,plex_2,,,,,,,,,,0.92,1.19,0.84,1.04,0.77,1.0,0.95,0.97,1.16
Sorbs2,plex_2,,,,,,,,,,0.92,1.19,0.84,1.04,0.77,1.0,0.95,0.97,1.16
Psma3,plex_2,,,,,,,,,,0.92,1.09,0.96,0.9,0.73,0.8,0.9,0.9,1.05
Psma3,plex_2,,,,,,,,,,0.92,1.09,0.96,0.9,0.73,0.8,0.9,0.9,1.05
Hspa1b,plex_2,,,,,,,,,,0.91,0.9,0.79,0.72,0.91,0.97,1.11,1.49,1.12
Hspa1b,plex_2,,,,,,,,,,0.91,0.9,0.79,0.72,0.91,0.97,1.11,1.49,1.12
Actg1,plex_2,,,,,,,,,,,,,,,,,,
Sec24d,plex_2,,,,,,,,,,0.89,0.99,0.84,0.86,0.84,0.87,1.0,1.0,0.96
Psmb2,plex_2,,,,,,,,,,0.97,1.01,1.03,0.78,0.73,0.96,1.0,0.89,1.19
Srpra,plex_2,,,,,,,,,,1.24,1.04,0.86,0.96,0.74,0.91,0.88,1.0,1.08
Surf4,plex_2,,,,,,,,,,1.03,1.04,0.78,0.82,0.85,0.94,0.86,0.92,0.94
Surf4,plex_2,,,,,,,,,,1.03,1.04,0.78,0.82,0.85,0.94,0.86,0.92,0.94
Cars,plex_2,,,,,,,,,,0.89,1.11,0.82,1.05,0.83,0.78,0.73,0.96,0.99
Cars,plex_2,,,,,,,,,,0.89,1.11,0.82,1.05,0.83,0.78,0.73,0.96,0.99
Abhd11,plex_2,,,,,,,,,,0.96,0.91,1.08,0.74,0.95,0.82,1.01,0.8,1.15
Rpl23a,plex_2,,,,,,,,,,0.9,0.94,0.99,0.81,0.79,0.82,0.95,0.91,1.1
Rpl23a-ps3,plex_2,,,,,,,,,,0.9,0.94,0.99,0.81,0.79,0.82,0.95,0.91,1.1
Rpl23a,plex_2,,,,,,,,,,0.9,0.94,0.99,0.81,0.79,0.82,0.95,0.91,1.1
Pabpc4,plex_2,,,,,,,,,,0.88,1.04,1.94,0.64,0.86,0.86,0.93,0.97,1.13
Pabpc4,plex_2,,,,,,,,,,0.88,1.04,1.94,0.64,0.86,0.86,0.93,0.97,1.13
Rps7,plex_2,,,,,,,,,,0.9,1.03,0.99,0.87,0.71,0.88,0.94,0.97,0.97
Cfb,plex_2,,,,,,,,,,1.25,1.05,0.71,0.79,0.74,0.95,1.06,0.9,1.3
C2cd2,plex_2,,,,,,,,,,1.01,0.78,0.94,0.85,0.72,0.93,1.16,0.93,1.05
Steap4,plex_2,,,,,,,,,,1.16,0.96,1.12,0.73,0.73,0.95,1.2,1.0,1.15
Caprin1,plex_2,,,,,,,,,,1.04,0.85,0.8,0.83,0.77,0.89,1.28,0.88,0.92
Ndufs6,plex_2,,,,,,,,,,0.98,1.04,0.78,0.81,0.9,0.94,0.95,0.83,0.89
Cgn,plex_2,,,,,,,,,,0.88,0.75,0.9,0.99,0.75,0.77,0.7,0.99,1.34
Cgn,plex_2,,,,,,,,,,0.88,0.75,0.9,0.99,0.75,0.77,0.7,0.99,1.34
Pdxdc1,plex_2,,,,,,,,,,1.51,1.11,0.75,0.73,0.44,0.8,0.96,0.78,0.87
Pdxdc1,plex_2,,,,,,,,,,1.51,1.11,0.75,0.73,0.44,0.8,0.96,0.78,0.87
Pdxdc1,plex_2,,,,,,,,,,1.51,1.11,0.75,0.73,0.44,0.8,0.96,0.78,0.87
Pdxdc1,plex_2,,,,,,,,,,1.51,1.11,0.75,0.73,0.44,0.8,0.96,0.78,0.87
Skp1a,plex_2,,,,,,,,,,1.22,1.05,0.73,0.76,0.76,0.85,1.24,0.89,1.02
Cryl1,plex_2,,,,,,,,,,0.92,0.84,0.91,0.73,0.93,1.04,1.01,1.01,1.58
Fus,plex_2,,,,,,,,,,0.98,1.0,0.83,0.8,0.72,0.84,0.84,0.74,0.92
Fus,plex_2,,,,,,,,,,0.98,1.0,0.83,0.8,0.72,0.84,0.84,0.74,0.92
Fus,plex_2,,,,,,,,,,0.98,1.0,0.83,0.8,0.72,0.84,0.84,0.74,0.92
Ppif,plex_2,,,,,,,,,,1.11,1.05,1.28,0.94,0.93,1.22,1.02,1.14,1.25
Tceb2,plex_2,,,,,,,,,,0.92,1.07,0.94,0.82,0.79,0.84,0.89,0.81,1.08
Grpel1,plex_2,,,,,,,,,,0.99,1.03,0.89,0.73,0.89,0.84,1.07,0.97,1.11
,plex_2,,,,,,,,,,2.22,1.39,0.66,0.41,0.61,0.82,0.44,0.64,0.62
Slc26a1,plex_2,,,,,,,,,,1.04,1.05,0.82,0.72,0.81,0.95,0.77,0.92,1.1
Slc26a1,plex_2,,,,,,,,,,1.04,1.05,0.82,0.72,0.81,0.95,0.77,0.92,1.1
Slc26a1,plex_2,,,,,,,,,,1.04,1.05,0.82,0.72,0.81,0.95,0.77,0.92,1.1
Epn1,plex_2,,,,,,,,,,1.15,0.89,1.05,0.84,0.88,1.0,1.07,1.12,1.19
Epn1,plex_2,,,,,,,,,,1.15,0.89,1.05,0.84,0.88,1.0,1.07,1.12,1.19
Rpl30,plex_2,,,,,,,,,,0.9,0.99,1.07,0.96,0.77,1.09,1.01,1.0,0.95
Stat3,plex_2,,,,,,,,,,1.09,1.16,1.57,1.01,1.12,1.29,1.16,1.42,2.43
Fis1,plex_2,,,,,,,,,,1.14,0.84,0.86,0.8,0.71,0.93,0.99,0.93,1.02
Cyp3a25,plex_2,,,,,,,,,,0.84,1.02,0.95,1.4,1.29,1.47,0.73,1.25,1.95
Aspg,plex_2,,,,,,,,,,0.89,0.98,0.95,0.77,0.84,0.88,1.01,1.01,1.06
Stard5,plex_2,,,,,,,,,,1.0,1.1,0.94,0.99,0.77,1.22,1.01,0.79,1.13
Mrpl12,plex_2,,,,,,,,,,0.89,0.86,0.73,0.73,0.65,0.88,0.84,0.7,0.84
Cyp4v3,plex_2,,,,,,,,,,1.0,0.96,1.0,0.73,0.95,0.88,0.94,1.19,0.88
Ppid,plex_2,,,,,,,,,,0.88,0.98,0.86,0.74,0.66,0.87,0.92,0.85,0.99
Eif6,plex_2,,,,,,,,,,1.08,0.96,0.86,0.82,0.83,0.92,0.92,0.96,0.97
Eif6,plex_2,,,,,,,,,,1.08,0.96,0.86,0.82,0.83,0.92,0.92,0.96,0.97
Eif6,plex_2,,,,,,,,,,1.08,0.96,0.86,0.82,0.83,0.92,0.92,0.96,0.97
Eif6,plex_2,,,,,,,,,,1.08,0.96,0.86,0.82,0.83,0.92,0.92,0.96,0.97
U2af2,plex_2,,,,,,,,,,1.01,0.99,0.83,0.79,0.78,0.86,0.9,0.82,0.96
U2af2,plex_2,,,,,,,,,,1.01,0.99,0.83,0.79,0.78,0.86,0.9,0.82,0.96
Acacb,plex_2,,,,,,,,,,1.24,1.67,0.85,0.65,0.77,0.88,0.91,0.85,0.92
Ndufa12,plex_2,,,,,,,,,,1.14,1.05,0.89,0.87,0.82,1.02,1.06,1.05,1.14
Ndufa12,plex_2,,,,,,,,,,1.14,1.05,0.89,0.87,0.82,1.02,1.06,1.05,1.14
Ndufa12,plex_2,,,,,,,,,,1.14,1.05,0.89,0.87,0.82,1.02,1.06,1.05,1.14
Selo,plex_2,,,,,,,,,,0.97,0.88,0.8,0.8,0.81,0.88,0.98,0.83,1.07
Selo,plex_2,,,,,,,,,,0.97,0.88,0.8,0.8,0.81,0.88,0.98,0.83,1.07
Eif3j2,plex_2,,,,,,,,,,0.96,1.08,0.86,0.87,0.9,0.99,1.04,0.82,0.98
Eif3j1,plex_2,,,,,,,,,,0.96,1.08,0.86,0.87,0.9,0.99,1.04,0.82,0.98
Eif3j,plex_2,,,,,,,,,,0.96,1.08,0.86,0.87,0.9,0.99,1.04,0.82,0.98
Gmfb,plex_2,,,,,,,,,,1.13,1.07,0.95,0.89,0.91,0.97,0.94,0.97,1.24
Gmfb,plex_2,,,,,,,,,,1.13,1.07,0.95,0.89,0.91,0.97,0.94,0.97,1.24
Gmfb,plex_2,,,,,,,,,,1.13,1.07,0.95,0.89,0.91,0.97,0.94,0.97,1.24
Rps28,plex_2,,,,,,,,,,0.98,0.86,0.99,0.99,0.78,0.57,0.92,0.64,1.04
Tdo2,plex_2,,,,,,,,,,0.89,0.89,1.16,0.81,0.68,0.64,0.95,1.03,0.73
Tdo2,plex_2,,,,,,,,,,0.89,0.89,1.16,0.81,0.68,0.64,0.95,1.03,0.73
Vps13c,plex_2,,,,,,,,,,1.54,0.9,1.1,0.87,0.77,0.8,0.96,0.81,1.22
Mtdh,plex_2,,,,,,,,,,0.89,0.94,0.8,0.63,0.77,0.88,0.84,0.85,1.07
Hp,plex_2,,,,,,,,,,0.93,0.84,0.91,0.83,0.59,0.87,0.84,0.97,1.4
Tgm1,plex_2,,,,,,,,,,1.16,0.97,0.92,0.79,0.8,0.9,0.8,0.87,1.1
Cotl1,plex_2,,,,,,,,,,0.99,1.16,0.96,0.92,0.9,0.83,1.03,1.0,1.35
Elavl1,plex_2,,,,,,,,,,1.08,1.06,1.02,0.92,0.8,1.02,0.96,0.93,1.07
Atox1,plex_2,,,,,,,,,,1.01,1.38,1.03,0.88,0.85,0.89,1.25,0.97,0.95
,plex_2,,,,,,,,,,1.9,1.62,0.65,0.35,0.77,1.62,0.64,0.57,1.01
Ckb,plex_2,,,,,,,,,,1.01,1.15,1.45,0.65,0.53,0.82,0.74,0.84,1.53
Psmb5,plex_2,,,,,,,,,,1.0,0.94,1.1,0.88,0.72,0.95,1.13,0.93,1.02
Thrsp,plex_2,,,,,,,,,,1.35,1.59,0.65,0.75,0.83,1.01,0.96,0.95,0.99
Prrc1,plex_2,,,,,,,,,,1.74,1.77,1.75,0.97,1.07,1.03,1.31,2.0,1.88
Rps16,plex_2,,,,,,,,,,1.01,0.96,0.81,0.83,0.83,0.77,0.85,0.91,1.09
Rps16,plex_2,,,,,,,,,,1.01,0.96,0.81,0.83,0.83,0.77,0.85,0.91,1.09
Rps16,plex_2,,,,,,,,,,1.01,0.96,0.81,0.83,0.83,0.77,0.85,0.91,1.09
Itpa,plex_2,,,,,,,,,,1.13,1.75,1.13,1.2,0.88,0.99,1.17,1.05,1.36
Hacd3,plex_2,,,,,,,,,,1.03,1.22,1.13,0.93,0.96,1.01,1.16,0.91,1.33
Cds2,plex_2,,,,,,,,,,1.02,1.08,0.95,0.91,0.85,1.01,1.03,0.92,1.09
Ndufa13,plex_2,,,,,,,,,,0.97,0.91,0.85,0.8,0.83,0.98,0.96,1.04,1.17
B2m,plex_2,,,,,,,,,,1.08,1.05,1.0,0.75,0.81,0.77,0.92,1.01,1.1
Slc25a1,plex_2,,,,,,,,,,1.06,1.44,0.92,0.94,0.98,1.27,0.98,0.72,0.96
Alcam,plex_2,,,,,,,,,,1.01,0.95,1.42,0.86,0.71,0.89,1.02,0.85,1.27
Yars,plex_2,,,,,,,,,,0.89,0.97,0.85,0.73,0.68,0.79,0.92,0.88,0.97
Yars,plex_2,,,,,,,,,,0.89,0.97,0.85,0.73,0.68,0.79,0.92,0.88,0.97
Tecr,plex_2,,,,,,,,,,1.05,1.14,0.92,0.84,0.83,1.09,1.0,0.99,1.2
Cbx3,plex_2,,,,,,,,,,0.86,1.22,1.12,0.81,0.58,0.72,0.77,0.74,0.79
Cbx3,plex_2,,,,,,,,,,0.86,1.22,1.12,0.81,0.58,0.72,0.77,0.74,0.79
Eif3c,plex_2,,,,,,,,,,0.92,1.02,0.78,0.85,0.8,1.0,0.84,0.88,0.89
Atp5d,plex_2,,,,,,,,,,0.81,0.96,1.1,0.74,0.75,0.78,0.93,1.04,0.93
Atp5d,plex_2,,,,,,,,,,0.81,0.96,1.1,0.74,0.75,0.78,0.93,1.04,0.93
Rpl11,plex_2,,,,,,,,,,0.94,0.94,0.68,0.76,0.65,1.01,0.81,0.68,0.86
Scarb2,plex_2,,,,,,,,,,1.03,1.04,0.99,0.89,0.84,0.79,0.9,0.92,1.34
Sept11,plex_2,,,,,,,,,,0.92,1.16,1.06,0.79,0.87,0.96,0.92,0.98,1.02
Sept11,plex_2,,,,,,,,,,0.92,1.16,1.06,0.79,0.87,0.96,0.92,0.98,1.02
Sept11,plex_2,,,,,,,,,,0.92,1.16,1.06,0.79,0.87,0.96,0.92,0.98,1.02
Sept11,plex_2,,,,,,,,,,0.92,1.16,1.06,0.79,0.87,0.96,0.92,0.98,1.02
Sept11,plex_2,,,,,,,,,,0.92,1.16,1.06,0.79,0.87,0.96,0.92,0.98,1.02
Vapb,plex_2,,,,,,,,,,1.08,0.85,0.96,0.79,0.78,0.94,0.97,0.98,0.88
Vapb,plex_2,,,,,,,,,,1.08,0.85,0.96,0.79,0.78,0.94,0.97,0.98,0.88
Atad1,plex_2,,,,,,,,,,1.1,1.02,0.84,0.77,0.92,0.97,0.98,0.82,0.86
Zmpste24,plex_2,,,,,,,,,,1.19,1.28,1.18,0.93,1.04,0.79,1.18,1.78,1.36
Crip2,plex_2,,,,,,,,,,1.25,1.03,0.88,1.2,0.73,0.8,1.45,1.02,0.97
Sntb1,plex_2,,,,,,,,,,0.95,1.05,1.0,0.75,0.81,0.81,0.92,0.83,1.02
Urah,plex_2,,,,,,,,,,0.95,0.96,0.98,0.79,0.85,0.86,0.96,1.03,1.08
Ddx58,plex_2,,,,,,,,,,0.93,1.03,0.82,0.71,0.64,0.65,0.79,0.95,0.82
Tfam,plex_2,,,,,,,,,,1.0,1.07,1.01,0.76,0.71,1.04,1.12,0.98,0.98
Tfam,plex_2,,,,,,,,,,1.0,1.07,1.01,0.76,0.71,1.04,1.12,0.98,0.98
Tfam,plex_2,,,,,,,,,,1.0,1.07,1.01,0.76,0.71,1.04,1.12,0.98,0.98
Tfam,plex_2,,,,,,,,,,1.0,1.07,1.01,0.76,0.71,1.04,1.12,0.98,0.98
Abcf1,plex_2,,,,,,,,,,1.02,1.72,1.55,0.86,1.03,1.06,1.21,1.21,1.14
Lypla2,plex_2,,,,,,,,,,1.04,0.95,0.87,0.82,0.81,0.84,1.2,1.16,1.07
Rps15a,plex_2,,,,,,,,,,1.06,1.09,0.88,0.88,0.88,0.97,0.98,1.0,1.0
Mb,plex_2,,,,,,,,,,1.46,0.6,0.15,3.07,0.81,1.7,0.6,0.76,0.91
Uba5,plex_2,,,,,,,,,,0.82,1.09,0.9,0.75,0.96,1.04,1.01,1.32,1.27
Trim25,plex_2,,,,,,,,,,1.06,1.07,0.67,0.59,0.78,0.81,0.79,0.95,1.1
Sarnp,plex_2,,,,,,,,,,1.28,1.19,0.74,0.84,0.6,0.87,1.31,0.96,1.38
Hnrnpab,plex_2,,,,,,,,,,1.24,1.12,1.01,0.94,0.8,0.89,0.99,1.01,1.15
Hnrnpab,plex_2,,,,,,,,,,1.24,1.12,1.01,0.94,0.8,0.89,0.99,1.01,1.15
Hnrnpab,plex_2,,,,,,,,,,1.24,1.12,1.01,0.94,0.8,0.89,0.99,1.01,1.15
Hnrnpab,plex_2,,,,,,,,,,1.24,1.12,1.01,0.94,0.8,0.89,0.99,1.01,1.15
Hnrnpab,plex_2,,,,,,,,,,1.24,1.12,1.01,0.94,0.8,0.89,0.99,1.01,1.15
Pdlim1,plex_2,,,,,,,,,,1.26,1.69,1.01,0.79,0.82,0.82,0.87,0.89,0.99
Prodh2,plex_2,,,,,,,,,,0.91,0.81,0.91,0.84,0.92,0.93,0.96,0.83,1.1
H3f3c,plex_2,,,,,,,,,,0.69,0.75,0.97,0.84,0.56,1.23,0.92,0.82,0.82
H3f3a,plex_2,,,,,,,,,,0.69,0.75,0.97,0.84,0.56,1.23,0.92,0.82,0.82
Igh,plex_2,,,,,,,,,,1.0,0.86,1.21,1.16,1.3,0.87,1.37,1.17,1.38
Gchfr,plex_2,,,,,,,,,,1.0,1.01,0.94,0.73,0.77,0.84,1.0,1.01,1.12
Pfas,plex_2,,,,,,,,,,0.8,0.94,0.8,0.72,0.72,0.72,0.77,0.93,1.0
Ubap2l,plex_2,,,,,,,,,,0.89,0.87,0.77,0.76,0.78,0.84,0.78,0.73,0.98
Ubap2l,plex_2,,,,,,,,,,0.89,0.87,0.77,0.76,0.78,0.84,0.78,0.73,0.98
Rpl15,plex_2,,,,,,,,,,0.99,1.04,0.91,0.73,0.76,0.86,1.0,0.87,1.04
Gm10020,plex_2,,,,,,,,,,0.99,1.04,0.91,0.73,0.76,0.86,1.0,0.87,1.04
Rpl15,plex_2,,,,,,,,,,0.99,1.04,0.91,0.73,0.76,0.86,1.0,0.87,1.04
Echdc1,plex_2,,,,,,,,,,0.91,1.07,0.77,0.82,0.68,1.01,0.93,0.83,1.02
Echdc1,plex_2,,,,,,,,,,0.91,1.07,0.77,0.82,0.68,1.01,0.93,0.83,1.02
Iah1,plex_2,,,,,,,,,,0.57,0.86,0.8,0.6,0.57,0.7,0.57,0.89,0.85
Stx12,plex_2,,,,,,,,,,1.07,0.94,0.92,0.93,0.75,1.21,0.94,0.9,1.21
Stx12,plex_2,,,,,,,,,,1.07,0.94,0.92,0.93,0.75,1.21,0.94,0.9,1.21
Gm4756,plex_2,,,,,,,,,,0.95,1.05,0.86,0.78,0.86,1.01,0.93,1.07,0.96
F2,plex_2,,,,,,,,,,1.3,1.11,0.95,0.92,0.96,1.17,1.0,0.88,1.15
F2,plex_2,,,,,,,,,,1.3,1.11,0.95,0.92,0.96,1.17,1.0,0.88,1.15
Creg1,plex_2,,,,,,,,,,0.75,0.89,0.68,0.81,0.63,0.63,0.81,0.91,0.91
Hpgd,plex_2,,,,,,,,,,0.83,0.77,1.01,0.82,0.84,0.87,0.91,1.11,1.16
Btf3,plex_2,,,,,,,,,,0.89,0.97,0.75,0.72,0.82,0.92,0.8,0.76,1.15
H1f0,plex_2,,,,,,,,,,0.78,0.74,0.96,0.95,0.61,1.24,0.92,0.82,0.72
Mgst1,plex_2,,,,,,,,,,0.87,1.02,1.04,0.76,0.81,0.85,1.03,0.94,1.12
Fads2,plex_2,,,,,,,,,,1.05,1.41,0.94,0.8,0.98,0.96,0.93,0.78,1.14
Hprt1,plex_2,,,,,,,,,,0.8,0.99,0.98,0.78,0.73,0.77,1.09,0.77,1.01
Hprt,plex_2,,,,,,,,,,0.8,0.99,0.98,0.78,0.73,0.77,1.09,0.77,1.01
Arpc5,plex_2,,,,,,,,,,0.85,0.89,0.81,0.78,0.56,0.73,0.74,0.89,0.97
Safb,plex_2,,,,,,,,,,1.13,1.05,0.92,0.75,0.82,0.88,0.83,1.09,1.34
Rpl26,plex_2,,,,,,,,,,0.93,0.92,0.9,0.75,0.69,1.06,0.83,0.8,0.86
Psmb3,plex_2,,,,,,,,,,0.91,1.1,0.93,0.81,0.67,0.76,1.12,1.04,0.94
Lamp2,plex_2,,,,,,,,,,0.9,0.79,0.86,0.86,0.76,0.97,0.96,0.97,1.06
Lamp2,plex_2,,,,,,,,,,0.9,0.79,0.86,0.86,0.76,0.97,0.96,0.97,1.06
Lamp2,plex_2,,,,,,,,,,0.9,0.79,0.86,0.86,0.76,0.97,0.96,0.97,1.06
Lamp2,plex_2,,,,,,,,,,0.9,0.79,0.86,0.86,0.76,0.97,0.96,0.97,1.06
Lamp2,plex_2,,,,,,,,,,0.9,0.79,0.86,0.86,0.76,0.97,0.96,0.97,1.06
Acot2,plex_2,,,,,,,,,,1.0,0.93,1.19,1.1,0.87,0.98,1.18,1.06,1.45
Tcof1,plex_2,,,,,,,,,,1.07,1.22,1.56,1.03,1.01,0.72,1.47,1.56,1.88
Cyp8b1,plex_2,,,,,,,,,,0.75,1.05,1.09,0.67,0.77,0.61,0.95,0.93,0.76
Arf5,plex_2,,,,,,,,,,1.11,0.81,0.96,0.8,0.81,0.92,1.23,1.04,1.09
Lum,plex_2,,,,,,,,,,0.89,1.14,0.61,0.67,0.76,1.06,0.67,0.82,1.06
Gorasp2,plex_2,,,,,,,,,,1.16,1.08,0.91,1.04,1.0,0.86,1.27,0.83,1.0
Gorasp2,plex_2,,,,,,,,,,1.16,1.08,0.91,1.04,1.0,0.86,1.27,0.83,1.0
Gorasp2,plex_2,,,,,,,,,,1.16,1.08,0.91,1.04,1.0,0.86,1.27,0.83,1.0
Gorasp2,plex_2,,,,,,,,,,1.16,1.08,0.91,1.04,1.0,0.86,1.27,0.83,1.0
Selenbp2,plex_2,,,,,,,,,,1.22,1.74,1.51,0.8,0.6,0.86,1.19,0.8,1.05
Rpl18,plex_2,,,,,,,,,,1.07,1.07,0.77,0.63,0.72,1.31,0.96,0.86,1.0
Sugct,plex_2,,,,,,,,,,1.05,0.9,0.85,0.78,0.96,0.7,1.09,0.92,1.1
Ywhab,plex_2,,,,,,,,,,1.01,0.97,0.91,0.84,0.77,0.86,0.79,0.88,0.87
Ywhab,plex_2,,,,,,,,,,1.01,0.97,0.91,0.84,0.77,0.86,0.79,0.88,0.87
Nmt1,plex_2,,,,,,,,,,1.1,1.02,0.87,0.91,0.67,1.2,0.97,0.84,1.14
Ndufa3,plex_2,,,,,,,,,,1.16,1.15,1.12,0.97,1.15,1.11,1.13,1.47,1.35
Hp1bp3,plex_2,,,,,,,,,,0.49,0.71,1.0,0.64,0.7,1.27,0.72,0.77,0.68
Hp1bp3,plex_2,,,,,,,,,,0.49,0.71,1.0,0.64,0.7,1.27,0.72,0.77,0.68
Hp1bp3,plex_2,,,,,,,,,,0.49,0.71,1.0,0.64,0.7,1.27,0.72,0.77,0.68
Enpep,plex_2,,,,,,,,,,1.24,1.12,0.98,0.8,0.69,0.84,0.77,1.07,0.88
Strap,plex_2,,,,,,,,,,0.92,1.08,1.02,0.8,0.87,1.03,1.14,0.93,1.09
Ptrh2,plex_2,,,,,,,,,,1.2,1.19,1.09,0.76,0.79,0.88,0.92,1.13,0.96
Atg3,plex_2,,,,,,,,,,0.98,1.41,1.12,1.23,1.33,1.32,1.22,1.15,1.49
Ptpn6,plex_2,,,,,,,,,,0.9,0.96,0.9,0.7,1.03,1.09,1.35,0.91,1.22
Ptpn6,plex_2,,,,,,,,,,0.9,0.96,0.9,0.7,1.03,1.09,1.35,0.91,1.22
Ptpn6,plex_2,,,,,,,,,,0.9,0.96,0.9,0.7,1.03,1.09,1.35,0.91,1.22
Serpinh1,plex_2,,,,,,,,,,0.97,1.09,0.93,0.68,0.7,0.9,0.98,1.01,0.88
Serpinh1,plex_2,,,,,,,,,,0.97,1.09,0.93,0.68,0.7,0.9,0.98,1.01,0.88
Serpinh1,plex_2,,,,,,,,,,0.97,1.09,0.93,0.68,0.7,0.9,0.98,1.01,0.88
Psmb8,plex_2,,,,,,,,,,0.94,1.06,0.95,0.79,0.67,0.98,0.86,0.88,0.96
Psmb8,plex_2,,,,,,,,,,0.94,1.06,0.95,0.79,0.67,0.98,0.86,0.88,0.96
Slirp,plex_2,,,,,,,,,,1.11,1.09,0.96,0.92,0.78,1.13,1.1,0.94,1.09
Atp5l,plex_2,,,,,,,,,,0.9,1.1,1.08,0.75,0.95,0.98,1.01,1.01,1.05
Tpr,plex_2,,,,,,,,,,1.14,1.09,0.92,0.98,0.67,0.94,1.0,0.91,1.34
Rsu1,plex_2,,,,,,,,,,0.87,0.98,0.96,0.84,0.82,0.94,1.22,0.92,1.14
Rsu1,plex_2,,,,,,,,,,0.87,0.98,0.96,0.84,0.82,0.94,1.22,0.92,1.14
Clmn,plex_2,,,,,,,,,,0.99,1.05,0.99,0.78,0.76,0.95,0.99,0.93,1.03
Rmdn1,plex_2,,,,,,,,,,0.97,1.04,0.98,0.94,0.69,0.81,1.08,0.97,1.15
Sfxn2,plex_2,,,,,,,,,,0.84,0.89,0.65,0.79,0.61,0.98,0.8,0.68,0.78
Mrrf,plex_2,,,,,,,,,,1.93,1.32,1.55,1.16,1.5,1.02,1.25,1.76,1.56
Ctsh,plex_2,,,,,,,,,,1.04,1.03,1.07,0.95,0.8,0.94,1.04,0.83,0.98
Nolc1,plex_2,,,,,,,,,,0.94,0.96,0.73,0.77,0.71,1.0,0.75,0.75,1.01
Gsdmdc1,plex_2,,,,,,,,,,1.02,0.99,1.13,0.79,0.73,1.24,0.98,1.39,1.21
Mfn2,plex_2,,,,,,,,,,0.96,0.72,1.0,0.72,0.63,0.74,1.0,0.93,0.8
Mfn2,plex_2,,,,,,,,,,0.96,0.72,1.0,0.72,0.63,0.74,1.0,0.93,0.8
Tha1,plex_2,,,,,,,,,,1.19,1.72,1.25,0.94,0.73,1.73,1.38,0.94,1.28
Pitpnb,plex_2,,,,,,,,,,0.95,1.07,1.0,0.93,0.89,0.95,0.94,0.9,1.09
Purb,plex_2,,,,,,,,,,1.05,1.27,0.81,0.82,0.82,0.89,0.81,0.95,1.52
Pmm2,plex_2,,,,,,,,,,0.79,1.02,0.77,0.89,0.85,0.89,1.11,0.93,1.19
Cyp2c69,plex_2,,,,,,,,,,1.26,3.09,1.08,0.57,0.78,0.6,0.64,1.29,0.85
Cyp2d9,plex_2,,,,,,,,,,0.85,0.7,0.96,0.67,0.96,0.88,1.24,0.64,1.02
Cyp2d9,plex_2,,,,,,,,,,0.85,0.7,0.96,0.67,0.96,0.88,1.24,0.64,1.02
Ddx21,plex_2,,,,,,,,,,0.98,1.16,0.98,0.85,0.79,0.82,0.97,0.92,1.18
Cul4a,plex_2,,,,,,,,,,0.85,0.87,1.06,0.7,0.77,0.8,1.13,0.84,1.23
Akr1b3,plex_2,,,,,,,,,,0.94,1.08,0.96,0.86,0.94,0.88,0.79,0.89,1.02
Akr1b1,plex_2,,,,,,,,,,0.94,1.08,0.96,0.86,0.94,0.88,0.79,0.89,1.02
Rpl21,plex_2,,,,,,,,,,0.95,1.02,1.09,0.9,0.85,0.92,0.97,0.99,1.06
Ndufv3,plex_2,,,,,,,,,,0.92,0.96,0.76,0.85,0.78,0.96,0.91,0.88,1.32
Dbnl,plex_2,,,,,,,,,,1.24,1.15,1.37,0.76,0.66,1.04,1.25,1.27,1.48
Dbnl,plex_2,,,,,,,,,,1.24,1.15,1.37,0.76,0.66,1.04,1.25,1.27,1.48
Dbnl,plex_2,,,,,,,,,,1.24,1.15,1.37,0.76,0.66,1.04,1.25,1.27,1.48
Entpd5,plex_2,,,,,,,,,,0.83,0.93,0.95,0.72,0.77,0.99,0.87,0.78,0.93
Ostf1,plex_2,,,,,,,,,,1.01,1.19,0.78,0.8,0.93,1.0,0.99,1.05,1.13
Mtpn,plex_2,,,,,,,,,,1.02,1.05,0.87,0.83,0.87,0.87,1.12,1.13,1.27
Nudt12,plex_2,,,,,,,,,,0.81,0.72,0.93,0.82,0.8,0.81,0.86,0.82,1.11
Nudt12,plex_2,,,,,,,,,,0.81,0.72,0.93,0.82,0.8,0.81,0.86,0.82,1.11
Snx5,plex_2,,,,,,,,,,1.09,1.02,0.95,0.84,0.8,1.22,0.87,0.93,1.26
Snx5,plex_2,,,,,,,,,,1.09,1.02,0.95,0.84,0.8,1.22,0.87,0.93,1.26
Bola1,plex_2,,,,,,,,,,0.92,0.98,1.12,1.0,0.82,1.13,1.13,0.89,1.24
Nans,plex_2,,,,,,,,,,1.33,1.18,0.88,0.77,0.8,0.74,1.16,1.3,1.17
Clptm1,plex_2,,,,,,,,,,0.99,1.22,0.98,0.85,0.88,0.6,0.92,0.91,0.95
Gstt2,plex_2,,,,,,,,,,0.81,1.06,0.8,0.81,0.79,1.07,1.0,1.02,1.03
Phyhd1,plex_2,,,,,,,,,,0.84,1.15,1.18,0.82,0.94,0.88,1.31,1.08,1.06
Phyhd1,plex_2,,,,,,,,,,0.84,1.15,1.18,0.82,0.94,0.88,1.31,1.08,1.06
Phyhd1,plex_2,,,,,,,,,,0.84,1.15,1.18,0.82,0.94,0.88,1.31,1.08,1.06
Dnaja2,plex_2,,,,,,,,,,0.89,0.92,0.83,0.82,0.84,0.83,0.97,0.84,0.96
Sar1a,plex_2,,,,,,,,,,0.92,1.0,0.85,0.75,0.76,0.8,0.92,0.98,1.35
Sec13,plex_2,,,,,,,,,,0.91,1.01,0.78,0.72,0.74,0.74,0.94,0.96,1.01
Fdx1,plex_2,,,,,,,,,,1.08,0.92,0.83,0.81,0.81,1.02,0.99,0.75,1.05
Vps29,plex_2,,,,,,,,,,1.03,1.06,0.99,0.91,0.81,1.0,0.92,0.85,1.01
Vps29,plex_2,,,,,,,,,,1.03,1.06,0.99,0.91,0.81,1.0,0.92,0.85,1.01
Vps29,plex_2,,,,,,,,,,1.03,1.06,0.99,0.91,0.81,1.0,0.92,0.85,1.01
Vps29,plex_2,,,,,,,,,,1.03,1.06,0.99,0.91,0.81,1.0,0.92,0.85,1.01
Tbcel,plex_2,,,,,,,,,,0.9,0.99,0.77,0.79,0.73,1.02,0.82,0.79,1.12
Capn2,plex_2,,,,,,,,,,0.96,0.83,0.61,0.73,0.81,0.83,0.9,0.67,1.0
Capn2,plex_2,,,,,,,,,,0.96,0.83,0.61,0.73,0.81,0.83,0.9,0.67,1.0
Capn2,plex_2,,,,,,,,,,0.96,0.83,0.61,0.73,0.81,0.83,0.9,0.67,1.0
Vat1,plex_2,,,,,,,,,,0.96,0.87,0.93,0.83,0.7,0.99,1.0,0.84,1.11
Vat1,plex_2,,,,,,,,,,0.96,0.87,0.93,0.83,0.7,0.99,1.0,0.84,1.11
Ciapin1,plex_2,,,,,,,,,,1.18,1.06,1.07,0.76,0.81,1.25,1.18,1.19,1.37
Apoa4,plex_2,,,,,,,,,,1.26,0.95,0.87,1.27,0.76,0.76,0.9,0.95,1.17
Apoa4,plex_2,,,,,,,,,,1.26,0.95,0.87,1.27,0.76,0.76,0.9,0.95,1.17
Tubb5,plex_2,,,,,,,,,,1.06,1.15,1.25,0.66,1.01,0.98,0.93,1.2,1.23
Hmbs,plex_2,,,,,,,,,,1.5,1.33,1.2,1.1,0.9,1.11,1.35,1.24,1.08
Hmbs,plex_2,,,,,,,,,,1.5,1.33,1.2,1.1,0.9,1.11,1.35,1.24,1.08
Hmbs,plex_2,,,,,,,,,,1.5,1.33,1.2,1.1,0.9,1.11,1.35,1.24,1.08
Gm20431,plex_2,,,,,,,,,,0.87,1.04,0.87,1.02,0.76,1.03,0.86,0.81,0.89
Chchd3,plex_2,,,,,,,,,,0.84,0.91,0.89,0.97,0.8,0.92,0.87,0.61,0.95
Ndufb8,plex_2,,,,,,,,,,1.96,1.76,1.12,0.95,1.71,1.05,1.26,1.33,2.3
Psmd14,plex_2,,,,,,,,,,1.15,0.83,0.73,0.86,0.66,1.04,0.95,0.96,1.17
Psmd14,plex_2,,,,,,,,,,1.15,0.83,0.73,0.86,0.66,1.04,0.95,0.96,1.17
Efhd2,plex_2,,,,,,,,,,1.07,1.18,0.8,1.09,1.02,0.58,1.04,1.13,1.41
Efhd2,plex_2,,,,,,,,,,1.07,1.18,0.8,1.09,1.02,0.58,1.04,1.13,1.41
Ndufs7,plex_2,,,,,,,,,,0.93,0.78,0.7,0.89,0.71,1.02,0.95,0.76,0.96
Itga1,plex_2,,,,,,,,,,0.98,0.93,0.82,0.95,0.82,0.91,0.79,0.98,1.17
Taco1,plex_2,,,,,,,,,,0.83,0.72,0.95,0.99,0.75,0.85,0.9,0.86,0.96
Eps8l2,plex_2,,,,,,,,,,0.7,1.39,0.81,0.74,0.78,1.21,1.25,1.22,1.15
Slc35a3,plex_2,,,,,,,,,,1.28,1.36,1.29,1.01,1.04,1.25,1.29,1.36,1.81
Tln2,plex_2,,,,,,,,,,0.86,0.99,1.15,0.8,1.01,0.85,1.19,0.91,0.98
Ube2k,plex_2,,,,,,,,,,0.82,1.0,0.98,0.72,0.81,0.77,0.99,1.03,1.38
Hbat1,plex_2,,,,,,,,,,1.61,0.87,0.81,1.01,0.7,0.92,0.99,1.07,0.95
Pabpn1,plex_2,,,,,,,,,,0.33,0.57,0.63,0.72,0.59,0.53,0.42,0.73,1.13
Pabpn1,plex_2,,,,,,,,,,0.33,0.57,0.63,0.72,0.59,0.53,0.42,0.73,1.13
Ndufa4,plex_2,,,,,,,,,,1.09,1.06,0.82,0.84,0.83,1.07,1.08,0.75,1.18
Fmo4,plex_2,,,,,,,,,,1.09,1.25,0.75,0.82,0.96,0.94,0.86,0.92,0.97
Aspscr1,plex_2,,,,,,,,,,0.98,1.04,0.86,0.76,0.91,0.9,0.93,0.96,1.03
Htatip2,plex_2,,,,,,,,,,1.59,1.03,0.9,0.82,1.32,1.37,0.92,0.83,1.14
Htatip2,plex_2,,,,,,,,,,1.59,1.03,0.9,0.82,1.32,1.37,0.92,0.83,1.14
Ica,plex_2,,,,,,,,,,1.73,1.15,0.76,1.29,0.71,1.23,1.21,1.28,1.17
Myl12a,plex_2,,,,,,,,,,0.97,0.98,0.85,0.73,0.72,0.84,0.79,0.9,1.07
,plex_2,,,,,,,,,,1.18,1.11,0.89,0.76,0.84,0.82,0.86,0.85,0.98
Echdc2,plex_2,,,,,,,,,,0.91,0.91,1.07,0.88,0.91,0.86,0.92,1.06,1.19
Tmed9,plex_2,,,,,,,,,,0.88,0.84,1.06,0.92,0.82,0.85,1.07,0.88,0.88
Psmd5,plex_2,,,,,,,,,,0.91,1.01,0.77,0.82,0.83,1.02,0.82,0.83,0.96
Fkbp3,plex_2,,,,,,,,,,0.93,0.92,0.91,0.94,0.72,0.83,0.84,0.84,0.99
Tapbp,plex_2,,,,,,,,,,0.91,1.21,0.87,0.67,0.66,0.96,0.92,0.94,0.96
Tapbp,plex_2,,,,,,,,,,0.91,1.21,0.87,0.67,0.66,0.96,0.92,0.94,0.96
Tapbp,plex_2,,,,,,,,,,0.91,1.21,0.87,0.67,0.66,0.96,0.92,0.94,0.96
Tapbp,plex_2,,,,,,,,,,0.91,1.21,0.87,0.67,0.66,0.96,0.92,0.94,0.96
Pepd,plex_2,,,,,,,,,,1.02,0.99,0.84,0.75,0.86,0.82,0.92,0.79,1.01
Dync1li1,plex_2,,,,,,,,,,1.07,1.11,1.34,0.91,0.86,1.03,1.09,1.06,1.14
Psmd6,plex_2,,,,,,,,,,1.15,0.96,0.77,0.81,1.12,0.86,1.01,0.93,1.28
Rpl27a,plex_2,,,,,,,,,,0.89,0.95,0.9,0.64,0.77,0.97,0.98,0.95,1.09
Myg1,plex_2,,,,,,,,,,1.09,1.14,0.97,0.67,0.81,0.84,0.94,0.96,1.39
Api5,plex_2,,,,,,,,,,0.93,0.95,0.92,0.84,0.67,0.69,0.89,1.03,1.06
Ssr4,plex_2,,,,,,,,,,0.98,1.06,0.88,0.92,0.78,1.01,0.89,0.95,1.04
Abcc3,plex_2,,,,,,,,,,0.98,0.93,1.19,1.01,0.84,0.99,1.1,1.17,1.26
Abcc3,plex_2,,,,,,,,,,0.98,0.93,1.19,1.01,0.84,0.99,1.1,1.17,1.26
Abcc3,plex_2,,,,,,,,,,0.98,0.93,1.19,1.01,0.84,0.99,1.1,1.17,1.26
Abcc3,plex_2,,,,,,,,,,0.98,0.93,1.19,1.01,0.84,0.99,1.1,1.17,1.26
Abcc3,plex_2,,,,,,,,,,0.98,0.93,1.19,1.01,0.84,0.99,1.1,1.17,1.26
Dync1i2,plex_2,,,,,,,,,,1.09,1.07,0.89,1.18,0.58,1.05,1.13,2.66,1.1
Azgp1,plex_2,,,,,,,,,,1.05,0.78,0.92,0.83,0.74,0.91,0.96,0.93,1.04
Crkl,plex_2,,,,,,,,,,0.87,1.03,0.92,0.64,0.54,0.67,0.85,0.92,0.95
Rtn4,plex_2,,,,,,,,,,1.07,1.25,0.85,1.04,0.95,1.05,0.97,0.88,0.93
Tm9sf3,plex_2,,,,,,,,,,0.98,1.06,0.91,0.79,0.78,0.79,1.02,0.89,1.15
Tm9sf3,plex_2,,,,,,,,,,0.98,1.06,0.91,0.79,0.78,0.79,1.02,0.89,1.15
Mrpl10,plex_2,,,,,,,,,,1.15,1.07,1.09,1.18,0.83,1.22,0.96,0.81,1.08
Parp9,plex_2,,,,,,,,,,0.95,0.99,0.87,0.75,0.91,0.86,0.92,0.9,0.95
Parp9,plex_2,,,,,,,,,,0.95,0.99,0.87,0.75,0.91,0.86,0.92,0.9,0.95
Myh1,plex_2,,,,,,,,,,0.65,0.75,0.67,6.67,0.99,0.67,0.76,0.67,0.61
Rps9,plex_2,,,,,,,,,,1.0,0.88,0.87,0.57,0.67,1.2,0.91,0.87,0.84
Afmid,plex_2,,,,,,,,,,1.05,1.0,1.15,0.9,0.96,1.07,1.16,1.02,1.15
,plex_2,,,,,,,,,,0.94,0.84,1.04,0.86,0.73,0.6,0.95,0.86,1.14
Bcap31,plex_2,,,,,,,,,,0.95,0.96,0.85,0.82,0.76,0.87,0.93,0.86,1.01
Ndufb6,plex_2,,,,,,,,,,0.94,1.01,0.76,0.86,0.82,1.02,1.01,0.92,1.12
Nploc4,plex_2,,,,,,,,,,1.08,1.0,1.01,0.75,0.81,0.76,0.97,0.97,1.06
Nploc4,plex_2,,,,,,,,,,1.08,1.0,1.01,0.75,0.81,0.76,0.97,0.97,1.06
Eefsec,plex_2,,,,,,,,,,1.02,1.04,0.86,0.79,0.88,0.93,1.09,1.23,1.02
Acnat1,plex_2,,,,,,,,,,1.1,0.96,1.02,1.07,0.97,1.1,1.05,1.1,1.2
Hcfc1,plex_2,,,,,,,,,,0.97,0.97,0.9,0.88,0.63,0.97,0.91,1.03,0.91
Rpl34,plex_2,,,,,,,,,,0.98,0.96,0.94,1.08,0.75,1.39,0.91,0.68,0.76
Ndufs5,plex_2,,,,,,,,,,0.95,0.89,0.71,0.8,0.84,0.85,0.95,0.95,0.95
Tomm40,plex_2,,,,,,,,,,1.05,1.5,0.84,0.77,0.54,0.72,0.9,0.66,0.96
Tomm40,plex_2,,,,,,,,,,1.05,1.5,0.84,0.77,0.54,0.72,0.9,0.66,0.96
Eps15,plex_2,,,,,,,,,,1.17,1.1,1.27,0.64,0.72,0.78,0.8,0.94,0.96
Ppcs,plex_2,,,,,,,,,,0.91,0.88,0.92,0.86,0.79,0.89,0.98,0.9,1.18
Cope,plex_2,,,,,,,,,,0.89,1.02,0.86,0.72,0.79,0.95,0.89,0.86,0.91
Dcaf11,plex_2,,,,,,,,,,0.96,0.98,0.89,0.83,0.92,0.88,0.88,0.85,0.86
Dcaf11,plex_2,,,,,,,,,,0.96,0.98,0.89,0.83,0.92,0.88,0.88,0.85,0.86
Dcaf11,plex_2,,,,,,,,,,0.96,0.98,0.89,0.83,0.92,0.88,0.88,0.85,0.86
Utrn,plex_2,,,,,,,,,,1.01,1.15,1.21,1.16,0.97,1.06,1.13,1.19,1.16
Utrn,plex_2,,,,,,,,,,1.01,1.15,1.21,1.16,0.97,1.06,1.13,1.19,1.16
Metap2,plex_2,,,,,,,,,,0.93,1.03,0.86,0.8,0.8,0.77,0.96,0.86,1.02
Metap2,plex_2,,,,,,,,,,0.93,1.03,0.86,0.8,0.8,0.77,0.96,0.86,1.02
Metap2,plex_2,,,,,,,,,,0.93,1.03,0.86,0.8,0.8,0.77,0.96,0.86,1.02
Mrps36,plex_2,,,,,,,,,,0.96,1.05,1.0,0.92,0.79,0.89,1.04,1.03,1.14
Mat2a,plex_2,,,,,,,,,,2.06,1.74,0.96,1.6,0.98,1.3,1.22,2.0,1.2
Slco2b1,plex_2,,,,,,,,,,0.97,0.9,0.78,0.72,0.69,1.02,0.81,0.73,0.76
Txndc12,plex_2,,,,,,,,,,1.1,1.27,0.98,0.95,0.91,0.91,1.07,1.07,1.09
Eea1,plex_2,,,,,,,,,,0.74,0.96,0.68,0.72,0.87,0.85,0.77,0.73,0.9
Hnrnpa0,plex_2,,,,,,,,,,0.93,1.02,0.92,1.13,0.92,0.96,0.99,1.05,1.21
Marcks,plex_2,,,,,,,,,,1.09,0.99,1.03,0.91,0.91,0.78,0.96,0.96,0.97
Marcks,plex_2,,,,,,,,,,1.09,0.99,1.03,0.91,0.91,0.78,0.96,0.96,0.97
Gimap4,plex_2,,,,,,,,,,1.15,0.9,1.41,0.83,0.7,0.87,0.87,1.25,0.93
Acot12,plex_2,,,,,,,,,,0.98,0.89,0.92,0.83,0.76,0.92,0.94,0.94,1.21
Eif4a3,plex_2,,,,,,,,,,0.79,0.95,1.11,0.9,0.55,0.99,1.1,1.08,0.99
Stbd1,plex_2,,,,,,,,,,0.98,0.81,0.85,0.86,0.71,0.92,0.98,0.82,1.05
Rbbp4,plex_2,,,,,,,,,,0.96,0.97,0.8,0.76,0.71,1.09,0.88,0.8,0.9
Mrps31,plex_2,,,,,,,,,,1.09,1.02,0.7,0.78,0.85,0.97,0.9,0.82,1.11
mCG_6739,plex_2,,,,,,,,,,1.09,1.0,1.13,1.07,0.86,0.75,0.99,0.97,1.08
Rps21,plex_2,,,,,,,,,,1.09,1.0,1.13,1.07,0.86,0.75,0.99,0.97,1.08
Rps24,plex_2,,,,,,,,,,0.97,1.01,1.05,0.81,0.71,0.79,0.95,0.79,1.06
Rps24,plex_2,,,,,,,,,,0.97,1.01,1.05,0.81,0.71,0.79,0.95,0.79,1.06
Rps24,plex_2,,,,,,,,,,0.97,1.01,1.05,0.81,0.71,0.79,0.95,0.79,1.06
Rps24,plex_2,,,,,,,,,,0.97,1.01,1.05,0.81,0.71,0.79,0.95,0.79,1.06
Rps24,plex_2,,,,,,,,,,0.97,1.01,1.05,0.81,0.71,0.79,0.95,0.79,1.06
Rps24,plex_2,,,,,,,,,,0.97,1.01,1.05,0.81,0.71,0.79,0.95,0.79,1.06
Rps24,plex_2,,,,,,,,,,0.97,1.01,1.05,0.81,0.71,0.79,0.95,0.79,1.06
Sec23ip,plex_2,,,,,,,,,,1.03,0.97,0.82,0.96,0.84,0.92,0.94,0.91,1.08
Sec23ip,plex_2,,,,,,,,,,1.03,0.97,0.82,0.96,0.84,0.92,0.94,0.91,1.08
Sec23ip,plex_2,,,,,,,,,,1.03,0.97,0.82,0.96,0.84,0.92,0.94,0.91,1.08
Gsn,plex_2,,,,,,,,,,1.27,1.03,0.72,0.97,0.82,1.08,0.89,0.83,0.98
Gsn,plex_2,,,,,,,,,,1.27,1.03,0.72,0.97,0.82,1.08,0.89,0.83,0.98
Arl1,plex_2,,,,,,,,,,0.98,1.44,1.24,1.04,1.04,1.05,1.14,1.29,1.84
Ptges3,plex_2,,,,,,,,,,0.91,0.96,0.87,0.87,0.89,0.96,1.02,0.91,0.81
Ptges3,plex_2,,,,,,,,,,0.91,0.96,0.87,0.87,0.89,0.96,1.02,0.91,0.81
Slc22a26,plex_2,,,,,,,,,,0.95,1.14,0.72,0.74,0.86,0.92,0.76,0.9,0.96
Sdpr,plex_2,,,,,,,,,,0.8,0.99,0.78,1.2,0.74,1.25,0.81,0.94,1.56
Pacsin2,plex_2,,,,,,,,,,0.87,0.88,0.81,0.62,0.66,0.68,0.8,0.86,0.89
Cpne3,plex_2,,,,,,,,,,1.14,1.03,1.01,0.86,0.76,0.96,0.96,0.99,0.96
Cox6c,plex_2,,,,,,,,,,0.93,0.89,0.87,0.83,0.74,0.89,0.96,0.83,1.02
Atl2,plex_2,,,,,,,,,,1.13,0.77,0.77,0.9,0.6,0.75,0.86,0.99,0.74
Ptma,plex_2,,,,,,,,,,1.05,1.31,0.59,0.92,0.71,1.03,0.82,0.65,1.15
Ptma,plex_2,,,,,,,,,,1.05,1.31,0.59,0.92,0.71,1.03,0.82,0.65,1.15
Ptma,plex_2,,,,,,,,,,1.05,1.31,0.59,0.92,0.71,1.03,0.82,0.65,1.15
Ptma,plex_2,,,,,,,,,,1.05,1.31,0.59,0.92,0.71,1.03,0.82,0.65,1.15
Ptma,plex_2,,,,,,,,,,1.05,1.31,0.59,0.92,0.71,1.03,0.82,0.65,1.15
Gm12504,plex_2,,,,,,,,,,1.05,1.31,0.59,0.92,0.71,1.03,0.82,0.65,1.15
Pex19,plex_2,,,,,,,,,,0.81,1.01,0.8,0.81,0.78,0.9,1.0,0.95,0.82
Pex19,plex_2,,,,,,,,,,0.81,1.01,0.8,0.81,0.78,0.9,1.0,0.95,0.82
Ndufab1,plex_2,,,,,,,,,,0.94,0.8,0.96,0.8,0.79,1.31,0.91,0.93,1.31
Ndufab1,plex_2,,,,,,,,,,0.94,0.8,0.96,0.8,0.79,1.31,0.91,0.93,1.31
Ndufab1,plex_2,,,,,,,,,,0.94,0.8,0.96,0.8,0.79,1.31,0.91,0.93,1.31
Ndufab1,plex_2,,,,,,,,,,0.94,0.8,0.96,0.8,0.79,1.31,0.91,0.93,1.31
Tmsb4x,plex_2,,,,,,,,,,1.02,1.01,0.79,0.88,0.78,1.13,0.81,0.76,1.03
Sepsecs,plex_2,,,,,,,,,,0.82,0.96,0.89,0.68,0.73,0.74,0.77,0.73,1.0
Ggact,plex_2,,,,,,,,,,1.0,0.86,0.94,0.75,0.72,0.75,0.96,0.85,0.99
Ggact,plex_2,,,,,,,,,,1.0,0.86,0.94,0.75,0.72,0.75,0.96,0.85,0.99
Ggact,plex_2,,,,,,,,,,1.0,0.86,0.94,0.75,0.72,0.75,0.96,0.85,0.99
Lsr,plex_2,,,,,,,,,,1.29,1.05,0.95,0.79,1.0,0.98,1.1,0.92,1.22
Lsr,plex_2,,,,,,,,,,1.29,1.05,0.95,0.79,1.0,0.98,1.1,0.92,1.22
Lsr,plex_2,,,,,,,,,,1.29,1.05,0.95,0.79,1.0,0.98,1.1,0.92,1.22
Snx3,plex_2,,,,,,,,,,1.09,0.9,1.02,0.88,0.84,1.19,0.99,0.88,1.08
Csnk2a1,plex_2,,,,,,,,,,0.96,0.84,0.76,0.73,0.69,0.73,0.87,0.81,0.92
,plex_2,,,,,,,,,,0.96,0.84,0.76,0.73,0.69,0.73,0.87,0.81,0.92
Rbbp9,plex_2,,,,,,,,,,1.06,0.94,0.95,0.78,0.94,0.85,0.95,1.04,1.13
Rbbp9,plex_2,,,,,,,,,,1.06,0.94,0.95,0.78,0.94,0.85,0.95,1.04,1.13
Dtx3l,plex_2,,,,,,,,,,1.48,1.5,0.92,0.86,0.95,0.84,1.24,1.27,1.32
Wars,plex_2,,,,,,,,,,1.04,1.1,0.88,0.89,0.74,0.91,1.03,0.85,1.09
Wars,plex_2,,,,,,,,,,1.04,1.1,0.88,0.89,0.74,0.91,1.03,0.85,1.09
Ca5a,plex_2,,,,,,,,,,0.92,0.86,0.98,0.8,0.74,0.92,0.95,0.92,1.06
Dsg2,plex_2,,,,,,,,,,0.97,1.11,1.17,0.78,0.86,0.98,0.89,0.92,1.44
Ccdc58,plex_2,,,,,,,,,,0.92,0.85,0.9,0.81,0.66,0.86,0.91,0.85,0.91
Ccdc58,plex_2,,,,,,,,,,0.92,0.85,0.9,0.81,0.66,0.86,0.91,0.85,0.91
Clta,plex_2,,,,,,,,,,0.87,0.93,0.88,0.81,0.66,0.8,0.61,0.82,1.04
Clta,plex_2,,,,,,,,,,0.87,0.93,0.88,0.81,0.66,0.8,0.61,0.82,1.04
Ndufb5,plex_2,,,,,,,,,,0.94,0.98,0.75,0.81,0.85,1.06,0.84,0.84,1.07
Ndufb5,plex_2,,,,,,,,,,0.94,0.98,0.75,0.81,0.85,1.06,0.84,0.84,1.07
Grn,plex_2,,,,,,,,,,0.96,0.95,1.32,1.05,1.29,1.08,1.0,1.06,0.68
Umps,plex_2,,,,,,,,,,1.04,1.11,0.94,0.78,0.74,0.75,0.89,0.98,1.05
Umps,plex_2,,,,,,,,,,1.04,1.11,0.94,0.78,0.74,0.75,0.89,0.98,1.05
Armc1,plex_2,,,,,,,,,,1.13,0.89,1.04,1.1,0.85,1.3,0.85,0.9,2.26
Etnppl,plex_2,,,,,,,,,,1.1,1.13,0.78,1.25,0.98,1.21,0.87,0.67,1.62
Coq7,plex_2,,,,,,,,,,1.39,1.39,0.96,1.01,0.95,1.45,1.12,1.39,1.37
Memo1,plex_2,,,,,,,,,,1.17,0.94,1.13,0.93,0.9,1.02,1.17,1.04,1.21
Memo1,plex_2,,,,,,,,,,1.17,0.94,1.13,0.93,0.9,1.02,1.17,1.04,1.21
Chd4,plex_2,,,,,,,,,,0.96,1.05,0.7,1.37,0.82,0.82,1.47,0.83,1.14
Mcee,plex_2,,,,,,,,,,1.23,1.26,1.13,0.7,0.79,0.9,1.03,1.22,1.04
Sel1l,plex_2,,,,,,,,,,0.94,1.17,0.97,0.69,0.87,0.84,0.8,0.8,0.97
Sel1l,plex_2,,,,,,,,,,0.94,1.17,0.97,0.69,0.87,0.84,0.8,0.8,0.97
Vps25,plex_2,,,,,,,,,,1.08,0.84,1.15,0.7,0.78,0.82,1.23,0.78,0.89
Dgat1,plex_2,,,,,,,,,,1.13,0.86,1.15,1.2,0.67,1.91,1.08,0.94,1.09
Hdhd2,plex_2,,,,,,,,,,1.06,1.04,0.94,0.85,0.82,0.95,0.91,0.81,0.98
Col1a2,plex_2,,,,,,,,,,0.94,0.81,0.71,0.87,0.55,1.05,0.94,0.77,0.87
Col1a2,plex_2,,,,,,,,,,0.94,0.81,0.71,0.87,0.55,1.05,0.94,0.77,0.87
Col1a2,plex_2,,,,,,,,,,0.94,0.81,0.71,0.87,0.55,1.05,0.94,0.77,0.87
Rbmxl1,plex_2,,,,,,,,,,1.16,1.12,0.84,0.87,0.81,1.29,1.0,0.96,1.08
Urad,plex_2,,,,,,,,,,0.93,1.1,0.89,0.81,0.76,0.84,0.77,0.9,1.19
Msn,plex_2,,,,,,,,,,1.06,1.14,0.97,0.81,0.68,0.89,1.09,0.97,1.1
Sfxn5,plex_2,,,,,,,,,,1.0,0.9,0.92,0.73,0.67,0.88,0.87,0.88,0.85
Sfxn5,plex_2,,,,,,,,,,1.0,0.9,0.92,0.73,0.67,0.88,0.87,0.88,0.85
Gjb1,plex_2,,,,,,,,,,1.05,0.86,0.96,0.7,0.59,0.78,0.9,0.87,0.87
Emc1,plex_2,,,,,,,,,,1.0,0.78,0.81,0.79,0.66,0.82,0.98,0.86,1.03
Emc1,plex_2,,,,,,,,,,1.0,0.78,0.81,0.79,0.66,0.82,0.98,0.86,1.03
Stat1,plex_2,,,,,,,,,,1.36,1.31,0.82,0.98,0.51,0.96,1.05,1.06,1.08
Stat1,plex_2,,,,,,,,,,1.36,1.31,0.82,0.98,0.51,0.96,1.05,1.06,1.08
Stat1,plex_2,,,,,,,,,,1.36,1.31,0.82,0.98,0.51,0.96,1.05,1.06,1.08
Stat1,plex_2,,,,,,,,,,1.36,1.31,0.82,0.98,0.51,0.96,1.05,1.06,1.08
Stat1,plex_2,,,,,,,,,,1.36,1.31,0.82,0.98,0.51,0.96,1.05,1.06,1.08
Stat1,plex_2,,,,,,,,,,1.36,1.31,0.82,0.98,0.51,0.96,1.05,1.06,1.08
Stat1,plex_2,,,,,,,,,,1.36,1.31,0.82,0.98,0.51,0.96,1.05,1.06,1.08
Tpm4,plex_2,,,,,,,,,,1.18,1.17,0.73,0.85,0.63,0.99,0.66,0.65,1.01
Mri1,plex_2,,,,,,,,,,0.96,0.9,1.25,0.83,0.61,1.15,1.08,1.02,1.0
Ndufb4,plex_2,,,,,,,,,,1.05,0.95,0.85,0.99,0.9,0.99,1.02,0.96,1.24
Ndufb4,plex_2,,,,,,,,,,1.05,0.95,0.85,0.99,0.9,0.99,1.02,0.96,1.24
Actr1b,plex_2,,,,,,,,,,0.87,0.85,0.8,0.76,0.7,0.9,0.79,0.67,0.89
Npc2,plex_2,,,,,,,,,,0.89,1.07,0.83,0.82,0.81,0.81,0.95,0.8,0.94
Npc2,plex_2,,,,,,,,,,0.89,1.07,0.83,0.82,0.81,0.81,0.95,0.8,0.94
Npc2,plex_2,,,,,,,,,,0.89,1.07,0.83,0.82,0.81,0.81,0.95,0.8,0.94
Mtco1,plex_2,,,,,,,,,,1.23,1.17,0.76,1.11,0.74,0.84,0.79,0.77,1.1
COI,plex_2,,,,,,,,,,1.23,1.17,0.76,1.11,0.74,0.84,0.79,0.77,1.1
Slc25a42,plex_2,,,,,,,,,,0.8,0.83,0.9,0.66,0.76,0.84,0.81,0.78,0.98
Rps18,plex_2,,,,,,,,,,0.92,1.07,0.88,0.78,0.77,0.89,0.97,1.04,1.06
Eif5b,plex_2,,,,,,,,,,1.07,1.06,1.18,0.87,0.72,0.97,0.9,1.06,1.02
Gsta4,plex_2,,,,,,,,,,1.07,1.05,0.92,0.8,0.87,1.0,0.94,1.07,1.1
Pex5,plex_2,,,,,,,,,,1.21,1.2,1.13,0.76,0.94,0.81,1.1,1.1,1.23
Pex5,plex_2,,,,,,,,,,1.21,1.2,1.13,0.76,0.94,0.81,1.1,1.1,1.23
Pex5,plex_2,,,,,,,,,,1.21,1.2,1.13,0.76,0.94,0.81,1.1,1.1,1.23
Flad1,plex_2,,,,,,,,,,0.89,1.19,0.98,0.98,0.87,0.94,0.99,1.08,1.19
Flad1,plex_2,,,,,,,,,,0.89,1.19,0.98,0.98,0.87,0.94,0.99,1.08,1.19
Keg1,plex_2,,,,,,,,,,1.11,0.72,1.05,0.77,0.58,0.9,1.13,0.82,1.1
Mpi,plex_2,,,,,,,,,,1.39,1.05,0.96,0.77,0.71,0.78,1.03,0.74,1.13
Mpi,plex_2,,,,,,,,,,1.39,1.05,0.96,0.77,0.71,0.78,1.03,0.74,1.13
Ctsa,plex_2,,,,,,,,,,1.03,0.84,0.9,0.62,0.82,0.91,0.86,0.81,0.9
Ctsa,plex_2,,,,,,,,,,1.03,0.84,0.9,0.62,0.82,0.91,0.86,0.81,0.9
Ctsa,plex_2,,,,,,,,,,1.03,0.84,0.9,0.62,0.82,0.91,0.86,0.81,0.9
Uqcrh,plex_2,,,,,,,,,,0.83,0.85,1.04,0.78,0.78,0.79,0.94,0.72,0.99
Grb2,plex_2,,,,,,,,,,1.2,1.31,0.83,0.68,0.81,0.91,0.88,1.09,1.42
Grb2,plex_2,,,,,,,,,,1.2,1.31,0.83,0.68,0.81,0.91,0.88,1.09,1.42
Grb2,plex_2,,,,,,,,,,1.2,1.31,0.83,0.68,0.81,0.91,0.88,1.09,1.42
Ca1,plex_2,,,,,,,,,,1.22,0.76,0.49,1.19,0.65,0.97,1.19,0.8,0.96
Mydgf,plex_2,,,,,,,,,,0.95,0.92,0.79,0.91,0.67,1.07,0.9,0.79,1.01
Cers2,plex_2,,,,,,,,,,0.98,1.05,0.73,0.85,0.9,1.1,0.95,1.0,1.27
Anp32a,plex_2,,,,,,,,,,0.89,1.02,0.92,0.87,0.77,0.91,1.02,0.93,1.04
Casp6,plex_2,,,,,,,,,,0.93,0.99,1.04,0.97,1.31,1.0,1.24,1.06,1.08
Casp6,plex_2,,,,,,,,,,0.93,0.99,1.04,0.97,1.31,1.0,1.24,1.06,1.08
Casp6,plex_2,,,,,,,,,,0.93,0.99,1.04,0.97,1.31,1.0,1.24,1.06,1.08
,plex_2,,,,,,,,,,0.85,0.85,0.79,0.71,0.69,0.85,0.93,0.77,0.84
,plex_2,,,,,,,,,,0.88,1.21,0.79,0.82,0.97,1.52,0.93,0.85,1.46
Dync1li2,plex_2,,,,,,,,,,0.83,0.77,0.79,0.68,0.68,0.73,0.76,0.66,0.97
Glg1,plex_2,,,,,,,,,,1.46,1.23,0.96,0.85,0.86,1.02,1.29,0.9,1.22
Retsat,plex_2,,,,,,,,,,0.99,0.82,0.69,0.78,0.66,0.84,0.9,0.85,1.05
Myl1,plex_2,,,,,,,,,,1.29,1.06,0.81,5.98,0.67,1.25,0.86,0.81,0.99
Rab8a,plex_2,,,,,,,,,,1.13,0.89,0.79,0.93,0.77,1.01,1.22,0.91,1.17
Dnaja3,plex_2,,,,,,,,,,0.87,0.92,0.88,0.81,0.74,0.72,0.93,0.97,1.0
Sec22b,plex_2,,,,,,,,,,0.91,1.0,0.89,0.8,0.75,0.74,0.92,1.07,0.94
Rpl38,plex_2,,,,,,,,,,0.99,0.97,1.06,0.85,0.84,0.78,1.04,1.11,1.11
Map2k1,plex_2,,,,,,,,,,1.02,1.08,1.02,1.04,0.89,1.04,0.99,0.83,1.15
Tnx,plex_2,,,,,,,,,,0.96,1.23,0.69,0.84,1.03,0.95,1.0,1.0,1.18
Eppk1,plex_2,,,,,,,,,,0.91,1.08,0.61,0.65,1.02,0.68,0.98,0.74,0.78
Tmed2,plex_2,,,,,,,,,,1.01,1.2,0.89,1.13,0.88,1.04,1.21,1.15,1.95
Tmed2,plex_2,,,,,,,,,,1.01,1.2,0.89,1.13,0.88,1.04,1.21,1.15,1.95
Nt5c,plex_2,,,,,,,,,,0.93,0.98,0.82,0.97,0.89,0.93,1.09,0.96,1.24
Iyd,plex_2,,,,,,,,,,0.83,0.92,0.89,0.71,0.87,0.82,1.0,0.97,1.04
Hsd3b7,plex_2,,,,,,,,,,1.44,1.12,1.43,0.76,0.73,0.96,0.96,0.73,0.98
Poldip2,plex_2,,,,,,,,,,0.89,0.91,0.98,0.83,0.89,0.86,1.04,0.88,1.01
Akr1b8,plex_2,,,,,,,,,,0.84,0.65,0.82,0.93,0.65,0.74,0.73,0.85,0.66
Gusb,plex_2,,,,,,,,,,1.08,0.76,0.95,0.77,0.8,0.8,0.83,0.8,1.04
Gusb,plex_2,,,,,,,,,,1.08,0.76,0.95,0.77,0.8,0.8,0.83,0.8,1.04
Ranbp2,plex_2,,,,,,,,,,1.29,1.15,1.24,0.98,0.9,1.05,1.18,0.93,1.27
Wasl,plex_2,,,,,,,,,,1.11,0.95,0.94,0.81,0.96,0.95,1.27,1.7,1.28
Wasl,plex_2,,,,,,,,,,1.11,0.95,0.94,0.81,0.96,0.95,1.27,1.7,1.28
Sf3a1,plex_2,,,,,,,,,,1.1,0.96,0.96,0.92,0.74,0.89,0.7,0.78,1.16
Ubqln1,plex_2,,,,,,,,,,0.93,1.02,0.88,0.79,0.8,0.84,0.68,0.9,1.18
Ubqln1,plex_2,,,,,,,,,,0.93,1.02,0.88,0.79,0.8,0.84,0.68,0.9,1.18
Larp1,plex_2,,,,,,,,,,1.02,1.07,0.83,0.76,0.84,1.05,0.78,0.89,0.82
Nat2,plex_2,,,,,,,,,,1.11,1.12,1.03,1.07,0.71,1.16,0.94,0.84,1.02
Dnajc11,plex_2,,,,,,,,,,0.96,0.8,1.02,0.82,0.83,0.89,1.0,0.95,1.13
Ddx17,plex_2,,,,,,,,,,1.93,1.13,1.53,0.83,0.88,1.0,1.5,1.88,1.73
Ewsr1,plex_2,,,,,,,,,,0.91,1.1,1.38,0.76,0.81,0.87,0.91,0.89,1.27
Cfl2,plex_2,,,,,,,,,,0.95,0.78,1.0,0.85,0.66,0.69,0.84,0.75,0.83
Snrnp40,plex_2,,,,,,,,,,0.8,1.62,1.35,0.84,0.88,0.97,1.04,0.86,1.46
Tat,plex_2,,,,,,,,,,1.23,1.12,1.58,0.6,0.65,0.68,0.78,0.52,0.8
Sgpl1,plex_2,,,,,,,,,,0.91,0.94,0.77,0.65,0.78,0.84,0.85,0.82,0.94
Sgpl1,plex_2,,,,,,,,,,0.91,0.94,0.77,0.65,0.78,0.84,0.85,0.82,0.94
Sgpl1,plex_2,,,,,,,,,,0.91,0.94,0.77,0.65,0.78,0.84,0.85,0.82,0.94
Sgpl1,plex_2,,,,,,,,,,0.91,0.94,0.77,0.65,0.78,0.84,0.85,0.82,0.94
Acp6,plex_2,,,,,,,,,,1.03,1.1,0.93,0.94,0.99,0.95,0.95,1.05,1.3
Ugt1a5,plex_2,,,,,,,,,,0.96,1.8,0.68,0.51,0.74,0.71,0.68,1.22,0.88
Ugt1a5,plex_2,,,,,,,,,,0.96,1.8,0.68,0.51,0.74,0.71,0.68,1.22,0.88
Rab11b,plex_2,,,,,,,,,,1.11,0.99,0.85,0.97,0.87,1.09,1.05,0.87,1.09
Rab11b,plex_2,,,,,,,,,,1.11,0.99,0.85,0.97,0.87,1.09,1.05,0.87,1.09
Ptbp3,plex_2,,,,,,,,,,1.04,0.99,0.75,0.79,0.76,0.97,0.87,0.77,1.06
Ptbp3,plex_2,,,,,,,,,,1.04,0.99,0.75,0.79,0.76,0.97,0.87,0.77,1.06
Ptbp3,plex_2,,,,,,,,,,1.04,0.99,0.75,0.79,0.76,0.97,0.87,0.77,1.06
Ptbp3,plex_2,,,,,,,,,,1.04,0.99,0.75,0.79,0.76,0.97,0.87,0.77,1.06
Tor1aip2,plex_2,,,,,,,,,,0.9,1.18,1.26,1.04,0.72,0.98,0.92,1.1,0.86
Pacsin3,plex_2,,,,,,,,,,1.02,0.91,1.11,1.28,0.85,1.02,0.95,0.99,1.05
Dynll2,plex_2,,,,,,,,,,1.01,1.12,1.07,1.1,1.0,1.24,1.95,1.23,1.57
Pnpt1,plex_2,,,,,,,,,,0.87,0.95,1.02,0.86,0.82,0.98,0.92,0.97,1.11
Pnpt1,plex_2,,,,,,,,,,0.87,0.95,1.02,0.86,0.82,0.98,0.92,0.97,1.11
Pnpt1,plex_2,,,,,,,,,,0.87,0.95,1.02,0.86,0.82,0.98,0.92,0.97,1.11
Pnpt1,plex_2,,,,,,,,,,0.87,0.95,1.02,0.86,0.82,0.98,0.92,0.97,1.11
Zbed5,plex_2,,,,,,,,,,1.12,1.04,0.94,0.69,0.84,0.97,0.97,0.98,1.17
Zbed5,plex_2,,,,,,,,,,1.12,1.04,0.94,0.69,0.84,0.97,0.97,0.98,1.17
Numa1,plex_2,,,,,,,,,,1.27,1.5,1.09,1.12,1.0,1.0,1.21,1.03,1.65
Ehd1,plex_2,,,,,,,,,,1.69,1.62,0.89,0.97,0.78,1.52,0.83,1.04,1.24
Ehd1,plex_2,,,,,,,,,,1.69,1.62,0.89,0.97,0.78,1.52,0.83,1.04,1.24
Ehd1,plex_2,,,,,,,,,,1.69,1.62,0.89,0.97,0.78,1.52,0.83,1.04,1.24
Ehd1,plex_2,,,,,,,,,,1.69,1.62,0.89,0.97,0.78,1.52,0.83,1.04,1.24
Ctsl,plex_2,,,,,,,,,,0.83,0.94,1.07,1.04,0.93,0.81,1.0,0.89,1.17
Ctsl,plex_2,,,,,,,,,,0.83,0.94,1.07,1.04,0.93,0.81,1.0,0.89,1.17
Ctsl,plex_2,,,,,,,,,,0.83,0.94,1.07,1.04,0.93,0.81,1.0,0.89,1.17
Ctsl,plex_2,,,,,,,,,,0.83,0.94,1.07,1.04,0.93,0.81,1.0,0.89,1.17
Ctsl,plex_2,,,,,,,,,,0.83,0.94,1.07,1.04,0.93,0.81,1.0,0.89,1.17
Ctsl,plex_2,,,,,,,,,,0.83,0.94,1.07,1.04,0.93,0.81,1.0,0.89,1.17
Ctsl,plex_2,,,,,,,,,,0.83,0.94,1.07,1.04,0.93,0.81,1.0,0.89,1.17
Srsf3,plex_2,,,,,,,,,,0.83,0.97,0.86,0.77,0.79,0.73,0.84,0.71,0.85
Srsf3,plex_2,,,,,,,,,,0.83,0.97,0.86,0.77,0.79,0.73,0.84,0.71,0.85
Zyx,plex_2,,,,,,,,,,0.87,0.97,0.62,0.74,0.65,0.96,0.88,0.81,0.99
Zyx,plex_2,,,,,,,,,,0.87,0.97,0.62,0.74,0.65,0.96,0.88,0.81,0.99
Zyx,plex_2,,,,,,,,,,0.87,0.97,0.62,0.74,0.65,0.96,0.88,0.81,0.99
Ndufa5,plex_2,,,,,,,,,,1.19,1.02,0.86,0.95,0.86,1.03,1.1,0.87,1.16
Puf60,plex_2,,,,,,,,,,1.17,1.01,1.13,0.86,0.88,0.98,1.19,0.82,1.2
Puf60,plex_2,,,,,,,,,,1.17,1.01,1.13,0.86,0.88,0.98,1.19,0.82,1.2
Puf60,plex_2,,,,,,,,,,1.17,1.01,1.13,0.86,0.88,0.98,1.19,0.82,1.2
Parva,plex_2,,,,,,,,,,1.08,1.13,1.06,0.83,0.79,1.43,0.92,0.96,1.11
Parva,plex_2,,,,,,,,,,1.08,1.13,1.06,0.83,0.79,1.43,0.92,0.96,1.11
Cuta,plex_2,,,,,,,,,,0.75,0.85,0.71,0.7,0.71,0.56,0.97,1.0,0.68
Lgmn,plex_2,,,,,,,,,,1.19,0.99,0.99,1.02,0.91,0.87,0.96,0.89,1.06
Arhgdib,plex_2,,,,,,,,,,1.08,0.82,0.83,0.61,0.74,0.94,0.88,0.73,1.17
Akap8,plex_2,,,,,,,,,,1.31,0.96,1.06,0.75,0.61,0.75,1.13,1.11,1.05
,plex_2,,,,,,,,,,0.91,0.99,1.13,0.93,0.66,0.72,0.91,0.9,1.04
Usp10,plex_2,,,,,,,,,,1.08,1.1,0.77,0.88,0.68,1.06,1.05,1.05,1.18
Usp10,plex_2,,,,,,,,,,1.08,1.1,0.77,0.88,0.68,1.06,1.05,1.05,1.18
Reep6,plex_2,,,,,,,,,,0.94,0.89,0.61,0.78,0.78,0.85,0.79,0.86,0.99
Reep6,plex_2,,,,,,,,,,0.94,0.89,0.61,0.78,0.78,0.85,0.79,0.86,0.99
Mtx2,plex_2,,,,,,,,,,1.13,1.11,0.84,0.83,0.71,1.24,1.02,0.79,1.02
Dctn2,plex_2,,,,,,,,,,0.83,0.82,0.87,0.79,0.76,0.82,0.72,0.75,1.06
Agfg2,plex_2,,,,,,,,,,1.1,1.04,1.34,0.95,0.92,0.7,0.96,1.11,1.14
Agfg2,plex_2,,,,,,,,,,1.1,1.04,1.34,0.95,0.92,0.7,0.96,1.11,1.14
Inpp1,plex_2,,,,,,,,,,1.07,0.89,0.85,0.68,0.68,0.75,0.78,0.98,0.95
Gmppa,plex_2,,,,,,,,,,1.27,1.28,1.05,1.12,1.02,0.97,1.22,1.04,1.09
Gmppa,plex_2,,,,,,,,,,1.27,1.28,1.05,1.12,1.02,0.97,1.22,1.04,1.09
Apoo,plex_2,,,,,,,,,,1.07,1.17,0.7,0.88,0.89,0.9,0.96,0.93,1.06
Apoo,plex_2,,,,,,,,,,1.07,1.17,0.7,0.88,0.89,0.9,0.96,0.93,1.06
Apoo,plex_2,,,,,,,,,,1.07,1.17,0.7,0.88,0.89,0.9,0.96,0.93,1.06
Rps20,plex_2,,,,,,,,,,0.87,0.92,0.93,0.84,0.74,0.92,0.83,0.83,1.04
Ptrf,plex_2,,,,,,,,,,0.84,0.9,0.78,0.91,0.69,0.88,1.03,1.01,0.62
Vps26b,plex_2,,,,,,,,,,1.14,1.05,1.02,0.76,0.9,0.84,0.97,0.9,1.15
Tsta3,plex_2,,,,,,,,,,1.48,1.27,1.61,1.17,1.19,1.17,1.78,2.11,1.97
Rpl28,plex_2,,,,,,,,,,0.97,0.99,0.82,0.81,0.77,0.99,0.85,0.83,0.96
Rpl28,plex_2,,,,,,,,,,0.97,0.99,0.82,0.81,0.77,0.99,0.85,0.83,0.96
Slc38a3,plex_2,,,,,,,,,,0.95,1.02,1.12,0.69,1.02,1.1,1.18,0.7,1.01
Slc38a3,plex_2,,,,,,,,,,0.95,1.02,1.12,0.69,1.02,1.1,1.18,0.7,1.01
Slc38a3,plex_2,,,,,,,,,,0.95,1.02,1.12,0.69,1.02,1.1,1.18,0.7,1.01
Naa15,plex_2,,,,,,,,,,0.85,0.99,0.85,0.76,0.71,0.93,0.89,0.93,1.04
Tpp1,plex_2,,,,,,,,,,1.26,0.83,1.17,0.93,0.81,0.82,0.98,0.78,1.25
Tpp1,plex_2,,,,,,,,,,1.26,0.83,1.17,0.93,0.81,0.82,0.98,0.78,1.25
Tpp1,plex_2,,,,,,,,,,1.26,0.83,1.17,0.93,0.81,0.82,0.98,0.78,1.25
Banf1,plex_2,,,,,,,,,,0.76,1.11,1.07,0.53,0.71,1.38,0.82,0.8,0.85
Gpx4,plex_2,,,,,,,,,,1.15,1.03,1.03,1.02,0.89,0.99,1.01,1.06,1.04
Gpx4,plex_2,,,,,,,,,,1.15,1.03,1.03,1.02,0.89,0.99,1.01,1.06,1.04
Gpx4,plex_2,,,,,,,,,,1.15,1.03,1.03,1.02,0.89,0.99,1.01,1.06,1.04
Gpx4,plex_2,,,,,,,,,,1.15,1.03,1.03,1.02,0.89,0.99,1.01,1.06,1.04
Cacybp,plex_2,,,,,,,,,,0.97,1.09,0.92,0.64,0.78,0.84,1.04,1.09,0.92
Parp3,plex_2,,,,,,,,,,0.98,1.08,1.04,0.73,0.76,0.84,0.92,1.07,1.06
Parp3,plex_2,,,,,,,,,,0.98,1.08,1.04,0.73,0.76,0.84,0.92,1.07,1.06
Parp3,plex_2,,,,,,,,,,0.98,1.08,1.04,0.73,0.76,0.84,0.92,1.07,1.06
Parp3,plex_2,,,,,,,,,,0.98,1.08,1.04,0.73,0.76,0.84,0.92,1.07,1.06
Parp3,plex_2,,,,,,,,,,0.98,1.08,1.04,0.73,0.76,0.84,0.92,1.07,1.06
Cyp3a11,plex_2,,,,,,,,,,1.06,0.84,0.96,0.82,0.83,0.97,0.81,0.7,1.09
Sult1b1,plex_2,,,,,,,,,,0.82,1.02,1.02,0.8,0.85,0.79,0.82,0.85,1.14
Sult1b1,plex_2,,,,,,,,,,0.82,1.02,1.02,0.8,0.85,0.79,0.82,0.85,1.14
Hmgn5,plex_2,,,,,,,,,,0.93,0.82,0.82,0.74,0.69,0.79,0.93,0.91,0.91
Mcfd2,plex_2,,,,,,,,,,1.22,1.27,1.11,1.15,1.19,1.26,1.11,1.14,1.34
G3bp2,plex_2,,,,,,,,,,1.28,1.45,0.95,0.82,0.91,1.19,1.19,0.85,1.49
Ndufa2,plex_2,,,,,,,,,,1.1,1.03,0.92,0.84,0.93,0.97,1.12,0.92,1.24
Maoa,plex_2,,,,,,,,,,1.05,1.4,0.95,0.9,0.58,0.83,1.45,1.54,1.37
Rps27,plex_2,,,,,,,,,,1.18,1.01,1.01,0.98,0.76,0.9,1.32,1.19,1.38
Rps27,plex_2,,,,,,,,,,1.18,1.01,1.01,0.98,0.76,0.9,1.32,1.19,1.38
Bpgm,plex_2,,,,,,,,,,1.6,1.13,0.77,1.26,0.73,1.12,1.27,0.98,1.12
Ccdc47,plex_2,,,,,,,,,,1.24,1.31,1.26,0.81,0.91,0.94,0.93,1.14,1.56
Col6a1,plex_2,,,,,,,,,,0.88,0.94,0.64,0.72,0.71,0.7,0.52,0.87,1.01
Fabp2,plex_2,,,,,,,,,,0.98,0.89,1.12,0.74,0.73,0.75,1.02,0.88,0.99
Rdh11,plex_2,,,,,,,,,,0.88,1.71,0.78,0.69,0.72,0.75,0.95,0.89,0.95
Rdh11,plex_2,,,,,,,,,,0.88,1.71,0.78,0.69,0.72,0.75,0.95,0.89,0.95
Stt3b,plex_2,,,,,,,,,,1.09,1.78,0.96,1.15,0.66,0.92,0.96,1.22,1.31
Impdh2,plex_2,,,,,,,,,,0.74,0.94,0.73,0.82,0.67,0.93,0.84,0.79,1.06
Impdh2,plex_2,,,,,,,,,,0.74,0.94,0.73,0.82,0.67,0.93,0.84,0.79,1.06
Tsfm,plex_2,,,,,,,,,,0.84,1.0,0.85,0.87,0.9,0.76,1.05,0.76,1.14
Tsfm,plex_2,,,,,,,,,,0.84,1.0,0.85,0.87,0.9,0.76,1.05,0.76,1.14
Tsfm,plex_2,,,,,,,,,,0.84,1.0,0.85,0.87,0.9,0.76,1.05,0.76,1.14
Ambp,plex_2,,,,,,,,,,1.11,1.03,0.77,1.03,0.87,1.14,0.65,0.99,0.76
Dctn1,plex_2,,,,,,,,,,1.3,0.93,1.17,0.83,0.68,0.88,1.19,0.97,1.52
Arpc3,plex_2,,,,,,,,,,0.85,0.86,0.87,0.76,0.79,0.79,0.85,0.88,0.95
Dnph1,plex_2,,,,,,,,,,0.91,1.33,0.81,0.62,0.9,0.83,1.04,0.93,1.03
H13,plex_2,,,,,,,,,,0.77,1.01,0.45,0.88,0.58,0.6,0.74,0.89,0.88
Bcs1l,plex_2,,,,,,,,,,1.15,1.09,1.07,0.88,0.9,0.91,1.06,1.08,0.87
Apex1,plex_2,,,,,,,,,,1.22,1.47,0.96,0.92,0.84,0.81,0.83,0.87,1.28
Crk,plex_2,,,,,,,,,,0.93,0.93,0.91,0.73,0.88,0.77,1.01,0.89,1.13
Crk,plex_2,,,,,,,,,,0.93,0.93,0.91,0.73,0.88,0.77,1.01,0.89,1.13
Crk,plex_2,,,,,,,,,,0.93,0.93,0.91,0.73,0.88,0.77,1.01,0.89,1.13
Crk,plex_2,,,,,,,,,,0.93,0.93,0.91,0.73,0.88,0.77,1.01,0.89,1.13
Crk,plex_2,,,,,,,,,,0.93,0.93,0.91,0.73,0.88,0.77,1.01,0.89,1.13
Crk,plex_2,,,,,,,,,,0.93,0.93,0.91,0.73,0.88,0.77,1.01,0.89,1.13
Rpl24,plex_2,,,,,,,,,,0.81,0.89,0.99,0.81,0.62,0.83,0.9,0.99,0.87
Rpl24,plex_2,,,,,,,,,,0.81,0.89,0.99,0.81,0.62,0.83,0.9,0.99,0.87
Erlin2,plex_2,,,,,,,,,,0.94,0.75,0.87,0.71,0.7,0.7,0.82,0.99,1.16
Ptpn11,plex_2,,,,,,,,,,1.05,1.09,0.93,0.83,0.97,1.01,1.01,0.97,1.03
Ptpn11,plex_2,,,,,,,,,,1.05,1.09,0.93,0.83,0.97,1.01,1.01,0.97,1.03
Coro1a,plex_2,,,,,,,,,,1.29,1.59,1.42,1.02,0.66,0.97,1.56,1.01,1.87
Sra1,plex_2,,,,,,,,,,0.98,1.19,0.9,0.92,0.72,1.07,1.14,0.96,1.01
Sra1,plex_2,,,,,,,,,,0.98,1.19,0.9,0.92,0.72,1.07,1.14,0.96,1.01
Pdk2,plex_2,,,,,,,,,,1.12,1.02,1.26,0.98,0.85,0.92,0.9,1.09,1.31
Eif4e,plex_2,,,,,,,,,,1.13,1.0,1.0,0.86,0.83,0.85,1.07,1.0,1.07
Sacm1l,plex_2,,,,,,,,,,0.97,1.09,0.91,0.7,0.76,0.85,0.99,0.77,1.26
Cyp4a10,plex_2,,,,,,,,,,1.03,0.75,0.59,0.62,0.71,0.85,0.9,0.74,1.0
Gng12,plex_2,,,,,,,,,,1.29,0.99,0.93,1.05,0.6,1.24,1.06,0.83,0.93
Gng12,plex_2,,,,,,,,,,1.29,0.99,0.93,1.05,0.6,1.24,1.06,0.83,0.93
Atp6v1h,plex_2,,,,,,,,,,0.89,0.6,0.83,0.67,0.79,0.8,0.64,0.77,0.73
Atp6v1h,plex_2,,,,,,,,,,0.89,0.6,0.83,0.67,0.79,0.8,0.64,0.77,0.73
Atp6v1h,plex_2,,,,,,,,,,0.89,0.6,0.83,0.67,0.79,0.8,0.64,0.77,0.73
Acsf3,plex_2,,,,,,,,,,1.03,1.03,0.89,0.89,0.7,0.83,0.91,0.89,1.37
Sigmar1,plex_2,,,,,,,,,,1.07,0.92,0.77,0.56,0.67,0.79,0.78,0.59,0.74
Rpl37a,plex_2,,,,,,,,,,1.02,1.06,0.88,0.86,0.69,1.05,1.04,0.85,0.88
Rpl37a,plex_2,,,,,,,,,,1.02,1.06,0.88,0.86,0.69,1.05,1.04,0.85,0.88
Cml2,plex_2,,,,,,,,,,0.97,1.21,0.95,0.88,0.82,1.1,1.25,0.84,1.08
Fam210b,plex_2,,,,,,,,,,0.74,0.85,0.9,0.64,0.59,0.78,0.68,0.75,0.86
Prkaca,plex_2,,,,,,,,,,0.76,0.77,0.76,0.79,0.79,0.77,0.91,0.85,0.92
Prkaca,plex_2,,,,,,,,,,0.76,0.77,0.76,0.79,0.79,0.77,0.91,0.85,0.92
Atxn2l,plex_2,,,,,,,,,,1.51,1.13,0.89,0.83,0.74,1.5,1.09,1.18,1.59
Atxn2l,plex_2,,,,,,,,,,1.51,1.13,0.89,0.83,0.74,1.5,1.09,1.18,1.59
Ndufa6,plex_2,,,,,,,,,,0.94,0.82,0.96,0.93,0.66,0.91,0.95,0.85,1.03
Eif4g2,plex_2,,,,,,,,,,1.29,1.25,0.86,0.8,0.87,0.97,1.12,0.94,1.04
Tnpo1,plex_2,,,,,,,,,,1.41,1.38,1.21,1.0,0.83,1.31,1.29,0.98,0.89
Wbp11,plex_2,,,,,,,,,,1.04,1.01,0.98,0.78,0.86,0.79,0.96,0.81,1.19
Wbp11,plex_2,,,,,,,,,,1.04,1.01,0.98,0.78,0.86,0.79,0.96,0.81,1.19
Wbp11,plex_2,,,,,,,,,,1.04,1.01,0.98,0.78,0.86,0.79,0.96,0.81,1.19
Srrm2,plex_2,,,,,,,,,,1.12,0.98,0.95,0.89,0.79,1.0,1.17,0.96,1.05
Huwe1,plex_2,,,,,,,,,,1.16,1.44,1.03,1.38,1.02,1.12,1.37,1.55,1.38
Huwe1,plex_2,,,,,,,,,,1.16,1.44,1.03,1.38,1.02,1.12,1.37,1.55,1.38
Map2k2,plex_2,,,,,,,,,,0.92,0.86,0.93,0.79,0.91,0.7,0.81,0.93,0.91
Ssb,plex_2,,,,,,,,,,1.01,1.08,0.8,0.92,0.89,0.96,1.03,0.92,1.0
Gstm7,plex_2,,,,,,,,,,0.63,0.83,0.82,0.98,0.61,0.89,1.0,0.95,1.8
Atp6v1b2,plex_2,,,,,,,,,,0.94,1.03,0.98,0.8,0.9,1.05,0.93,0.87,1.11
Rab1b,plex_2,,,,,,,,,,0.99,1.06,1.21,0.88,0.88,0.89,0.94,0.97,1.31
Gbp11,plex_2,,,,,,,,,,1.06,1.13,0.7,0.59,0.82,0.54,0.88,0.9,1.03
Tpm2,plex_2,,,,,,,,,,0.53,0.53,0.45,8.53,0.48,0.7,0.25,0.69,0.52
Tpm2,plex_2,,,,,,,,,,0.53,0.53,0.45,8.53,0.48,0.7,0.25,0.69,0.52
Ttll12,plex_2,,,,,,,,,,2.17,2.05,1.55,1.49,2.28,2.43,1.31,1.4,4.34
Marcksl1,plex_2,,,,,,,,,,1.14,1.24,1.02,1.08,0.88,1.06,0.98,1.0,1.19
Tmco1,plex_2,,,,,,,,,,0.88,0.96,0.79,0.73,0.72,0.84,0.91,0.8,0.98
Tmco1,plex_2,,,,,,,,,,0.88,0.96,0.79,0.73,0.72,0.84,0.91,0.8,0.98
Tmco1,plex_2,,,,,,,,,,0.88,0.96,0.79,0.73,0.72,0.84,0.91,0.8,0.98
Pcyt1a,plex_2,,,,,,,,,,1.14,1.02,1.03,0.99,0.92,0.93,1.03,0.98,1.22
Pcyt1a,plex_2,,,,,,,,,,1.14,1.02,1.03,0.99,0.92,0.93,1.03,0.98,1.22
Nudt2,plex_2,,,,,,,,,,1.25,1.46,1.45,1.1,1.48,1.22,0.88,1.04,1.88
Mthfs,plex_2,,,,,,,,,,1.14,1.12,1.21,1.04,0.98,0.96,1.13,1.08,1.08
Mthfsl,plex_2,,,,,,,,,,1.14,1.12,1.21,1.04,0.98,0.96,1.13,1.08,1.08
Gm2a,plex_2,,,,,,,,,,0.76,1.07,0.84,0.8,0.68,0.72,0.81,1.05,0.85
Icam1,plex_2,,,,,,,,,,1.1,1.5,1.13,0.7,0.92,0.92,1.52,1.32,1.53
Icam1,plex_2,,,,,,,,,,1.1,1.5,1.13,0.7,0.92,0.92,1.52,1.32,1.53
Icam1,plex_2,,,,,,,,,,1.1,1.5,1.13,0.7,0.92,0.92,1.52,1.32,1.53
Icam1,plex_2,,,,,,,,,,1.1,1.5,1.13,0.7,0.92,0.92,1.52,1.32,1.53
Icam1,plex_2,,,,,,,,,,1.1,1.5,1.13,0.7,0.92,0.92,1.52,1.32,1.53
Icam1,plex_2,,,,,,,,,,1.1,1.5,1.13,0.7,0.92,0.92,1.52,1.32,1.53
Icam1,plex_2,,,,,,,,,,1.1,1.5,1.13,0.7,0.92,0.92,1.52,1.32,1.53
Icam1,plex_2,,,,,,,,,,1.1,1.5,1.13,0.7,0.92,0.92,1.52,1.32,1.53
Icam1,plex_2,,,,,,,,,,1.1,1.5,1.13,0.7,0.92,0.92,1.52,1.32,1.53
Icam1,plex_2,,,,,,,,,,1.1,1.5,1.13,0.7,0.92,0.92,1.52,1.32,1.53
Icam1,plex_2,,,,,,,,,,1.1,1.5,1.13,0.7,0.92,0.92,1.52,1.32,1.53
Eif2b4,plex_2,,,,,,,,,,1.12,1.68,0.85,0.78,0.47,1.27,0.85,1.15,1.08
Eif2b4,plex_2,,,,,,,,,,1.12,1.68,0.85,0.78,0.47,1.27,0.85,1.15,1.08
F11r,plex_2,,,,,,,,,,0.86,0.91,0.82,0.79,0.77,1.01,0.93,0.81,1.07
Pak2,plex_2,,,,,,,,,,0.93,1.0,0.95,0.83,0.8,0.75,1.01,0.93,1.1
Igbp1,plex_2,,,,,,,,,,1.23,0.88,1.12,1.0,0.96,0.79,1.14,1.02,1.28
Nags,plex_2,,,,,,,,,,1.29,1.12,1.24,0.84,0.89,1.05,1.16,0.92,1.1
Lrpap1,plex_2,,,,,,,,,,0.8,1.03,0.91,0.74,0.7,0.82,0.93,0.89,1.14
Dkc1,plex_2,,,,,,,,,,0.88,0.93,0.89,0.94,0.69,0.85,0.9,0.87,1.07
Dkc1,plex_2,,,,,,,,,,0.88,0.93,0.89,0.94,0.69,0.85,0.9,0.87,1.07
Dkc1,plex_2,,,,,,,,,,0.88,0.93,0.89,0.94,0.69,0.85,0.9,0.87,1.07
Dkc1,plex_2,,,,,,,,,,0.88,0.93,0.89,0.94,0.69,0.85,0.9,0.87,1.07
Gcsh,plex_2,,,,,,,,,,1.16,0.98,1.04,0.95,0.7,0.99,0.97,0.88,1.33
Enpp1,plex_2,,,,,,,,,,1.0,0.91,0.89,0.89,0.86,0.94,0.92,0.95,1.06
Enpp1,plex_2,,,,,,,,,,1.0,0.91,0.89,0.89,0.86,0.94,0.92,0.95,1.06
Mrpl39,plex_2,,,,,,,,,,1.02,0.98,1.04,0.97,0.8,0.91,0.86,0.87,1.0
Mrpl39,plex_2,,,,,,,,,,1.02,0.98,1.04,0.97,0.8,0.91,0.86,0.87,1.0
Pcmt1,plex_2,,,,,,,,,,0.84,0.82,0.83,0.72,0.71,0.65,0.97,0.85,0.93
Pcmt1,plex_2,,,,,,,,,,0.84,0.82,0.83,0.72,0.71,0.65,0.97,0.85,0.93
Pcmt1,plex_2,,,,,,,,,,0.84,0.82,0.83,0.72,0.71,0.65,0.97,0.85,0.93
Pcmt1,plex_2,,,,,,,,,,0.84,0.82,0.83,0.72,0.71,0.65,0.97,0.85,0.93
Pcmt1,plex_2,,,,,,,,,,0.84,0.82,0.83,0.72,0.71,0.65,0.97,0.85,0.93
Mrpl1,plex_2,,,,,,,,,,0.83,0.9,0.7,0.7,0.67,0.61,0.75,0.79,0.87
Pik3ap1,plex_2,,,,,,,,,,1.02,1.72,1.15,0.98,0.89,1.01,1.24,1.29,1.3
Slc27a5,plex_2,,,,,,,,,,1.16,1.13,1.26,0.77,0.88,0.88,1.3,1.43,1.21
Sec61b,plex_2,,,,,,,,,,0.93,0.83,0.72,0.95,0.77,0.96,0.78,0.86,0.96
Rabggta,plex_2,,,,,,,,,,1.0,0.93,1.53,0.8,1.41,1.16,0.96,1.12,1.19
Rabggta,plex_2,,,,,,,,,,1.0,0.93,1.53,0.8,1.41,1.16,0.96,1.12,1.19
Rpl27,plex_2,,,,,,,,,,1.14,0.93,1.28,0.97,0.82,0.92,1.02,1.25,1.28
Pfkfb1,plex_2,,,,,,,,,,0.92,1.14,0.93,0.68,0.61,0.76,0.9,0.79,0.89
Ppm1a,plex_2,,,,,,,,,,1.01,0.68,0.96,0.65,0.7,0.87,1.37,1.35,1.06
Ppm1a,plex_2,,,,,,,,,,1.01,0.68,0.96,0.65,0.7,0.87,1.37,1.35,1.06
Ppm1a,plex_2,,,,,,,,,,1.01,0.68,0.96,0.65,0.7,0.87,1.37,1.35,1.06
Ppm1a,plex_2,,,,,,,,,,1.01,0.68,0.96,0.65,0.7,0.87,1.37,1.35,1.06
Actc1,plex_2,,,,,,,,,,0.37,0.29,0.34,8.89,0.53,1.09,0.28,0.56,0.26
Rpl19,plex_2,,,,,,,,,,0.92,1.05,0.98,0.8,0.77,0.84,0.98,0.97,1.07
Rpl19,plex_2,,,,,,,,,,0.92,1.05,0.98,0.8,0.77,0.84,0.98,0.97,1.07
Atxn2,plex_2,,,,,,,,,,1.04,1.25,1.0,0.92,0.8,1.18,1.02,1.44,1.6
Atxn2,plex_2,,,,,,,,,,1.04,1.25,1.0,0.92,0.8,1.18,1.02,1.44,1.6
Atxn2,plex_2,,,,,,,,,,1.04,1.25,1.0,0.92,0.8,1.18,1.02,1.44,1.6
Blvra,plex_2,,,,,,,,,,1.11,1.05,0.98,0.83,0.74,0.85,1.04,0.95,0.99
Rps25,plex_2,,,,,,,,,,1.02,1.16,0.87,0.76,0.92,1.2,0.99,0.96,1.08
Ubxn1,plex_2,,,,,,,,,,,,,,,,,,
Slc29a1,plex_2,,,,,,,,,,1.2,1.23,1.13,1.1,1.06,1.07,1.25,0.92,1.34
Ndufs8,plex_2,,,,,,,,,,0.87,0.85,0.85,0.74,0.84,0.9,0.89,0.85,0.96
Ndufs8,plex_2,,,,,,,,,,0.87,0.85,0.85,0.74,0.84,0.9,0.89,0.85,0.96
,plex_2,,,,,,,,,,0.97,0.86,0.83,0.67,0.68,0.75,0.94,0.88,0.98
Mrps9,plex_2,,,,,,,,,,0.77,1.1,0.81,0.61,0.68,0.88,0.84,0.72,0.89
Ndufb7,plex_2,,,,,,,,,,0.73,0.92,0.76,0.89,0.83,0.97,0.9,0.74,0.78
Eif3m,plex_2,,,,,,,,,,1.27,1.16,0.83,0.98,0.96,0.85,1.04,0.97,1.12
Flot1,plex_2,,,,,,,,,,0.91,0.87,1.14,0.42,0.47,0.98,1.13,1.25,1.29
Flot1,plex_2,,,,,,,,,,0.91,0.87,1.14,0.42,0.47,0.98,1.13,1.25,1.29
Coro1c,plex_2,,,,,,,,,,0.99,0.97,0.78,0.86,0.78,1.21,0.93,0.74,1.07
Map2k3,plex_2,,,,,,,,,,1.32,1.66,1.3,0.7,0.99,1.6,1.42,1.55,0.82
Rtn4ip1,plex_2,,,,,,,,,,1.19,1.06,1.33,1.03,0.97,1.22,1.18,1.33,1.24
Rtn4ip1,plex_2,,,,,,,,,,1.19,1.06,1.33,1.03,0.97,1.22,1.18,1.33,1.24
Coro7,plex_2,,,,,,,,,,0.91,1.34,1.11,0.73,0.84,1.02,0.95,0.86,1.29
Tra2b,plex_2,,,,,,,,,,1.3,1.3,1.02,0.89,1.17,1.06,0.98,0.91,1.48
Tra2b,plex_2,,,,,,,,,,1.3,1.3,1.02,0.89,1.17,1.06,0.98,0.91,1.48
Gpam,plex_2,,,,,,,,,,0.89,1.19,0.77,0.74,0.94,0.8,0.81,0.95,0.97
Gpam,plex_2,,,,,,,,,,0.89,1.19,0.77,0.74,0.94,0.8,0.81,0.95,0.97
Acot8,plex_2,,,,,,,,,,0.74,0.66,0.95,0.63,0.56,1.04,0.8,1.36,1.24
Abca8b,plex_2,,,,,,,,,,0.78,0.84,0.65,0.77,0.65,0.81,0.88,0.78,0.94
Abca8b,plex_2,,,,,,,,,,0.78,0.84,0.65,0.77,0.65,0.81,0.88,0.78,0.94
Fuk,plex_2,,,,,,,,,,1.9,1.96,2.06,1.49,1.09,1.52,1.56,1.78,1.52
Fuk,plex_2,,,,,,,,,,1.9,1.96,2.06,1.49,1.09,1.52,1.56,1.78,1.52
Faf2,plex_2,,,,,,,,,,1.19,1.03,1.43,1.24,1.08,0.96,1.03,1.07,1.24
Snx12,plex_2,,,,,,,,,,1.09,1.15,1.06,0.88,0.81,0.9,1.02,1.05,1.0
Snx12,plex_2,,,,,,,,,,1.09,1.15,1.06,0.88,0.81,0.9,1.02,1.05,1.0
Snx12,plex_2,,,,,,,,,,1.09,1.15,1.06,0.88,0.81,0.9,1.02,1.05,1.0
Tuba1a,plex_2,,,,,,,,,,1.21,1.16,1.14,0.83,1.66,1.01,1.38,1.18,1.57
Col1a1,plex_2,,,,,,,,,,0.85,0.92,0.92,1.03,0.49,1.03,0.86,0.98,0.97
Tpm1,plex_2,,,,,,,,,,1.0,1.03,0.79,1.64,0.72,0.91,0.73,0.75,0.99
Cltb,plex_2,,,,,,,,,,0.85,0.89,0.92,0.75,0.74,0.77,0.86,0.9,1.01
Cltb,plex_2,,,,,,,,,,0.85,0.89,0.92,0.75,0.74,0.77,0.86,0.9,1.01
Cltb,plex_2,,,,,,,,,,0.85,0.89,0.92,0.75,0.74,0.77,0.86,0.9,1.01
Tex264,plex_2,,,,,,,,,,1.03,0.97,0.94,0.86,1.02,0.6,1.18,0.92,0.93
Tex264,plex_2,,,,,,,,,,1.03,0.97,0.94,0.86,1.02,0.6,1.18,0.92,0.93
Tex264,plex_2,,,,,,,,,,1.03,0.97,0.94,0.86,1.02,0.6,1.18,0.92,0.93
Cyp4v3,plex_2,,,,,,,,,,0.99,0.98,0.82,0.86,0.76,1.17,0.85,0.81,0.99
Hnrnpll,plex_2,,,,,,,,,,0.99,0.91,0.9,0.73,0.75,0.78,0.99,0.92,0.98
Pqbp1,plex_2,,,,,,,,,,1.41,1.47,2.04,0.84,1.95,1.79,1.57,1.87,2.74
Mycbp,plex_2,,,,,,,,,,1.18,1.12,1.12,0.95,0.89,0.8,0.96,0.98,1.07
Pon2,plex_2,,,,,,,,,,1.15,0.82,1.02,0.9,0.82,0.87,0.93,0.94,1.09
Epb41l2,plex_2,,,,,,,,,,0.85,0.89,0.84,0.77,0.71,0.99,0.86,0.87,1.09
Epb41l2,plex_2,,,,,,,,,,0.85,0.89,0.84,0.77,0.71,0.99,0.86,0.87,1.09
Epb41l2,plex_2,,,,,,,,,,0.85,0.89,0.84,0.77,0.71,0.99,0.86,0.87,1.09
Epb41l2,plex_2,,,,,,,,,,0.85,0.89,0.84,0.77,0.71,0.99,0.86,0.87,1.09
Oxsr1,plex_2,,,,,,,,,,1.1,1.4,0.92,0.9,0.91,0.93,0.92,1.04,1.04
Mov10,plex_2,,,,,,,,,,0.85,1.02,0.81,0.68,0.62,0.92,0.73,0.75,0.99
Mov10,plex_2,,,,,,,,,,0.85,1.02,0.81,0.68,0.62,0.92,0.73,0.75,0.99
Mov10,plex_2,,,,,,,,,,0.85,1.02,0.81,0.68,0.62,0.92,0.73,0.75,0.99
Mov10,plex_2,,,,,,,,,,0.85,1.02,0.81,0.68,0.62,0.92,0.73,0.75,0.99
Sf3a3,plex_2,,,,,,,,,,1.07,1.0,0.98,1.2,0.52,0.97,0.89,0.82,0.97
Uba7,plex_2,,,,,,,,,,1.25,1.19,0.93,0.78,0.71,0.83,0.79,1.16,1.18
Uba7,plex_2,,,,,,,,,,1.25,1.19,0.93,0.78,0.71,0.83,0.79,1.16,1.18
Atg7,plex_2,,,,,,,,,,1.37,1.4,1.05,1.48,1.04,1.3,1.25,1.14,0.95
Srsf7,plex_2,,,,,,,,,,1.24,0.99,1.11,0.91,0.71,0.87,0.89,0.92,1.22
Srsf7,plex_2,,,,,,,,,,1.24,0.99,1.11,0.91,0.71,0.87,0.89,0.92,1.22
Srsf7,plex_2,,,,,,,,,,1.24,0.99,1.11,0.91,0.71,0.87,0.89,0.92,1.22
Slc16a1,plex_2,,,,,,,,,,0.86,0.73,0.72,0.75,0.65,0.66,0.82,0.86,0.8
Slc16a1,plex_2,,,,,,,,,,0.86,0.73,0.72,0.75,0.65,0.66,0.82,0.86,0.8
Slc16a1,plex_2,,,,,,,,,,0.86,0.73,0.72,0.75,0.65,0.66,0.82,0.86,0.8
Slc16a1,plex_2,,,,,,,,,,0.86,0.73,0.72,0.75,0.65,0.66,0.82,0.86,0.8
Cyp3a13,plex_2,,,,,,,,,,1.29,0.99,0.92,1.06,0.88,1.1,1.08,0.82,1.36
Mipep,plex_2,,,,,,,,,,0.92,1.08,0.91,0.84,0.88,0.81,0.98,0.91,1.09
Prkaa2,plex_2,,,,,,,,,,1.07,0.91,0.84,0.99,0.79,0.69,1.07,1.0,1.17
Tceb1,plex_2,,,,,,,,,,1.12,1.36,0.96,0.84,0.82,1.39,1.13,0.83,1.27
Tceb1,plex_2,,,,,,,,,,1.12,1.36,0.96,0.84,0.82,1.39,1.13,0.83,1.27
Ppp6c,plex_2,,,,,,,,,,1.19,0.91,0.84,1.12,0.75,1.29,0.94,1.18,0.92
Ca8,plex_2,,,,,,,,,,1.64,0.85,0.96,0.89,0.68,0.61,0.97,0.84,0.85
Mpdz,plex_2,,,,,,,,,,1.04,1.58,0.78,0.39,0.47,0.37,1.24,0.82,0.81
Mpdz,plex_2,,,,,,,,,,1.04,1.58,0.78,0.39,0.47,0.37,1.24,0.82,0.81
Mpdz,plex_2,,,,,,,,,,1.04,1.58,0.78,0.39,0.47,0.37,1.24,0.82,0.81
Mpdz,plex_2,,,,,,,,,,1.04,1.58,0.78,0.39,0.47,0.37,1.24,0.82,0.81
Coq3,plex_2,,,,,,,,,,0.94,0.87,0.66,0.84,0.72,0.82,1.03,0.94,1.05
Coq3,plex_2,,,,,,,,,,0.94,0.87,0.66,0.84,0.72,0.82,1.03,0.94,1.05
Coq3,plex_2,,,,,,,,,,0.94,0.87,0.66,0.84,0.72,0.82,1.03,0.94,1.05
Ap3m1,plex_2,,,,,,,,,,1.11,0.89,0.78,0.8,0.68,0.73,0.94,1.23,0.89
Sf3b2,plex_2,,,,,,,,,,1.02,1.07,1.77,0.86,0.78,0.88,1.27,1.0,0.97
Synj2bp,plex_2,,,,,,,,,,1.07,0.92,0.8,0.78,1.01,0.83,0.95,0.81,1.04
Fuom,plex_2,,,,,,,,,,1.05,0.94,0.84,0.76,0.76,0.82,0.9,0.89,1.03
Fuom,plex_2,,,,,,,,,,1.05,0.94,0.84,0.76,0.76,0.82,0.9,0.89,1.03
Gps1,plex_2,,,,,,,,,,0.94,0.86,0.73,0.8,0.99,0.93,0.87,0.74,1.0
Gps1,plex_2,,,,,,,,,,0.94,0.86,0.73,0.8,0.99,0.93,0.87,0.74,1.0
Gps1,plex_2,,,,,,,,,,0.94,0.86,0.73,0.8,0.99,0.93,0.87,0.74,1.0
Txn2,plex_2,,,,,,,,,,0.93,0.76,0.99,0.75,0.73,0.82,0.93,0.83,0.88
Txn2,plex_2,,,,,,,,,,0.93,0.76,0.99,0.75,0.73,0.82,0.93,0.83,0.88
Abcb10,plex_2,,,,,,,,,,0.94,1.09,0.67,0.91,0.79,1.0,0.9,1.12,1.95
Psmd8,plex_2,,,,,,,,,,1.0,1.06,0.84,0.82,0.77,0.94,0.93,1.05,1.01
Adsl,plex_2,,,,,,,,,,0.93,1.11,0.93,0.63,0.63,0.96,0.76,0.99,1.01
Adsl,plex_2,,,,,,,,,,0.93,1.11,0.93,0.63,0.63,0.96,0.76,0.99,1.01
Adsl,plex_2,,,,,,,,,,0.93,1.11,0.93,0.63,0.63,0.96,0.76,0.99,1.01
Lsm2,plex_2,,,,,,,,,,0.84,0.97,0.86,0.8,0.62,0.89,1.0,0.82,1.02
Lsm2,plex_2,,,,,,,,,,0.84,0.97,0.86,0.8,0.62,0.89,1.0,0.82,1.02
Lsm2,plex_2,,,,,,,,,,0.84,0.97,0.86,0.8,0.62,0.89,1.0,0.82,1.02
Nme1,plex_2,,,,,,,,,,0.91,1.06,0.78,0.89,0.59,0.97,0.73,0.7,0.69
Naca,plex_2,,,,,,,,,,1.21,1.04,0.95,0.86,0.93,0.77,1.03,0.87,1.09
Mrpl37,plex_2,,,,,,,,,,0.95,0.96,0.83,0.86,0.72,0.92,0.99,0.82,1.02
Bag6,plex_2,,,,,,,,,,1.18,1.02,1.24,0.79,0.81,1.14,1.2,0.75,0.8
,plex_2,,,,,,,,,,1.0,1.14,0.89,0.76,0.94,0.95,1.09,0.95,1.05
Dlg1,plex_2,,,,,,,,,,0.87,0.86,0.69,0.74,0.78,0.79,0.78,0.78,0.78
Dlg1,plex_2,,,,,,,,,,0.87,0.86,0.69,0.74,0.78,0.79,0.78,0.78,0.78
Carhsp1,plex_2,,,,,,,,,,1.1,1.18,1.04,0.8,0.96,0.88,0.99,1.1,1.16
Carhsp1,plex_2,,,,,,,,,,1.1,1.18,1.04,0.8,0.96,0.88,0.99,1.1,1.16
Sdf2l1,plex_2,,,,,,,,,,0.9,1.24,1.01,0.72,1.2,0.78,1.04,1.11,1.07
Eif3g,plex_2,,,,,,,,,,1.03,1.11,1.04,0.84,0.82,1.12,1.16,1.02,1.25
Mcu,plex_2,,,,,,,,,,0.47,0.7,0.78,0.69,0.65,0.86,0.93,0.88,0.84
Baiap2,plex_2,,,,,,,,,,0.92,1.1,1.13,0.96,0.7,0.7,0.93,0.97,1.37
Baiap2,plex_2,,,,,,,,,,0.92,1.1,1.13,0.96,0.7,0.7,0.93,0.97,1.37
Baiap2,plex_2,,,,,,,,,,0.92,1.1,1.13,0.96,0.7,0.7,0.93,0.97,1.37
Baiap2,plex_2,,,,,,,,,,0.92,1.1,1.13,0.96,0.7,0.7,0.93,0.97,1.37
Ppp6r1,plex_2,,,,,,,,,,1.37,1.29,1.18,1.5,0.89,1.41,1.05,1.04,0.89
Ppp6r1,plex_2,,,,,,,,,,1.37,1.29,1.18,1.5,0.89,1.41,1.05,1.04,0.89
Lipa,plex_2,,,,,,,,,,0.94,0.92,0.73,0.79,0.78,0.7,0.69,0.83,0.97
Lipa,plex_2,,,,,,,,,,0.94,0.92,0.73,0.79,0.78,0.7,0.69,0.83,0.97
Lipa,plex_2,,,,,,,,,,0.94,0.92,0.73,0.79,0.78,0.7,0.69,0.83,0.97
Cpsf6,plex_2,,,,,,,,,,0.87,0.88,1.04,0.57,0.45,0.51,0.84,1.09,1.12
Cpsf6,plex_2,,,,,,,,,,0.87,0.88,1.04,0.57,0.45,0.51,0.84,1.09,1.12
Cpsf6,plex_2,,,,,,,,,,0.87,0.88,1.04,0.57,0.45,0.51,0.84,1.09,1.12
Abcb4,plex_2,,,,,,,,,,1.63,1.6,1.68,1.2,0.83,0.8,1.68,1.85,1.36
Arpc5l,plex_2,,,,,,,,,,1.12,0.96,1.0,1.03,0.89,1.04,1.17,1.2,1.16
Ahcyl1,plex_2,,,,,,,,,,0.97,1.0,0.93,0.83,0.87,0.92,0.86,0.81,1.19
Arpc4,plex_2,,,,,,,,,,0.89,1.02,0.75,0.71,0.63,0.85,1.06,1.01,0.91
Arpc4,plex_2,,,,,,,,,,0.89,1.02,0.75,0.71,0.63,0.85,1.06,1.01,0.91
Arpc4,plex_2,,,,,,,,,,0.89,1.02,0.75,0.71,0.63,0.85,1.06,1.01,0.91
Arpc4,plex_2,,,,,,,,,,0.89,1.02,0.75,0.71,0.63,0.85,1.06,1.01,0.91
Them4,plex_2,,,,,,,,,,1.05,0.75,1.04,0.73,0.54,0.97,0.81,0.96,1.09
Flot2,plex_2,,,,,,,,,,0.97,0.69,0.86,0.56,0.58,0.6,0.71,0.95,0.9
Flot2,plex_2,,,,,,,,,,0.97,0.69,0.86,0.56,0.58,0.6,0.71,0.95,0.9
Flot2,plex_2,,,,,,,,,,0.97,0.69,0.86,0.56,0.58,0.6,0.71,0.95,0.9
Flot2,plex_2,,,,,,,,,,0.97,0.69,0.86,0.56,0.58,0.6,0.71,0.95,0.9
Flot2,plex_2,,,,,,,,,,0.97,0.69,0.86,0.56,0.58,0.6,0.71,0.95,0.9
Flot2,plex_2,,,,,,,,,,0.97,0.69,0.86,0.56,0.58,0.6,0.71,0.95,0.9
Flot2,plex_2,,,,,,,,,,0.97,0.69,0.86,0.56,0.58,0.6,0.71,0.95,0.9
Add1,plex_2,,,,,,,,,,1.14,1.13,1.23,1.12,2.06,2.24,1.0,1.11,1.19
Ube2d3,plex_2,,,,,,,,,,0.85,0.99,0.96,0.77,0.73,0.8,0.82,0.8,0.88
Ube2d3,plex_2,,,,,,,,,,0.85,0.99,0.96,0.77,0.73,0.8,0.82,0.8,0.88
Ube2d3,plex_2,,,,,,,,,,0.85,0.99,0.96,0.77,0.73,0.8,0.82,0.8,0.88
Ube2d3,plex_2,,,,,,,,,,0.85,0.99,0.96,0.77,0.73,0.8,0.82,0.8,0.88
Atp6v1g1,plex_2,,,,,,,,,,1.0,0.75,0.78,0.64,0.72,0.71,0.88,0.86,0.77
Egfr,plex_2,,,,,,,,,,0.89,1.37,1.14,0.95,0.68,0.7,1.01,0.86,0.87
Egfr,plex_2,,,,,,,,,,0.89,1.37,1.14,0.95,0.68,0.7,1.01,0.86,0.87
Atp5j2,plex_2,,,,,,,,,,0.91,0.83,0.78,0.82,0.78,1.04,0.75,0.75,0.93
Tmem56,plex_2,,,,,,,,,,0.87,0.89,0.79,0.61,0.7,0.93,0.81,0.68,1.03
Tmem56,plex_2,,,,,,,,,,0.87,0.89,0.79,0.61,0.7,0.93,0.81,0.68,1.03
Ssr1,plex_2,,,,,,,,,,1.0,0.97,1.06,0.89,0.77,0.78,0.94,1.03,1.08
Ssr1,plex_2,,,,,,,,,,1.0,0.97,1.06,0.89,0.77,0.78,0.94,1.03,1.08
Dtd2,plex_2,,,,,,,,,,1.02,1.0,1.03,0.69,0.64,1.1,0.99,1.08,1.07
Ceacam1,plex_2,,,,,,,,,,1.09,1.18,0.89,0.86,0.97,0.77,0.89,1.11,1.16
Timm13,plex_2,,,,,,,,,,1.31,1.09,1.36,0.68,1.97,1.18,1.17,1.19,1.31
Arpc1b,plex_2,,,,,,,,,,1.1,1.07,1.19,0.97,0.74,1.13,0.97,1.12,1.05
Cops6,plex_2,,,,,,,,,,0.71,0.8,0.78,0.73,0.43,0.86,1.1,0.92,0.96
Cops6,plex_2,,,,,,,,,,0.71,0.8,0.78,0.73,0.43,0.86,1.1,0.92,0.96
Dhrs7,plex_2,,,,,,,,,,1.07,0.98,0.81,0.68,0.64,0.84,1.08,1.01,1.12
Rcn2,plex_2,,,,,,,,,,0.71,1.01,0.58,0.96,0.85,0.95,1.13,1.01,1.16
Rcn2,plex_2,,,,,,,,,,0.71,1.01,0.58,0.96,0.85,0.95,1.13,1.01,1.16
Ciao1,plex_2,,,,,,,,,,1.28,2.2,1.15,1.05,0.96,1.08,2.28,1.95,1.24
Ciao1,plex_2,,,,,,,,,,1.28,2.2,1.15,1.05,0.96,1.08,2.28,1.95,1.24
Fmo2,plex_2,,,,,,,,,,1.13,0.95,1.03,0.86,0.8,0.92,1.21,0.97,1.13
Ddt,plex_2,,,,,,,,,,0.94,0.85,0.75,0.8,0.65,0.74,1.16,0.88,1.1
Etf1,plex_2,,,,,,,,,,0.8,0.95,1.23,0.86,0.57,1.21,0.99,0.99,0.83
Top1,plex_2,,,,,,,,,,1.0,0.97,0.97,0.98,0.85,0.98,1.17,0.92,1.07
Sult3a1,plex_2,,,,,,,,,,0.87,1.01,1.14,0.91,0.46,0.71,1.0,1.46,0.96
Sult3a1,plex_2,,,,,,,,,,0.87,1.01,1.14,0.91,0.46,0.71,1.0,1.46,0.96
Chtop,plex_2,,,,,,,,,,1.14,0.95,1.4,0.87,0.76,0.99,0.84,1.37,0.73
Grb7,plex_2,,,,,,,,,,1.46,1.26,1.47,0.79,0.76,1.33,0.87,0.74,1.35
Ilvbl,plex_2,,,,,,,,,,0.94,0.93,0.92,0.72,0.72,0.97,1.04,1.09,1.05
Mic13,plex_2,,,,,,,,,,1.09,1.37,0.81,0.86,0.73,1.08,0.82,0.85,0.87
Snrpn,plex_2,,,,,,,,,,0.79,0.83,0.74,0.71,0.67,0.72,0.78,0.75,0.79
Snrpb,plex_2,,,,,,,,,,0.79,0.83,0.74,0.71,0.67,0.72,0.78,0.75,0.79
Tap1,plex_2,,,,,,,,,,0.76,0.92,0.97,0.79,0.86,0.98,1.33,0.93,1.03
Tap1,plex_2,,,,,,,,,,0.76,0.92,0.97,0.79,0.86,0.98,1.33,0.93,1.03
Tap1,plex_2,,,,,,,,,,0.76,0.92,0.97,0.79,0.86,0.98,1.33,0.93,1.03
Tap1,plex_2,,,,,,,,,,0.76,0.92,0.97,0.79,0.86,0.98,1.33,0.93,1.03
Tap1,plex_2,,,,,,,,,,0.76,0.92,0.97,0.79,0.86,0.98,1.33,0.93,1.03
Tap1,plex_2,,,,,,,,,,0.76,0.92,0.97,0.79,0.86,0.98,1.33,0.93,1.03
Tbl2,plex_2,,,,,,,,,,1.2,0.99,1.11,0.67,0.89,0.67,0.66,1.09,0.78
Chordc1,plex_2,,,,,,,,,,0.95,1.04,0.84,0.79,0.88,0.88,0.86,0.97,1.01
Tfr2,plex_2,,,,,,,,,,0.99,1.08,0.96,0.75,1.01,1.04,0.99,0.88,1.13
Hnrnpr,plex_2,,,,,,,,,,1.11,1.03,0.99,0.75,0.71,0.91,1.05,1.09,1.23
Sdhc,plex_2,,,,,,,,,,1.04,1.1,0.88,0.92,1.0,1.14,0.87,0.82,0.99
Sdhc,plex_2,,,,,,,,,,1.04,1.1,0.88,0.92,1.0,1.14,0.87,0.82,0.99
Usmg5,plex_2,,,,,,,,,,1.06,1.14,1.05,0.98,1.09,1.12,1.05,0.92,1.19
U2af1,plex_2,,,,,,,,,,1.19,2.11,1.31,1.29,1.46,1.22,1.48,1.57,1.8
Gaa,plex_2,,,,,,,,,,0.84,0.85,0.85,0.65,0.79,0.96,0.96,0.82,0.91
Dhcr24,plex_2,,,,,,,,,,0.88,1.0,0.85,0.87,0.88,1.1,0.9,0.82,0.86
Cdk5rap3,plex_2,,,,,,,,,,0.98,1.06,0.82,0.88,0.89,0.83,0.93,0.93,1.03
Cdk5rap3,plex_2,,,,,,,,,,0.98,1.06,0.82,0.88,0.89,0.83,0.93,0.93,1.03
Cdk5rap3,plex_2,,,,,,,,,,0.98,1.06,0.82,0.88,0.89,0.83,0.93,0.93,1.03
Rab2a,plex_2,,,,,,,,,,0.96,0.91,0.91,0.67,0.78,0.75,0.97,0.74,0.91
Ptms,plex_2,,,,,,,,,,0.97,1.05,0.9,0.87,0.78,1.07,0.96,0.96,1.02
Mup3,plex_2,,,,,,,,,,1.7,0.89,0.83,0.86,0.97,0.86,1.27,1.31,0.82
Mup3,plex_2,,,,,,,,,,1.7,0.89,0.83,0.86,0.97,0.86,1.27,1.31,0.82
Hspa4l,plex_2,,,,,,,,,,1.1,1.12,0.96,0.85,0.74,0.92,1.18,1.0,1.16
,plex_2,,,,,,,,,,0.97,1.03,0.32,0.94,0.78,1.09,0.85,0.55,0.97
Man2b1,plex_2,,,,,,,,,,1.03,0.9,0.83,0.79,0.8,0.57,0.85,1.04,1.19
Mpp6,plex_2,,,,,,,,,,1.25,1.19,1.21,0.71,0.86,1.02,1.14,1.09,1.27
Eif1,plex_2,,,,,,,,,,0.62,0.79,1.43,0.86,0.67,0.74,0.64,0.64,0.8
Eif1,plex_2,,,,,,,,,,0.62,0.79,1.43,0.86,0.67,0.74,0.64,0.64,0.8
Lamp1,plex_2,,,,,,,,,,1.03,1.11,0.95,0.93,0.88,0.91,0.99,0.96,1.01
Lamp1,plex_2,,,,,,,,,,1.03,1.11,0.95,0.93,0.88,0.91,0.99,0.96,1.01
Lamp1,plex_2,,,,,,,,,,1.03,1.11,0.95,0.93,0.88,0.91,0.99,0.96,1.01
Lamp1,plex_2,,,,,,,,,,1.03,1.11,0.95,0.93,0.88,0.91,0.99,0.96,1.01
Rab9,plex_2,,,,,,,,,,1.07,1.09,1.03,0.75,0.81,0.69,1.11,0.97,1.09
Rab9,plex_2,,,,,,,,,,1.07,1.09,1.03,0.75,0.81,0.69,1.11,0.97,1.09
Arl8b,plex_2,,,,,,,,,,1.12,0.9,0.96,0.64,0.85,0.76,0.69,1.03,0.81
Tmed10,plex_2,,,,,,,,,,0.81,1.03,1.17,0.8,0.67,0.74,0.99,0.83,0.99
Glrx,plex_2,,,,,,,,,,1.08,0.9,0.9,0.8,0.71,0.86,0.93,0.91,1.07
Ggcx,plex_2,,,,,,,,,,1.01,0.98,1.0,1.02,0.71,0.89,0.88,0.92,1.1
Ggcx,plex_2,,,,,,,,,,1.01,0.98,1.0,1.02,0.71,0.89,0.88,0.92,1.1
Fam136a,plex_2,,,,,,,,,,1.1,0.93,0.93,0.88,0.82,0.95,1.04,1.01,1.01
Serpina1b,plex_2,,,,,,,,,,1.36,0.91,0.73,0.93,0.46,0.88,1.06,0.84,0.86
Adss,plex_2,,,,,,,,,,1.04,1.04,1.07,1.02,0.93,0.85,0.94,0.77,1.0
2210016F16Rik,plex_2,,,,,,,,,,1.1,0.95,1.08,0.95,0.89,1.05,0.91,0.88,1.16
Cd2ap,plex_2,,,,,,,,,,0.89,0.99,1.15,0.67,1.49,1.34,1.13,1.08,2.32
Hist2h2ac,plex_2,,,,,,,,,,0.89,1.04,1.28,0.78,0.66,0.72,1.26,1.09,1.14
Srp54,plex_2,,,,,,,,,,1.27,1.25,1.0,0.79,0.75,1.01,0.93,0.8,1.1
Ranbp1,plex_2,,,,,,,,,,1.24,1.01,1.16,0.73,0.74,0.74,1.11,1.08,1.49
Ranbp1,plex_2,,,,,,,,,,1.24,1.01,1.16,0.73,0.74,0.74,1.11,1.08,1.49
Ap1m1,plex_2,,,,,,,,,,1.05,1.2,0.99,0.81,0.82,1.01,1.18,1.03,1.05
ND1,plex_2,,,,,,,,,,0.84,0.91,0.74,0.8,0.62,1.2,0.7,0.71,1.58
mt-Nd1,plex_2,,,,,,,,,,0.84,0.91,0.74,0.8,0.62,1.2,0.7,0.71,1.58
ND1,plex_2,,,,,,,,,,0.84,0.91,0.74,0.8,0.62,1.2,0.7,0.71,1.58
mt-Nd1,plex_2,,,,,,,,,,0.84,0.91,0.74,0.8,0.62,1.2,0.7,0.71,1.58
ND1,plex_2,,,,,,,,,,0.84,0.91,0.74,0.8,0.62,1.2,0.7,0.71,1.58
Pafah2,plex_2,,,,,,,,,,1.07,1.17,1.27,0.97,1.2,0.87,1.13,1.16,1.11
Pafah2,plex_2,,,,,,,,,,1.07,1.17,1.27,0.97,1.2,0.87,1.13,1.16,1.11
Pafah2,plex_2,,,,,,,,,,1.07,1.17,1.27,0.97,1.2,0.87,1.13,1.16,1.11
Pafah2,plex_2,,,,,,,,,,1.07,1.17,1.27,0.97,1.2,0.87,1.13,1.16,1.11
Srr,plex_2,,,,,,,,,,1.17,1.1,1.02,0.57,0.8,0.84,1.14,0.95,1.49
Srr,plex_2,,,,,,,,,,1.17,1.1,1.02,0.57,0.8,0.84,1.14,0.95,1.49
Cutc,plex_2,,,,,,,,,,0.89,0.77,1.01,0.78,0.9,0.85,1.06,0.9,1.15
Cutc,plex_2,,,,,,,,,,0.89,0.77,1.01,0.78,0.9,0.85,1.06,0.9,1.15
Cutc,plex_2,,,,,,,,,,0.89,0.77,1.01,0.78,0.9,0.85,1.06,0.9,1.15
Cutc,plex_2,,,,,,,,,,0.89,0.77,1.01,0.78,0.9,0.85,1.06,0.9,1.15
Iscu,plex_2,,,,,,,,,,0.87,1.01,0.96,0.98,0.74,0.99,0.96,0.89,1.0
Mesdc2,plex_2,,,,,,,,,,1.03,0.94,0.79,0.78,0.82,0.85,0.97,1.0,1.1
Cops3,plex_2,,,,,,,,,,1.08,0.96,1.03,0.8,0.72,0.96,0.99,1.06,1.32
Aarsd1,plex_2,,,,,,,,,,0.9,1.16,0.9,0.4,0.51,0.87,0.98,0.95,1.1
Bgn,plex_2,,,,,,,,,,1.21,1.17,0.84,0.84,0.97,1.15,1.0,0.99,1.09
Bgn,plex_2,,,,,,,,,,1.21,1.17,0.84,0.84,0.97,1.15,1.0,0.99,1.09
Bgn,plex_2,,,,,,,,,,1.21,1.17,0.84,0.84,0.97,1.15,1.0,0.99,1.09
BC089597,plex_2,,,,,,,,,,0.81,1.0,0.81,1.01,0.97,0.88,0.85,0.9,0.78
Fam98b,plex_2,,,,,,,,,,0.96,0.82,1.07,0.9,0.73,0.98,0.81,0.7,0.95
H2-Q10,plex_2,,,,,,,,,,0.78,0.77,0.6,1.15,0.56,0.69,0.83,0.54,0.75
Ampd2,plex_2,,,,,,,,,,1.09,1.08,0.82,1.02,0.87,1.03,1.18,1.08,1.22
Iqgap1,plex_2,,,,,,,,,,1.27,1.32,1.15,0.92,1.0,1.03,0.99,1.01,1.45
Rps26,plex_2,,,,,,,,,,1.06,0.97,0.92,0.83,0.8,0.86,0.94,0.88,0.92
Vmp1,plex_2,,,,,,,,,,0.9,0.96,0.84,0.87,1.02,0.98,1.31,0.98,1.21
Tbca,plex_2,,,,,,,,,,0.99,0.91,0.84,0.75,0.77,0.91,1.07,0.97,1.01
Rbp4,plex_2,,,,,,,,,,1.0,1.12,1.16,0.76,0.87,0.7,1.14,1.04,1.21
Rbp4,plex_2,,,,,,,,,,1.0,1.12,1.16,0.76,0.87,0.7,1.14,1.04,1.21
Rbm47,plex_2,,,,,,,,,,1.37,1.2,1.22,0.94,0.8,1.08,1.04,0.81,1.1
Adck4,plex_2,,,,,,,,,,1.24,0.86,0.89,0.72,0.94,1.22,1.2,0.68,0.96
Acot2,plex_2,,,,,,,,,,0.65,0.78,,0.57,0.61,1.08,0.88,0.58,0.9
Nutf2,plex_2,,,,,,,,,,1.04,1.11,0.96,0.81,0.81,0.96,0.98,1.02,1.2
Mrpl41,plex_2,,,,,,,,,,0.84,0.8,0.95,0.82,0.62,1.08,0.6,1.01,1.23
Hmga1,plex_2,,,,,,,,,,0.82,0.94,0.87,0.87,0.93,0.88,0.72,0.71,0.81
Snrpd2,plex_2,,,,,,,,,,1.08,1.23,0.96,0.98,0.86,1.06,1.11,0.89,1.07
Nif3l1,plex_2,,,,,,,,,,0.97,0.84,0.78,0.82,0.79,0.66,0.9,0.95,0.81
Srp19,plex_2,,,,,,,,,,0.87,0.8,0.77,0.6,0.78,0.78,0.67,0.66,0.69
Srp19,plex_2,,,,,,,,,,0.87,0.8,0.77,0.6,0.78,0.78,0.67,0.66,0.69
Celf1,plex_2,,,,,,,,,,1.02,1.0,0.93,0.93,0.66,0.76,0.97,0.7,1.03
Celf1,plex_2,,,,,,,,,,1.02,1.0,0.93,0.93,0.66,0.76,0.97,0.7,1.03
Celf1,plex_2,,,,,,,,,,1.02,1.0,0.93,0.93,0.66,0.76,0.97,0.7,1.03
Celf1,plex_2,,,,,,,,,,1.02,1.0,0.93,0.93,0.66,0.76,0.97,0.7,1.03
Celf1,plex_2,,,,,,,,,,1.02,1.0,0.93,0.93,0.66,0.76,0.97,0.7,1.03
Auh,plex_2,,,,,,,,,,0.88,0.97,0.92,0.8,0.72,1.01,0.99,1.2,1.07
Copz1,plex_2,,,,,,,,,,1.14,1.32,1.09,0.85,1.04,0.89,0.97,1.23,1.5
Bre,plex_2,,,,,,,,,,0.85,0.91,0.94,0.7,0.78,0.84,0.64,1.06,1.02
Eif2b3,plex_2,,,,,,,,,,1.27,1.16,1.15,0.88,0.72,0.91,1.03,0.91,1.17
Eif2b3,plex_2,,,,,,,,,,1.27,1.16,1.15,0.88,0.72,0.91,1.03,0.91,1.17
Eif2b3,plex_2,,,,,,,,,,1.27,1.16,1.15,0.88,0.72,0.91,1.03,0.91,1.17
S100a9,plex_2,,,,,,,,,,1.78,1.05,1.05,1.48,1.46,1.46,1.27,1.37,1.92
Kctd12,plex_2,,,,,,,,,,0.98,1.0,1.08,0.86,0.72,1.04,0.85,0.99,1.05
Kctd12,plex_2,,,,,,,,,,0.98,1.0,1.08,0.86,0.72,1.04,0.85,0.99,1.05
Kctd12,plex_2,,,,,,,,,,0.98,1.0,1.08,0.86,0.72,1.04,0.85,0.99,1.05
Trmt112,plex_2,,,,,,,,,,1.22,1.89,1.28,0.84,0.91,1.32,1.29,1.35,1.43
Trmt112,plex_2,,,,,,,,,,1.22,1.89,1.28,0.84,0.91,1.32,1.29,1.35,1.43
Pgm3,plex_2,,,,,,,,,,0.84,0.86,0.89,0.68,0.69,0.87,0.88,0.86,1.02
Ecm29,plex_2,,,,,,,,,,0.89,0.95,0.85,0.6,0.65,0.82,0.81,0.91,0.88
Ecm29,plex_2,,,,,,,,,,0.89,0.95,0.85,0.6,0.65,0.82,0.81,0.91,0.88
Hmgcs1,plex_2,,,,,,,,,,0.66,1.01,0.65,0.96,1.04,0.95,0.87,1.05,1.12
Hmgcs1,plex_2,,,,,,,,,,0.66,1.01,0.65,0.96,1.04,0.95,0.87,1.05,1.12
Hmgcs1,plex_2,,,,,,,,,,0.66,1.01,0.65,0.96,1.04,0.95,0.87,1.05,1.12
Hmgcs1,plex_2,,,,,,,,,,0.66,1.01,0.65,0.96,1.04,0.95,0.87,1.05,1.12
Hmgcs1,plex_2,,,,,,,,,,0.66,1.01,0.65,0.96,1.04,0.95,0.87,1.05,1.12
Mrpl13,plex_2,,,,,,,,,,0.99,1.03,0.84,0.81,0.9,0.97,0.97,0.9,1.09
Mrpl13,plex_2,,,,,,,,,,0.99,1.03,0.84,0.81,0.9,0.97,0.97,0.9,1.09
Acot7,plex_2,,,,,,,,,,1.03,1.22,0.77,0.87,0.88,1.05,1.03,1.1,1.18
Acot7,plex_2,,,,,,,,,,1.03,1.22,0.77,0.87,0.88,1.05,1.03,1.1,1.18
Acot7,plex_2,,,,,,,,,,1.03,1.22,0.77,0.87,0.88,1.05,1.03,1.1,1.18
Acot7,plex_2,,,,,,,,,,1.03,1.22,0.77,0.87,0.88,1.05,1.03,1.1,1.18
Cops2,plex_2,,,,,,,,,,1.06,1.19,1.03,1.01,0.95,1.07,1.04,0.95,1.2
Cops2,plex_2,,,,,,,,,,1.06,1.19,1.03,1.01,0.95,1.07,1.04,0.95,1.2
Cops2,plex_2,,,,,,,,,,1.06,1.19,1.03,1.01,0.95,1.07,1.04,0.95,1.2
Ap1g1,plex_2,,,,,,,,,,0.92,1.18,0.79,0.73,0.75,0.9,0.78,1.02,0.92
Cda,plex_2,,,,,,,,,,0.96,1.05,0.79,0.61,0.78,0.64,0.86,1.21,1.05
Mllt4,plex_2,,,,,,,,,,0.91,1.02,1.1,0.84,0.71,0.93,1.07,0.86,1.03
Mllt4,plex_2,,,,,,,,,,0.91,1.02,1.1,0.84,0.71,0.93,1.07,0.86,1.03
Ccar2,plex_2,,,,,,,,,,0.99,1.12,0.87,0.86,0.64,1.14,0.68,0.88,0.91
Hist1h1d,plex_2,,,,,,,,,,0.6,0.86,1.22,0.73,0.59,0.86,0.81,0.7,0.77
Lhpp,plex_2,,,,,,,,,,0.88,0.96,1.04,0.77,0.66,0.92,1.16,1.02,1.04
M6pr,plex_2,,,,,,,,,,1.29,1.02,1.09,0.68,0.78,1.05,0.86,1.07,1.02
M6pr,plex_2,,,,,,,,,,1.29,1.02,1.09,0.68,0.78,1.05,0.86,1.07,1.02
Anxa11,plex_2,,,,,,,,,,1.5,0.88,0.98,0.91,0.82,1.18,1.06,1.03,1.58
Kpna3,plex_2,,,,,,,,,,0.96,0.98,0.91,0.58,0.68,0.82,0.91,0.94,1.05
Abcf2,plex_2,,,,,,,,,,1.0,1.16,1.25,0.92,0.93,0.95,0.85,0.93,1.11
Clu,plex_2,,,,,,,,,,1.15,0.95,0.76,0.78,0.85,1.09,0.99,0.92,1.19
mKIAA0094,plex_2,,,,,,,,,,0.77,0.8,0.91,0.59,0.81,0.69,0.72,0.72,0.82
Metap1,plex_2,,,,,,,,,,0.77,0.8,0.91,0.59,0.81,0.69,0.72,0.72,0.82
Gmppb,plex_2,,,,,,,,,,0.88,0.8,0.95,0.66,0.63,0.68,0.72,0.94,0.88
Cyp17a1,plex_2,,,,,,,,,,0.95,0.96,0.8,0.54,0.62,1.08,0.91,1.51,0.57
Cyp17a1,plex_2,,,,,,,,,,0.95,0.96,0.8,0.54,0.62,1.08,0.91,1.51,0.57
Cyp17a1,plex_2,,,,,,,,,,0.95,0.96,0.8,0.54,0.62,1.08,0.91,1.51,0.57
Cyp3a44,plex_2,,,,,,,,,,0.99,1.11,1.02,0.83,0.71,0.83,0.82,1.16,0.98
Acbd3,plex_2,,,,,,,,,,0.83,1.01,0.98,0.58,0.68,0.77,1.02,0.78,0.75
Acbd3,plex_2,,,,,,,,,,0.83,1.01,0.98,0.58,0.68,0.77,1.02,0.78,0.75
Csrp3,plex_2,,,,,,,,,,1.21,1.1,1.21,1.13,0.92,1.1,0.93,0.78,0.95
Impa1,plex_2,,,,,,,,,,0.98,1.04,0.97,0.69,0.86,0.64,0.96,1.12,0.98
Impa1,plex_2,,,,,,,,,,0.98,1.04,0.97,0.69,0.86,0.64,0.96,1.12,0.98
Impa1,plex_2,,,,,,,,,,0.98,1.04,0.97,0.69,0.86,0.64,0.96,1.12,0.98
Impa1,plex_2,,,,,,,,,,0.98,1.04,0.97,0.69,0.86,0.64,0.96,1.12,0.98
Impa1,plex_2,,,,,,,,,,0.98,1.04,0.97,0.69,0.86,0.64,0.96,1.12,0.98
Nop58,plex_2,,,,,,,,,,1.4,1.29,0.97,1.08,1.0,1.06,1.13,1.03,1.14
Tmem30a,plex_2,,,,,,,,,,1.07,0.94,0.84,0.89,0.76,0.83,1.03,0.94,1.19
Abcb8,plex_2,,,,,,,,,,1.36,1.11,0.99,1.36,0.9,1.03,1.08,1.31,0.98
Tcea1,plex_2,,,,,,,,,,1.11,1.48,1.03,1.42,0.96,1.02,1.42,0.94,1.85
Tcea1,plex_2,,,,,,,,,,1.11,1.48,1.03,1.42,0.96,1.02,1.42,0.94,1.85
Tcea1,plex_2,,,,,,,,,,1.11,1.48,1.03,1.42,0.96,1.02,1.42,0.94,1.85
Uqcrq,plex_2,,,,,,,,,,1.15,0.78,0.75,0.81,0.64,1.0,0.89,0.66,0.99
Sh3bgrl,plex_2,,,,,,,,,,1.42,1.21,0.87,1.1,1.1,1.17,0.9,0.95,1.13
Sh3bgrl,plex_2,,,,,,,,,,1.42,1.21,0.87,1.1,1.1,1.17,0.9,0.95,1.13
Wdr5,plex_2,,,,,,,,,,0.97,1.02,1.07,0.83,0.85,0.87,1.0,0.95,0.88
Wdr5,plex_2,,,,,,,,,,0.97,1.02,1.07,0.83,0.85,0.87,1.0,0.95,0.88
Isg15,plex_2,,,,,,,,,,1.32,1.02,0.72,0.7,0.41,0.78,0.73,0.83,0.93
Gfm1,plex_2,,,,,,,,,,0.85,1.02,1.1,0.84,0.91,0.86,1.01,1.02,1.08
Rpl31,plex_2,,,,,,,,,,0.88,0.91,0.84,0.82,0.7,0.94,0.89,0.83,0.96
Rpl31,plex_2,,,,,,,,,,0.88,0.91,0.84,0.82,0.7,0.94,0.89,0.83,0.96
Bzw1,plex_2,,,,,,,,,,0.9,0.9,0.82,0.8,1.09,1.25,0.88,0.9,1.16
Als2,plex_2,,,,,,,,,,1.09,1.28,1.23,1.06,0.71,0.91,1.26,1.23,0.92
Pddc1,plex_2,,,,,,,,,,1.12,1.1,1.14,0.88,0.75,0.77,0.92,1.15,1.05
Mtfr1l,plex_2,,,,,,,,,,0.95,0.82,0.72,0.56,0.78,0.68,0.8,0.9,0.95
Timm9,plex_2,,,,,,,,,,0.85,0.83,0.75,0.66,0.68,0.96,0.98,0.75,0.8
Asrgl1,plex_2,,,,,,,,,,0.88,1.21,1.11,0.77,0.77,1.19,1.11,0.84,0.94
Irgm1,plex_2,,,,,,,,,,1.08,1.15,0.88,0.8,0.74,0.82,0.92,0.98,1.02
Irgm1,plex_2,,,,,,,,,,1.08,1.15,0.88,0.8,0.74,0.82,0.92,0.98,1.02
Slc25a25,plex_2,,,,,,,,,,0.96,0.88,0.7,0.55,0.69,0.93,0.71,0.63,0.97
Cd1d1,plex_2,,,,,,,,,,1.05,1.07,1.13,0.79,0.73,1.1,1.01,0.89,1.17
Cd1d1,plex_2,,,,,,,,,,1.05,1.07,1.13,0.79,0.73,1.1,1.01,0.89,1.17
Rpl29,plex_2,,,,,,,,,,1.05,1.17,0.78,0.85,0.68,0.91,1.06,0.89,0.99
Ufm1,plex_2,,,,,,,,,,1.37,1.56,0.91,0.86,0.81,0.82,1.2,1.17,1.0
Cops7a,plex_2,,,,,,,,,,1.09,0.92,0.77,0.95,0.75,0.78,0.89,0.89,1.14
Slain2,plex_2,,,,,,,,,,1.09,0.97,0.7,0.56,0.65,0.9,1.02,0.78,0.99
Cisd2,plex_2,,,,,,,,,,1.3,1.33,1.1,0.94,1.27,1.49,0.95,0.88,1.45
Arfgap2,plex_2,,,,,,,,,,1.17,1.31,1.33,0.77,1.02,0.93,1.28,1.16,1.42
Ptprf,plex_2,,,,,,,,,,1.12,0.97,1.0,0.93,1.0,0.96,1.14,1.0,1.09
Nhlrc2,plex_2,,,,,,,,,,0.82,0.96,0.76,0.79,0.88,0.87,1.05,0.78,1.11
Agk,plex_2,,,,,,,,,,1.0,2.24,1.46,0.99,0.87,0.95,0.91,1.0,1.13
Bms1,plex_2,,,,,,,,,,1.24,1.3,1.3,0.95,0.66,0.77,1.05,1.07,1.39
Bms1,plex_2,,,,,,,,,,1.24,1.3,1.3,0.95,0.66,0.77,1.05,1.07,1.39
Bms1,plex_2,,,,,,,,,,1.24,1.3,1.3,0.95,0.66,0.77,1.05,1.07,1.39
Ebp,plex_2,,,,,,,,,,0.89,1.12,0.87,0.63,0.96,1.13,0.81,0.8,1.21
Tbrg4,plex_2,,,,,,,,,,0.95,1.0,0.83,0.79,0.68,0.75,0.81,0.7,1.11
Tbrg4,plex_2,,,,,,,,,,0.95,1.0,0.83,0.79,0.68,0.75,0.81,0.7,1.11
Cox7a2,plex_2,,,,,,,,,,1.04,1.09,0.75,0.84,0.97,1.05,1.05,0.91,0.94
Dap,plex_2,,,,,,,,,,1.12,1.01,1.09,0.82,0.95,0.91,1.24,1.07,1.24
Dap,plex_2,,,,,,,,,,1.12,1.01,1.09,0.82,0.95,0.91,1.24,1.07,1.24
Tinagl1,plex_2,,,,,,,,,,1.26,0.78,0.74,0.94,0.63,0.69,0.71,0.99,1.4
Cyp3a16,plex_2,,,,,,,,,,0.89,1.89,0.85,0.61,0.42,0.79,0.15,1.84,0.41
Cyp3a16,plex_2,,,,,,,,,,0.89,1.89,0.85,0.61,0.42,0.79,0.15,1.84,0.41
Pgp,plex_2,,,,,,,,,,1.02,0.87,0.91,0.74,0.67,0.76,0.96,0.82,1.1
Sf1,plex_2,,,,,,,,,,0.92,0.93,0.7,0.74,0.72,1.03,0.83,0.86,1.06
Sf1,plex_2,,,,,,,,,,0.92,0.93,0.7,0.74,0.72,1.03,0.83,0.86,1.06
Sf1,plex_2,,,,,,,,,,0.92,0.93,0.7,0.74,0.72,1.03,0.83,0.86,1.06
Prelp,plex_2,,,,,,,,,,0.93,1.16,0.7,0.82,0.83,0.99,0.77,0.92,1.07
Setd3,plex_2,,,,,,,,,,0.97,0.99,0.83,0.63,0.68,1.07,0.97,0.9,0.99
Lrba,plex_2,,,,,,,,,,0.85,0.97,0.84,1.24,0.69,0.88,1.48,1.01,1.32
Lrba,plex_2,,,,,,,,,,0.85,0.97,0.84,1.24,0.69,0.88,1.48,1.01,1.32
Lrba,plex_2,,,,,,,,,,0.85,0.97,0.84,1.24,0.69,0.88,1.48,1.01,1.32
Aimp2,plex_2,,,,,,,,,,0.85,1.07,1.08,0.67,0.89,0.79,1.15,1.07,1.06
Glrx5,plex_2,,,,,,,,,,0.93,0.84,0.92,0.85,0.68,0.83,0.83,0.97,0.98
Cstb,plex_2,,,,,,,,,,0.78,0.91,0.92,0.67,0.68,0.81,0.96,0.78,0.83
Vps4b,plex_2,,,,,,,,,,1.08,1.05,1.32,0.78,0.62,0.82,0.93,0.87,1.02
Vps4b,plex_2,,,,,,,,,,1.08,1.05,1.32,0.78,0.62,0.82,0.93,0.87,1.02
G6pdx,plex_2,,,,,,,,,,0.93,1.11,0.8,0.73,0.76,0.81,0.8,0.87,1.0
G6pdx,plex_2,,,,,,,,,,0.93,1.11,0.8,0.73,0.76,0.81,0.8,0.87,1.0
Lsm8,plex_2,,,,,,,,,,1.51,1.27,0.67,0.98,1.18,1.4,1.46,1.87,1.8
Prrc2a,plex_2,,,,,,,,,,1.07,1.26,0.92,0.91,0.8,0.89,1.09,0.92,1.02
Ndufaf2,plex_2,,,,,,,,,,1.23,1.4,1.22,1.32,1.14,1.67,1.19,1.12,1.35
Ndufaf2,plex_2,,,,,,,,,,1.23,1.4,1.22,1.32,1.14,1.67,1.19,1.12,1.35
Sbds,plex_2,,,,,,,,,,0.99,1.06,0.86,0.84,0.75,0.77,0.99,0.85,1.05
Alyref,plex_2,,,,,,,,,,0.66,0.81,0.94,0.7,0.61,0.96,0.73,0.8,0.71
Pvalb,plex_2,,,,,,,,,,0.55,0.98,0.17,0.82,0.88,1.04,0.49,0.35,1.62
Casp3,plex_2,,,,,,,,,,1.0,1.16,0.91,0.75,0.73,0.85,0.84,0.97,0.98
ND5,plex_2,,,,,,,,,,0.97,1.27,0.82,1.11,0.96,1.18,1.1,0.93,1.06
Gbp6,plex_2,,,,,,,,,,0.88,1.58,0.95,0.48,0.82,0.71,0.95,0.56,1.01
Nubpl,plex_2,,,,,,,,,,0.94,1.06,1.31,0.86,0.96,0.81,1.03,1.33,1.19
Cd36,plex_2,,,,,,,,,,0.92,0.96,0.57,0.88,1.13,1.04,0.8,0.97,0.88
Khdrbs1,plex_2,,,,,,,,,,1.05,1.02,0.91,0.97,0.77,1.02,0.91,0.87,1.05
Cd47,plex_2,,,,,,,,,,1.46,1.36,1.47,0.95,0.74,1.14,1.07,1.39,1.4
Cd47,plex_2,,,,,,,,,,1.46,1.36,1.47,0.95,0.74,1.14,1.07,1.39,1.4
Cd47,plex_2,,,,,,,,,,1.46,1.36,1.47,0.95,0.74,1.14,1.07,1.39,1.4
Abcd2,plex_2,,,,,,,,,,0.97,0.98,0.88,0.89,0.9,1.13,1.04,0.96,1.21
Pcbd1,plex_2,,,,,,,,,,0.95,0.87,0.65,0.82,0.89,0.99,0.95,1.01,1.06
Atp6v1e1,plex_2,,,,,,,,,,1.34,0.74,1.32,0.81,0.73,0.66,1.0,1.16,1.08
Btd,plex_2,,,,,,,,,,0.85,0.69,0.76,0.73,0.76,0.52,0.75,0.83,0.9
Btd,plex_2,,,,,,,,,,0.85,0.69,0.76,0.73,0.76,0.52,0.75,0.83,0.9
Rai14,plex_2,,,,,,,,,,2.45,1.06,1.42,1.48,1.71,2.03,2.1,1.43,1.44
Mon2,plex_2,,,,,,,,,,1.15,1.15,1.11,0.94,0.9,1.1,0.91,0.83,1.08
Mon2,plex_2,,,,,,,,,,1.15,1.15,1.11,0.94,0.9,1.1,0.91,0.83,1.08
Mon2,plex_2,,,,,,,,,,1.15,1.15,1.11,0.94,0.9,1.1,0.91,0.83,1.08
Tial1,plex_2,,,,,,,,,,1.02,1.33,0.78,0.73,0.83,0.79,1.16,0.97,1.46
Plbd1,plex_2,,,,,,,,,,1.06,1.34,1.14,0.92,0.79,0.7,0.96,0.98,1.13
Plbd1,plex_2,,,,,,,,,,1.06,1.34,1.14,0.92,0.79,0.7,0.96,0.98,1.13
Cmas,plex_2,,,,,,,,,,0.87,0.95,1.01,0.65,0.83,0.85,1.11,0.96,1.12
Pxmp2,plex_2,,,,,,,,,,1.01,1.05,0.96,0.76,0.72,1.03,0.97,0.92,0.96
Pxmp2,plex_2,,,,,,,,,,1.01,1.05,0.96,0.76,0.72,1.03,0.97,0.92,0.96
Magohb,plex_2,,,,,,,,,,1.05,0.85,0.97,0.61,0.75,0.72,0.85,0.98,0.98
Magoh,plex_2,,,,,,,,,,1.05,0.85,0.97,0.61,0.75,0.72,0.85,0.98,0.98
Nedd8,plex_2,,,,,,,,,,0.97,1.06,0.77,0.82,0.84,0.82,1.01,0.79,0.96
Hgs,plex_2,,,,,,,,,,0.82,0.81,0.95,0.65,0.63,0.71,0.75,0.87,0.83
Hgs,plex_2,,,,,,,,,,0.82,0.81,0.95,0.65,0.63,0.71,0.75,0.87,0.83
Zfand2b,plex_2,,,,,,,,,,1.11,0.87,0.55,0.9,0.63,1.18,0.94,0.78,0.65
Zfand2b,plex_2,,,,,,,,,,1.11,0.87,0.55,0.9,0.63,1.18,0.94,0.78,0.65
Zfand2b,plex_2,,,,,,,,,,1.11,0.87,0.55,0.9,0.63,1.18,0.94,0.78,0.65
Emc8,plex_2,,,,,,,,,,1.21,0.95,0.95,0.83,0.92,0.69,1.12,0.95,1.05
Emc8,plex_2,,,,,,,,,,1.21,0.95,0.95,0.83,0.92,0.69,1.12,0.95,1.05
Vtn,plex_2,,,,,,,,,,1.09,1.0,0.9,0.91,0.68,1.03,0.78,0.93,0.87
Sdsl,plex_2,,,,,,,,,,1.03,1.13,1.11,1.01,0.57,1.07,0.99,0.56,0.85
Snca,plex_2,,,,,,,,,,1.48,0.96,0.84,0.99,0.39,0.6,1.15,1.07,1.01
Lmf1,plex_2,,,,,,,,,,1.07,0.88,0.95,0.7,0.79,0.82,0.98,1.08,1.07
Lmf1,plex_2,,,,,,,,,,1.07,0.88,0.95,0.7,0.79,0.82,0.98,1.08,1.07
Snx1,plex_2,,,,,,,,,,0.89,0.92,0.72,0.91,0.82,0.68,1.04,0.82,1.19
Snx1,plex_2,,,,,,,,,,0.89,0.92,0.72,0.91,0.82,0.68,1.04,0.82,1.19
Snx1,plex_2,,,,,,,,,,0.89,0.92,0.72,0.91,0.82,0.68,1.04,0.82,1.19
Rras,plex_2,,,,,,,,,,0.72,1.09,0.7,0.61,0.63,0.76,0.83,0.8,0.86
Ppbp,plex_2,,,,,,,,,,1.42,0.89,0.85,1.16,0.72,1.77,1.58,0.9,0.8
Tor1aip1,plex_2,,,,,,,,,,1.21,1.03,0.99,0.79,0.71,0.88,0.67,0.9,0.84
Tor1aip1,plex_2,,,,,,,,,,1.21,1.03,0.99,0.79,0.71,0.88,0.67,0.9,0.84
Tor1aip1,plex_2,,,,,,,,,,1.21,1.03,0.99,0.79,0.71,0.88,0.67,0.9,0.84
Abcb7,plex_2,,,,,,,,,,1.14,1.26,1.09,0.76,1.11,1.17,0.98,0.97,1.11
Chp1,plex_2,,,,,,,,,,1.08,0.98,0.88,0.85,0.83,0.8,1.07,1.16,1.09
Golga2,plex_2,,,,,,,,,,0.94,0.94,0.93,0.81,0.81,0.85,0.79,0.96,1.14
Golga2,plex_2,,,,,,,,,,0.94,0.94,0.93,0.81,0.81,0.85,0.79,0.96,1.14
Mpp1,plex_2,,,,,,,,,,1.22,0.89,0.84,0.79,0.73,0.66,0.92,0.86,1.06
Mpp1,plex_2,,,,,,,,,,1.22,0.89,0.84,0.79,0.73,0.66,0.92,0.86,1.06
Mpp1,plex_2,,,,,,,,,,1.22,0.89,0.84,0.79,0.73,0.66,0.92,0.86,1.06
Mpp1,plex_2,,,,,,,,,,1.22,0.89,0.84,0.79,0.73,0.66,0.92,0.86,1.06
Tmod3,plex_2,,,,,,,,,,0.81,0.91,0.74,0.98,0.71,0.99,0.79,0.78,0.91
Tmod3,plex_2,,,,,,,,,,0.81,0.91,0.74,0.98,0.71,0.99,0.79,0.78,0.91
Hbs1l,plex_2,,,,,,,,,,1.17,1.01,0.97,0.79,0.96,0.91,0.98,1.01,1.04
Hbs1l,plex_2,,,,,,,,,,1.17,1.01,0.97,0.79,0.96,0.91,0.98,1.01,1.04
Coq5,plex_2,,,,,,,,,,0.91,1.04,0.91,0.81,0.96,0.95,1.11,1.07,1.2
Mbnl1,plex_2,,,,,,,,,,1.16,0.91,0.74,0.8,0.79,1.06,0.8,0.61,0.91
Ak1,plex_2,,,,,,,,,,1.01,0.83,0.39,1.81,1.18,1.18,0.62,0.47,2.02
Ak1,plex_2,,,,,,,,,,1.01,0.83,0.39,1.81,1.18,1.18,0.62,0.47,2.02
Psmb9,plex_2,,,,,,,,,,0.96,1.22,0.88,0.86,0.79,0.82,0.61,0.94,0.95
Psmb9,plex_2,,,,,,,,,,0.96,1.22,0.88,0.86,0.79,0.82,0.61,0.94,0.95
Mmab,plex_2,,,,,,,,,,0.73,1.22,0.76,0.8,0.79,0.9,0.92,0.86,1.21
Ndufv3,plex_2,,,,,,,,,,0.86,0.93,0.9,0.88,0.86,0.89,0.92,0.8,0.96
Helz2,plex_2,,,,,,,,,,1.02,0.96,1.13,1.01,1.39,0.9,1.31,1.57,1.42
Pym1,plex_2,,,,,,,,,,0.74,0.97,1.3,0.67,0.93,0.62,0.92,0.89,1.62
Pym1,plex_2,,,,,,,,,,0.74,0.97,1.3,0.67,0.93,0.62,0.92,0.89,1.62
Luc7l2,plex_2,,,,,,,,,,1.07,0.93,0.82,0.85,0.76,0.94,0.98,0.98,1.06
Luc7l2,plex_2,,,,,,,,,,1.07,0.93,0.82,0.85,0.76,0.94,0.98,0.98,1.06
Luc7l2,plex_2,,,,,,,,,,1.07,0.93,0.82,0.85,0.76,0.94,0.98,0.98,1.06
Phpt1,plex_2,,,,,,,,,,0.95,1.1,0.86,0.78,0.88,0.82,0.97,1.14,1.14
Ddx19a,plex_2,,,,,,,,,,1.44,1.62,1.01,0.7,0.83,0.89,1.45,1.4,1.47
Ddx19b,plex_2,,,,,,,,,,1.44,1.62,1.01,0.7,0.83,0.89,1.45,1.4,1.47
Ddx19b,plex_2,,,,,,,,,,1.44,1.62,1.01,0.7,0.83,0.89,1.45,1.4,1.47
Eif3k,plex_2,,,,,,,,,,1.06,1.39,0.89,1.18,0.92,1.29,1.11,1.08,0.98
Pdcd6,plex_2,,,,,,,,,,0.9,0.95,1.03,0.77,0.78,1.03,0.96,1.0,1.32
Pdcd6,plex_2,,,,,,,,,,0.9,0.95,1.03,0.77,0.78,1.03,0.96,1.0,1.32
Nsun2,plex_2,,,,,,,,,,1.93,1.26,0.74,1.04,0.83,0.71,1.27,1.29,1.39
Nsun2,plex_2,,,,,,,,,,1.93,1.26,0.74,1.04,0.83,0.71,1.27,1.29,1.39
Nsun2,plex_2,,,,,,,,,,1.93,1.26,0.74,1.04,0.83,0.71,1.27,1.29,1.39
Pcna,plex_2,,,,,,,,,,0.87,1.31,0.76,0.73,0.8,0.94,0.88,1.01,1.12
Pcna-ps2,plex_2,,,,,,,,,,0.87,1.31,0.76,0.73,0.8,0.94,0.88,1.01,1.12
Pcna,plex_2,,,,,,,,,,0.87,1.31,0.76,0.73,0.8,0.94,0.88,1.01,1.12
Denr,plex_2,,,,,,,,,,0.64,0.8,0.74,0.73,0.56,0.75,0.86,1.27,1.19
Ralb,plex_2,,,,,,,,,,1.0,1.18,1.08,0.88,0.9,1.08,1.05,1.1,1.13
Ralb,plex_2,,,,,,,,,,1.0,1.18,1.08,0.88,0.9,1.08,1.05,1.1,1.13
Adrm1,plex_2,,,,,,,,,,1.26,1.18,0.89,1.12,0.96,0.94,1.11,0.87,1.19
Ttc39b,plex_2,,,,,,,,,,1.22,2.15,1.34,1.09,1.33,0.77,0.84,1.05,1.62
Ttc39b,plex_2,,,,,,,,,,1.22,2.15,1.34,1.09,1.33,0.77,0.84,1.05,1.62
Fetub,plex_2,,,,,,,,,,1.2,0.95,0.74,1.06,0.64,1.04,0.77,0.74,0.97
Emc2,plex_2,,,,,,,,,,1.12,1.07,0.98,0.77,0.76,0.88,1.09,1.02,1.09
L3hypdh,plex_2,,,,,,,,,,0.99,1.05,1.02,0.71,0.82,0.9,0.78,0.64,1.26
Spcs2,plex_2,,,,,,,,,,0.85,1.03,0.98,0.81,0.78,0.67,1.05,0.97,1.03
Mrpl53,plex_2,,,,,,,,,,0.76,0.84,0.67,0.78,0.69,0.94,0.99,0.83,0.9
Elac2,plex_2,,,,,,,,,,1.15,0.78,1.01,0.65,0.65,0.78,1.08,0.91,1.13
Elac2,plex_2,,,,,,,,,,1.15,0.78,1.01,0.65,0.65,0.78,1.08,0.91,1.13
Slc37a4,plex_2,,,,,,,,,,1.03,1.0,0.79,0.98,0.71,1.12,0.9,0.84,1.19
Idnk,plex_2,,,,,,,,,,1.73,1.4,1.55,1.25,1.28,0.92,1.27,1.49,1.37
Ighg3,plex_2,,,,,,,,,,1.46,0.78,0.71,0.88,0.73,1.03,0.78,0.82,1.33
,plex_2,,,,,,,,,,1.46,0.78,0.71,0.88,0.73,1.03,0.78,0.82,1.33
,plex_2,,,,,,,,,,1.46,0.78,0.71,0.88,0.73,1.03,0.78,0.82,1.33
Cstf1,plex_2,,,,,,,,,,0.87,0.97,1.79,0.65,0.93,1.07,0.65,1.76,0.95
Rpl36,plex_2,,,,,,,,,,1.02,0.97,1.16,0.81,1.06,1.21,1.08,0.88,1.38
Dmd,plex_2,,,,,,,,,,1.14,0.92,0.94,0.7,0.67,0.96,0.94,1.08,1.03
Reps1,plex_2,,,,,,,,,,0.75,0.49,0.61,0.66,0.62,0.65,0.78,0.65,0.89
Reps1,plex_2,,,,,,,,,,0.75,0.49,0.61,0.66,0.62,0.65,0.78,0.65,0.89
Reps1,plex_2,,,,,,,,,,0.75,0.49,0.61,0.66,0.62,0.65,0.78,0.65,0.89
Reps1,plex_2,,,,,,,,,,0.75,0.49,0.61,0.66,0.62,0.65,0.78,0.65,0.89
Reps1,plex_2,,,,,,,,,,0.75,0.49,0.61,0.66,0.62,0.65,0.78,0.65,0.89
Reps1,plex_2,,,,,,,,,,0.75,0.49,0.61,0.66,0.62,0.65,0.78,0.65,0.89
Rab5a,plex_2,,,,,,,,,,0.83,0.94,0.68,1.04,0.65,1.78,0.74,0.67,0.96
Usp9x,plex_2,,,,,,,,,,0.99,1.04,0.94,1.02,0.82,0.98,0.98,0.99,0.97
Des,plex_2,,,,,,,,,,1.03,0.86,0.62,1.41,0.72,1.09,0.83,0.88,0.84
Des,plex_2,,,,,,,,,,1.03,0.86,0.62,1.41,0.72,1.09,0.83,0.88,0.84
Myh11,plex_2,,,,,,,,,,0.95,0.91,0.96,0.64,0.67,0.9,0.8,0.66,0.97
Nme3,plex_2,,,,,,,,,,0.85,0.8,0.89,0.78,0.64,0.94,0.98,0.79,0.97
Pcbd2,plex_2,,,,,,,,,,1.75,1.87,1.85,1.74,1.27,1.29,1.38,1.85,2.55
Ndufb3,plex_2,,,,,,,,,,0.95,0.95,0.81,1.02,0.76,1.06,0.91,0.83,1.09
Nsf,plex_2,,,,,,,,,,1.99,1.38,1.02,1.07,0.97,1.09,1.34,1.24,1.5
S100a11,plex_2,,,,,,,,,,0.93,1.25,0.96,0.64,0.75,0.89,0.77,1.01,1.09
Tmx1,plex_2,,,,,,,,,,1.14,1.1,1.03,0.87,0.8,0.97,1.05,1.13,1.3
Hmgn2,plex_2,,,,,,,,,,0.98,1.0,0.69,0.99,0.7,1.01,0.95,0.75,1.0
Ngp,plex_2,,,,,,,,,,0.93,0.89,0.77,0.77,0.76,0.8,0.88,0.77,1.08
Gatm,plex_2,,,,,,,,,,1.59,1.23,1.92,1.04,1.1,1.08,1.61,1.12,2.15
Tbcb,plex_2,,,,,,,,,,0.95,1.01,0.96,0.81,0.97,0.89,0.95,0.97,1.21
Nap1l1,plex_2,,,,,,,,,,1.0,0.83,1.06,0.86,0.95,0.88,0.77,0.99,1.22
Sult1c2,plex_2,,,,,,,,,,0.98,1.34,1.05,0.92,0.86,1.01,0.84,1.22,0.99
Btf3l4,plex_2,,,,,,,,,,0.71,0.87,0.81,0.8,0.68,0.9,0.96,0.87,0.86
Mapk1,plex_2,,,,,,,,,,1.1,1.04,0.96,0.87,0.9,0.99,1.0,0.99,1.19
Carnmt1,plex_2,,,,,,,,,,1.05,0.99,0.81,0.79,1.15,0.8,1.44,0.61,1.56
Eif1ax,plex_2,,,,,,,,,,1.0,0.94,0.98,0.82,0.76,0.77,0.98,0.99,1.16
Klc4,plex_2,,,,,,,,,,0.96,0.75,1.02,0.61,1.09,0.56,1.15,1.08,1.18
Cbx1,plex_2,,,,,,,,,,1.34,1.4,1.17,1.14,1.05,1.06,1.2,1.03,1.31
Nfia,plex_2,,,,,,,,,,0.86,0.97,0.82,0.78,0.81,1.14,0.78,0.73,0.64
Bccip,plex_2,,,,,,,,,,1.14,1.32,1.38,1.33,0.95,1.63,1.2,1.22,2.08
Pdcd5,plex_2,,,,,,,,,,1.19,0.99,0.92,0.99,0.84,1.26,1.04,0.74,0.5
Txndc15,plex_2,,,,,,,,,,0.9,0.85,0.57,,,,0.85,,0.68
Snx9,plex_2,,,,,,,,,,1.17,0.97,0.8,0.91,0.77,0.98,0.92,0.94,0.97
Snx9,plex_2,,,,,,,,,,1.17,0.97,0.8,0.91,0.77,0.98,0.92,0.94,0.97
Soat2,plex_2,,,,,,,,,,1.2,0.99,1.05,0.9,1.17,1.11,1.17,0.9,1.18
Apmap,plex_2,,,,,,,,,,0.96,0.98,0.92,0.77,0.81,0.57,1.13,0.94,1.28
Sugt1,plex_2,,,,,,,,,,0.94,1.03,0.96,0.84,0.69,0.8,1.04,0.84,1.08
Cisd3,plex_2,,,,,,,,,,1.0,0.97,0.65,0.91,0.91,1.35,0.94,0.85,0.96
Cisd3,plex_2,,,,,,,,,,1.0,0.97,0.65,0.91,0.91,1.35,0.94,0.85,0.96
Cisd3,plex_2,,,,,,,,,,1.0,0.97,0.65,0.91,0.91,1.35,0.94,0.85,0.96
Cisd3,plex_2,,,,,,,,,,1.0,0.97,0.65,0.91,0.91,1.35,0.94,0.85,0.96
Ccs,plex_2,,,,,,,,,,1.0,1.1,1.22,0.63,0.75,0.67,0.94,1.03,1.17
Rbm15,plex_2,,,,,,,,,,1.41,0.96,0.79,0.68,0.66,1.15,1.19,0.69,1.19
Rbm15,plex_2,,,,,,,,,,1.41,0.96,0.79,0.68,0.66,1.15,1.19,0.69,1.19
Rbm15,plex_2,,,,,,,,,,1.41,0.96,0.79,0.68,0.66,1.15,1.19,0.69,1.19
Rbm15,plex_2,,,,,,,,,,1.41,0.96,0.79,0.68,0.66,1.15,1.19,0.69,1.19
Rbm15,plex_2,,,,,,,,,,1.41,0.96,0.79,0.68,0.66,1.15,1.19,0.69,1.19
Rbm15,plex_2,,,,,,,,,,1.41,0.96,0.79,0.68,0.66,1.15,1.19,0.69,1.19
Rbm15,plex_2,,,,,,,,,,1.41,0.96,0.79,0.68,0.66,1.15,1.19,0.69,1.19
Afm,plex_2,,,,,,,,,,1.31,0.93,0.87,0.93,0.74,0.97,1.0,0.78,0.97
Ubxn4,plex_2,,,,,,,,,,0.86,0.92,0.86,0.68,0.65,0.53,1.12,0.86,0.98
Gnpda1,plex_2,,,,,,,,,,0.9,0.84,1.02,1.03,0.63,0.77,1.09,1.28,1.11
Gnpda1,plex_2,,,,,,,,,,0.9,0.84,1.02,1.03,0.63,0.77,1.09,1.28,1.11
Chchd4,plex_2,,,,,,,,,,1.13,0.91,0.79,0.74,0.95,0.78,1.33,0.91,1.1
Nmi,plex_2,,,,,,,,,,0.87,1.12,1.17,0.87,0.82,0.82,0.75,1.01,1.34
Lbr,plex_2,,,,,,,,,,1.38,1.22,2.12,1.11,0.92,0.87,1.16,0.83,0.98
Col4a2,plex_2,,,,,,,,,,0.98,0.98,1.05,0.95,0.68,0.69,1.11,1.03,1.15
Rpl35a,plex_2,,,,,,,,,,1.05,1.05,0.92,1.23,0.76,1.27,0.91,0.67,0.87
Rpl35a,plex_2,,,,,,,,,,1.05,1.05,0.92,1.23,0.76,1.27,0.91,0.67,0.87
Hist1h1b,plex_2,,,,,,,,,,0.96,0.85,1.27,0.59,0.48,0.82,0.69,0.84,0.78
Hist1h1b,plex_2,,,,,,,,,,0.96,0.85,1.27,0.59,0.48,0.82,0.69,0.84,0.78
Srm,plex_2,,,,,,,,,,0.75,1.25,0.71,0.85,0.68,1.08,1.24,0.7,1.06
Srm,plex_2,,,,,,,,,,0.75,1.25,0.71,0.85,0.68,1.08,1.24,0.7,1.06
Ist1,plex_2,,,,,,,,,,0.94,1.15,0.68,0.76,0.68,0.92,1.02,0.78,0.93
Ist1,plex_2,,,,,,,,,,0.94,1.15,0.68,0.76,0.68,0.92,1.02,0.78,0.93
Irf3,plex_2,,,,,,,,,,1.05,1.38,1.29,0.76,1.04,0.98,1.5,0.52,0.57
Ap2s1,plex_2,,,,,,,,,,0.85,0.83,0.84,0.83,0.86,0.75,0.84,1.02,1.12
Col18a1,plex_2,,,,,,,,,,0.98,1.1,0.7,0.8,0.7,0.93,0.88,0.9,1.06
Gnas,plex_2,,,,,,,,,,1.05,1.07,1.07,0.81,0.72,0.9,1.01,1.01,1.06
,plex_2,,,,,,,,,,3.68,1.93,1.37,2.5,0.76,2.1,2.32,2.48,2.31
Ccdc51,plex_2,,,,,,,,,,1.15,1.47,1.09,0.97,0.79,1.09,0.96,1.57,1.8
Ccdc51,plex_2,,,,,,,,,,1.15,1.47,1.09,0.97,0.79,1.09,0.96,1.57,1.8
Cmah,plex_2,,,,,,,,,,1.59,1.01,1.63,0.89,1.03,0.91,0.95,1.22,1.01
Cmah,plex_2,,,,,,,,,,1.59,1.01,1.63,0.89,1.03,0.91,0.95,1.22,1.01
Os9,plex_2,,,,,,,,,,1.25,0.99,1.03,0.78,0.76,0.75,0.81,0.87,0.95
Os9,plex_2,,,,,,,,,,1.25,0.99,1.03,0.78,0.76,0.75,0.81,0.87,0.95
Pafah1b2,plex_2,,,,,,,,,,0.83,1.3,1.18,0.93,1.15,0.76,0.93,0.8,1.11
Sec23b,plex_2,,,,,,,,,,0.93,1.12,0.76,0.92,0.81,1.47,0.96,0.71,1.04
Sirt5,plex_2,,,,,,,,,,0.79,1.04,0.82,0.77,0.66,0.97,0.75,0.82,0.89
Dag1,plex_2,,,,,,,,,,1.09,1.01,0.8,0.58,0.61,0.87,0.81,0.85,0.84
Prpf40a,plex_2,,,,,,,,,,0.99,0.99,0.82,0.93,0.77,0.71,1.04,0.98,1.13
Prpf40a,plex_2,,,,,,,,,,0.99,0.99,0.82,0.93,0.77,0.71,1.04,0.98,1.13
Prpf40a,plex_2,,,,,,,,,,0.99,0.99,0.82,0.93,0.77,0.71,1.04,0.98,1.13
Sgta,plex_2,,,,,,,,,,0.96,1.05,1.14,0.7,0.89,0.63,0.8,0.82,1.18
Arf6,plex_2,,,,,,,,,,0.89,0.94,0.94,0.69,0.72,0.91,0.9,0.91,0.91
Gypc,plex_2,,,,,,,,,,1.42,1.29,1.13,1.18,0.7,0.7,0.99,1.23,1.2
Gypc,plex_2,,,,,,,,,,1.42,1.29,1.13,1.18,0.7,0.7,0.99,1.23,1.2
Gypc,plex_2,,,,,,,,,,1.42,1.29,1.13,1.18,0.7,0.7,0.99,1.23,1.2
Sorbs3,plex_2,,,,,,,,,,0.86,1.16,1.42,0.83,1.09,1.05,1.15,0.97,1.37
Sorbs3,plex_2,,,,,,,,,,0.86,1.16,1.42,0.83,1.09,1.05,1.15,0.97,1.37
Ddx6,plex_2,,,,,,,,,,0.81,0.94,0.82,0.66,0.77,0.75,0.9,0.99,0.94
Cox7a2l,plex_2,,,,,,,,,,1.29,0.88,0.79,1.05,1.17,1.45,0.81,1.09,0.93
Cox7a2l,plex_2,,,,,,,,,,1.29,0.88,0.79,1.05,1.17,1.45,0.81,1.09,0.93
Gprin3,plex_2,,,,,,,,,,1.0,0.99,0.92,0.7,0.67,0.87,0.86,0.59,0.93
Cpne1,plex_2,,,,,,,,,,0.87,0.95,0.97,0.74,0.83,0.79,0.97,1.16,1.28
Hars,plex_2,,,,,,,,,,1.02,1.14,1.04,0.91,0.69,0.94,1.01,0.96,1.05
Dpm1,plex_2,,,,,,,,,,1.26,1.28,1.45,1.67,0.73,1.12,1.55,1.17,2.26
Arl3,plex_2,,,,,,,,,,0.97,1.13,1.11,0.84,0.95,0.81,1.71,1.59,1.59
Copg2,plex_2,,,,,,,,,,0.96,1.06,0.92,0.76,0.88,0.94,1.41,0.85,0.96
Copg2,plex_2,,,,,,,,,,0.96,1.06,0.92,0.76,0.88,0.94,1.41,0.85,0.96
Ugt1a9,plex_2,,,,,,,,,,0.97,1.3,0.73,0.96,0.74,0.78,1.16,0.98,0.8
Timm8a1,plex_2,,,,,,,,,,1.07,0.99,1.04,0.97,0.74,0.92,1.09,1.06,1.11
Pkp2,plex_2,,,,,,,,,,0.95,0.97,0.61,0.83,0.79,0.96,0.8,0.8,0.93
Pkp2,plex_2,,,,,,,,,,0.95,0.97,0.61,0.83,0.79,0.96,0.8,0.8,0.93
Cxadr,plex_2,,,,,,,,,,0.81,1.1,0.9,0.56,0.77,1.05,1.15,0.7,0.81
Ugt3a1,plex_2,,,,,,,,,,0.93,0.88,0.77,0.63,0.7,0.83,0.86,0.84,0.96
Ankfy1,plex_2,,,,,,,,,,0.68,0.79,0.82,0.46,0.83,0.89,0.56,0.53,0.69
Anxa1,plex_2,,,,,,,,,,0.96,1.23,0.98,0.83,0.85,0.77,0.97,0.97,1.14
Apoa2,plex_2,,,,,,,,,,1.21,0.91,0.64,0.95,0.74,1.27,0.79,0.8,1.08
Slk,plex_2,,,,,,,,,,0.93,1.31,1.11,0.8,0.69,0.56,0.8,0.91,1.21
Slk,plex_2,,,,,,,,,,0.93,1.31,1.11,0.8,0.69,0.56,0.8,0.91,1.21
Nfu1,plex_2,,,,,,,,,,0.92,0.77,0.89,0.71,0.8,0.92,1.2,0.94,1.01
Nfu1,plex_2,,,,,,,,,,0.92,0.77,0.89,0.71,0.8,0.92,1.2,0.94,1.01
Parp1,plex_2,,,,,,,,,,0.92,1.09,0.94,0.79,0.9,0.69,1.06,0.9,1.08
Tmed5,plex_2,,,,,,,,,,0.88,1.08,0.76,0.99,0.62,0.92,1.1,1.1,1.27
Tmed5,plex_2,,,,,,,,,,0.88,1.08,0.76,0.99,0.62,0.92,1.1,1.1,1.27
Serping1,plex_2,,,,,,,,,,1.05,0.97,0.9,0.91,0.79,0.85,0.83,0.91,0.93
Pts,plex_2,,,,,,,,,,1.29,1.12,0.96,0.82,0.95,1.07,1.06,1.18,1.27
C8g,plex_2,,,,,,,,,,0.92,0.99,1.24,0.75,0.82,0.63,1.08,0.88,1.14
Ddx46,plex_2,,,,,,,,,,0.98,1.03,1.13,0.88,0.79,0.95,0.83,0.88,1.01
Stk24,plex_2,,,,,,,,,,0.97,0.83,1.18,1.07,0.78,0.95,1.26,1.1,1.14
Stk24,plex_2,,,,,,,,,,0.97,0.83,1.18,1.07,0.78,0.95,1.26,1.1,1.14
Plaa,plex_2,,,,,,,,,,0.95,0.88,0.77,0.79,0.74,1.03,0.89,0.79,0.97
Myh10,plex_2,,,,,,,,,,1.16,1.19,0.95,0.98,0.6,0.76,1.48,1.03,1.07
Acox1,plex_2,,,,,,,,,,0.87,0.71,0.42,0.92,0.53,1.01,2.02,1.71,1.99
Spcs1,plex_2,,,,,,,,,,0.85,0.83,0.84,0.74,0.63,0.72,0.9,0.8,1.06
Crat,plex_2,,,,,,,,,,0.92,0.61,0.67,0.57,0.46,0.72,0.84,0.7,0.66
Crat,plex_2,,,,,,,,,,0.92,0.61,0.67,0.57,0.46,0.72,0.84,0.7,0.66
Clcc1,plex_2,,,,,,,,,,1.13,2.45,1.46,1.09,1.28,1.05,1.16,2.44,0.82
Erc1,plex_2,,,,,,,,,,1.21,0.97,1.18,0.96,1.67,0.86,1.21,0.91,1.16
Erc1,plex_2,,,,,,,,,,1.21,0.97,1.18,0.96,1.67,0.86,1.21,0.91,1.16
Erc1,plex_2,,,,,,,,,,1.21,0.97,1.18,0.96,1.67,0.86,1.21,0.91,1.16
Erc1,plex_2,,,,,,,,,,1.21,0.97,1.18,0.96,1.67,0.86,1.21,0.91,1.16
Erc1,plex_2,,,,,,,,,,1.21,0.97,1.18,0.96,1.67,0.86,1.21,0.91,1.16
Tmx2,plex_2,,,,,,,,,,1.01,1.17,0.87,0.84,0.97,1.24,1.33,0.99,1.22
Htra2,plex_2,,,,,,,,,,0.98,0.99,1.03,0.95,0.7,0.83,1.06,0.93,1.02
Rhot2,plex_2,,,,,,,,,,0.88,0.83,0.92,0.76,0.5,1.02,0.6,0.98,0.95
Diaph1,plex_2,,,,,,,,,,1.53,1.19,1.33,0.88,1.24,0.86,1.49,0.99,1.61
Tstd1,plex_2,,,,,,,,,,0.76,0.91,0.98,0.79,0.95,1.35,1.03,0.78,1.42
Rab6a,plex_2,,,,,,,,,,0.86,1.02,0.83,0.67,0.8,0.98,1.08,0.98,1.51
Rab6a,plex_2,,,,,,,,,,0.86,1.02,0.83,0.67,0.8,0.98,1.08,0.98,1.51
Stim2,plex_2,,,,,,,,,,1.09,0.91,1.3,0.84,0.73,0.83,1.01,1.0,1.22
Stim2,plex_2,,,,,,,,,,1.09,0.91,1.3,0.84,0.73,0.83,1.01,1.0,1.22
Nup214,plex_2,,,,,,,,,,0.94,0.82,0.64,0.82,0.74,1.15,0.76,0.6,0.9
Slc22a1,plex_2,,,,,,,,,,1.15,0.88,1.0,0.8,0.59,0.87,0.93,0.87,1.31
Aqp1,plex_2,,,,,,,,,,1.08,0.71,0.9,1.13,0.88,0.91,1.22,0.65,1.18
Aqp1,plex_2,,,,,,,,,,1.08,0.71,0.9,1.13,0.88,0.91,1.22,0.65,1.18
Mrps35,plex_2,,,,,,,,,,0.9,0.94,0.77,0.54,0.77,0.88,1.02,0.9,0.97
Mrps35,plex_2,,,,,,,,,,0.9,0.94,0.77,0.54,0.77,0.88,1.02,0.9,0.97
Ythdf3,plex_2,,,,,,,,,,1.19,1.24,0.95,0.89,0.84,1.07,1.07,1.1,1.14
Ythdf3,plex_2,,,,,,,,,,1.19,1.24,0.95,0.89,0.84,1.07,1.07,1.1,1.14
Ythdf3,plex_2,,,,,,,,,,1.19,1.24,0.95,0.89,0.84,1.07,1.07,1.1,1.14
Ythdf3,plex_2,,,,,,,,,,1.19,1.24,0.95,0.89,0.84,1.07,1.07,1.1,1.14
Myh6,plex_2,,,,,,,,,,1.22,1.77,1.34,5.41,1.06,1.14,2.37,1.31,1.2
Cpq,plex_2,,,,,,,,,,1.27,1.0,1.03,0.93,0.85,0.86,1.16,1.01,1.42
Cpq,plex_2,,,,,,,,,,1.27,1.0,1.03,0.93,0.85,0.86,1.16,1.01,1.42
Top2b,plex_2,,,,,,,,,,1.08,1.2,0.97,0.79,1.12,1.27,1.06,1.08,1.21
Akap1,plex_2,,,,,,,,,,1.12,1.26,1.12,0.83,0.9,0.75,1.07,0.87,0.75
Akap1,plex_2,,,,,,,,,,1.12,1.26,1.12,0.83,0.9,0.75,1.07,0.87,0.75
Serpina6,plex_2,,,,,,,,,,1.88,1.06,0.95,0.85,0.91,1.42,1.27,1.32,1.16
Serpina6,plex_2,,,,,,,,,,1.88,1.06,0.95,0.85,0.91,1.42,1.27,1.32,1.16
Serpina6,plex_2,,,,,,,,,,1.88,1.06,0.95,0.85,0.91,1.42,1.27,1.32,1.16
Smu1,plex_2,,,,,,,,,,1.28,1.1,0.75,1.01,0.71,1.03,1.11,0.83,0.99
Smu1,plex_2,,,,,,,,,,1.28,1.1,0.75,1.01,0.71,1.03,1.11,0.83,0.99
Cldn3,plex_2,,,,,,,,,,1.02,0.98,0.57,0.44,0.83,0.32,0.8,0.84,1.56
Cldn3,plex_2,,,,,,,,,,1.02,0.98,0.57,0.44,0.83,0.32,0.8,0.84,1.56
Cldn3,plex_2,,,,,,,,,,1.02,0.98,0.57,0.44,0.83,0.32,0.8,0.84,1.56
Hn1l,plex_2,,,,,,,,,,1.13,1.08,0.93,0.7,0.63,0.69,0.81,1.17,0.78
Idi1,plex_2,,,,,,,,,,0.87,1.49,0.98,0.63,0.99,1.02,1.22,0.97,0.95
Idi1,plex_2,,,,,,,,,,0.87,1.49,0.98,0.63,0.99,1.02,1.22,0.97,0.95
Agpat2,plex_2,,,,,,,,,,0.71,1.17,0.95,0.93,0.63,0.83,0.69,1.03,1.14
,plex_2,,,,,,,,,,1.18,1.06,0.94,0.95,0.8,1.01,1.05,0.9,1.18
Ecm1,plex_2,,,,,,,,,,1.18,1.06,0.94,0.95,0.8,1.01,1.05,0.9,1.18
Ecm1,plex_2,,,,,,,,,,1.18,1.06,0.94,0.95,0.8,1.01,1.05,0.9,1.18
Ecm1,plex_2,,,,,,,,,,1.18,1.06,0.94,0.95,0.8,1.01,1.05,0.9,1.18
Ecm1,plex_2,,,,,,,,,,1.18,1.06,0.94,0.95,0.8,1.01,1.05,0.9,1.18
Ecm1,plex_2,,,,,,,,,,1.18,1.06,0.94,0.95,0.8,1.01,1.05,0.9,1.18
Spryd4,plex_2,,,,,,,,,,0.88,1.02,0.78,1.29,0.81,1.06,1.18,0.9,0.9
Pdap1,plex_2,,,,,,,,,,0.8,0.98,0.59,0.63,0.81,0.83,0.86,0.84,1.09
Rap2c,plex_2,,,,,,,,,,1.04,1.05,1.31,0.99,1.08,0.98,1.01,1.08,1.12
Sec16b,plex_2,,,,,,,,,,0.68,1.06,0.85,0.74,0.58,0.88,1.1,1.07,1.17
Gtf2i,plex_2,,,,,,,,,,0.78,0.65,0.82,0.8,0.65,1.1,0.77,0.88,0.75
Gtf2i,plex_2,,,,,,,,,,0.78,0.65,0.82,0.8,0.65,1.1,0.77,0.88,0.75
Gtf2i,plex_2,,,,,,,,,,0.78,0.65,0.82,0.8,0.65,1.1,0.77,0.88,0.75
Gtf2i,plex_2,,,,,,,,,,0.78,0.65,0.82,0.8,0.65,1.1,0.77,0.88,0.75
Gtf2i,plex_2,,,,,,,,,,0.78,0.65,0.82,0.8,0.65,1.1,0.77,0.88,0.75
Gtf2i,plex_2,,,,,,,,,,0.78,0.65,0.82,0.8,0.65,1.1,0.77,0.88,0.75
Epb41l5,plex_2,,,,,,,,,,1.09,0.99,1.09,0.96,0.75,1.02,1.1,1.0,1.24
Epb41l5,plex_2,,,,,,,,,,1.09,0.99,1.09,0.96,0.75,1.02,1.1,1.0,1.24
Epb41l5,plex_2,,,,,,,,,,1.09,0.99,1.09,0.96,0.75,1.02,1.1,1.0,1.24
Akt2,plex_2,,,,,,,,,,0.74,0.92,0.92,0.57,0.68,0.8,0.81,0.95,0.9
Xpo1,plex_2,,,,,,,,,,0.96,1.03,1.0,0.85,0.77,0.81,0.85,1.17,1.16
Apoc3,plex_2,,,,,,,,,,1.83,1.51,0.86,1.19,1.09,1.23,1.49,0.75,0.89
Tpd52,plex_2,,,,,,,,,,1.3,0.5,2.18,,2.0,2.2,1.23,2.02,3.78
Anp32b,plex_2,,,,,,,,,,1.0,0.79,1.02,0.74,0.77,0.94,0.94,0.82,1.28
Afg3l1,plex_2,,,,,,,,,,1.07,0.86,0.78,0.85,0.74,0.99,1.04,0.91,1.54
Hnrnpul1,plex_2,,,,,,,,,,1.21,1.08,1.04,0.86,0.92,0.99,1.0,0.89,1.04
Hnrnpul1,plex_2,,,,,,,,,,1.21,1.08,1.04,0.86,0.92,0.99,1.0,0.89,1.04
Cops5,plex_2,,,,,,,,,,0.83,1.13,0.93,0.89,0.64,0.85,0.99,0.92,0.82
Cnn2,plex_2,,,,,,,,,,0.9,0.82,0.74,0.64,0.63,1.0,0.84,0.6,1.07
Cnn2,plex_2,,,,,,,,,,0.9,0.82,0.74,0.64,0.63,1.0,0.84,0.6,1.07
Dcun1d1,plex_2,,,,,,,,,,1.35,1.35,0.86,0.67,0.69,0.86,1.0,1.02,1.17
Gtpbp1,plex_2,,,,,,,,,,1.04,1.22,1.22,0.81,0.53,0.8,0.93,1.14,1.18
S100a10,plex_2,,,,,,,,,,0.76,0.91,0.67,0.75,0.53,0.61,0.87,0.66,0.67
S100a10,plex_2,,,,,,,,,,0.76,0.91,0.67,0.75,0.53,0.61,0.87,0.66,0.67
Timm8b,plex_2,,,,,,,,,,1.1,1.12,0.98,1.06,1.0,0.93,1.02,1.1,1.07
Araf,plex_2,,,,,,,,,,1.59,1.34,0.6,1.33,1.04,2.56,1.04,0.86,1.2
Arvcf,plex_2,,,,,,,,,,0.82,0.92,0.91,0.86,0.6,0.92,0.94,0.99,1.11
,plex_2,,,,,,,,,,0.98,0.93,1.01,0.99,0.78,1.14,1.08,1.27,0.97
Nmnat1,plex_2,,,,,,,,,,0.98,0.93,1.01,0.99,0.78,1.14,1.08,1.27,0.97
Tmem126a,plex_2,,,,,,,,,,1.69,1.52,1.76,1.11,1.24,0.96,1.65,1.66,1.79
Mrps11,plex_2,,,,,,,,,,1.02,0.94,1.12,0.72,0.87,0.89,0.92,0.87,1.14
Mrps11,plex_2,,,,,,,,,,1.02,0.94,1.12,0.72,0.87,0.89,0.92,0.87,1.14
Fubp1,plex_2,,,,,,,,,,1.18,1.23,0.79,0.75,1.15,1.46,0.96,1.36,1.68
Ctbp1,plex_2,,,,,,,,,,0.74,0.93,0.95,1.07,0.87,0.91,0.94,1.36,0.96
Ctbp1,plex_2,,,,,,,,,,0.74,0.93,0.95,1.07,0.87,0.91,0.94,1.36,0.96
Ctbp1,plex_2,,,,,,,,,,0.74,0.93,0.95,1.07,0.87,0.91,0.94,1.36,0.96
Ctbp1,plex_2,,,,,,,,,,0.74,0.93,0.95,1.07,0.87,0.91,0.94,1.36,0.96
Txndc17,plex_2,,,,,,,,,,1.01,0.77,1.02,1.03,0.81,1.1,1.03,0.87,1.02
Pfdn4,plex_2,,,,,,,,,,1.02,1.09,1.18,1.19,1.18,1.11,0.87,0.89,1.45
Pfdn4,plex_2,,,,,,,,,,1.02,1.09,1.18,1.19,1.18,1.11,0.87,0.89,1.45
Man1a,plex_2,,,,,,,,,,0.73,0.47,0.75,1.19,0.69,0.57,0.44,0.61,0.44
Naa50,plex_2,,,,,,,,,,1.04,1.04,0.86,0.94,0.76,0.73,1.13,1.8,1.77
Naa50,plex_2,,,,,,,,,,1.04,1.04,0.86,0.94,0.76,0.73,1.13,1.8,1.77
Naa50,plex_2,,,,,,,,,,1.04,1.04,0.86,0.94,0.76,0.73,1.13,1.8,1.77
Naa50,plex_2,,,,,,,,,,1.04,1.04,0.86,0.94,0.76,0.73,1.13,1.8,1.77
Bche,plex_2,,,,,,,,,,1.12,1.05,0.96,0.86,0.96,0.78,1.16,0.8,1.06
Ilk,plex_2,,,,,,,,,,1.08,1.01,1.03,0.94,0.71,1.1,0.85,0.98,1.46
Zc3h18,plex_2,,,,,,,,,,0.99,0.85,0.93,0.98,0.66,0.76,0.97,0.63,0.96
Tf,plex_2,,,,,,,,,,1.36,1.06,0.65,1.03,0.77,0.86,0.96,0.98,0.88
Akr1c20,plex_2,,,,,,,,,,0.93,1.02,0.85,0.86,0.72,1.05,0.91,0.95,1.1
Mrps22,plex_2,,,,,,,,,,0.9,0.94,0.88,0.77,0.8,1.21,0.92,0.9,1.14
Asgr2,plex_2,,,,,,,,,,0.93,1.05,0.82,0.81,0.92,0.86,0.91,0.78,1.0
Dhrs7b,plex_2,,,,,,,,,,1.08,1.13,0.88,0.88,1.02,1.08,1.09,1.47,1.22
Dhrs7b,plex_2,,,,,,,,,,1.08,1.13,0.88,0.88,1.02,1.08,1.09,1.47,1.22
Dhrs7b,plex_2,,,,,,,,,,1.08,1.13,0.88,0.88,1.02,1.08,1.09,1.47,1.22
Ifi47,plex_2,,,,,,,,,,1.1,1.24,0.72,0.61,0.74,0.49,1.04,1.04,1.12
Tomm22,plex_2,,,,,,,,,,0.96,1.02,1.45,0.84,0.99,1.11,1.37,0.99,1.34
Erh,plex_2,,,,,,,,,,1.06,1.15,0.94,0.97,0.88,0.96,1.03,0.84,1.16
Erh,plex_2,,,,,,,,,,1.06,1.15,0.94,0.97,0.88,0.96,1.03,0.84,1.16
Rasip1,plex_2,,,,,,,,,,0.92,,1.3,1.28,1.5,,1.9,1.42,0.95
Rasip1,plex_2,,,,,,,,,,0.92,,1.3,1.28,1.5,,1.9,1.42,0.95
Pdk1,plex_2,,,,,,,,,,0.84,0.95,0.89,0.83,0.88,0.87,1.02,1.07,1.2
Pdk1,plex_2,,,,,,,,,,0.84,0.95,0.89,0.83,0.88,0.87,1.02,1.07,1.2
Smc1a,plex_2,,,,,,,,,,1.12,1.23,0.76,1.37,0.99,1.1,1.0,0.75,1.02
Abhd6,plex_2,,,,,,,,,,0.98,1.04,0.97,1.02,0.89,0.95,0.95,1.05,0.97
Abhd6,plex_2,,,,,,,,,,0.98,1.04,0.97,1.02,0.89,0.95,0.95,1.05,0.97
Ube2o,plex_2,,,,,,,,,,0.95,0.78,0.88,0.78,0.94,0.8,0.93,0.72,0.66
Tmed7,plex_2,,,,,,,,,,1.07,0.94,1.24,0.77,0.77,0.96,0.94,0.93,1.1
Ppp5c,plex_2,,,,,,,,,,0.91,1.1,1.01,0.94,0.62,0.93,1.04,0.98,1.16
Ppp5c,plex_2,,,,,,,,,,0.91,1.1,1.01,0.94,0.62,0.93,1.04,0.98,1.16
Kif1c,plex_2,,,,,,,,,,1.37,1.33,1.26,0.88,1.17,1.25,1.33,0.59,1.53
Kif1c,plex_2,,,,,,,,,,1.37,1.33,1.26,0.88,1.17,1.25,1.33,0.59,1.53
Kif1c,plex_2,,,,,,,,,,1.37,1.33,1.26,0.88,1.17,1.25,1.33,0.59,1.53
Lsm12,plex_2,,,,,,,,,,1.18,1.11,1.54,1.09,1.06,1.05,1.1,2.35,1.34
Gapvd1,plex_2,,,,,,,,,,0.98,1.09,0.92,0.8,0.8,0.92,0.88,0.82,1.01
Gapvd1,plex_2,,,,,,,,,,0.98,1.09,0.92,0.8,0.8,0.92,0.88,0.82,1.01
Gapvd1,plex_2,,,,,,,,,,0.98,1.09,0.92,0.8,0.8,0.92,0.88,0.82,1.01
Gapvd1,plex_2,,,,,,,,,,0.98,1.09,0.92,0.8,0.8,0.92,0.88,0.82,1.01
Gapvd1,plex_2,,,,,,,,,,0.98,1.09,0.92,0.8,0.8,0.92,0.88,0.82,1.01
Gfm2,plex_2,,,,,,,,,,1.19,0.77,1.13,0.64,0.55,0.74,0.87,1.02,0.82
Gfm2,plex_2,,,,,,,,,,1.19,0.77,1.13,0.64,0.55,0.74,0.87,1.02,0.82
Gfm2,plex_2,,,,,,,,,,1.19,0.77,1.13,0.64,0.55,0.74,0.87,1.02,0.82
S100a13,plex_2,,,,,,,,,,1.06,1.06,0.72,1.1,0.76,1.0,1.03,1.15,1.28
S100a13,plex_2,,,,,,,,,,1.06,1.06,0.72,1.1,0.76,1.0,1.03,1.15,1.28
Prkar1a,plex_2,,,,,,,,,,0.93,1.08,0.85,0.91,0.96,0.93,0.87,0.7,0.98
Znf207,plex_2,,,,,,,,,,1.09,1.4,1.02,1.18,0.94,1.08,0.9,0.81,1.02
Znf207,plex_2,,,,,,,,,,1.09,1.4,1.02,1.18,0.94,1.08,0.9,0.81,1.02
Znf207,plex_2,,,,,,,,,,1.09,1.4,1.02,1.18,0.94,1.08,0.9,0.81,1.02
Znf207,plex_2,,,,,,,,,,1.09,1.4,1.02,1.18,0.94,1.08,0.9,0.81,1.02
Ufd1l,plex_2,,,,,,,,,,0.87,0.93,1.14,0.8,0.88,0.83,0.88,0.87,1.24
Ufd1l,plex_2,,,,,,,,,,0.87,0.93,1.14,0.8,0.88,0.83,0.88,0.87,1.24
Ufd1l,plex_2,,,,,,,,,,0.87,0.93,1.14,0.8,0.88,0.83,0.88,0.87,1.24
Sod3,plex_2,,,,,,,,,,1.23,1.13,0.96,0.87,0.79,1.14,0.69,0.99,0.82
Sod3,plex_2,,,,,,,,,,1.23,1.13,0.96,0.87,0.79,1.14,0.69,0.99,0.82
Sod3,plex_2,,,,,,,,,,1.23,1.13,0.96,0.87,0.79,1.14,0.69,0.99,0.82
Rpl36a,plex_2,,,,,,,,,,1.07,1.02,0.83,1.05,0.75,1.02,0.93,0.7,0.83
Rsl1d1,plex_2,,,,,,,,,,0.99,0.94,0.89,0.9,0.7,1.13,0.84,0.76,0.93
Rsl1d1,plex_2,,,,,,,,,,0.99,0.94,0.89,0.9,0.7,1.13,0.84,0.76,0.93
Rsl1d1,plex_2,,,,,,,,,,0.99,0.94,0.89,0.9,0.7,1.13,0.84,0.76,0.93
Ube2m,plex_2,,,,,,,,,,0.91,0.96,0.89,0.75,0.66,0.57,1.11,1.05,1.01
Slc25a45,plex_2,,,,,,,,,,0.75,0.88,0.7,0.74,0.63,0.81,0.83,0.68,1.0
Tmem19,plex_2,,,,,,,,,,0.72,0.91,0.91,0.71,0.8,0.68,0.76,1.02,0.92
Tmem19,plex_2,,,,,,,,,,0.72,0.91,0.91,0.71,0.8,0.68,0.76,1.02,0.92
Emilin1,plex_2,,,,,,,,,,0.86,1.46,0.74,0.98,1.19,0.82,0.99,1.04,1.83
Myl12b,plex_2,,,,,,,,,,0.85,1.08,0.59,0.9,0.59,0.83,0.85,0.98,0.89
Rpl35,plex_2,,,,,,,,,,0.85,1.01,0.93,0.72,0.74,1.01,0.8,0.85,1.0
Nfic,plex_2,,,,,,,,,,1.5,1.15,0.77,1.09,0.85,0.94,1.18,0.79,0.93
Nfic,plex_2,,,,,,,,,,1.5,1.15,0.77,1.09,0.85,0.94,1.18,0.79,0.93
Pam16,plex_2,,,,,,,,,,1.14,0.98,0.92,0.75,0.78,0.81,0.92,1.1,1.05
Casp8,plex_2,,,,,,,,,,0.84,0.89,0.92,0.59,0.69,0.79,0.98,0.95,1.62
Cyp2a4,plex_2,,,,,,,,,,1.08,1.13,0.88,0.77,0.69,1.41,0.8,0.87,0.91
Fam104a,plex_2,,,,,,,,,,1.13,2.37,0.67,,1.3,0.43,1.3,1.03,1.05
Ilf2,plex_2,,,,,,,,,,1.12,1.29,0.82,1.32,0.77,0.89,1.12,0.99,1.07
Ilf2,plex_2,,,,,,,,,,1.12,1.29,0.82,1.32,0.77,0.89,1.12,0.99,1.07
Gfer,plex_2,,,,,,,,,,0.9,0.85,0.45,0.55,0.65,0.64,0.55,0.71,0.94
Sco1,plex_2,,,,,,,,,,0.98,1.06,0.8,0.91,0.97,0.92,1.12,0.78,1.06
Sco1,plex_2,,,,,,,,,,0.98,1.06,0.8,0.91,0.97,0.92,1.12,0.78,1.06
Col4a1,plex_2,,,,,,,,,,0.96,1.13,0.65,0.61,0.75,0.89,0.96,0.89,1.33
Col4a1,plex_2,,,,,,,,,,0.96,1.13,0.65,0.61,0.75,0.89,0.96,0.89,1.33
Hnrnph1,plex_2,,,,,,,,,,0.93,1.06,1.05,0.76,0.81,1.04,1.03,1.28,1.34
Hnrnph1,plex_2,,,,,,,,,,0.93,1.06,1.05,0.76,0.81,1.04,1.03,1.28,1.34
Fxr2,plex_2,,,,,,,,,,1.32,1.06,0.96,0.82,1.3,0.82,1.09,0.89,1.24
Ddx18,plex_2,,,,,,,,,,1.49,0.88,0.8,,1.06,,,,0.92
Tom1,plex_2,,,,,,,,,,0.89,1.03,0.73,0.88,0.79,0.87,0.98,1.02,1.1
Tom1,plex_2,,,,,,,,,,0.89,1.03,0.73,0.88,0.79,0.87,0.98,1.02,1.1
Ighg,plex_2,,,,,,,,,,0.73,0.49,0.4,1.85,0.46,0.85,0.94,0.72,0.55
Igh-1a,plex_2,,,,,,,,,,0.73,0.49,0.4,1.85,0.46,0.85,0.94,0.72,0.55
Serpinb6a,plex_2,,,,,,,,,,1.01,0.82,1.08,0.73,0.64,0.99,0.99,0.94,1.18
Tjp2,plex_2,,,,,,,,,,1.07,1.1,1.09,0.89,0.79,1.18,0.8,0.94,1.35
Myadm,plex_2,,,,,,,,,,0.69,0.66,1.31,0.63,0.18,0.46,0.94,0.27,0.83
Myadm,plex_2,,,,,,,,,,0.69,0.66,1.31,0.63,0.18,0.46,0.94,0.27,0.83
Vkorc1,plex_2,,,,,,,,,,0.79,1.34,0.78,0.87,0.68,1.03,1.05,1.24,1.77
Rab10,plex_2,,,,,,,,,,1.01,1.25,1.08,0.92,0.97,0.99,0.98,1.1,1.23
Ifggd1,plex_2,,,,,,,,,,0.98,0.92,0.99,0.74,0.82,0.92,0.82,0.98,1.04
Igtp,plex_2,,,,,,,,,,0.98,0.92,0.99,0.74,0.82,0.92,0.82,0.98,1.04
Igtp,plex_2,,,,,,,,,,0.98,0.92,0.99,0.74,0.82,0.92,0.82,0.98,1.04
Mpdu1,plex_2,,,,,,,,,,0.84,0.99,0.76,0.7,0.8,0.85,0.8,0.84,0.81
Mpdu1,plex_2,,,,,,,,,,0.84,0.99,0.76,0.7,0.8,0.85,0.8,0.84,0.81
Mpdu1,plex_2,,,,,,,,,,0.84,0.99,0.76,0.7,0.8,0.85,0.8,0.84,0.81
Mpdu1,plex_2,,,,,,,,,,0.84,0.99,0.76,0.7,0.8,0.85,0.8,0.84,0.81
Pcdh1,plex_2,,,,,,,,,,1.12,0.89,0.82,0.93,0.74,1.24,0.86,0.68,0.94
Tjp3,plex_2,,,,,,,,,,1.73,1.78,0.44,0.47,0.58,0.7,1.57,0.89,1.78
Col6a2,plex_2,,,,,,,,,,0.88,1.26,0.89,0.63,0.69,0.9,0.75,1.21,0.94
Capns1,plex_2,,,,,,,,,,0.9,1.05,0.89,0.89,0.69,0.97,1.0,0.91,1.05
Raph1,plex_2,,,,,,,,,,0.86,0.95,0.83,0.84,0.76,0.84,0.97,1.17,0.93
H2afx,plex_2,,,,,,,,,,2.17,1.87,1.75,1.47,1.15,1.49,1.39,1.85,1.83
Sult1a1,plex_2,,,,,,,,,,,,,,,,,,
,plex_2,,,,,,,,,,,,,,,,,,
Pygb,plex_2,,,,,,,,,,0.92,1.07,1.31,0.6,0.97,1.13,1.0,1.24,1.26
ATP8,plex_2,,,,,,,,,,1.04,0.85,0.88,0.92,0.73,1.0,0.89,0.75,0.97
ATP8,plex_2,,,,,,,,,,1.04,0.85,0.88,0.92,0.73,1.0,0.89,0.75,0.97
Mtatp8,plex_2,,,,,,,,,,1.04,0.85,0.88,0.92,0.73,1.0,0.89,0.75,0.97
Zc3h11a,plex_2,,,,,,,,,,0.96,1.39,0.95,0.96,0.83,1.12,1.18,1.19,1.34
Pid1,plex_2,,,,,,,,,,1.4,1.27,1.19,0.89,1.24,1.38,1.4,1.72,1.42
Pid1,plex_2,,,,,,,,,,1.4,1.27,1.19,0.89,1.24,1.38,1.4,1.72,1.42
Casp7,plex_2,,,,,,,,,,0.8,1.0,0.83,0.81,0.87,0.56,1.0,1.02,0.99
Scarb1,plex_2,,,,,,,,,,0.9,0.91,1.08,0.9,0.7,0.9,0.92,1.01,1.13
Ppip5k2,plex_2,,,,,,,,,,0.78,1.29,0.95,0.94,0.86,1.02,0.85,0.85,1.14
Ppip5k2,plex_2,,,,,,,,,,0.78,1.29,0.95,0.94,0.86,1.02,0.85,0.85,1.14
Amy2,plex_2,,,,,,,,,,1.7,1.15,1.09,0.71,0.87,0.72,1.0,0.64,1.61
Cox7c,plex_2,,,,,,,,,,1.03,0.98,0.95,1.06,0.92,1.01,1.1,0.88,1.16
Tppp,plex_2,,,,,,,,,,1.09,0.98,0.92,1.08,0.95,1.1,1.47,1.3,1.41
Cpn2,plex_2,,,,,,,,,,2.16,0.87,0.93,0.74,0.43,1.05,1.23,1.0,0.97
Cyp2c38,plex_2,,,,,,,,,,0.92,0.83,1.01,0.73,0.71,0.79,0.8,0.69,0.79
Cd81,plex_2,,,,,,,,,,1.14,1.53,1.32,1.18,0.7,0.95,0.86,1.08,0.69
Slc10a1,plex_2,,,,,,,,,,1.03,0.98,0.73,0.69,0.85,0.92,1.06,0.89,0.97
Luc7l3,plex_2,,,,,,,,,,1.49,1.51,0.8,0.89,0.78,1.0,1.32,1.07,1.3
Luc7l3,plex_2,,,,,,,,,,1.49,1.51,0.8,0.89,0.78,1.0,1.32,1.07,1.3
Larp4,plex_2,,,,,,,,,,1.12,1.38,0.94,0.87,0.75,1.38,1.21,1.37,1.56
Birc6,plex_2,,,,,,,,,,1.01,1.7,0.79,1.0,1.03,1.21,0.99,1.38,1.22
Birc6,plex_2,,,,,,,,,,1.01,1.7,0.79,1.0,1.03,1.21,0.99,1.38,1.22
Birc6,plex_2,,,,,,,,,,1.01,1.7,0.79,1.0,1.03,1.21,0.99,1.38,1.22
Nat8f1,plex_2,,,,,,,,,,0.93,0.88,0.88,0.76,0.91,0.86,1.17,0.93,1.13
Cygb,plex_2,,,,,,,,,,1.02,1.19,0.92,0.73,0.7,0.74,1.22,1.01,1.28
Cygb,plex_2,,,,,,,,,,1.02,1.19,0.92,0.73,0.7,0.74,1.22,1.01,1.28
BC021614,plex_2,,,,,,,,,,1.04,1.79,1.06,0.68,0.9,1.09,1.04,1.35,0.96
BC021614,plex_2,,,,,,,,,,1.04,1.79,1.06,0.68,0.9,1.09,1.04,1.35,0.96
Mrps23,plex_2,,,,,,,,,,1.0,0.91,0.82,1.08,0.66,0.87,0.81,0.83,1.06
Mrps23,plex_2,,,,,,,,,,1.0,0.91,0.82,1.08,0.66,0.87,0.81,0.83,1.06
Mrps23,plex_2,,,,,,,,,,1.0,0.91,0.82,1.08,0.66,0.87,0.81,0.83,1.06
Mrps23,plex_2,,,,,,,,,,1.0,0.91,0.82,1.08,0.66,0.87,0.81,0.83,1.06
Nudt8,plex_2,,,,,,,,,,0.98,0.62,1.02,0.72,0.66,0.68,0.97,0.78,1.12
Naa10,plex_2,,,,,,,,,,0.83,1.11,0.78,0.9,0.64,1.23,0.84,0.68,0.82
Myh14,plex_2,,,,,,,,,,0.99,0.86,1.13,0.41,0.76,0.97,1.42,0.83,1.38
Myh14,plex_2,,,,,,,,,,0.99,0.86,1.13,0.41,0.76,0.97,1.42,0.83,1.38
Myh14,plex_2,,,,,,,,,,0.99,0.86,1.13,0.41,0.76,0.97,1.42,0.83,1.38
Snx6,plex_2,,,,,,,,,,1.18,1.09,0.93,0.79,0.72,0.61,1.24,0.89,1.13
Srsf5,plex_2,,,,,,,,,,0.73,0.92,0.79,0.78,0.94,0.96,1.0,0.9,1.06
Srsf5,plex_2,,,,,,,,,,0.73,0.92,0.79,0.78,0.94,0.96,1.0,0.9,1.06
Ifitm3,plex_2,,,,,,,,,,1.13,1.05,0.97,0.84,0.72,0.86,0.85,0.83,1.11
Stxbp3,plex_2,,,,,,,,,,0.74,1.03,1.07,0.85,0.93,0.87,0.73,0.91,1.37
Ccar1,plex_2,,,,,,,,,,0.69,0.87,0.67,0.52,0.66,0.61,0.71,0.74,0.93
H2afv,plex_2,,,,,,,,,,1.0,0.85,0.87,0.8,0.6,0.93,0.92,0.91,1.02
H2afz,plex_2,,,,,,,,,,1.0,0.85,0.87,0.8,0.6,0.93,0.92,0.91,1.02
Pkn2,plex_2,,,,,,,,,,,,,,,,,,
Mat2b,plex_2,,,,,,,,,,0.76,0.79,0.73,0.82,0.69,0.92,0.75,0.76,0.9
Mat2b,plex_2,,,,,,,,,,0.76,0.79,0.73,0.82,0.69,0.92,0.75,0.76,0.9
Szrd1,plex_2,,,,,,,,,,1.01,1.08,0.76,0.85,0.93,1.11,0.95,0.83,0.89
Szrd1,plex_2,,,,,,,,,,1.01,1.08,0.76,0.85,0.93,1.11,0.95,0.83,0.89
Szrd1,plex_2,,,,,,,,,,1.01,1.08,0.76,0.85,0.93,1.11,0.95,0.83,0.89
Phldb2,plex_2,,,,,,,,,,2.07,1.5,1.5,1.41,1.51,1.79,1.86,1.09,1.98
Phldb2,plex_2,,,,,,,,,,2.07,1.5,1.5,1.41,1.51,1.79,1.86,1.09,1.98
Tmed4,plex_2,,,,,,,,,,0.8,0.66,0.68,0.67,0.66,0.76,0.9,0.77,0.91
,plex_2,,,,,,,,,,0.8,1.23,0.63,0.62,0.61,0.47,0.64,0.53,1.06
Preb,plex_2,,,,,,,,,,1.37,1.25,1.34,1.19,1.05,1.18,1.2,1.2,1.36
Preb,plex_2,,,,,,,,,,1.37,1.25,1.34,1.19,1.05,1.18,1.2,1.2,1.36
Mtfp1,plex_2,,,,,,,,,,1.12,1.07,0.81,0.77,0.74,0.85,1.14,0.94,1.29
Ssbp1,plex_2,,,,,,,,,,0.85,1.21,1.05,0.81,0.67,0.83,1.07,0.89,1.18
Cpped1,plex_2,,,,,,,,,,0.82,0.9,0.89,0.86,0.81,0.97,0.88,0.87,1.14
Ipo7,plex_2,,,,,,,,,,0.89,0.84,0.55,0.9,0.69,0.81,0.89,0.75,0.99
Zfpm1,plex_2,,,,,,,,,,1.07,0.9,1.06,0.69,2.18,1.12,1.32,0.92,1.19
Rcc1,plex_2,,,,,,,,,,0.89,1.08,1.16,0.76,0.74,0.96,0.94,0.89,1.11
Rcc1,plex_2,,,,,,,,,,0.89,1.08,1.16,0.76,0.74,0.96,0.94,0.89,1.11
Rcc1,plex_2,,,,,,,,,,0.89,1.08,1.16,0.76,0.74,0.96,0.94,0.89,1.11
Prps2,plex_2,,,,,,,,,,0.91,1.02,0.78,0.9,0.9,1.02,0.97,1.0,0.99
Pbld2,plex_2,,,,,,,,,,1.26,1.11,1.09,0.86,1.01,0.88,1.46,1.19,1.47
Crls1,plex_2,,,,,,,,,,1.35,,0.78,,,,0.78,1.1,1.11
Crls1,plex_2,,,,,,,,,,1.35,,0.78,,,,0.78,1.1,1.11
Crls1,plex_2,,,,,,,,,,1.35,,0.78,,,,0.78,1.1,1.11
Elovl2,plex_2,,,,,,,,,,0.85,1.06,0.8,0.73,0.82,0.94,0.95,0.74,0.87
Mmaa,plex_2,,,,,,,,,,1.18,1.04,0.85,0.9,0.87,1.3,1.04,1.12,1.14
Pla2g12b,plex_2,,,,,,,,,,0.8,0.82,0.94,0.74,0.91,0.98,1.06,0.79,0.81
Dpep1,plex_2,,,,,,,,,,1.95,1.7,1.01,1.14,0.52,0.89,0.53,1.07,1.14
Dpep1,plex_2,,,,,,,,,,1.95,1.7,1.01,1.14,0.52,0.89,0.53,1.07,1.14
Nln,plex_2,,,,,,,,,,0.94,0.95,0.8,0.72,0.84,0.98,0.95,0.88,0.96
Mapre1,plex_2,,,,,,,,,,0.95,1.12,0.86,0.84,0.82,0.84,1.06,0.87,1.22
Map2k4,plex_2,,,,,,,,,,1.06,0.97,,,,0.88,1.33,,1.06
Brap,plex_2,,,,,,,,,,1.13,1.55,0.89,0.99,0.9,0.93,0.99,0.93,1.05
Brap,plex_2,,,,,,,,,,1.13,1.55,0.89,0.99,0.9,0.93,0.99,0.93,1.05
Lpcat3,plex_2,,,,,,,,,,1.0,0.97,1.14,0.89,0.84,0.88,1.1,1.04,1.28
Sart1,plex_2,,,,,,,,,,2.35,1.97,1.29,1.7,1.16,1.03,1.91,1.48,1.98
Rnaset2,plex_2,,,,,,,,,,0.83,0.95,0.73,0.87,0.84,0.85,0.88,0.79,1.02
Gns,plex_2,,,,,,,,,,1.08,0.74,0.79,0.79,0.65,0.97,0.81,0.93,0.97
Gns,plex_2,,,,,,,,,,1.08,0.74,0.79,0.79,0.65,0.97,0.81,0.93,0.97
Arhgap1,plex_2,,,,,,,,,,1.17,1.24,1.07,0.84,1.06,1.13,1.15,1.04,1.15
Hsd17b7,plex_2,,,,,,,,,,1.01,0.78,0.94,0.79,1.15,,0.83,0.99,1.1
Opa3,plex_2,,,,,,,,,,1.07,0.72,0.74,0.55,0.84,0.61,0.94,0.89,1.21
Slc6a12,plex_2,,,,,,,,,,1.07,1.48,0.85,0.98,0.8,0.9,1.18,0.91,1.46
Slc6a12,plex_2,,,,,,,,,,1.07,1.48,0.85,0.98,0.8,0.9,1.18,0.91,1.46
Slc6a12,plex_2,,,,,,,,,,1.07,1.48,0.85,0.98,0.8,0.9,1.18,0.91,1.46
Prkab1,plex_2,,,,,,,,,,1.02,1.73,0.74,1.0,0.83,1.28,1.28,0.6,0.98
Prkab1,plex_2,,,,,,,,,,1.02,1.73,0.74,1.0,0.83,1.28,1.28,0.6,0.98
Tmem33,plex_2,,,,,,,,,,1.21,1.25,0.86,,0.79,0.63,1.27,2.05,0.9
Tmem33,plex_2,,,,,,,,,,1.21,1.25,0.86,,0.79,0.63,1.27,2.05,0.9
Tmem33,plex_2,,,,,,,,,,1.21,1.25,0.86,,0.79,0.63,1.27,2.05,0.9
Snu13,plex_2,,,,,,,,,,0.96,1.58,1.52,0.85,0.93,0.82,1.41,1.29,1.07
Zc3h4,plex_2,,,,,,,,,,0.86,0.78,0.75,1.0,0.69,0.92,1.25,0.75,0.88
Zc3h4,plex_2,,,,,,,,,,0.86,0.78,0.75,1.0,0.69,0.92,1.25,0.75,0.88
Zc3h4,plex_2,,,,,,,,,,0.86,0.78,0.75,1.0,0.69,0.92,1.25,0.75,0.88
Zc3h4,plex_2,,,,,,,,,,0.86,0.78,0.75,1.0,0.69,0.92,1.25,0.75,0.88
Zc3h4,plex_2,,,,,,,,,,0.86,0.78,0.75,1.0,0.69,0.92,1.25,0.75,0.88
Smarca5,plex_2,,,,,,,,,,1.4,1.14,1.14,0.84,0.99,1.07,1.16,1.25,1.44
Shtn1,plex_2,,,,,,,,,,1.14,1.15,0.86,1.07,0.88,1.19,0.85,0.87,1.07
Adprhl2,plex_2,,,,,,,,,,0.74,0.87,1.24,0.93,0.9,0.94,1.03,1.31,1.46
Ero1l,plex_2,,,,,,,,,,1.5,1.45,1.66,0.86,0.89,0.65,1.02,1.08,1.26
Ero1l,plex_2,,,,,,,,,,1.5,1.45,1.66,0.86,0.89,0.65,1.02,1.08,1.26
Ero1a,plex_2,,,,,,,,,,1.5,1.45,1.66,0.86,0.89,0.65,1.02,1.08,1.26
Cdkn2aip,plex_2,,,,,,,,,,0.88,1.08,0.52,0.61,,1.15,,0.62,0.96
Edc4,plex_2,,,,,,,,,,0.78,0.98,1.03,0.69,1.03,0.94,0.98,1.51,1.11
Edc4,plex_2,,,,,,,,,,0.78,0.98,1.03,0.69,1.03,0.94,0.98,1.51,1.11
Pfdn5,plex_2,,,,,,,,,,1.2,1.08,1.1,0.65,0.82,0.9,1.05,1.05,1.01
Yap1,plex_2,,,,,,,,,,1.08,1.22,0.82,0.99,1.03,0.62,0.94,0.72,0.93
Yap1,plex_2,,,,,,,,,,1.08,1.22,0.82,0.99,1.03,0.62,0.94,0.72,0.93
Bclaf1,plex_2,,,,,,,,,,1.08,1.08,0.88,0.72,0.74,0.89,0.79,1.03,0.94
Bclaf1,plex_2,,,,,,,,,,1.08,1.08,0.88,0.72,0.74,0.89,0.79,1.03,0.94
Slc31a1,plex_2,,,,,,,,,,0.85,0.84,0.77,0.92,0.58,0.8,0.89,0.65,0.86
Slc31a1,plex_2,,,,,,,,,,0.85,0.84,0.77,0.92,0.58,0.8,0.89,0.65,0.86
Slc31a1,plex_2,,,,,,,,,,0.85,0.84,0.77,0.92,0.58,0.8,0.89,0.65,0.86
Psme3,plex_2,,,,,,,,,,0.54,0.73,0.99,0.52,0.59,0.6,1.0,0.96,0.99
Fkbp5,plex_2,,,,,,,,,,1.06,1.2,1.22,0.93,0.81,0.84,1.09,1.07,1.0
Nceh1,plex_2,,,,,,,,,,1.06,1.58,1.01,1.28,0.77,0.93,1.06,1.61,1.23
Anxa3,plex_2,,,,,,,,,,0.85,1.02,0.7,0.54,0.55,0.55,0.56,1.04,0.73
Actb,plex_2,,,,,,,,,,0.95,1.11,0.79,0.92,0.85,0.81,0.95,1.04,1.1
Mrpl44,plex_2,,,,,,,,,,0.69,1.01,0.66,0.61,0.61,0.56,1.24,0.91,0.74
Mrpl44,plex_2,,,,,,,,,,0.69,1.01,0.66,0.61,0.61,0.56,1.24,0.91,0.74
Mrpl44,plex_2,,,,,,,,,,0.69,1.01,0.66,0.61,0.61,0.56,1.24,0.91,0.74
Uqcr10,plex_2,,,,,,,,,,1.09,0.9,0.91,0.42,0.9,1.11,1.03,0.69,0.84
Ckap5,plex_2,,,,,,,,,,1.14,1.15,0.89,0.95,0.91,1.12,1.07,0.93,1.17
RP23-436K3.2-001,plex_2,,,,,,,,,,1.19,1.12,0.78,0.85,0.86,0.92,1.01,0.9,1.11
Hist1h3i,plex_2,,,,,,,,,,0.33,0.67,0.94,0.37,,0.7,0.27,0.95,0.4
Hist1h3a,plex_2,,,,,,,,,,0.33,0.67,0.94,0.37,,0.7,0.27,0.95,0.4
Nadk,plex_2,,,,,,,,,,0.89,1.33,1.4,0.77,1.06,1.02,1.39,1.19,1.23
Sts,plex_2,,,,,,,,,,1.0,1.2,1.02,0.6,0.71,0.93,0.96,0.8,1.07
Serpinf1,plex_2,,,,,,,,,,0.88,0.76,0.76,0.64,0.78,0.62,0.69,0.8,0.87
Fam63a,plex_2,,,,,,,,,,0.74,0.76,0.82,0.74,0.59,0.9,0.8,0.69,0.8
Fam63a,plex_2,,,,,,,,,,0.74,0.76,0.82,0.74,0.59,0.9,0.8,0.69,0.8
Srrt,plex_2,,,,,,,,,,1.12,1.22,2.02,1.18,0.95,1.09,1.16,1.33,1.09
Srrt,plex_2,,,,,,,,,,1.12,1.22,2.02,1.18,0.95,1.09,1.16,1.33,1.09
Srrt,plex_2,,,,,,,,,,1.12,1.22,2.02,1.18,0.95,1.09,1.16,1.33,1.09
Srrt,plex_2,,,,,,,,,,1.12,1.22,2.02,1.18,0.95,1.09,1.16,1.33,1.09
Farp1,plex_2,,,,,,,,,,1.06,1.04,0.87,1.02,0.73,1.08,0.79,0.95,0.77
Asah1,plex_2,,,,,,,,,,0.94,0.91,1.26,0.75,0.8,0.92,0.94,0.99,0.98
Nelfb,plex_2,,,,,,,,,,1.2,0.77,1.18,0.66,0.82,1.2,0.97,0.61,0.89
Fam162a,plex_2,,,,,,,,,,0.98,0.79,0.79,0.86,0.74,0.8,0.94,0.88,0.86
Drg1,plex_2,,,,,,,,,,1.73,1.58,1.55,1.27,1.09,0.86,1.09,1.7,1.83
Plxnb2,plex_2,,,,,,,,,,1.36,1.17,0.97,0.98,0.65,1.16,1.0,1.64,1.06
Dynlrb1,plex_2,,,,,,,,,,0.67,0.69,1.05,0.44,0.68,0.94,0.64,0.86,1.17
Dynlrb1,plex_2,,,,,,,,,,0.67,0.69,1.05,0.44,0.68,0.94,0.64,0.86,1.17
Gna11,plex_2,,,,,,,,,,1.03,1.1,1.03,0.84,0.9,0.95,0.88,1.02,1.19
Dnajb4,plex_2,,,,,,,,,,0.85,0.73,0.73,0.67,0.69,0.65,0.99,0.96,0.75
Slc22a18,plex_2,,,,,,,,,,1.07,0.87,0.66,0.67,0.76,0.92,0.79,0.98,1.03
Cfdp1,plex_2,,,,,,,,,,0.82,1.05,0.92,0.79,0.72,0.78,0.95,0.86,1.01
Lancl1,plex_2,,,,,,,,,,1.08,1.01,0.78,0.91,0.97,0.96,0.91,1.06,1.06
Kpna4,plex_2,,,,,,,,,,1.36,1.22,1.31,0.96,0.74,1.25,0.95,0.73,1.23
Kpna4,plex_2,,,,,,,,,,1.36,1.22,1.31,0.96,0.74,1.25,0.95,0.73,1.23
Ube4a,plex_2,,,,,,,,,,1.51,1.62,1.42,0.96,0.92,1.67,1.03,1.48,1.24
Rab43,plex_2,,,,,,,,,,0.94,0.96,1.05,0.8,0.87,0.87,0.98,0.94,1.14
Cd38,plex_2,,,,,,,,,,0.78,0.74,1.1,0.57,0.72,0.73,0.93,0.86,1.06
Mrpl49,plex_2,,,,,,,,,,1.39,0.97,0.81,0.99,1.27,0.64,1.14,1.27,1.12
Stim1,plex_2,,,,,,,,,,0.83,0.92,0.76,0.69,0.79,0.94,0.88,1.13,0.96
Aldob,plex_2,,,,,,,,,,1.03,1.0,1.18,0.82,0.84,0.78,1.25,1.17,1.35
Eps15l1,plex_2,,,,,,,,,,0.79,0.81,0.77,0.96,0.52,0.64,0.84,0.73,0.81
Eps15l1,plex_2,,,,,,,,,,0.79,0.81,0.77,0.96,0.52,0.64,0.84,0.73,0.81
Eps15l1,plex_2,,,,,,,,,,0.79,0.81,0.77,0.96,0.52,0.64,0.84,0.73,0.81
Eps15l1,plex_2,,,,,,,,,,0.79,0.81,0.77,0.96,0.52,0.64,0.84,0.73,0.81
Amdhd2,plex_2,,,,,,,,,,1.25,0.94,0.71,0.74,0.87,0.84,0.85,0.76,0.69
Mprip,plex_2,,,,,,,,,,1.05,1.3,1.45,0.83,0.53,0.84,1.09,0.99,1.27
Prpsap2,plex_2,,,,,,,,,,1.99,1.89,1.51,1.44,1.15,1.8,1.65,1.37,1.46
Ppih,plex_2,,,,,,,,,,1.12,0.92,0.86,0.8,0.82,1.05,0.93,0.71,0.88
,plex_2,,,,,,,,,,1.12,0.92,0.86,0.8,0.82,1.05,0.93,0.71,0.88
,plex_2,,,,,,,,,,1.12,0.92,0.86,0.8,0.82,1.05,0.93,0.71,0.88
Ppih,plex_2,,,,,,,,,,1.12,0.92,0.86,0.8,0.82,1.05,0.93,0.71,0.88
U2surp,plex_2,,,,,,,,,,0.97,1.03,1.32,0.87,0.8,0.75,0.92,1.19,1.52
Mecp2,plex_2,,,,,,,,,,0.94,1.23,1.35,0.97,0.79,1.1,1.49,1.14,1.35
Mecp2,plex_2,,,,,,,,,,0.94,1.23,1.35,0.97,0.79,1.1,1.49,1.14,1.35
Cops8,plex_2,,,,,,,,,,0.98,1.08,0.88,1.0,0.91,1.13,1.14,0.84,1.12
Ddrgk1,plex_2,,,,,,,,,,0.6,0.68,0.65,,,,,,0.88
Acbd4,plex_2,,,,,,,,,,1.06,0.81,0.74,0.73,0.59,0.73,0.57,0.31,1.16
Acbd4,plex_2,,,,,,,,,,1.06,0.81,0.74,0.73,0.59,0.73,0.57,0.31,1.16
Gatad2a,plex_2,,,,,,,,,,0.66,1.55,0.47,0.49,0.84,0.63,0.78,0.69,1.06
Agpat3,plex_2,,,,,,,,,,1.03,0.98,0.9,0.85,0.74,0.77,0.83,0.85,1.04
Agpat3,plex_2,,,,,,,,,,1.03,0.98,0.9,0.85,0.74,0.77,0.83,0.85,1.04
Poldip3,plex_2,,,,,,,,,,1.46,1.25,1.2,0.84,0.81,1.23,0.91,0.87,1.11
Plpp6,plex_2,,,,,,,,,,0.59,0.73,0.6,0.36,0.35,0.74,0.76,0.75,0.94
Slc2a9,plex_2,,,,,,,,,,0.89,1.15,1.02,0.77,0.75,0.83,1.07,0.85,0.88
Slc2a9,plex_2,,,,,,,,,,0.89,1.15,1.02,0.77,0.75,0.83,1.07,0.85,0.88
Slc2a9,plex_2,,,,,,,,,,0.89,1.15,1.02,0.77,0.75,0.83,1.07,0.85,0.88
Slc2a9,plex_2,,,,,,,,,,0.89,1.15,1.02,0.77,0.75,0.83,1.07,0.85,0.88
Snx7,plex_2,,,,,,,,,,1.5,1.57,1.34,0.83,0.83,0.99,1.03,1.22,0.89
Hspa13,plex_2,,,,,,,,,,0.97,1.04,0.93,0.93,0.68,0.67,0.83,1.06,0.97
Fam25c,plex_2,,,,,,,,,,0.69,0.74,1.63,1.14,0.55,0.31,0.9,1.6,1.49
Ldah,plex_2,,,,,,,,,,0.84,0.9,0.91,0.67,0.72,0.71,0.8,1.12,1.05
Ldah,plex_2,,,,,,,,,,0.84,0.9,0.91,0.67,0.72,0.71,0.8,1.12,1.05
Tex2,plex_2,,,,,,,,,,1.09,1.05,0.81,0.88,0.72,1.18,0.75,0.85,0.88
Sf1,plex_2,,,,,,,,,,0.86,,0.68,0.67,,0.75,0.83,0.71,0.82
Cyfip1,plex_2,,,,,,,,,,1.09,1.08,0.92,1.05,0.75,0.94,1.15,1.04,1.25
Stxbp2,plex_2,,,,,,,,,,1.03,0.91,0.83,1.1,0.93,1.04,0.71,0.71,1.09
Stxbp2,plex_2,,,,,,,,,,1.03,0.91,0.83,1.1,0.93,1.04,0.71,0.71,1.09
Stxbp2,plex_2,,,,,,,,,,1.03,0.91,0.83,1.1,0.93,1.04,0.71,0.71,1.09
Palld,plex_2,,,,,,,,,,1.23,1.19,1.02,1.04,0.71,0.92,1.16,1.1,1.83
Palld,plex_2,,,,,,,,,,1.23,1.19,1.02,1.04,0.71,0.92,1.16,1.1,1.83
Xpnpep3,plex_2,,,,,,,,,,1.1,1.07,0.89,0.83,0.81,1.0,1.32,0.95,1.35
Rbm3,plex_2,,,,,,,,,,,,,,,,,,
Vcpip1,plex_2,,,,,,,,,,0.66,0.9,0.48,0.6,0.63,0.65,0.76,0.24,1.01
Slc16a2,plex_2,,,,,,,,,,1.24,1.11,1.01,1.05,0.97,1.03,1.02,0.97,1.41
Xpct,plex_2,,,,,,,,,,1.24,1.11,1.01,1.05,0.97,1.03,1.02,0.97,1.41
Mrpl9,plex_2,,,,,,,,,,0.9,0.99,0.93,0.67,0.58,0.67,0.73,0.89,1.03
Nudt21,plex_2,,,,,,,,,,0.89,1.13,0.65,0.72,0.78,0.69,0.98,0.85,1.02
Nudt21,plex_2,,,,,,,,,,0.89,1.13,0.65,0.72,0.78,0.69,0.98,0.85,1.02
Dpp9,plex_2,,,,,,,,,,1.14,1.7,1.33,0.78,0.65,1.13,1.5,1.43,1.38
Aldh2,plex_2,,,,,,,,,,0.6,1.03,0.94,0.77,0.8,0.77,0.9,0.76,0.93
Snrpc,plex_2,,,,,,,,,,0.65,0.58,0.31,0.83,0.28,0.43,0.55,0.43,0.46
Thumpd1,plex_2,,,,,,,,,,1.13,0.95,0.74,0.85,0.66,0.84,0.85,0.87,0.91
H2-D1,plex_2,,,,,,,,,,0.89,1.12,0.68,0.57,0.61,0.95,0.34,0.76,0.98
H2-D1,plex_2,,,,,,,,,,0.89,1.12,0.68,0.57,0.61,0.95,0.34,0.76,0.98
H2-D1,plex_2,,,,,,,,,,0.89,1.12,0.68,0.57,0.61,0.95,0.34,0.76,0.98
Cwf19l1,plex_2,,,,,,,,,,1.11,0.83,1.19,0.66,1.31,0.69,0.69,1.16,1.66
Cyp7b1,plex_2,,,,,,,,,,0.76,1.13,0.88,0.87,0.57,0.88,0.88,0.66,1.0
Acp5,plex_2,,,,,,,,,,1.53,1.2,2.25,1.02,0.88,1.09,1.03,0.81,1.01
Cdo1,plex_2,,,,,,,,,,0.74,0.87,0.75,1.28,0.96,1.59,1.28,0.89,1.09
Hdac1,plex_2,,,,,,,,,,1.92,1.96,1.7,1.52,1.03,1.15,1.41,0.96,1.62
Lage3,plex_2,,,,,,,,,,1.07,1.06,0.87,0.8,0.57,1.06,0.78,0.98,0.87
Lage3,plex_2,,,,,,,,,,1.07,1.06,0.87,0.8,0.57,1.06,0.78,0.98,0.87
Myh4,plex_2,,,,,,,,,,1.14,1.26,0.89,2.31,0.92,1.36,1.02,0.79,1.1
Spcs3,plex_2,,,,,,,,,,0.97,0.95,0.88,0.76,0.7,0.77,0.71,0.66,0.85
Spcs3,plex_2,,,,,,,,,,0.97,0.95,0.88,0.76,0.7,0.77,0.71,0.66,0.85
Psmf1,plex_2,,,,,,,,,,,,,,,,,,
Snw1,plex_2,,,,,,,,,,0.93,1.01,0.96,1.13,0.38,1.25,1.18,0.92,0.88
Fam213a,plex_2,,,,,,,,,,1.03,1.12,0.81,0.65,0.9,0.97,1.06,1.06,1.02
Dcn,plex_2,,,,,,,,,,0.78,1.07,0.8,0.82,0.87,1.36,0.7,0.92,1.07
Dcn,plex_2,,,,,,,,,,0.78,1.07,0.8,0.82,0.87,1.36,0.7,0.92,1.07
Epn2,plex_2,,,,,,,,,,2.85,3.33,,1.89,2.09,2.06,2.29,2.11,2.63
,plex_2,,,,,,,,,,1.18,1.26,0.4,0.44,0.48,0.5,0.77,0.36,0.8
Taok3,plex_2,,,,,,,,,,1.22,0.91,0.79,0.71,0.56,0.74,0.93,0.91,1.11
Taok3,plex_2,,,,,,,,,,1.22,0.91,0.79,0.71,0.56,0.74,0.93,0.91,1.11
Ighv1-82,plex_2,,,,,,,,,,0.35,0.31,0.28,1.15,0.98,1.15,1.05,0.93,1.14
Nup210,plex_2,,,,,,,,,,0.93,1.06,0.86,0.82,0.83,1.08,0.87,0.83,1.02
Fam234a,plex_2,,,,,,,,,,1.79,1.79,1.09,0.86,1.38,1.34,1.77,1.19,1.3
Dek,plex_2,,,,,,,,,,1.27,1.12,1.0,0.98,1.01,0.9,1.09,0.93,1.18
Sypl1,plex_2,,,,,,,,,,1.3,1.62,1.26,0.83,0.74,0.67,1.8,1.61,1.33
Vbp1,plex_2,,,,,,,,,,1.15,1.35,0.94,0.93,0.97,1.05,1.15,1.25,1.54
Vbp1,plex_2,,,,,,,,,,1.15,1.35,0.94,0.93,0.97,1.05,1.15,1.25,1.54
Fabp7,plex_2,,,,,,,,,,1.08,0.46,1.11,0.97,0.21,0.77,0.82,1.4,1.15
Tsn,plex_2,,,,,,,,,,0.96,1.1,0.99,0.76,0.9,0.78,0.92,0.97,1.06
Gstm4,plex_2,,,,,,,,,,1.02,1.12,0.89,0.58,0.91,1.08,0.85,0.99,0.76
Emc3,plex_2,,,,,,,,,,0.81,0.93,0.84,0.78,0.78,0.91,0.79,0.88,0.97
Oxr1,plex_2,,,,,,,,,,,,,,,,,,
Oxr1,plex_2,,,,,,,,,,,,,,,,,,
Pex6,plex_2,,,,,,,,,,0.93,0.77,0.88,1.0,0.58,0.88,0.94,0.86,0.89
Mrpl19,plex_2,,,,,,,,,,1.2,1.14,0.97,0.94,0.83,1.11,0.76,0.95,1.16
Mrpl19,plex_2,,,,,,,,,,1.2,1.14,0.97,0.94,0.83,1.11,0.76,0.95,1.16
Gosr2,plex_2,,,,,,,,,,1.03,0.66,,0.99,0.58,0.7,0.95,1.0,
Paqr9,plex_2,,,,,,,,,,0.91,0.92,0.56,0.53,0.72,0.55,0.61,0.87,1.03
Lin7c,plex_2,,,,,,,,,,0.96,0.99,0.95,0.81,0.82,0.85,0.9,0.84,0.94
Lin7c,plex_2,,,,,,,,,,0.96,0.99,0.95,0.81,0.82,0.85,0.9,0.84,0.94
Lin7c,plex_2,,,,,,,,,,0.96,0.99,0.95,0.81,0.82,0.85,0.9,0.84,0.94
Rbpms,plex_2,,,,,,,,,,1.01,0.88,1.06,0.64,0.58,0.49,1.15,1.14,1.13
Rbpms,plex_2,,,,,,,,,,1.01,0.88,1.06,0.64,0.58,0.49,1.15,1.14,1.13
Adi1,plex_2,,,,,,,,,,1.0,0.99,0.85,0.79,0.84,0.93,1.05,0.91,1.21
Hectd1,plex_2,,,,,,,,,,1.15,0.99,0.93,0.92,0.95,0.98,0.91,1.06,1.06
Rdh1,plex_2,,,,,,,,,,0.99,1.11,0.98,0.63,0.73,0.99,1.31,1.13,1.0
Pex11a,plex_2,,,,,,,,,,0.64,0.8,0.49,0.81,0.87,0.96,0.73,1.04,1.09
Pex11a,plex_2,,,,,,,,,,0.64,0.8,0.49,0.81,0.87,0.96,0.73,1.04,1.09
Stau1,plex_2,,,,,,,,,,1.09,1.04,1.02,0.95,0.86,0.95,1.15,1.05,1.32
Stau1,plex_2,,,,,,,,,,1.09,1.04,1.02,0.95,0.86,0.95,1.15,1.05,1.32
Stau1,plex_2,,,,,,,,,,1.09,1.04,1.02,0.95,0.86,0.95,1.15,1.05,1.32
Hs1bp3,plex_2,,,,,,,,,,,,,,,,,,
Ndufc2,plex_2,,,,,,,,,,1.03,1.14,0.95,0.82,0.91,0.88,1.1,1.06,1.27
Atp5e,plex_2,,,,,,,,,,0.92,0.89,1.02,0.77,0.88,0.95,1.09,0.8,1.15
Psmd9,plex_2,,,,,,,,,,0.94,0.84,0.83,0.59,0.3,0.89,0.97,1.0,0.95
Mrps18b,plex_2,,,,,,,,,,0.9,1.35,0.73,0.92,0.77,1.04,0.88,1.13,1.07
Mrps18b,plex_2,,,,,,,,,,0.9,1.35,0.73,0.92,0.77,1.04,0.88,1.13,1.07
Mrps18b,plex_2,,,,,,,,,,0.9,1.35,0.73,0.92,0.77,1.04,0.88,1.13,1.07
Pex14,plex_2,,,,,,,,,,1.04,1.14,0.84,0.97,1.68,0.74,1.11,1.24,1.14
Cox6a1,plex_2,,,,,,,,,,0.96,0.99,1.09,0.73,0.85,0.97,1.31,0.97,1.29
Cox6a1,plex_2,,,,,,,,,,0.96,0.99,1.09,0.73,0.85,0.97,1.31,0.97,1.29
Pex1,plex_2,,,,,,,,,,1.55,0.79,1.05,0.78,1.0,1.08,1.13,1.46,1.07
Supt16h,plex_2,,,,,,,,,,0.83,0.87,0.66,0.73,0.91,0.95,0.77,0.77,0.67
Supt16,plex_2,,,,,,,,,,0.83,0.87,0.66,0.73,0.91,0.95,0.77,0.77,0.67
Hectd3,plex_2,,,,,,,,,,0.96,0.98,0.97,0.86,0.87,0.7,1.01,0.68,1.13
Ptprd,plex_2,,,,,,,,,,1.16,0.81,0.67,0.83,0.89,1.22,0.99,0.66,1.07
Ptprd,plex_2,,,,,,,,,,1.16,0.81,0.67,0.83,0.89,1.22,0.99,0.66,1.07
Ptprd,plex_2,,,,,,,,,,1.16,0.81,0.67,0.83,0.89,1.22,0.99,0.66,1.07
Ptprd,plex_2,,,,,,,,,,1.16,0.81,0.67,0.83,0.89,1.22,0.99,0.66,1.07
Ptprd,plex_2,,,,,,,,,,1.16,0.81,0.67,0.83,0.89,1.22,0.99,0.66,1.07
Ptprd,plex_2,,,,,,,,,,1.16,0.81,0.67,0.83,0.89,1.22,0.99,0.66,1.07
Ptprd,plex_2,,,,,,,,,,1.16,0.81,0.67,0.83,0.89,1.22,0.99,0.66,1.07
Ptprd,plex_2,,,,,,,,,,1.16,0.81,0.67,0.83,0.89,1.22,0.99,0.66,1.07
Ptprd,plex_2,,,,,,,,,,1.16,0.81,0.67,0.83,0.89,1.22,0.99,0.66,1.07
Sumo2,plex_2,,,,,,,,,,0.89,1.07,0.87,0.76,0.75,0.99,0.91,0.81,1.04
Rab32,plex_2,,,,,,,,,,1.49,1.3,1.39,1.37,1.47,1.4,1.98,1.3,3.01
Rab32,plex_2,,,,,,,,,,1.49,1.3,1.39,1.37,1.47,1.4,1.98,1.3,3.01
Mapk3,plex_2,,,,,,,,,,1.39,1.07,0.78,0.91,0.88,0.84,1.04,0.97,1.17
Fkbp15,plex_2,,,,,,,,,,1.15,1.01,1.0,0.62,1.25,1.01,0.97,1.29,1.74
Fkbp15,plex_2,,,,,,,,,,1.15,1.01,1.0,0.62,1.25,1.01,0.97,1.29,1.74
Efr3a,plex_2,,,,,,,,,,1.63,0.84,0.65,0.75,0.9,1.18,0.89,0.54,0.84
Efr3a,plex_2,,,,,,,,,,1.63,0.84,0.65,0.75,0.9,1.18,0.89,0.54,0.84
Vps26a,plex_2,,,,,,,,,,0.85,1.16,0.89,0.74,0.85,0.84,0.91,1.07,1.07
Vps26a,plex_2,,,,,,,,,,0.85,1.16,0.89,0.74,0.85,0.84,0.91,1.07,1.07
Sec24b,plex_2,,,,,,,,,,0.85,0.54,0.84,0.38,,0.49,1.81,1.07,0.86
Calu,plex_2,,,,,,,,,,0.92,1.14,0.86,0.85,0.82,0.83,0.88,1.0,1.02
Calu,plex_2,,,,,,,,,,0.92,1.14,0.86,0.85,0.82,0.83,0.88,1.0,1.02
Irf2bp2,plex_2,,,,,,,,,,0.93,1.11,0.68,0.72,0.75,1.01,0.99,1.0,1.27
Rangap1,plex_2,,,,,,,,,,1.0,1.28,1.36,0.8,0.65,1.36,0.89,0.9,1.08
Rangap1,plex_2,,,,,,,,,,1.0,1.28,1.36,0.8,0.65,1.36,0.89,0.9,1.08
Rangap1,plex_2,,,,,,,,,,1.0,1.28,1.36,0.8,0.65,1.36,0.89,0.9,1.08
Akt1s1,plex_2,,,,,,,,,,1.02,0.86,0.94,0.76,0.8,0.95,0.9,0.93,1.1
Apip,plex_2,,,,,,,,,,0.61,1.1,1.2,0.61,0.66,0.99,0.91,1.41,1.49
Prpf31,plex_2,,,,,,,,,,0.92,0.76,0.64,0.82,0.64,0.7,0.94,0.87,1.06
Prpf31,plex_2,,,,,,,,,,0.92,0.76,0.64,0.82,0.64,0.7,0.94,0.87,1.06
Pbdc1,plex_2,,,,,,,,,,1.44,1.16,1.2,1.37,0.86,1.75,1.05,0.95,1.02
Pbdc1,plex_2,,,,,,,,,,1.44,1.16,1.2,1.37,0.86,1.75,1.05,0.95,1.02
Tprkb,plex_2,,,,,,,,,,0.71,0.54,0.81,0.54,1.71,0.94,1.28,0.67,0.79
Lclat1,plex_2,,,,,,,,,,0.98,1.07,0.85,0.75,0.92,0.89,0.98,0.97,1.07
Rab21,plex_2,,,,,,,,,,0.98,1.04,1.1,1.14,0.9,1.33,1.01,0.85,0.96
Rab21,plex_2,,,,,,,,,,0.98,1.04,1.1,1.14,0.9,1.33,1.01,0.85,0.96
Ergic1,plex_2,,,,,,,,,,0.98,0.99,1.02,0.64,0.72,0.65,0.86,0.8,1.2
Ergic1,plex_2,,,,,,,,,,0.98,0.99,1.02,0.64,0.72,0.65,0.86,0.8,1.2
Aspa,plex_2,,,,,,,,,,0.95,1.01,0.97,0.74,0.84,0.79,0.95,0.91,0.94
Surf1,plex_2,,,,,,,,,,0.87,0.51,0.73,0.85,0.73,0.53,0.69,0.89,1.24
Surf1,plex_2,,,,,,,,,,0.87,0.51,0.73,0.85,0.73,0.53,0.69,0.89,1.24
Emc7,plex_2,,,,,,,,,,1.06,1.09,1.01,0.8,0.87,0.58,0.78,0.83,1.07
Snrpa1,plex_2,,,,,,,,,,0.92,1.37,1.01,1.0,0.82,0.9,0.91,0.84,1.15
,plex_2,,,,,,,,,,0.92,1.37,1.01,1.0,0.82,0.9,0.91,0.84,1.15
Snrpa1,plex_2,,,,,,,,,,0.92,1.37,1.01,1.0,0.82,0.9,0.91,0.84,1.15
Fxn,plex_2,,,,,,,,,,,,,,,,,,
Fxn,plex_2,,,,,,,,,,,,,,,,,,
Fxn,plex_2,,,,,,,,,,,,,,,,,,
Ctss,plex_2,,,,,,,,,,,,,,,,,,
Ctss,plex_2,,,,,,,,,,,,,,,,,,
Ctss,plex_2,,,,,,,,,,,,,,,,,,
Ctss,plex_2,,,,,,,,,,,,,,,,,,
Ctss,plex_2,,,,,,,,,,,,,,,,,,
Ctss,plex_2,,,,,,,,,,,,,,,,,,
Sap18b,plex_2,,,,,,,,,,0.85,0.79,0.99,0.69,0.73,1.05,0.83,1.1,1.1
Fscn1,plex_2,,,,,,,,,,0.91,1.12,0.92,0.99,1.03,1.01,1.17,0.89,1.26
Chm,plex_2,,,,,,,,,,1.1,3.04,1.44,0.92,1.43,1.07,0.94,1.36,2.27
Osbpl1a,plex_2,,,,,,,,,,1.37,1.38,0.8,0.77,1.27,0.87,1.35,1.29,1.45
Mrpl27,plex_2,,,,,,,,,,1.07,1.07,0.82,0.72,0.87,0.92,1.07,0.91,0.97
Mob4,plex_2,,,,,,,,,,0.89,0.79,0.75,1.01,0.74,1.2,0.98,1.06,0.63
Mob4,plex_2,,,,,,,,,,0.89,0.79,0.75,1.01,0.74,1.2,0.98,1.06,0.63
Mob4,plex_2,,,,,,,,,,0.89,0.79,0.75,1.01,0.74,1.2,0.98,1.06,0.63
Mob4,plex_2,,,,,,,,,,0.89,0.79,0.75,1.01,0.74,1.2,0.98,1.06,0.63
Srp14,plex_2,,,,,,,,,,0.83,0.94,0.82,0.73,0.58,0.62,0.92,0.71,0.83
Srp14,plex_2,,,,,,,,,,0.83,0.94,0.82,0.73,0.58,0.62,0.92,0.71,0.83
Srsf9,plex_2,,,,,,,,,,1.3,1.28,1.26,1.17,1.14,1.16,1.35,1.21,1.39
Nfkb1,plex_2,,,,,,,,,,1.04,1.86,1.89,1.44,1.14,1.0,1.59,1.31,0.82
Nfkb1,plex_2,,,,,,,,,,1.04,1.86,1.89,1.44,1.14,1.0,1.59,1.31,0.82
Nfkb1,plex_2,,,,,,,,,,1.04,1.86,1.89,1.44,1.14,1.0,1.59,1.31,0.82
Sat2,plex_2,,,,,,,,,,0.85,0.82,0.7,0.78,0.64,0.91,0.71,0.62,0.77
Ppp2r2a,plex_2,,,,,,,,,,0.75,1.24,1.23,0.78,1.2,0.86,0.78,0.95,0.71
Cyp2b13,plex_2,,,,,,,,,,0.74,1.11,1.28,1.15,1.2,1.41,1.02,0.77,0.79
Tomm20,plex_2,,,,,,,,,,0.82,0.84,0.86,0.78,0.63,0.75,0.84,0.91,0.81
Wbp2,plex_2,,,,,,,,,,1.02,1.04,1.02,0.78,0.8,0.93,1.1,0.92,1.29
Spata5,plex_2,,,,,,,,,,,,,,,,,,
Nfix,plex_2,,,,,,,,,,1.38,1.23,0.73,1.29,0.81,0.89,1.32,0.74,0.97
Nfix,plex_2,,,,,,,,,,1.38,1.23,0.73,1.29,0.81,0.89,1.32,0.74,0.97
Nfix,plex_2,,,,,,,,,,1.38,1.23,0.73,1.29,0.81,0.89,1.32,0.74,0.97
Tm7sf2,plex_2,,,,,,,,,,0.7,1.33,1.08,0.68,0.81,1.19,1.1,1.16,1.11
Ldlr,plex_2,,,,,,,,,,1.35,1.29,1.41,1.15,1.12,1.13,1.15,1.16,1.38
Ldlr,plex_2,,,,,,,,,,1.35,1.29,1.41,1.15,1.12,1.13,1.15,1.16,1.38
Ldlr,plex_2,,,,,,,,,,1.35,1.29,1.41,1.15,1.12,1.13,1.15,1.16,1.38
Ldlr,plex_2,,,,,,,,,,1.35,1.29,1.41,1.15,1.12,1.13,1.15,1.16,1.38
Ldlr,plex_2,,,,,,,,,,1.35,1.29,1.41,1.15,1.12,1.13,1.15,1.16,1.38
Ldlr,plex_2,,,,,,,,,,1.35,1.29,1.41,1.15,1.12,1.13,1.15,1.16,1.38
Chid1,plex_2,,,,,,,,,,1.97,2.0,1.29,0.67,1.81,1.05,1.19,1.01,0.79
Chid1,plex_2,,,,,,,,,,1.97,2.0,1.29,0.67,1.81,1.05,1.19,1.01,0.79
,plex_2,,,,,,,,,,1.2,0.82,,0.98,1.27,0.83,,,0.87
Ddx23,plex_2,,,,,,,,,,0.93,1.27,1.38,0.68,0.84,0.81,0.85,1.09,1.25
Snrpd3,plex_2,,,,,,,,,,0.87,0.96,1.18,0.82,0.65,0.96,1.15,0.85,1.33
Zc3h15,plex_2,,,,,,,,,,2.76,3.21,1.23,1.52,1.53,1.61,2.83,1.28,3.44
Dtnb,plex_2,,,,,,,,,,1.63,1.12,1.89,0.76,1.06,0.77,1.43,0.97,1.27
Cyp2b10,plex_2,,,,,,,,,,0.98,1.01,0.93,0.67,1.3,1.4,1.01,1.11,1.27
Phkg2,plex_2,,,,,,,,,,0.65,0.81,0.7,0.58,0.91,0.55,0.69,0.55,1.21
Mfn1,plex_2,,,,,,,,,,2.36,2.1,2.39,2.02,1.66,,,1.87,2.21
Mfn1,plex_2,,,,,,,,,,2.36,2.1,2.39,2.02,1.66,,,1.87,2.21
Tm9sf4,plex_2,,,,,,,,,,0.99,1.39,1.01,0.96,0.85,0.93,0.88,0.96,1.42
Cyp2a22,plex_2,,,,,,,,,,1.04,1.06,0.84,0.82,0.84,0.93,0.74,0.87,0.95
Capn1,plex_2,,,,,,,,,,1.36,0.95,1.05,1.04,0.9,1.23,0.94,0.88,1.12
Dnajb2,plex_2,,,,,,,,,,1.18,0.9,0.98,0.77,1.15,1.01,0.83,1.02,1.66
Cul4b,plex_2,,,,,,,,,,0.71,0.74,0.75,0.61,0.66,0.56,1.01,0.73,0.63
Apoc4,plex_2,,,,,,,,,,1.27,1.18,1.1,1.03,0.8,1.1,1.08,1.0,1.13
Pdia3,plex_2,,,,,,,,,,,,,,,,,,
Coa6,plex_2,,,,,,,,,,0.64,0.6,0.76,0.74,0.75,1.54,0.58,1.52,0.73
Nfib,plex_2,,,,,,,,,,1.3,1.45,1.23,1.13,0.92,0.98,1.36,1.39,1.26
Nfib,plex_2,,,,,,,,,,1.3,1.45,1.23,1.13,0.92,0.98,1.36,1.39,1.26
Nfib,plex_2,,,,,,,,,,1.3,1.45,1.23,1.13,0.92,0.98,1.36,1.39,1.26
Nfib,plex_2,,,,,,,,,,1.3,1.45,1.23,1.13,0.92,0.98,1.36,1.39,1.26
Nfib,plex_2,,,,,,,,,,1.3,1.45,1.23,1.13,0.92,0.98,1.36,1.39,1.26
Nfib,plex_2,,,,,,,,,,1.3,1.45,1.23,1.13,0.92,0.98,1.36,1.39,1.26
Stub1,plex_2,,,,,,,,,,0.96,1.11,1.15,1.0,0.98,0.99,0.99,0.86,1.23
Rab3gap1,plex_2,,,,,,,,,,0.86,0.85,0.99,0.71,0.7,0.65,0.97,0.81,1.01
Tcerg1,plex_2,,,,,,,,,,0.94,1.07,0.67,0.97,0.71,0.73,0.77,0.78,1.05
Tcerg1,plex_2,,,,,,,,,,0.94,1.07,0.67,0.97,0.71,0.73,0.77,0.78,1.05
Lmf2,plex_2,,,,,,,,,,1.02,0.88,0.85,0.83,0.69,0.78,0.93,0.96,0.99
Cyp2b19,plex_2,,,,,,,,,,,,,,,,,,
Plpp3,plex_2,,,,,,,,,,0.95,0.99,1.3,0.73,0.63,1.08,0.84,0.67,0.89
Ifi35,plex_2,,,,,,,,,,1.69,1.54,1.65,1.03,0.96,0.87,1.84,0.86,2.11
Kiaa1522,plex_2,,,,,,,,,,0.8,0.94,0.86,0.72,0.67,0.71,1.03,0.76,0.79
Kiaa1522,plex_2,,,,,,,,,,0.8,0.94,0.86,0.72,0.67,0.71,1.03,0.76,0.79
Kiaa1522,plex_2,,,,,,,,,,0.8,0.94,0.86,0.72,0.67,0.71,1.03,0.76,0.79
Kiaa1522,plex_2,,,,,,,,,,0.8,0.94,0.86,0.72,0.67,0.71,1.03,0.76,0.79
Wdr77,plex_2,,,,,,,,,,1.01,1.16,0.67,0.76,0.98,1.15,0.78,0.72,0.75
Wdr77,plex_2,,,,,,,,,,1.01,1.16,0.67,0.76,0.98,1.15,0.78,0.72,0.75
Acad12,plex_2,,,,,,,,,,1.09,0.97,1.2,0.87,0.85,0.87,1.2,1.02,0.93
Bub3,plex_2,,,,,,,,,,0.9,0.91,0.67,0.56,0.59,0.7,0.71,0.68,0.74
Bub3,plex_2,,,,,,,,,,0.9,0.91,0.67,0.56,0.59,0.7,0.71,0.68,0.74
Odr4,plex_2,,,,,,,,,,1.13,0.89,0.82,1.02,0.8,1.1,1.08,0.75,0.95
Odr4,plex_2,,,,,,,,,,1.13,0.89,0.82,1.02,0.8,1.1,1.08,0.75,0.95
Odr4,plex_2,,,,,,,,,,1.13,0.89,0.82,1.02,0.8,1.1,1.08,0.75,0.95
Agt,plex_2,,,,,,,,,,1.18,1.09,,,,0.97,1.79,0.67,1.17
Ap3d1,plex_2,,,,,,,,,,0.8,0.89,1.18,0.71,1.4,0.62,0.92,1.15,1.59
Tmem135,plex_2,,,,,,,,,,0.92,1.51,1.05,0.79,0.96,1.03,1.03,1.14,1.68
Nudt4,plex_2,,,,,,,,,,0.75,1.01,0.8,0.67,0.79,0.69,0.88,0.6,0.84
Alg5,plex_2,,,,,,,,,,1.14,1.12,1.17,0.8,0.88,0.89,1.03,1.26,1.18
Nectin1,plex_2,,,,,,,,,,1.13,0.92,1.22,0.59,0.85,1.11,1.34,1.18,1.05
Snx18,plex_2,,,,,,,,,,1.16,1.17,1.0,1.31,0.73,1.23,0.98,0.48,0.9
Snx18,plex_2,,,,,,,,,,1.16,1.17,1.0,1.31,0.73,1.23,0.98,0.48,0.9
Snx18,plex_2,,,,,,,,,,1.16,1.17,1.0,1.31,0.73,1.23,0.98,0.48,0.9
Dhrsx,plex_2,,,,,,,,,,0.89,1.0,0.93,0.69,0.91,0.84,0.79,0.95,1.08
Ssr3,plex_2,,,,,,,,,,0.79,0.94,1.14,0.66,0.77,0.25,0.82,0.97,0.75
Fgl1,plex_2,,,,,,,,,,0.89,0.69,0.72,0.67,0.4,0.31,1.04,0.77,0.73
Gpat3,plex_2,,,,,,,,,,,,,,,,,,
Esyt1,plex_2,,,,,,,,,,0.8,0.88,0.69,0.69,0.66,0.78,0.89,0.87,1.22
Esyt1,plex_2,,,,,,,,,,0.8,0.88,0.69,0.69,0.66,0.78,0.89,0.87,1.22
Pdcd10,plex_2,,,,,,,,,,,,,,,,,,
Pdcd10,plex_2,,,,,,,,,,,,,,,,,,
Pdcd10,plex_2,,,,,,,,,,,,,,,,,,
Acyp1,plex_2,,,,,,,,,,1.78,1.14,0.75,0.91,0.68,0.93,1.35,1.22,1.38
Acyp1,plex_2,,,,,,,,,,1.78,1.14,0.75,0.91,0.68,0.93,1.35,1.22,1.38
Acyp1,plex_2,,,,,,,,,,1.78,1.14,0.75,0.91,0.68,0.93,1.35,1.22,1.38
Bola2,plex_2,,,,,,,,,,1.38,0.83,0.98,0.8,0.89,0.8,0.75,0.85,1.17
Osbpl8,plex_2,,,,,,,,,,,,,,,,,,
Osbpl8,plex_2,,,,,,,,,,,,,,,,,,
C1rl,plex_2,,,,,,,,,,1.64,1.12,1.2,0.83,0.66,1.03,0.92,1.08,0.99
Fn3krp,plex_2,,,,,,,,,,0.95,1.07,0.99,1.03,0.71,0.95,1.09,1.05,1.12
Lyplal1,plex_2,,,,,,,,,,0.69,0.82,1.08,0.77,0.89,1.11,0.91,1.02,0.9
Lyplal1,plex_2,,,,,,,,,,0.69,0.82,1.08,0.77,0.89,1.11,0.91,1.02,0.9
Emc4,plex_2,,,,,,,,,,0.96,0.98,0.77,1.14,0.7,0.95,0.86,1.15,0.98
Supt5h,plex_2,,,,,,,,,,1.0,0.9,1.05,0.78,1.04,1.15,0.97,0.67,1.16
Rbm25,plex_2,,,,,,,,,,1.08,0.97,1.02,0.68,0.81,0.81,0.85,0.98,0.92
Rbm25,plex_2,,,,,,,,,,1.08,0.97,1.02,0.68,0.81,0.81,0.85,0.98,0.92
Nat10,plex_2,,,,,,,,,,0.65,1.26,1.05,0.8,0.9,0.78,1.18,1.08,1.18
Col4a3bp,plex_2,,,,,,,,,,0.87,1.15,0.92,0.81,0.9,0.93,0.84,0.79,1.02
Col4a3bp,plex_2,,,,,,,,,,0.87,1.15,0.92,0.81,0.9,0.93,0.84,0.79,1.02
Serpina11,plex_2,,,,,,,,,,1.82,1.55,3.01,0.86,2.65,2.07,1.96,2.73,5.14
Serpina11,plex_2,,,,,,,,,,1.82,1.55,3.01,0.86,2.65,2.07,1.96,2.73,5.14
Serpina11,plex_2,,,,,,,,,,1.82,1.55,3.01,0.86,2.65,2.07,1.96,2.73,5.14
Serpina11,plex_2,,,,,,,,,,1.82,1.55,3.01,0.86,2.65,2.07,1.96,2.73,5.14
Anxa6,plex_2,,,,,,,,,,1.07,0.79,0.42,0.42,0.28,1.02,0.27,0.4,0.38
Tuba1b,plex_2,,,,,,,,,,1.52,1.59,1.57,1.55,1.4,1.35,1.35,1.26,1.15
Wdr11,plex_2,,,,,,,,,,1.11,0.65,1.25,0.69,0.53,0.63,0.92,0.76,1.46
Wdr11,plex_2,,,,,,,,,,1.11,0.65,1.25,0.69,0.53,0.63,0.92,0.76,1.46
Nt5e,plex_2,,,,,,,,,,,,,0.82,,,,,
Rab5b,plex_2,,,,,,,,,,0.59,1.76,0.73,0.73,0.85,1.0,1.97,0.83,1.71
Rab5b,plex_2,,,,,,,,,,0.59,1.76,0.73,0.73,0.85,1.0,1.97,0.83,1.71
Tu11,plex_2,,,,,,,,,,0.84,1.18,1.03,0.74,1.05,1.06,1.14,0.73,1.2
Tu11,plex_2,,,,,,,,,,0.84,1.18,1.03,0.74,1.05,1.06,1.14,0.73,1.2
Ubl4,plex_2,,,,,,,,,,0.84,1.18,1.03,0.74,1.05,1.06,1.14,0.73,1.2
DXS254E,plex_2,,,,,,,,,,0.84,1.18,1.03,0.74,1.05,1.06,1.14,0.73,1.2
,plex_2,,,,,,,,,,0.84,1.18,1.03,0.74,1.05,1.06,1.14,0.73,1.2
Scd1,plex_2,,,,,,,,,,1.58,2.12,0.62,0.68,0.65,1.12,0.58,0.39,0.82
Tm9sf2,plex_2,,,,,,,,,,0.84,0.98,0.89,0.8,0.83,0.97,0.94,0.98,1.35
Tm9sf2,plex_2,,,,,,,,,,0.84,0.98,0.89,0.8,0.83,0.97,0.94,0.98,1.35
Tm9sf2,plex_2,,,,,,,,,,0.84,0.98,0.89,0.8,0.83,0.97,0.94,0.98,1.35
Fars2,plex_2,,,,,,,,,,1.02,1.2,1.05,1.04,0.93,1.02,1.55,1.09,1.67
Nt5c2,plex_2,,,,,,,,,,1.0,1.6,1.47,0.73,1.0,1.01,0.91,0.98,1.94
Tmem256,plex_2,,,,,,,,,,2.34,1.4,0.52,0.79,1.43,0.9,0.88,1.25,0.87
Fkbp1a,plex_2,,,,,,,,,,0.49,0.85,0.71,0.57,0.51,0.78,0.88,0.65,1.01
Ppp1r9b,plex_2,,,,,,,,,,0.83,1.14,1.34,0.95,0.84,0.86,0.91,1.24,1.29
Slc33a1,plex_2,,,,,,,,,,0.98,0.91,0.65,1.04,0.73,0.97,1.42,1.08,1.1
Ttc19,plex_2,,,,,,,,,,1.84,1.31,1.44,1.06,0.85,0.75,1.07,1.83,1.93
Ttc19,plex_2,,,,,,,,,,1.84,1.31,1.44,1.06,0.85,0.75,1.07,1.83,1.93
Vps18,plex_2,,,,,,,,,,1.2,1.5,0.73,0.95,0.94,1.81,0.81,0.53,1.42
,plex_2,,,,,,,,,,0.84,0.72,0.55,2.45,1.59,2.31,2.03,1.63,1.64
Igkv2-137,plex_2,,,,,,,,,,0.84,0.72,0.55,2.45,1.59,2.31,2.03,1.63,1.64
Derl1,plex_2,,,,,,,,,,1.04,1.02,0.85,0.8,0.72,0.93,0.95,0.9,1.09
Derl1,plex_2,,,,,,,,,,1.04,1.02,0.85,0.8,0.72,0.93,0.95,0.9,1.09
Mrpl3,plex_2,,,,,,,,,,0.54,0.67,0.89,0.52,0.78,0.73,0.9,0.8,0.87
Gm3839,plex_2,,,,,,,,,,0.91,0.96,0.97,0.73,0.85,0.8,1.01,0.99,0.9
Pex16,plex_2,,,,,,,,,,0.65,0.89,0.75,0.71,0.69,1.25,0.73,0.77,0.98
Agfg1,plex_2,,,,,,,,,,,,,,,,,,
Agfg1,plex_2,,,,,,,,,,,,,,,,,,
Agfg1,plex_2,,,,,,,,,,,,,,,,,,
Agfg1,plex_2,,,,,,,,,,,,,,,,,,
Mark3,plex_2,,,,,,,,,,0.95,0.95,0.73,0.55,0.5,0.84,0.85,1.1,0.82
Mark3,plex_2,,,,,,,,,,0.95,0.95,0.73,0.55,0.5,0.84,0.85,1.1,0.82
Mark3,plex_2,,,,,,,,,,0.95,0.95,0.73,0.55,0.5,0.84,0.85,1.1,0.82
Wasf2,plex_2,,,,,,,,,,1.73,1.39,2.25,1.58,1.43,0.64,1.61,0.84,2.1
Wasf2,plex_2,,,,,,,,,,1.73,1.39,2.25,1.58,1.43,0.64,1.61,0.84,2.1
Nup35,plex_2,,,,,,,,,,1.02,1.02,0.81,0.76,0.72,0.84,0.83,1.26,1.19
Ndrg1,plex_2,,,,,,,,,,0.95,1.05,1.06,0.73,0.61,0.76,0.98,0.97,1.01
Rad21,plex_2,,,,,,,,,,1.44,0.82,1.34,0.76,0.92,0.66,0.98,0.4,1.35
Rad21,plex_2,,,,,,,,,,1.44,0.82,1.34,0.76,0.92,0.66,0.98,0.4,1.35
Rad21,plex_2,,,,,,,,,,1.44,0.82,1.34,0.76,0.92,0.66,0.98,0.4,1.35
Rad21,plex_2,,,,,,,,,,1.44,0.82,1.34,0.76,0.92,0.66,0.98,0.4,1.35
Rad21,plex_2,,,,,,,,,,1.44,0.82,1.34,0.76,0.92,0.66,0.98,0.4,1.35
Nasp,plex_2,,,,,,,,,,0.87,0.81,0.76,0.82,0.67,0.87,0.84,0.78,1.17
Napg,plex_2,,,,,,,,,,0.85,0.83,0.93,0.91,0.8,0.82,0.83,0.77,0.98
Napg,plex_2,,,,,,,,,,0.85,0.83,0.93,0.91,0.8,0.82,0.83,0.77,0.98
Napg,plex_2,,,,,,,,,,0.85,0.83,0.93,0.91,0.8,0.82,0.83,0.77,0.98
Tfeb,plex_2,,,,,,,,,,0.51,0.38,0.93,0.29,0.31,0.56,0.4,0.91,1.19
Mvk,plex_2,,,,,,,,,,1.1,1.51,0.86,0.86,1.04,0.95,1.19,0.99,1.29
Mvk,plex_2,,,,,,,,,,1.1,1.51,0.86,0.86,1.04,0.95,1.19,0.99,1.29
Sc5d,plex_2,,,,,,,,,,0.94,1.17,1.0,0.97,1.13,0.96,1.54,1.23,1.45
Sc5d,plex_2,,,,,,,,,,0.94,1.17,1.0,0.97,1.13,0.96,1.54,1.23,1.45
Cdc5l,plex_2,,,,,,,,,,1.15,0.95,0.71,0.64,0.61,0.71,0.86,0.8,1.36
Rdh9,plex_2,,,,,,,,,,0.76,1.03,0.76,0.62,0.66,0.85,0.85,0.85,1.05
Gopc,plex_2,,,,,,,,,,0.77,0.69,0.79,0.71,0.66,0.81,0.89,0.74,0.72
Gopc,plex_2,,,,,,,,,,0.77,0.69,0.79,0.71,0.66,0.81,0.89,0.74,0.72
Rnf114,plex_2,,,,,,,,,,0.79,0.92,0.81,0.7,0.84,0.92,0.86,0.9,0.98
Rnf114,plex_2,,,,,,,,,,0.79,0.92,0.81,0.7,0.84,0.92,0.86,0.9,0.98
Ass1,plex_2,,,,,,,,,,1.68,2.96,1.09,1.28,1.11,1.22,1.44,1.62,1.74
Mrpl43,plex_2,,,,,,,,,,0.91,0.81,0.67,0.65,0.8,1.02,0.79,0.8,0.91
Mrpl43,plex_2,,,,,,,,,,0.91,0.81,0.67,0.65,0.8,1.02,0.79,0.8,0.91
Mrpl43,plex_2,,,,,,,,,,0.91,0.81,0.67,0.65,0.8,1.02,0.79,0.8,0.91
Vasp,plex_2,,,,,,,,,,1.14,1.79,1.65,0.81,1.62,1.44,1.25,1.36,1.78
Eif4g3,plex_2,,,,,,,,,,1.01,1.88,1.05,2.21,1.1,1.36,1.22,0.81,1.14
Eif4g3,plex_2,,,,,,,,,,1.01,1.88,1.05,2.21,1.1,1.36,1.22,0.81,1.14
Eif4g3,plex_2,,,,,,,,,,1.01,1.88,1.05,2.21,1.1,1.36,1.22,0.81,1.14
Eif4g3,plex_2,,,,,,,,,,1.01,1.88,1.05,2.21,1.1,1.36,1.22,0.81,1.14
Prmt1,plex_2,,,,,,,,,,1.04,0.9,0.93,0.82,0.83,0.95,0.94,0.89,1.36
Prmt1,plex_2,,,,,,,,,,1.04,0.9,0.93,0.82,0.83,0.95,0.94,0.89,1.36
Trmt10c,plex_2,,,,,,,,,,0.84,0.55,0.58,1.02,0.87,1.39,0.71,0.88,1.26
Naga,plex_2,,,,,,,,,,0.96,0.42,1.07,1.13,0.43,0.48,1.23,1.05,1.08
Naga,plex_2,,,,,,,,,,0.96,0.42,1.07,1.13,0.43,0.48,1.23,1.05,1.08
Sf3b6,plex_2,,,,,,,,,,0.7,1.19,1.02,1.11,0.58,0.84,0.79,0.98,1.1
Rpe,plex_2,,,,,,,,,,0.44,2.14,2.28,1.05,1.21,0.63,1.84,2.01,0.8
Rpe,plex_2,,,,,,,,,,0.44,2.14,2.28,1.05,1.21,0.63,1.84,2.01,0.8
Rpe,plex_2,,,,,,,,,,0.44,2.14,2.28,1.05,1.21,0.63,1.84,2.01,0.8
Gsta1,plex_2,,,,,,,,,,0.92,0.77,0.69,0.78,0.92,1.28,0.99,1.15,0.95
Gsta1,plex_2,,,,,,,,,,0.92,0.77,0.69,0.78,0.92,1.28,0.99,1.15,0.95
Spryd7,plex_2,,,,,,,,,,1.14,2.3,2.26,2.03,2.24,1.04,2.09,0.87,2.42
Spryd7,plex_2,,,,,,,,,,1.14,2.3,2.26,2.03,2.24,1.04,2.09,0.87,2.42
Abcf3,plex_2,,,,,,,,,,1.08,0.91,1.34,0.39,0.44,0.76,0.87,0.82,0.97
,plex_2,,,,,,,,,,1.27,1.75,1.11,0.61,1.17,1.1,0.86,1.02,2.49
Phkb,plex_2,,,,,,,,,,0.88,0.8,0.94,0.88,0.91,0.71,0.7,1.0,1.2
Slc25a28,plex_2,,,,,,,,,,,,,,,,,,
Pemt,plex_2,,,,,,,,,,0.82,1.83,1.01,1.01,1.08,1.27,1.17,0.88,1.01
Pemt,plex_2,,,,,,,,,,0.82,1.83,1.01,1.01,1.08,1.27,1.17,0.88,1.01
Pemt,plex_2,,,,,,,,,,0.82,1.83,1.01,1.01,1.08,1.27,1.17,0.88,1.01
Smndc1,plex_2,,,,,,,,,,1.39,0.92,0.99,1.03,0.48,0.51,0.9,0.53,0.46
Smndc1,plex_2,,,,,,,,,,1.39,0.92,0.99,1.03,0.48,0.51,0.9,0.53,0.46
Nagk,plex_2,,,,,,,,,,0.94,1.07,1.14,0.88,0.83,1.03,1.05,1.11,1.39
Nagk,plex_2,,,,,,,,,,0.94,1.07,1.14,0.88,0.83,1.03,1.05,1.11,1.39
Nagk,plex_2,,,,,,,,,,0.94,1.07,1.14,0.88,0.83,1.03,1.05,1.11,1.39
Dnajb12,plex_2,,,,,,,,,,1.07,0.97,0.46,0.85,1.11,0.92,0.94,1.29,0.87
Eml4,plex_2,,,,,,,,,,0.72,1.09,1.09,0.8,0.91,0.53,1.0,1.04,0.87
Eml4,plex_2,,,,,,,,,,0.72,1.09,1.09,0.8,0.91,0.53,1.0,1.04,0.87
Eml4,plex_2,,,,,,,,,,0.72,1.09,1.09,0.8,0.91,0.53,1.0,1.04,0.87
Eml4,plex_2,,,,,,,,,,0.72,1.09,1.09,0.8,0.91,0.53,1.0,1.04,0.87
Eml4,plex_2,,,,,,,,,,0.72,1.09,1.09,0.8,0.91,0.53,1.0,1.04,0.87
Eml4,plex_2,,,,,,,,,,0.72,1.09,1.09,0.8,0.91,0.53,1.0,1.04,0.87
Rdh16,plex_2,,,,,,,,,,0.68,0.86,0.75,0.38,0.37,0.63,0.66,0.41,1.03
Atp1b3,plex_2,,,,,,,,,,1.16,1.25,0.91,0.77,0.84,0.85,1.39,1.03,1.25
,plex_2,,,,,,,,,,2.03,1.74,0.78,1.08,0.67,0.85,0.9,1.03,2.07
Ptgs1,plex_2,,,,,,,,,,1.24,0.96,1.38,1.09,0.96,1.23,1.13,1.07,1.26
Pcp4l1,plex_2,,,,,,,,,,1.05,0.92,0.65,1.09,1.12,1.23,1.18,0.97,1.82
Ctsf,plex_2,,,,,,,,,,0.84,1.23,0.77,0.95,1.02,0.71,1.0,0.95,1.2
Uap1,plex_2,,,,,,,,,,1.85,1.82,2.4,1.07,1.56,2.6,2.09,1.85,3.22
Uap1,plex_2,,,,,,,,,,1.85,1.82,2.4,1.07,1.56,2.6,2.09,1.85,3.22
Uap1,plex_2,,,,,,,,,,1.85,1.82,2.4,1.07,1.56,2.6,2.09,1.85,3.22
Uap1,plex_2,,,,,,,,,,1.85,1.82,2.4,1.07,1.56,2.6,2.09,1.85,3.22
Uap1,plex_2,,,,,,,,,,1.85,1.82,2.4,1.07,1.56,2.6,2.09,1.85,3.22
Orm1,plex_2,,,,,,,,,,1.51,0.93,0.57,0.63,0.83,0.77,0.87,0.74,1.37
Raly,plex_2,,,,,,,,,,0.86,1.16,0.96,0.79,0.82,0.86,0.9,1.28,1.18
Raly,plex_2,,,,,,,,,,0.86,1.16,0.96,0.79,0.82,0.86,0.9,1.28,1.18
Raly,plex_2,,,,,,,,,,0.86,1.16,0.96,0.79,0.82,0.86,0.9,1.28,1.18
Raly,plex_2,,,,,,,,,,0.86,1.16,0.96,0.79,0.82,0.86,0.9,1.28,1.18
Raly,plex_2,,,,,,,,,,0.86,1.16,0.96,0.79,0.82,0.86,0.9,1.28,1.18
Uba3,plex_2,,,,,,,,,,0.77,1.13,0.9,0.74,0.67,0.81,0.9,0.94,0.98
Uba3,plex_2,,,,,,,,,,0.77,1.13,0.9,0.74,0.67,0.81,0.9,0.94,0.98
Uba3,plex_2,,,,,,,,,,0.77,1.13,0.9,0.74,0.67,0.81,0.9,0.94,0.98
Wwp1,plex_2,,,,,,,,,,0.51,0.51,0.33,0.44,,0.8,0.8,0.88,0.95
Actn4,plex_2,,,,,,,,,,,,,,,,,,
Rrp12,plex_2,,,,,,,,,,0.87,1.1,0.86,0.65,0.64,0.87,0.87,0.8,1.01
Mrps15,plex_2,,,,,,,,,,1.37,1.07,1.04,0.87,0.93,1.44,0.99,1.0,1.27
Rhbdd1,plex_2,,,,,,,,,,1.03,1.44,,,,2.03,,1.16,1.27
Chac2,plex_2,,,,,,,,,,1.12,0.98,1.29,0.77,1.42,0.77,1.25,0.98,1.52
Chac2,plex_2,,,,,,,,,,1.12,0.98,1.29,0.77,1.42,0.77,1.25,0.98,1.52
Aqp9,plex_2,,,,,,,,,,0.9,1.01,0.95,0.74,0.73,1.26,0.75,0.79,1.09
Yars2,plex_2,,,,,,,,,,1.08,1.17,0.72,1.09,0.77,1.38,0.85,0.75,1.19
Nudt16,plex_2,,,,,,,,,,0.94,1.15,0.77,0.79,0.73,0.9,0.89,0.81,0.94
Nudt16,plex_2,,,,,,,,,,0.94,1.15,0.77,0.79,0.73,0.9,0.89,0.81,0.94
Slc16a7,plex_2,,,,,,,,,,1.15,1.17,0.57,0.78,0.56,0.83,0.69,0.62,1.14
Slc16a7,plex_2,,,,,,,,,,1.15,1.17,0.57,0.78,0.56,0.83,0.69,0.62,1.14
Slc16a7,plex_2,,,,,,,,,,1.15,1.17,0.57,0.78,0.56,0.83,0.69,0.62,1.14
Slc16a7,plex_2,,,,,,,,,,1.15,1.17,0.57,0.78,0.56,0.83,0.69,0.62,1.14
Pex11g,plex_2,,,,,,,,,,1.14,0.99,0.52,1.02,1.2,1.22,0.62,1.02,1.26
Pex11g,plex_2,,,,,,,,,,1.14,0.99,0.52,1.02,1.2,1.22,0.62,1.02,1.26
Pitpna,plex_2,,,,,,,,,,1.03,1.59,0.82,0.85,1.15,0.77,0.94,1.29,1.17
Pitpna,plex_2,,,,,,,,,,1.03,1.59,0.82,0.85,1.15,0.77,0.94,1.29,1.17
Pitpna,plex_2,,,,,,,,,,1.03,1.59,0.82,0.85,1.15,0.77,0.94,1.29,1.17
Pitpna,plex_2,,,,,,,,,,1.03,1.59,0.82,0.85,1.15,0.77,0.94,1.29,1.17
Pitpna,plex_2,,,,,,,,,,1.03,1.59,0.82,0.85,1.15,0.77,0.94,1.29,1.17
Pitpna,plex_2,,,,,,,,,,1.03,1.59,0.82,0.85,1.15,0.77,0.94,1.29,1.17
Ykt6,plex_2,,,,,,,,,,1.02,1.23,0.93,0.75,1.04,1.05,0.87,1.15,1.11
Dtymk,plex_2,,,,,,,,,,1.23,0.98,0.82,0.95,0.69,0.97,1.08,0.92,1.07
Prorsd1,plex_2,,,,,,,,,,1.09,1.03,1.2,0.85,0.89,0.79,1.18,1.17,1.36
Prorsd1,plex_2,,,,,,,,,,1.09,1.03,1.2,0.85,0.89,0.79,1.18,1.17,1.36
Abca1,plex_2,,,,,,,,,,0.94,1.0,0.91,0.71,0.58,0.65,0.81,0.85,0.87
Ostc,plex_2,,,,,,,,,,1.17,1.43,1.17,1.09,0.92,1.35,0.96,0.91,0.84
,plex_2,,,,,,,,,,0.88,2.52,0.88,0.86,1.29,2.55,1.08,1.1,2.52
,plex_2,,,,,,,,,,0.88,2.52,0.88,0.86,1.29,2.55,1.08,1.1,2.52
Brcc3,plex_2,,,,,,,,,,0.78,0.89,0.73,1.03,0.61,0.97,1.3,0.84,3.38
Tgfbi,plex_2,,,,,,,,,,0.88,2.13,0.71,0.66,0.85,0.53,1.12,0.83,1.73
Tgfbi,plex_2,,,,,,,,,,0.88,2.13,0.71,0.66,0.85,0.53,1.12,0.83,1.73
Tgfbi,plex_2,,,,,,,,,,0.88,2.13,0.71,0.66,0.85,0.53,1.12,0.83,1.73
Rbm8a,plex_2,,,,,,,,,,0.93,1.14,1.0,0.85,0.77,0.95,0.87,0.9,1.11
,plex_2,,,,,,,,,,0.65,1.14,1.38,0.66,0.98,0.99,1.41,1.13,1.92
,plex_2,,,,,,,,,,1.18,1.3,1.01,1.04,0.89,1.06,1.33,1.4,1.49
,plex_2,,,,,,,,,,1.18,1.3,1.01,1.04,0.89,1.06,1.33,1.4,1.49
H2-L,plex_2,,,,,,,,,,1.34,1.11,1.82,0.72,0.73,1.13,1.2,1.46,1.78
Akr1c19,plex_2,,,,,,,,,,1.24,0.98,0.78,0.84,0.81,0.98,0.87,0.96,1.23
Akr1c19,plex_2,,,,,,,,,,1.24,0.98,0.78,0.84,0.81,0.98,0.87,0.96,1.23
Cgnl1,plex_2,,,,,,,,,,2.24,1.83,1.74,0.89,1.62,1.85,1.8,2.28,2.8
Aga,plex_2,,,,,,,,,,0.84,0.87,0.67,0.4,0.58,0.37,0.79,0.69,0.99
Pank1,plex_2,,,,,,,,,,0.74,1.02,0.67,0.55,0.74,0.68,0.88,0.76,0.98
Dhcr7,plex_2,,,,,,,,,,0.86,1.36,0.81,0.58,0.84,1.01,0.91,0.81,0.93
Dhcr7,plex_2,,,,,,,,,,0.86,1.36,0.81,0.58,0.84,1.01,0.91,0.81,0.93
Dhcr7,plex_2,,,,,,,,,,0.86,1.36,0.81,0.58,0.84,1.01,0.91,0.81,0.93
Dhcr7,plex_2,,,,,,,,,,0.86,1.36,0.81,0.58,0.84,1.01,0.91,0.81,0.93
Pgrmc2,plex_2,,,,,,,,,,1.42,0.67,1.47,0.95,1.32,2.09,0.59,1.33,1.33
Ranbp3,plex_2,,,,,,,,,,0.88,0.96,0.62,0.85,0.66,1.47,0.87,0.63,0.93
Mrps2,plex_2,,,,,,,,,,0.7,1.06,0.29,0.91,0.86,1.32,0.87,0.68,0.99
Mrps2,plex_2,,,,,,,,,,0.7,1.06,0.29,0.91,0.86,1.32,0.87,0.68,0.99
Ints3,plex_2,,,,,,,,,,1.66,1.39,1.37,0.59,0.76,1.08,1.5,2.64,0.92
Nup50,plex_2,,,,,,,,,,1.12,0.89,0.87,0.78,0.82,0.89,0.78,0.98,1.06
Dctn3,plex_2,,,,,,,,,,0.81,1.12,0.95,0.7,0.56,0.79,0.89,0.83,0.81
Dctn3,plex_2,,,,,,,,,,0.81,1.12,0.95,0.7,0.56,0.79,0.89,0.83,0.81
Itm2b,plex_2,,,,,,,,,,1.23,0.93,0.89,0.54,0.7,1.26,0.83,0.98,1.58
Itm2b,plex_2,,,,,,,,,,1.23,0.93,0.89,0.54,0.7,1.26,0.83,0.98,1.58
Itm2b,plex_2,,,,,,,,,,1.23,0.93,0.89,0.54,0.7,1.26,0.83,0.98,1.58
Mmgt1,plex_2,,,,,,,,,,1.4,0.9,0.95,0.71,0.81,0.83,1.36,1.36,1.51
Nrd1,plex_2,,,,,,,,,,1.01,0.97,1.01,0.88,0.84,0.98,0.98,1.41,1.49
Inadl,plex_2,,,,,,,,,,1.07,1.74,0.8,0.76,0.78,0.9,1.09,0.94,1.21
Upp2,plex_2,,,,,,,,,,2.24,1.56,2.22,,,,0.26,0.27,0.26
Upp2,plex_2,,,,,,,,,,2.24,1.56,2.22,,,,0.26,0.27,0.26
Upp2,plex_2,,,,,,,,,,2.24,1.56,2.22,,,,0.26,0.27,0.26
Upp2,plex_2,,,,,,,,,,2.24,1.56,2.22,,,,0.26,0.27,0.26
Tmem38b,plex_2,,,,,,,,,,1.21,0.85,1.16,0.91,1.36,1.38,0.85,1.04,1.77
Tubb6,plex_2,,,,,,,,,,0.91,0.98,1.22,0.8,0.85,0.86,1.06,0.82,1.09
Mapk9,plex_2,,,,,,,,,,1.01,0.93,0.76,0.82,0.74,1.3,0.89,0.82,1.27
Mapk9,plex_2,,,,,,,,,,1.01,0.93,0.76,0.82,0.74,1.3,0.89,0.82,1.27
Mapk9,plex_2,,,,,,,,,,1.01,0.93,0.76,0.82,0.74,1.3,0.89,0.82,1.27
Mapk9,plex_2,,,,,,,,,,1.01,0.93,0.76,0.82,0.74,1.3,0.89,0.82,1.27
Uqcr11,plex_2,,,,,,,,,,0.85,0.86,0.7,0.78,0.72,1.25,0.78,0.67,0.87
Sirt3,plex_2,,,,,,,,,,0.93,1.0,0.9,0.69,0.82,0.92,0.93,0.97,0.99
Sirt3,plex_2,,,,,,,,,,0.93,1.0,0.9,0.69,0.82,0.92,0.93,0.97,0.99
Sirt3,plex_2,,,,,,,,,,0.93,1.0,0.9,0.69,0.82,0.92,0.93,0.97,0.99
Lcat,plex_2,,,,,,,,,,0.77,1.15,0.87,0.63,0.56,0.56,0.7,1.08,0.86
Lcat,plex_2,,,,,,,,,,0.77,1.15,0.87,0.63,0.56,0.56,0.7,1.08,0.86
Lcat,plex_2,,,,,,,,,,0.77,1.15,0.87,0.63,0.56,0.56,0.7,1.08,0.86
Ap1s1,plex_2,,,,,,,,,,1.16,0.4,1.0,0.33,0.24,0.69,0.78,0.95,1.03
Tmem230,plex_2,,,,,,,,,,1.16,1.21,1.15,0.98,0.68,1.18,0.66,0.93,0.96
Ndufb1,plex_2,,,,,,,,,,1.04,0.99,0.73,0.86,0.83,0.86,1.06,1.01,1.06
Tpm3,plex_2,,,,,,,,,,,1.51,1.08,1.97,1.3,2.2,1.91,,1.2
Rnps1,plex_2,,,,,,,,,,0.28,0.72,0.33,0.71,0.59,0.37,0.62,0.71,0.91
Rnps1,plex_2,,,,,,,,,,0.28,0.72,0.33,0.71,0.59,0.37,0.62,0.71,0.91
Ipo5,plex_2,,,,,,,,,,1.03,1.22,1.06,0.9,0.64,0.77,1.03,0.94,1.25
Apol9b,plex_2,,,,,,,,,,1.05,1.07,0.99,0.52,0.71,0.69,0.86,0.77,0.84
Rdh19,plex_2,,,,,,,,,,0.73,1.82,0.93,0.78,1.59,0.93,0.78,1.27,1.06
Rdh19,plex_2,,,,,,,,,,0.73,1.82,0.93,0.78,1.59,0.93,0.78,1.27,1.06
Nudcd1,plex_2,,,,,,,,,,1.16,1.0,0.86,0.77,0.79,0.78,0.87,0.97,1.24
Tbc1d15,plex_2,,,,,,,,,,0.87,1.21,1.71,0.57,1.12,0.8,1.31,0.89,1.02
Tbc1d15,plex_2,,,,,,,,,,0.87,1.21,1.71,0.57,1.12,0.8,1.31,0.89,1.02
Tbc1d15,plex_2,,,,,,,,,,0.87,1.21,1.71,0.57,1.12,0.8,1.31,0.89,1.02
Pea15a,plex_2,,,,,,,,,,1.01,0.98,0.84,0.83,0.82,0.92,0.93,1.02,1.25
Pea15,plex_2,,,,,,,,,,1.01,0.98,0.84,0.83,0.82,0.92,0.93,1.02,1.25
Alkbh3,plex_2,,,,,,,,,,,0.79,,,,,0.94,,
Zc3hav1,plex_2,,,,,,,,,,0.65,0.81,0.82,0.54,0.58,0.76,0.73,0.96,1.35
Zc3hav1,plex_2,,,,,,,,,,0.65,0.81,0.82,0.54,0.58,0.76,0.73,0.96,1.35
Iba57,plex_2,,,,,,,,,,0.68,0.71,0.63,0.61,0.5,0.61,1.15,1.12,0.76
Stab2,plex_2,,,,,,,,,,1.02,0.91,0.84,1.11,0.82,1.36,0.83,0.63,0.73
Ppp1r12a,plex_2,,,,,,,,,,0.72,0.64,0.82,0.45,0.57,0.74,0.74,0.64,0.82
Commd9,plex_2,,,,,,,,,,1.44,1.76,1.64,1.02,0.87,1.12,1.72,1.48,1.62
Cyp39a1,plex_2,,,,,,,,,,1.24,0.9,1.28,0.4,0.94,1.16,1.32,1.45,1.21
Cyp39a1,plex_2,,,,,,,,,,1.24,0.9,1.28,0.4,0.94,1.16,1.32,1.45,1.21
Amfr,plex_2,,,,,,,,,,0.95,0.95,0.55,0.65,0.57,1.59,0.5,0.61,0.96
Amfr,plex_2,,,,,,,,,,0.95,0.95,0.55,0.65,0.57,1.59,0.5,0.61,0.96
Acot3,plex_2,,,,,,,,,,1.2,1.72,0.97,0.81,0.9,1.64,1.26,1.4,0.99
Creld2,plex_2,,,,,,,,,,1.46,1.44,1.47,0.94,1.13,1.33,1.11,1.43,1.58
Prpf4,plex_2,,,,,,,,,,1.03,1.06,1.49,0.82,1.16,0.8,1.31,1.55,1.83
Mcts1,plex_2,,,,,,,,,,1.27,0.98,0.77,1.02,0.66,0.87,0.98,0.8,1.04
Acmsd,plex_2,,,,,,,,,,,0.99,0.96,0.51,,0.8,0.85,0.73,0.79
Tmem205,plex_2,,,,,,,,,,1.2,1.08,0.82,0.98,0.74,0.97,0.95,0.78,1.19
Uba6,plex_2,,,,,,,,,,0.72,1.12,0.7,0.39,0.6,0.74,0.79,1.14,1.02
Sf3a2,plex_2,,,,,,,,,,1.19,0.93,0.76,1.12,0.73,1.32,0.81,0.53,0.91
Sf3a2,plex_2,,,,,,,,,,1.19,0.93,0.76,1.12,0.73,1.32,0.81,0.53,0.91
Dlc1,plex_2,,,,,,,,,,1.02,0.87,,1.35,,,1.03,,
Dlc1,plex_2,,,,,,,,,,1.02,0.87,,1.35,,,1.03,,
Hddc3,plex_2,,,,,,,,,,1.18,0.93,0.57,0.66,0.47,1.06,0.69,0.61,1.02
Prune,plex_2,,,,,,,,,,0.85,0.94,0.84,0.58,0.73,0.67,0.83,1.03,1.26
Trim14,plex_2,,,,,,,,,,0.86,0.94,0.86,0.97,0.84,1.18,0.92,0.93,1.09
Syap1,plex_2,,,,,,,,,,2.29,0.88,0.98,0.83,0.76,1.0,1.31,1.07,1.58
Syap1,plex_2,,,,,,,,,,2.29,0.88,0.98,0.83,0.76,1.0,1.31,1.07,1.58
Rbm17,plex_2,,,,,,,,,,0.93,0.89,1.15,0.91,0.83,0.86,0.88,1.19,1.08
Zfr,plex_2,,,,,,,,,,0.95,0.91,1.03,0.81,0.71,0.8,1.14,1.04,1.33
Zfr,plex_2,,,,,,,,,,0.95,0.91,1.03,0.81,0.71,0.8,1.14,1.04,1.33
Snap23,plex_2,,,,,,,,,,1.2,1.22,0.98,1.01,0.87,0.68,0.95,1.23,1.19
Igh-3,plex_2,,,,,,,,,,1.03,0.94,1.04,1.21,0.7,1.0,0.63,1.16,0.92
,plex_2,,,,,,,,,,1.03,0.94,1.04,1.21,0.7,1.0,0.63,1.16,0.92
Igh-3,plex_2,,,,,,,,,,1.03,0.94,1.04,1.21,0.7,1.0,0.63,1.16,0.92
Slmap,plex_2,,,,,,,,,,0.82,1.05,1.3,0.81,1.02,0.66,1.01,0.86,1.06
Tstd3,plex_2,,,,,,,,,,1.41,1.95,1.3,1.49,2.58,1.85,1.44,1.78,1.21
Rer1,plex_2,,,,,,,,,,0.87,0.85,0.85,0.77,0.91,1.12,1.08,1.12,1.2
Camk2g,plex_2,,,,,,,,,,1.01,1.32,0.95,0.8,0.75,0.94,0.75,0.92,1.09
Camk2g,plex_2,,,,,,,,,,1.01,1.32,0.95,0.8,0.75,0.94,0.75,0.92,1.09
Apoa5,plex_2,,,,,,,,,,0.98,0.94,0.65,1.03,0.85,1.12,0.78,0.88,0.89
Snrpe,plex_2,,,,,,,,,,1.31,1.01,1.45,1.1,0.9,1.65,1.07,1.15,1.62
Ergic2,plex_2,,,,,,,,,,1.19,1.57,0.67,0.9,0.48,0.71,2.45,0.52,0.79
Lrrfip2,plex_2,,,,,,,,,,0.97,1.04,1.05,0.84,1.02,1.41,1.3,1.0,0.58
Ube3a,plex_2,,,,,,,,,,0.57,0.86,0.9,0.42,0.59,0.7,0.62,0.49,0.63
Sdr39u1,plex_2,,,,,,,,,,,,,,,,,,
Sdr39u1,plex_2,,,,,,,,,,,,,,,,,,
Arih1,plex_2,,,,,,,,,,0.77,0.79,0.77,0.51,0.64,0.97,0.78,0.62,0.92
Nudcd2,plex_2,,,,,,,,,,1.03,0.87,0.78,0.68,0.53,0.47,0.85,0.99,0.8
Aamp,plex_2,,,,,,,,,,,,,,,,,,
Aamp,plex_2,,,,,,,,,,,,,,,,,,
Aamp,plex_2,,,,,,,,,,,,,,,,,,
Aamp,plex_2,,,,,,,,,,,,,,,,,,
Aamp,plex_2,,,,,,,,,,,,,,,,,,
Stk38,plex_2,,,,,,,,,,1.6,1.7,1.78,0.69,1.04,1.08,1.14,1.22,0.81
Uchl5,plex_2,,,,,,,,,,0.92,0.94,0.79,0.73,0.76,0.83,0.75,0.85,0.97
Uchl5,plex_2,,,,,,,,,,0.92,0.94,0.79,0.73,0.76,0.83,0.75,0.85,0.97
Arrb1,plex_2,,,,,,,,,,0.98,1.05,0.7,0.55,0.56,0.97,0.89,1.15,1.15
Arrb1,plex_2,,,,,,,,,,0.98,1.05,0.7,0.55,0.56,0.97,0.89,1.15,1.15
Mrpl38,plex_2,,,,,,,,,,1.45,0.92,1.45,0.88,0.64,1.03,0.91,1.26,0.86
Dnajc13,plex_2,,,,,,,,,,1.76,1.76,1.26,1.43,1.57,1.47,1.79,1.32,1.73
Dnajc13,plex_2,,,,,,,,,,1.76,1.76,1.26,1.43,1.57,1.47,1.79,1.32,1.73
Narfl,plex_2,,,,,,,,,,0.82,0.98,0.86,0.7,0.72,0.9,0.94,0.88,1.05
Hmgb2,plex_2,,,,,,,,,,0.6,0.77,0.86,0.57,0.6,0.83,0.56,0.68,0.72
Ado,plex_2,,,,,,,,,,0.91,0.86,0.63,0.5,0.66,0.78,0.87,0.77,0.84
Ctsc,plex_2,,,,,,,,,,1.01,0.88,1.03,0.74,0.65,0.86,0.74,1.17,0.99
Ctsc,plex_2,,,,,,,,,,1.01,0.88,1.03,0.74,0.65,0.86,0.74,1.17,0.99
Ctsc,plex_2,,,,,,,,,,1.01,0.88,1.03,0.74,0.65,0.86,0.74,1.17,0.99
Ctsc,plex_2,,,,,,,,,,1.01,0.88,1.03,0.74,0.65,0.86,0.74,1.17,0.99
Ubr2,plex_2,,,,,,,,,,0.86,2.3,1.54,0.82,1.62,0.89,0.73,0.67,2.51
Ap2a1,plex_2,,,,,,,,,,0.93,0.96,1.09,0.97,0.89,0.94,0.98,1.06,1.08
Ap2a1,plex_2,,,,,,,,,,0.93,0.96,1.09,0.97,0.89,0.94,0.98,1.06,1.08
Eml2,plex_2,,,,,,,,,,1.21,1.01,1.4,1.36,0.92,1.46,1.41,1.18,0.9
Bcas3,plex_2,,,,,,,,,,1.19,0.91,1.0,0.39,0.42,0.67,0.39,0.73,0.85
Bcas3,plex_2,,,,,,,,,,1.19,0.91,1.0,0.39,0.42,0.67,0.39,0.73,0.85
Bcas3,plex_2,,,,,,,,,,1.19,0.91,1.0,0.39,0.42,0.67,0.39,0.73,0.85
Bcas3,plex_2,,,,,,,,,,1.19,0.91,1.0,0.39,0.42,0.67,0.39,0.73,0.85
Sephs1,plex_2,,,,,,,,,,1.37,1.18,0.9,0.98,0.87,1.17,1.12,1.12,1.4
Sephs1,plex_2,,,,,,,,,,1.37,1.18,0.9,0.98,0.87,1.17,1.12,1.12,1.4
Sephs1,plex_2,,,,,,,,,,1.37,1.18,0.9,0.98,0.87,1.17,1.12,1.12,1.4
Mpv17,plex_2,,,,,,,,,,0.99,0.97,0.75,0.87,0.86,1.17,0.97,0.8,1.14
Mpv17,plex_2,,,,,,,,,,0.99,0.97,0.75,0.87,0.86,1.17,0.97,0.8,1.14
Mpv17,plex_2,,,,,,,,,,0.99,0.97,0.75,0.87,0.86,1.17,0.97,0.8,1.14
Mpv17,plex_2,,,,,,,,,,0.99,0.97,0.75,0.87,0.86,1.17,0.97,0.8,1.14
Mpv17,plex_2,,,,,,,,,,0.99,0.97,0.75,0.87,0.86,1.17,0.97,0.8,1.14
Prps1l1,plex_2,,,,,,,,,,,,,,,,,,
Usp7,plex_2,,,,,,,,,,0.89,1.01,1.01,0.78,0.87,1.14,1.0,0.99,1.08
Usp7,plex_2,,,,,,,,,,0.89,1.01,1.01,0.78,0.87,1.14,1.0,0.99,1.08
Usp7,plex_2,,,,,,,,,,0.89,1.01,1.01,0.78,0.87,1.14,1.0,0.99,1.08
Uap1l1,plex_2,,,,,,,,,,0.79,1.08,0.9,0.71,0.84,0.7,0.98,0.72,1.0
Uap1l1,plex_2,,,,,,,,,,0.79,1.08,0.9,0.71,0.84,0.7,0.98,0.72,1.0
Tmem11,plex_2,,,,,,,,,,,,,,,,,,
Ylpm1,plex_2,,,,,,,,,,0.77,1.16,0.94,1.05,0.67,1.05,0.89,1.28,0.99
Vti1b,plex_2,,,,,,,,,,0.82,0.94,1.24,0.78,0.86,0.82,1.1,1.04,0.73
Vti1b,plex_2,,,,,,,,,,0.82,0.94,1.24,0.78,0.86,0.82,1.1,1.04,0.73
Vti1b,plex_2,,,,,,,,,,0.82,0.94,1.24,0.78,0.86,0.82,1.1,1.04,0.73
Vti1b,plex_2,,,,,,,,,,0.82,0.94,1.24,0.78,0.86,0.82,1.1,1.04,0.73
Vti1b,plex_2,,,,,,,,,,0.82,0.94,1.24,0.78,0.86,0.82,1.1,1.04,0.73
Mboat7,plex_2,,,,,,,,,,0.93,0.45,0.87,0.69,0.58,0.36,0.34,0.51,0.54
Mocs2,plex_2,,,,,,,,,,0.92,0.95,1.01,0.64,1.06,0.8,0.97,0.91,1.05
Chmp7,plex_2,,,,,,,,,,1.36,1.1,0.88,0.22,0.76,0.76,1.01,0.87,1.34
Fam114a1,plex_2,,,,,,,,,,0.86,0.89,0.76,0.73,0.82,0.46,0.55,0.5,0.86
Smarcc2,plex_2,,,,,,,,,,1.44,0.99,1.63,1.09,1.2,1.57,1.27,1.41,2.06
Smarcc2,plex_2,,,,,,,,,,1.44,0.99,1.63,1.09,1.2,1.57,1.27,1.41,2.06
Smarcc2,plex_2,,,,,,,,,,1.44,0.99,1.63,1.09,1.2,1.57,1.27,1.41,2.06
Gm9392,plex_2,,,,,,,,,,1.5,1.33,1.48,0.93,0.47,1.61,1.24,1.17,1.59
Rap1a,plex_2,,,,,,,,,,1.5,1.33,1.48,0.93,0.47,1.61,1.24,1.17,1.59
Rap1a,plex_2,,,,,,,,,,1.5,1.33,1.48,0.93,0.47,1.61,1.24,1.17,1.59
Prkag1,plex_2,,,,,,,,,,0.93,0.58,0.87,0.27,0.82,0.84,0.83,0.94,0.87
Lims1,plex_2,,,,,,,,,,1.82,2.14,1.87,1.62,1.1,1.18,2.0,2.08,2.06
Lrg1,plex_2,,,,,,,,,,1.04,0.73,0.89,0.65,0.56,0.74,0.8,0.98,1.11
Fbxo6,plex_2,,,,,,,,,,1.11,1.09,1.08,1.01,1.03,0.89,0.99,1.24,1.22
Gbp2,plex_2,,,,,,,,,,1.01,1.41,1.17,0.59,0.85,0.56,1.06,1.45,2.11
Ddx39a,plex_2,,,,,,,,,,1.01,1.16,0.62,1.05,1.24,1.31,1.36,1.15,1.09
,plex_2,,,,,,,,,,,,,,,,,,
Cobll1,plex_2,,,,,,,,,,0.68,0.6,0.47,0.79,0.84,0.95,0.71,0.59,0.73
Cobll1,plex_2,,,,,,,,,,0.68,0.6,0.47,0.79,0.84,0.95,0.71,0.59,0.73
Sbf1,plex_2,,,,,,,,,,0.76,0.74,1.01,0.71,,0.83,0.42,1.01,1.21
Sbf1,plex_2,,,,,,,,,,0.76,0.74,1.01,0.71,,0.83,0.42,1.01,1.21
Yipf3,plex_2,,,,,,,,,,2.22,0.81,1.19,0.81,0.5,0.45,0.98,0.7,1.17
Zdhhc5,plex_2,,,,,,,,,,1.54,1.75,1.67,1.32,0.87,1.43,1.8,0.88,1.8
Prpf38a,plex_2,,,,,,,,,,,,1.13,,0.6,0.76,0.99,1.14,0.77
Mtss1,plex_2,,,,,,,,,,1.1,1.7,0.98,0.8,0.87,1.07,0.9,1.13,1.23
Mtss1,plex_2,,,,,,,,,,1.1,1.7,0.98,0.8,0.87,1.07,0.9,1.13,1.23
Mtss1,plex_2,,,,,,,,,,1.1,1.7,0.98,0.8,0.87,1.07,0.9,1.13,1.23
Mtss1,plex_2,,,,,,,,,,1.1,1.7,0.98,0.8,0.87,1.07,0.9,1.13,1.23
Mtus1,plex_2,,,,,,,,,,0.87,0.85,0.74,0.48,0.66,0.55,0.93,0.76,1.29
Fam175b,plex_2,,,,,,,,,,0.91,0.96,0.57,0.7,0.56,0.59,0.99,0.82,1.17
Sec11a,plex_2,,,,,,,,,,1.52,1.31,0.97,0.75,0.66,1.03,0.69,0.74,1.41
Sec11a,plex_2,,,,,,,,,,1.52,1.31,0.97,0.75,0.66,1.03,0.69,0.74,1.41
Gstm5,plex_2,,,,,,,,,,1.11,1.32,1.23,1.12,1.0,1.26,1.13,0.71,1.23
Pctp,plex_2,,,,,,,,,,1.31,1.36,0.98,1.0,1.1,0.97,1.43,1.9,1.72
Pctp,plex_2,,,,,,,,,,1.31,1.36,0.98,1.0,1.1,0.97,1.43,1.9,1.72
Mgat1,plex_2,,,,,,,,,,1.23,1.0,0.8,0.69,0.73,0.99,1.03,0.99,1.21
Nucks1,plex_2,,,,,,,,,,0.99,0.94,0.81,0.92,0.94,1.29,0.97,0.76,1.14
,plex_2,,,,,,,,,,0.87,0.76,0.71,0.81,0.22,0.74,0.5,0.82,0.64
Rdh14,plex_2,,,,,,,,,,2.12,1.5,0.76,1.4,0.85,0.53,1.66,0.87,1.51
Gypa,plex_2,,,,,,,,,,,,,,,,,,
Gypa,plex_2,,,,,,,,,,,,,,,,,,
Gypa,plex_2,,,,,,,,,,,,,,,,,,
Ppme1,plex_2,,,,,,,,,,0.98,0.91,0.74,0.74,0.82,0.84,0.94,0.9,1.07
Trip6,plex_2,,,,,,,,,,1.15,1.34,1.02,1.09,0.75,0.82,0.87,0.94,0.93
Trip6,plex_2,,,,,,,,,,1.15,1.34,1.02,1.09,0.75,0.82,0.87,0.94,0.93
Mrpl50,plex_2,,,,,,,,,,1.14,1.26,1.62,1.05,1.17,0.76,0.92,0.94,0.86
Psmb10,plex_2,,,,,,,,,,1.01,1.06,0.75,0.51,0.54,0.75,0.6,0.78,0.96
Psmb10,plex_2,,,,,,,,,,1.01,1.06,0.75,0.51,0.54,0.75,0.6,0.78,0.96
Psmb10,plex_2,,,,,,,,,,1.01,1.06,0.75,0.51,0.54,0.75,0.6,0.78,0.96
Trappc12,plex_2,,,,,,,,,,0.87,0.84,0.64,4.41,0.67,0.75,0.66,0.58,0.99
Ik,plex_2,,,,,,,,,,2.11,1.18,1.03,0.42,1.19,1.22,1.47,1.41,1.06
Abcc6,plex_2,,,,,,,,,,0.96,1.01,0.78,0.57,1.0,0.94,1.05,0.51,0.89
Colgalt1,plex_2,,,,,,,,,,1.49,1.75,1.17,1.46,1.26,1.36,1.39,1.48,1.59
Sart3,plex_2,,,,,,,,,,0.92,0.96,0.7,0.69,0.74,1.15,0.84,0.78,1.09
Snrnp70,plex_2,,,,,,,,,,1.02,0.9,0.85,0.76,0.87,0.88,0.8,0.79,0.99
Snap29,plex_2,,,,,,,,,,1.06,0.57,0.54,0.5,0.42,0.5,0.86,0.67,0.69
Cog5,plex_2,,,,,,,,,,1.09,0.79,1.07,0.94,1.07,1.02,0.91,1.12,1.98
Rhot1,plex_2,,,,,,,,,,1.08,1.27,1.71,0.81,1.15,0.51,0.87,1.1,1.4
Rhot1,plex_2,,,,,,,,,,1.08,1.27,1.71,0.81,1.15,0.51,0.87,1.1,1.4
Adap2,plex_2,,,,,,,,,,1.57,1.29,0.69,1.11,1.18,1.75,1.09,0.71,1.18
Vac14,plex_2,,,,,,,,,,0.89,0.89,0.6,0.78,0.72,0.74,0.63,0.64,0.91
Mp68,plex_2,,,,,,,,,,0.98,0.74,0.97,0.89,0.64,0.85,0.82,0.87,1.04
Hpcal1,plex_2,,,,,,,,,,1.06,1.0,0.7,0.88,0.6,0.9,1.12,0.98,1.19
Gmpr2,plex_2,,,,,,,,,,0.63,0.32,1.04,0.66,0.18,0.24,1.16,1.2,1.08
Cyp4f15,plex_2,,,,,,,,,,1.23,2.27,1.55,1.08,1.29,1.07,2.44,1.11,1.06
Cyp4f15,plex_2,,,,,,,,,,1.23,2.27,1.55,1.08,1.29,1.07,2.44,1.11,1.06
Ldha,plex_2,,,,,,,,,,0.82,0.96,1.02,0.72,0.82,0.64,1.13,1.07,1.17
Gch1,plex_2,,,,,,,,,,0.74,0.48,0.53,0.62,0.37,0.36,0.63,0.53,0.85
Gch1,plex_2,,,,,,,,,,0.74,0.48,0.53,0.62,0.37,0.36,0.63,0.53,0.85
Akr1e2,plex_2,,,,,,,,,,0.71,0.72,0.61,0.43,0.38,0.63,0.58,0.49,0.8
ND4,plex_2,,,,,,,,,,0.99,0.91,0.83,0.84,0.7,1.0,0.94,0.94,0.97
mt-Nd4,plex_2,,,,,,,,,,0.99,0.91,0.83,0.84,0.7,1.0,0.94,0.94,0.97
ND4,plex_2,,,,,,,,,,0.99,0.91,0.83,0.84,0.7,1.0,0.94,0.94,0.97
ND4,plex_2,,,,,,,,,,0.99,0.91,0.83,0.84,0.7,1.0,0.94,0.94,0.97
ND4,plex_2,,,,,,,,,,0.99,0.91,0.83,0.84,0.7,1.0,0.94,0.94,0.97
ND4,plex_2,,,,,,,,,,0.99,0.91,0.83,0.84,0.7,1.0,0.94,0.94,0.97
ND4,plex_2,,,,,,,,,,0.99,0.91,0.83,0.84,0.7,1.0,0.94,0.94,0.97
ND4,plex_2,,,,,,,,,,0.99,0.91,0.83,0.84,0.7,1.0,0.94,0.94,0.97
Deptor,plex_2,,,,,,,,,,0.99,0.99,0.83,0.79,0.81,0.97,0.89,0.8,0.96
Deptor,plex_2,,,,,,,,,,0.99,0.99,0.83,0.79,0.81,0.97,0.89,0.8,0.96
Deptor,plex_2,,,,,,,,,,0.99,0.99,0.83,0.79,0.81,0.97,0.89,0.8,0.96
Mtif2,plex_2,,,,,,,,,,0.85,1.05,0.93,0.7,0.56,0.83,0.79,0.98,0.9
Minos1,plex_2,,,,,,,,,,0.9,1.3,0.54,0.95,0.96,1.05,0.69,0.46,0.87
Sep15,plex_2,,,,,,,,,,1.05,1.21,0.89,0.88,0.98,0.88,1.1,1.21,1.18
Sep15,plex_2,,,,,,,,,,1.05,1.21,0.89,0.88,0.98,0.88,1.1,1.21,1.18
Pigs,plex_2,,,,,,,,,,,,,,,,,,
Pigs,plex_2,,,,,,,,,,,,,,,,,,
Pigs,plex_2,,,,,,,,,,,,,,,,,,
Pigs,plex_2,,,,,,,,,,,,,,,,,,
Galnt2,plex_2,,,,,,,,,,0.95,0.63,1.14,1.0,1.06,0.66,0.94,1.16,1.13
Galnt2,plex_2,,,,,,,,,,0.95,0.63,1.14,1.0,1.06,0.66,0.94,1.16,1.13
Galnt2,plex_2,,,,,,,,,,0.95,0.63,1.14,1.0,1.06,0.66,0.94,1.16,1.13
Galnt2,plex_2,,,,,,,,,,0.95,0.63,1.14,1.0,1.06,0.66,0.94,1.16,1.13
Eny2,plex_2,,,,,,,,,,0.85,0.8,0.79,0.7,0.86,0.83,0.77,0.77,0.88
C4bpa,plex_2,,,,,,,,,,0.97,0.62,0.89,0.87,0.81,0.34,0.84,0.98,0.68
C4bp,plex_2,,,,,,,,,,0.97,0.62,0.89,0.87,0.81,0.34,0.84,0.98,0.68
C4bp,plex_2,,,,,,,,,,0.97,0.62,0.89,0.87,0.81,0.34,0.84,0.98,0.68
C4bp,plex_2,,,,,,,,,,0.97,0.62,0.89,0.87,0.81,0.34,0.84,0.98,0.68
Supt6h,plex_2,,,,,,,,,,1.38,1.38,0.88,0.86,1.14,0.93,1.12,0.9,0.94
Myl9,plex_2,,,,,,,,,,1.09,1.3,1.8,0.99,0.9,1.96,,1.77,
,plex_2,,,,,,,,,,0.85,0.79,0.75,0.74,0.62,0.85,0.78,0.78,1.01
Dut,plex_2,,,,,,,,,,0.96,0.88,0.64,0.59,0.72,0.7,0.64,1.02,1.57
Dut,plex_2,,,,,,,,,,0.96,0.88,0.64,0.59,0.72,0.7,0.64,1.02,1.57
Dut,plex_2,,,,,,,,,,0.96,0.88,0.64,0.59,0.72,0.7,0.64,1.02,1.57
Fam213b,plex_2,,,,,,,,,,0.9,0.71,0.95,0.87,0.93,1.02,1.17,0.9,1.09
Ptp4a1,plex_2,,,,,,,,,,1.0,1.3,1.04,0.78,0.83,1.19,1.13,1.14,1.24
Ptp4a2,plex_2,,,,,,,,,,1.0,1.3,1.04,0.78,0.83,1.19,1.13,1.14,1.24
Svil,plex_2,,,,,,,,,,0.87,0.8,0.94,0.94,1.2,0.84,0.75,0.66,0.71
Prkcdbp,plex_2,,,,,,,,,,,,,,,,,,
Pitpnc1,plex_2,,,,,,,,,,,,,,,,,,
Pitpnc1,plex_2,,,,,,,,,,,,,,,,,,
Pitpnc1,plex_2,,,,,,,,,,,,,,,,,,
Pitpnc1,plex_2,,,,,,,,,,,,,,,,,,
Pitpnc1,plex_2,,,,,,,,,,,,,,,,,,
Pitpnc1,plex_2,,,,,,,,,,,,,,,,,,
Pitpnc1,plex_2,,,,,,,,,,,,,,,,,,
Sdhaf1,plex_2,,,,,,,,,,1.09,0.92,0.51,0.63,0.8,0.97,1.04,0.9,1.47
Grb14,plex_2,,,,,,,,,,0.79,0.88,0.8,0.72,0.68,0.78,0.91,0.75,1.03
Srsf6,plex_2,,,,,,,,,,0.99,1.03,0.71,0.8,0.76,0.95,0.74,0.77,0.98
Ganab,plex_2,,,,,,,,,,1.04,1.1,0.7,0.75,0.82,0.91,0.79,0.87,1.04
Pir,plex_2,,,,,,,,,,0.94,1.12,1.14,0.87,0.7,0.92,0.67,0.77,0.91
Pir,plex_2,,,,,,,,,,0.94,1.12,1.14,0.87,0.7,0.92,0.67,0.77,0.91
,plex_2,,,,,,,,,,0.94,1.12,1.14,0.87,0.7,0.92,0.67,0.77,0.91
Mrps5,plex_2,,,,,,,,,,0.99,0.95,0.98,0.85,0.84,0.9,1.01,0.92,1.12
Edc3,plex_2,,,,,,,,,,1.31,0.99,0.31,0.86,0.66,1.05,1.52,0.54,0.87
Naglu,plex_2,,,,,,,,,,0.83,0.8,0.79,0.74,0.88,0.81,0.94,0.75,0.9
Naglu,plex_2,,,,,,,,,,0.83,0.8,0.79,0.74,0.88,0.81,0.94,0.75,0.9
Mrpl24,plex_2,,,,,,,,,,1.65,1.76,1.26,1.39,1.11,1.48,1.15,1.43,1.75
Epm2aip1,plex_2,,,,,,,,,,0.47,1.31,0.99,0.5,0.46,0.39,0.5,1.09,0.96
Ppfia1,plex_2,,,,,,,,,,0.75,0.3,1.0,0.41,1.11,1.02,0.7,0.39,0.97
Ppfia1,plex_2,,,,,,,,,,0.75,0.3,1.0,0.41,1.11,1.02,0.7,0.39,0.97
Ppfia1,plex_2,,,,,,,,,,0.75,0.3,1.0,0.41,1.11,1.02,0.7,0.39,0.97
Itga5,plex_2,,,,,,,,,,1.84,1.03,0.96,0.93,0.72,1.68,1.0,1.08,1.11
Arsb,plex_2,,,,,,,,,,1.08,0.92,1.43,0.74,0.51,0.88,1.06,0.73,1.11
Arsb,plex_2,,,,,,,,,,1.08,0.92,1.43,0.74,0.51,0.88,1.06,0.73,1.11
Athl1,plex_2,,,,,,,,,,1.03,1.95,1.41,1.43,1.21,1.24,1.91,1.07,2.07
Dcakd,plex_2,,,,,,,,,,0.81,0.85,1.13,0.82,0.74,0.98,0.93,0.8,0.83
Ncln,plex_2,,,,,,,,,,2.62,1.11,0.99,1.05,0.89,1.43,0.97,0.89,1.23
Ncln,plex_2,,,,,,,,,,2.62,1.11,0.99,1.05,0.89,1.43,0.97,0.89,1.23
Rhog,plex_2,,,,,,,,,,1.09,0.88,0.78,0.82,1.04,1.09,0.95,0.87,0.94
Atg5,plex_2,,,,,,,,,,1.19,0.93,0.94,0.82,0.89,0.79,1.11,1.54,1.22
Atp13a1,plex_2,,,,,,,,,,0.83,0.92,0.88,0.71,0.83,1.0,1.08,1.06,0.9
1810009N02Rik,plex_2,,,,,,,,,,1.02,0.71,0.77,0.28,0.47,0.5,0.96,0.71,0.75
Mrpl46,plex_2,,,,,,,,,,0.96,0.98,0.91,0.81,0.74,0.86,1.05,0.99,1.2
Xrcc1,plex_2,,,,,,,,,,1.59,1.86,1.3,0.93,1.38,1.65,1.28,1.21,1.38
Xrcc1,plex_2,,,,,,,,,,1.59,1.86,1.3,0.93,1.38,1.65,1.28,1.21,1.38
Xrcc1,plex_2,,,,,,,,,,1.59,1.86,1.3,0.93,1.38,1.65,1.28,1.21,1.38
Ubfd1,plex_2,,,,,,,,,,,,,,,,,,
S100a1,plex_2,,,,,,,,,,1.46,1.0,0.93,1.27,0.65,0.88,1.74,1.24,1.15
S100a1,plex_2,,,,,,,,,,1.46,1.0,0.93,1.27,0.65,0.88,1.74,1.24,1.15
S100a1,plex_2,,,,,,,,,,1.46,1.0,0.93,1.27,0.65,0.88,1.74,1.24,1.15
S100A1,plex_2,,,,,,,,,,1.46,1.0,0.93,1.27,0.65,0.88,1.74,1.24,1.15
Kank2,plex_2,,,,,,,,,,,1.14,0.87,1.18,1.05,1.02,1.47,2.35,1.44
Map7,plex_2,,,,,,,,,,1.08,1.2,1.48,0.63,1.08,0.98,1.09,1.23,0.98
Map7,plex_2,,,,,,,,,,1.08,1.2,1.48,0.63,1.08,0.98,1.09,1.23,0.98
Fam49b,plex_2,,,,,,,,,,1.45,1.44,0.74,1.11,0.88,0.87,0.81,0.75,1.23
Exoc2,plex_2,,,,,,,,,,0.92,0.8,1.09,0.79,0.8,0.62,0.83,0.79,1.05
Fam21,plex_2,,,,,,,,,,0.98,0.97,0.82,0.44,0.68,0.49,0.98,0.98,1.34
Dmtn,plex_2,,,,,,,,,,1.5,1.21,0.42,1.24,0.51,1.12,1.08,0.91,1.18
Dmtn,plex_2,,,,,,,,,,1.5,1.21,0.42,1.24,0.51,1.12,1.08,0.91,1.18
Sh3bgrl3,plex_2,,,,,,,,,,,,,,,,,,
Lias,plex_2,,,,,,,,,,0.84,0.81,0.52,0.4,0.4,0.48,0.87,0.26,0.82
Lias,plex_2,,,,,,,,,,0.84,0.81,0.52,0.4,0.4,0.48,0.87,0.26,0.82
Cdk9,plex_2,,,,,,,,,,1.02,1.13,0.56,1.28,0.9,0.45,0.94,0.43,1.05
Aifm2,plex_2,,,,,,,,,,,1.12,,,,0.9,,,0.84
Aifm2,plex_2,,,,,,,,,,,1.12,,,,0.9,,,0.84
Hnrnph3,plex_2,,,,,,,,,,1.07,0.65,0.95,0.95,0.81,0.66,1.06,0.89,1.11
Hnrnph3,plex_2,,,,,,,,,,1.07,0.65,0.95,0.95,0.81,0.66,1.06,0.89,1.11
Stat5b,plex_2,,,,,,,,,,0.81,0.85,0.8,0.77,0.68,0.82,0.88,0.89,1.02
Ldha,plex_2,,,,,,,,,,0.8,0.88,1.13,0.81,0.99,0.83,1.01,1.06,1.1
Tspo,plex_2,,,,,,,,,,1.21,1.36,0.61,0.88,0.63,1.29,1.07,0.75,1.18
Mrpl54,plex_2,,,,,,,,,,0.79,1.2,0.57,0.91,0.52,0.7,0.71,0.62,1.36
Cmtm4,plex_2,,,,,,,,,,1.13,1.26,0.96,,0.68,0.47,1.37,0.74,0.62
Dock6,plex_2,,,,,,,,,,1.22,0.88,0.74,0.85,0.86,0.74,0.95,0.89,1.01
Mrps33,plex_2,,,,,,,,,,,,,,,,,,
Hexa,plex_2,,,,,,,,,,1.11,1.17,0.77,0.93,1.15,1.49,0.91,1.14,1.11
Dynll1,plex_2,,,,,,,,,,0.6,0.95,0.77,,,,1.09,0.66,1.33
Parp12,plex_2,,,,,,,,,,1.98,1.49,1.53,1.88,0.83,1.97,,0.79,1.09
Parp12,plex_2,,,,,,,,,,1.98,1.49,1.53,1.88,0.83,1.97,,0.79,1.09
1810043H04Rik,plex_2,,,,,,,,,,,,,,,,,,
,plex_2,,,,,,,,,,,,,,,,,,
Rrp9,plex_2,,,,,,,,,,0.98,1.03,0.7,0.85,0.72,0.91,0.86,0.62,1.04
Rheb,plex_2,,,,,,,,,,0.67,0.97,0.9,0.28,0.55,1.08,0.95,0.87,0.94
Rheb,plex_2,,,,,,,,,,0.67,0.97,0.9,0.28,0.55,1.08,0.95,0.87,0.94
Ugt1a6a,plex_2,,,,,,,,,,,,,,,,,,
Ugt1a6,plex_2,,,,,,,,,,,,,,,,,,
Ogfr,plex_2,,,,,,,,,,1.26,1.21,0.78,0.91,1.03,1.1,0.83,1.13,1.09
Ogfr,plex_2,,,,,,,,,,1.26,1.21,0.78,0.91,1.03,1.1,0.83,1.13,1.09
Rbbp7,plex_2,,,,,,,,,,0.82,0.83,0.43,0.44,0.6,0.99,0.84,0.45,0.86
Rbbp7,plex_2,,,,,,,,,,0.82,0.83,0.43,0.44,0.6,0.99,0.84,0.45,0.86
Rbbp7,plex_2,,,,,,,,,,0.82,0.83,0.43,0.44,0.6,0.99,0.84,0.45,0.86
Ndufaf4,plex_2,,,,,,,,,,1.02,0.91,0.99,0.77,0.92,0.86,1.0,0.79,1.32
Habp4,plex_2,,,,,,,,,,,,,,,,,,
Habp4,plex_2,,,,,,,,,,,,,,,,,,
Smek1,plex_2,,,,,,,,,,1.07,0.88,0.73,0.88,0.68,0.81,0.84,0.76,0.84
Ppp4r3a,plex_2,,,,,,,,,,1.07,0.88,0.73,0.88,0.68,0.81,0.84,0.76,0.84
Neo1,plex_2,,,,,,,,,,1.63,4.26,6.65,,9.25,6.38,2.02,1.48,14.41
Neo1,plex_2,,,,,,,,,,1.63,4.26,6.65,,9.25,6.38,2.02,1.48,14.41
Nqo1,plex_2,,,,,,,,,,1.07,1.11,1.16,0.69,0.91,1.01,1.03,1.24,1.42
Akr1b7,plex_2,,,,,,,,,,,,,,,,,,
Timm17b,plex_2,,,,,,,,,,1.02,0.93,0.95,0.89,0.59,1.05,0.98,0.95,1.43
Timm17b,plex_2,,,,,,,,,,1.02,0.93,0.95,0.89,0.59,1.05,0.98,0.95,1.43
Csnk2b,plex_2,,,,,,,,,,1.13,1.34,1.02,0.94,0.93,0.81,0.79,0.73,0.85
Tceb3,plex_2,,,,,,,,,,0.97,0.98,1.58,1.17,1.43,0.99,1.11,0.78,1.72
Fau,plex_2,,,,,,,,,,0.75,0.82,0.72,0.54,0.58,0.65,0.67,0.83,0.95
fau,plex_2,,,,,,,,,,0.75,0.82,0.72,0.54,0.58,0.65,0.67,0.83,0.95
,plex_2,,,,,,,,,,0.75,0.82,0.72,0.54,0.58,0.65,0.67,0.83,0.95
Fau,plex_2,,,,,,,,,,0.75,0.82,0.72,0.54,0.58,0.65,0.67,0.83,0.95
fau,plex_2,,,,,,,,,,0.75,0.82,0.72,0.54,0.58,0.65,0.67,0.83,0.95
Yipf5,plex_2,,,,,,,,,,0.94,0.97,0.94,0.83,0.77,0.86,0.84,0.89,1.0
Klhdc10,plex_2,,,,,,,,,,,,,,,,,,
Klhdc10,plex_2,,,,,,,,,,,,,,,,,,
Ssu72,plex_2,,,,,,,,,,,,,,,,,,
Ssu72,plex_2,,,,,,,,,,,,,,,,,,
Xrn2,plex_2,,,,,,,,,,1.82,,,,,1.66,1.06,1.23,1.5
Xrn2,plex_2,,,,,,,,,,1.82,,,,,1.66,1.06,1.23,1.5
Wdr61,plex_2,,,,,,,,,,1.4,1.01,1.65,0.99,1.05,1.18,1.42,1.39,1.51
Wdr61,plex_2,,,,,,,,,,1.4,1.01,1.65,0.99,1.05,1.18,1.42,1.39,1.51
Atp6v1f,plex_2,,,,,,,,,,1.11,1.09,0.71,0.88,0.83,0.94,0.91,1.07,1.01
Smap2,plex_2,,,,,,,,,,1.92,1.13,1.07,0.82,1.13,0.86,1.44,1.17,1.8
Srsf2,plex_2,,,,,,,,,,0.97,0.96,0.95,0.84,0.96,0.87,1.21,0.96,1.0
C8a,plex_2,,,,,,,,,,1.06,0.72,0.66,0.74,0.46,0.88,0.69,0.59,1.27
C8a,plex_2,,,,,,,,,,1.06,0.72,0.66,0.74,0.46,0.88,0.69,0.59,1.27
C8a,plex_2,,,,,,,,,,1.06,0.72,0.66,0.74,0.46,0.88,0.69,0.59,1.27
Nudt14,plex_2,,,,,,,,,,1.59,1.06,1.25,1.68,,0.66,1.39,1.33,3.92
Hsd17b10,plex_2,,,,,,,,,,0.8,0.77,0.95,0.73,0.65,0.81,0.73,0.64,0.68
Tmbim6,plex_2,,,,,,,,,,1.02,0.9,0.84,0.63,0.71,1.08,0.78,0.88,0.83
Atpaf2,plex_2,,,,,,,,,,1.04,0.98,1.36,0.85,1.09,1.08,0.86,0.74,1.05
Atpaf2,plex_2,,,,,,,,,,1.04,0.98,1.36,0.85,1.09,1.08,0.86,0.74,1.05
Capg,plex_2,,,,,,,,,,1.17,,,0.74,,0.67,,,
Capg,plex_2,,,,,,,,,,1.17,,,0.74,,0.67,,,
Capg,plex_2,,,,,,,,,,1.17,,,0.74,,0.67,,,
Capg,plex_2,,,,,,,,,,1.17,,,0.74,,0.67,,,
Capg,plex_2,,,,,,,,,,1.17,,,0.74,,0.67,,,
Capg,plex_2,,,,,,,,,,1.17,,,0.74,,0.67,,,
Dip2c,plex_2,,,,,,,,,,0.96,0.98,0.61,1.03,1.2,0.96,1.36,0.93,0.71
Dip2c,plex_2,,,,,,,,,,0.96,0.98,0.61,1.03,1.2,0.96,1.36,0.93,0.71
Cpsf7,plex_2,,,,,,,,,,2.22,0.86,1.19,1.36,0.54,1.3,1.15,1.05,1.79
Cpsf7,plex_2,,,,,,,,,,2.22,0.86,1.19,1.36,0.54,1.3,1.15,1.05,1.79
Ssrp1,plex_2,,,,,,,,,,1.07,0.98,1.03,0.99,1.03,0.93,1.0,1.21,1.22
Ssrp1,plex_2,,,,,,,,,,1.07,0.98,1.03,0.99,1.03,0.93,1.0,1.21,1.22
Ssrp1,plex_2,,,,,,,,,,1.07,0.98,1.03,0.99,1.03,0.93,1.0,1.21,1.22
Ssrp1,plex_2,,,,,,,,,,1.07,0.98,1.03,0.99,1.03,0.93,1.0,1.21,1.22
Lyrm5,plex_2,,,,,,,,,,0.81,0.86,1.17,0.66,0.58,1.02,1.31,1.18,1.23
Wipf1,plex_2,,,,,,,,,,2.14,0.76,1.46,1.11,1.73,1.43,2.39,0.73,0.81
Rpa1,plex_2,,,,,,,,,,0.73,1.02,0.88,0.91,0.67,0.93,0.95,1.04,0.95
Shroom1,plex_2,,,,,,,,,,,,,,,,,,
Shroom1,plex_2,,,,,,,,,,,,,,,,,,
Shroom1,plex_2,,,,,,,,,,,,,,,,,,
Hgfac,plex_2,,,,,,,,,,0.94,1.05,0.8,0.73,0.89,1.21,0.54,0.65,1.03
Phykpl,plex_2,,,,,,,,,,1.09,1.28,1.19,1.18,0.89,0.93,1.11,1.06,0.91
Phykpl,plex_2,,,,,,,,,,1.09,1.28,1.19,1.18,0.89,0.93,1.11,1.06,0.91
Srp9,plex_2,,,,,,,,,,1.63,0.96,1.25,0.78,0.97,1.0,1.07,1.39,0.96
Srp9,plex_2,,,,,,,,,,1.63,0.96,1.25,0.78,0.97,1.0,1.07,1.39,0.96
Uqcc3,plex_2,,,,,,,,,,1.11,0.84,1.22,0.76,0.51,0.64,1.29,0.7,1.49
Chmp2b,plex_2,,,,,,,,,,1.18,0.98,0.81,0.9,0.85,1.41,0.98,0.66,0.95
Dap3,plex_2,,,,,,,,,,0.87,1.14,0.84,0.9,1.09,0.89,0.86,1.07,1.46
Dap3,plex_2,,,,,,,,,,0.87,1.14,0.84,0.9,1.09,0.89,0.86,1.07,1.46
Dctpp1,plex_2,,,,,,,,,,0.63,0.91,0.86,0.65,0.72,1.12,1.13,0.67,0.91
Eml3,plex_2,,,,,,,,,,0.41,1.26,1.0,0.96,0.25,0.6,0.35,0.52,1.38
Chmp1b2,plex_2,,,,,,,,,,1.01,1.03,0.87,0.82,0.81,0.84,0.9,1.04,1.06
Immt,plex_2,,,,,,,,,,1.09,0.91,0.96,1.03,1.02,1.02,0.9,0.79,1.34
Mrpl14,plex_2,,,,,,,,,,1.15,0.87,0.91,0.87,1.0,1.28,1.08,0.82,1.26
Hnrnpc,plex_2,,,,,,,,,,0.86,0.91,0.99,,0.92,0.93,,0.85,0.91
Rbbp5,plex_2,,,,,,,,,,0.86,1.02,0.76,0.87,0.53,0.97,0.88,0.84,0.88
Rbbp5,plex_2,,,,,,,,,,0.86,1.02,0.76,0.87,0.53,0.97,0.88,0.84,0.88
Macf1,plex_2,,,,,,,,,,0.81,0.81,0.8,0.7,0.69,0.81,0.73,0.7,0.94
Mbl1,plex_2,,,,,,,,,,1.36,0.9,1.11,0.81,1.1,0.95,0.93,1.15,1.57
Vps36,plex_2,,,,,,,,,,1.28,0.86,0.95,0.88,0.74,0.64,1.06,0.98,1.13
Nmral1,plex_2,,,,,,,,,,0.99,0.87,0.8,0.94,0.89,0.8,0.82,0.96,0.67
Nmral1,plex_2,,,,,,,,,,0.99,0.87,0.8,0.94,0.89,0.8,0.82,0.96,0.67
Chmp3,plex_2,,,,,,,,,,0.89,0.97,1.06,0.88,0.82,1.12,1.0,0.8,1.29
Mta2,plex_2,,,,,,,,,,1.24,1.02,1.45,0.76,1.49,0.96,0.81,1.48,2.02
Mta2,plex_2,,,,,,,,,,1.24,1.02,1.45,0.76,1.49,0.96,0.81,1.48,2.02
Pck2,plex_2,,,,,,,,,,,,,,,,,,
Pck2,plex_2,,,,,,,,,,,,,,,,,,
Pck2,plex_2,,,,,,,,,,,,,,,,,,
Pck2,plex_2,,,,,,,,,,,,,,,,,,
Pck2,plex_2,,,,,,,,,,,,,,,,,,
Iigp1b,plex_2,,,,,,,,,,,,,,,,,,
Sfxn3,plex_2,,,,,,,,,,,,1.03,,,0.71,0.48,0.89,1.13
Sfxn3,plex_2,,,,,,,,,,,,1.03,,,0.71,0.48,0.89,1.13
Spty2d1,plex_2,,,,,,,,,,1.13,3.13,0.66,0.9,1.03,1.31,0.91,1.1,1.14
Fam20a,plex_2,,,,,,,,,,1.27,1.27,0.9,1.02,0.77,1.24,1.16,0.83,0.95
Nhp2,plex_2,,,,,,,,,,1.29,1.07,0.74,0.86,0.56,0.73,0.85,0.94,1.09
Asap1,plex_2,,,,,,,,,,0.83,1.28,0.43,0.73,1.25,0.98,0.44,0.79,1.25
Asap1,plex_2,,,,,,,,,,0.83,1.28,0.43,0.73,1.25,0.98,0.44,0.79,1.25
Asap1,plex_2,,,,,,,,,,0.83,1.28,0.43,0.73,1.25,0.98,0.44,0.79,1.25
Hist1h1a,plex_2,,,,,,,,,,0.84,0.74,1.36,0.72,0.69,1.15,0.64,0.89,0.51
Gtf2e1,plex_2,,,,,,,,,,,,,,,,,,
Ppat,plex_2,,,,,,,,,,1.05,1.28,1.1,0.91,0.92,0.83,1.06,1.04,1.08
Ppat,plex_2,,,,,,,,,,1.05,1.28,1.1,0.91,0.92,0.83,1.06,1.04,1.08
Ppat,plex_2,,,,,,,,,,1.05,1.28,1.1,0.91,0.92,0.83,1.06,1.04,1.08
Ppat,plex_2,,,,,,,,,,1.05,1.28,1.1,0.91,0.92,0.83,1.06,1.04,1.08
Ppat,plex_2,,,,,,,,,,1.05,1.28,1.1,0.91,0.92,0.83,1.06,1.04,1.08
Ppm1k,plex_2,,,,,,,,,,0.88,0.43,1.03,0.59,0.51,0.7,0.44,0.6,0.87
Msrb2,plex_2,,,,,,,,,,0.96,0.73,0.78,0.72,0.75,0.89,0.8,0.84,0.75
Gid8,plex_2,,,,,,,,,,0.63,0.57,0.59,,0.46,0.8,0.75,0.9,0.76
Ascc1,plex_2,,,,,,,,,,,,,,,,,,
Ugt2b35,plex_2,,,,,,,,,,1.21,0.84,0.86,1.14,0.64,1.0,1.46,1.41,1.53
Ugt2b35,plex_2,,,,,,,,,,1.21,0.84,0.86,1.14,0.64,1.0,1.46,1.41,1.53
Lrrc57,plex_2,,,,,,,,,,0.68,0.82,0.73,0.71,0.59,0.56,0.7,0.76,0.86
Tmx3,plex_2,,,,,,,,,,0.76,0.86,0.62,0.64,0.75,0.74,0.85,0.79,0.83
Tns2,plex_2,,,,,,,,,,0.97,1.11,0.66,1.0,1.1,0.77,0.91,0.88,1.22
Tns2,plex_2,,,,,,,,,,0.97,1.11,0.66,1.0,1.1,0.77,0.91,0.88,1.22
Tns2,plex_2,,,,,,,,,,0.97,1.11,0.66,1.0,1.1,0.77,0.91,0.88,1.22
Tns2,plex_2,,,,,,,,,,0.97,1.11,0.66,1.0,1.1,0.77,0.91,0.88,1.22
Trim23,plex_2,,,,,,,,,,,,,,,,,,
Trim23,plex_2,,,,,,,,,,,,,,,,,,
Trim23,plex_2,,,,,,,,,,,,,,,,,,
Abhd12,plex_2,,,,,,,,,,0.78,0.67,0.57,0.4,0.63,1.14,1.3,0.91,1.18
Mrpl11,plex_2,,,,,,,,,,1.03,1.3,1.29,1.36,1.01,1.03,0.99,1.23,1.35
Stx5,plex_2,,,,,,,,,,0.69,0.65,0.64,0.71,0.96,0.83,0.67,0.82,0.73
Ak2,plex_2,,,,,,,,,,0.81,0.68,1.01,0.36,0.8,0.92,1.1,0.88,0.67
Plrg1,plex_2,,,,,,,,,,1.16,1.17,1.06,1.11,0.81,0.97,1.25,1.12,1.18
Plrg1,plex_2,,,,,,,,,,1.16,1.17,1.06,1.11,0.81,0.97,1.25,1.12,1.18
Plrg1,plex_2,,,,,,,,,,1.16,1.17,1.06,1.11,0.81,0.97,1.25,1.12,1.18
Tmem261,plex_2,,,,,,,,,,1.0,1.19,0.85,0.75,0.81,1.45,0.76,0.72,0.79
Tmem245,plex_2,,,,,,,,,,1.7,1.24,0.92,0.88,0.92,0.94,1.04,1.1,1.62
Tmem245,plex_2,,,,,,,,,,1.7,1.24,0.92,0.88,0.92,0.94,1.04,1.1,1.62
Gnb1,plex_2,,,,,,,,,,1.04,0.93,0.94,1.0,0.93,0.82,0.87,0.64,1.09
Ckap4,plex_2,,,,,,,,,,1.17,1.33,1.41,0.88,0.96,0.9,1.27,1.24,1.16
Nars2,plex_2,,,,,,,,,,0.42,0.59,0.75,0.69,0.48,0.79,0.41,1.08,0.94
Nars2,plex_2,,,,,,,,,,0.42,0.59,0.75,0.69,0.48,0.79,0.41,1.08,0.94
Ndufa11,plex_2,,,,,,,,,,0.85,1.17,0.99,1.27,1.11,0.93,0.97,0.82,1.06
Ndufa11,plex_2,,,,,,,,,,0.85,1.17,0.99,1.27,1.11,0.93,0.97,0.82,1.06
Rbks,plex_2,,,,,,,,,,0.49,0.34,0.83,0.99,0.35,1.15,0.93,0.35,0.3
Jchain,plex_2,,,,,,,,,,0.88,0.57,1.31,1.21,0.48,1.19,1.23,1.3,0.54
Atp2b1,plex_2,,,,,,,,,,1.22,0.87,0.81,1.08,0.78,1.26,0.97,0.7,1.47
Dsc2,plex_2,,,,,,,,,,1.1,0.69,0.95,0.71,,0.76,0.72,1.33,0.98
Dsc2,plex_2,,,,,,,,,,1.1,0.69,0.95,0.71,,0.76,0.72,1.33,0.98
Dsc2,plex_2,,,,,,,,,,1.1,0.69,0.95,0.71,,0.76,0.72,1.33,0.98
Dsc2,plex_2,,,,,,,,,,1.1,0.69,0.95,0.71,,0.76,0.72,1.33,0.98
Mfsd1,plex_2,,,,,,,,,,1.48,1.14,1.09,1.31,0.84,1.78,0.73,0.54,0.96
Nedd4l,plex_2,,,,,,,,,,1.65,1.41,1.53,1.05,0.88,0.79,1.21,1.16,1.46
Nedd4l,plex_2,,,,,,,,,,1.65,1.41,1.53,1.05,0.88,0.79,1.21,1.16,1.46
Nedd4l,plex_2,,,,,,,,,,1.65,1.41,1.53,1.05,0.88,0.79,1.21,1.16,1.46
Nedd4l,plex_2,,,,,,,,,,1.65,1.41,1.53,1.05,0.88,0.79,1.21,1.16,1.46
Exosc9,plex_2,,,,,,,,,,0.93,0.5,0.82,0.62,,,1.03,1.18,0.88
Igfbp4,plex_2,,,,,,,,,,0.79,0.65,0.68,0.43,0.37,0.67,0.69,0.64,0.66
Gabarapl1,plex_2,,,,,,,,,,0.95,0.82,0.84,0.67,0.83,0.64,0.85,0.97,0.98
Nub1,plex_2,,,,,,,,,,1.14,0.95,0.86,1.02,0.94,0.83,1.17,1.01,1.2
Hnrnpdl,plex_2,,,,,,,,,,,,,,,,,,
Tsnax,plex_2,,,,,,,,,,0.77,0.98,0.68,0.73,0.56,0.78,0.87,0.58,1.14
Tsnax,plex_2,,,,,,,,,,0.77,0.98,0.68,0.73,0.56,0.78,0.87,0.58,1.14
Pank2,plex_2,,,,,,,,,,1.16,0.73,0.42,0.93,0.35,0.41,0.84,0.81,0.75
Pank2,plex_2,,,,,,,,,,1.16,0.73,0.42,0.93,0.35,0.41,0.84,0.81,0.75
Ap3s1,plex_2,,,,,,,,,,1.49,0.54,0.94,0.88,0.39,0.38,0.47,0.36,0.94
Reep3,plex_2,,,,,,,,,,0.71,0.86,0.8,0.72,0.62,0.78,1.01,0.78,1.12
Gpx5,plex_2,,,,,,,,,,0.95,0.81,0.79,0.79,0.73,1.01,0.91,0.9,0.99
Ints1,plex_2,,,,,,,,,,,,,,,,,,
Ints1,plex_2,,,,,,,,,,,,,,,,,,
Ints1,plex_2,,,,,,,,,,,,,,,,,,
Ptpa,plex_2,,,,,,,,,,0.79,0.57,0.89,0.73,0.79,0.87,1.07,0.64,1.01
Ptpa,plex_2,,,,,,,,,,0.79,0.57,0.89,0.73,0.79,0.87,1.07,0.64,1.01
Asnsd1,plex_2,,,,,,,,,,0.79,0.88,0.85,0.77,0.61,1.03,0.79,0.63,1.1
Rwdd1,plex_2,,,,,,,,,,0.94,0.89,0.97,0.76,0.93,0.78,0.77,0.95,1.03
Cux1,plex_2,,,,,,,,,,1.04,1.07,1.36,1.15,0.92,1.18,1.2,1.43,1.22
Arfgef2,plex_2,,,,,,,,,,0.89,0.86,0.76,0.71,0.71,0.87,0.99,0.83,1.37
Gba,plex_2,,,,,,,,,,1.0,1.31,1.1,1.03,0.98,1.23,2.74,2.24,2.49
Znf22,plex_2,,,,,,,,,,1.17,0.93,0.94,0.64,0.7,2.03,0.59,0.74,0.55
Sec62,plex_2,,,,,,,,,,0.89,0.98,0.62,0.81,0.86,0.87,0.81,0.75,1.18
Atg4b,plex_2,,,,,,,,,,1.45,1.12,1.37,1.1,1.37,1.59,1.59,1.46,1.6
Atg4b,plex_2,,,,,,,,,,1.45,1.12,1.37,1.1,1.37,1.59,1.59,1.46,1.6
Atg4b,plex_2,,,,,,,,,,1.45,1.12,1.37,1.1,1.37,1.59,1.59,1.46,1.6
Atg4b,plex_2,,,,,,,,,,1.45,1.12,1.37,1.1,1.37,1.59,1.59,1.46,1.6
Atg4b,plex_2,,,,,,,,,,1.45,1.12,1.37,1.1,1.37,1.59,1.59,1.46,1.6
Atg4b,plex_2,,,,,,,,,,1.45,1.12,1.37,1.1,1.37,1.59,1.59,1.46,1.6
Vwa8,plex_2,,,,,,,,,,1.0,0.86,0.82,0.72,0.52,0.65,0.8,1.17,1.03
Bmp2k,plex_2,,,,,,,,,,0.93,0.85,1.06,0.94,0.99,0.94,1.02,1.17,1.49
Bmp2k,plex_2,,,,,,,,,,0.93,0.85,1.06,0.94,0.99,0.94,1.02,1.17,1.49
Pcif1,plex_2,,,,,,,,,,1.26,1.14,0.98,1.02,0.85,0.74,1.12,1.05,1.09
Ntpcr,plex_2,,,,,,,,,,1.1,1.17,1.09,0.75,0.74,0.86,1.04,0.81,1.11
Ntpcr,plex_2,,,,,,,,,,1.1,1.17,1.09,0.75,0.74,0.86,1.04,0.81,1.11
Snx4,plex_2,,,,,,,,,,0.9,0.66,1.08,0.36,0.94,0.84,0.85,1.05,1.33
,plex_2,,,,,,,,,,0.9,0.66,1.08,0.36,0.94,0.84,0.85,1.05,1.33
Cnn1,plex_2,,,,,,,,,,0.92,0.85,,,0.54,0.53,0.58,0.7,0.63
Slc39a7,plex_2,,,,,,,,,,0.83,1.08,0.71,0.83,0.71,0.78,0.83,0.79,0.96
Slc39a7,plex_2,,,,,,,,,,0.83,1.08,0.71,0.83,0.71,0.78,0.83,0.79,0.96
Serpina3n,plex_2,,,,,,,,,,0.88,0.73,0.76,1.01,0.69,1.0,0.75,0.77,0.82
Krt76,plex_2,,,,,,,,,,0.96,1.05,0.75,0.55,0.75,0.81,0.65,0.48,0.83
Otulin,plex_2,,,,,,,,,,0.73,0.83,0.87,0.88,0.68,1.25,0.95,0.63,1.11
Stx6,plex_2,,,,,,,,,,,,,,,,,,
Eif4ebp2,plex_2,,,,,,,,,,1.12,1.28,1.33,0.87,1.19,0.8,1.24,1.61,1.42
Wdr18,plex_2,,,,,,,,,,1.04,1.27,1.01,0.92,0.8,0.75,0.84,1.01,1.32
Gstm7,plex_2,,,,,,,,,,1.17,0.89,0.79,0.71,0.66,0.85,0.59,0.77,0.9
Mocos,plex_2,,,,,,,,,,0.92,1.03,2.22,0.79,0.79,0.64,1.19,1.32,1.38
Gbp7,plex_2,,,,,,,,,,1.28,1.29,0.81,0.73,0.72,1.0,0.96,0.96,1.35
Gbp7,plex_2,,,,,,,,,,1.28,1.29,0.81,0.73,0.72,1.0,0.96,0.96,1.35
Gbp7,plex_2,,,,,,,,,,1.28,1.29,0.81,0.73,0.72,1.0,0.96,0.96,1.35
Mrpl15,plex_2,,,,,,,,,,1.18,1.07,1.01,0.94,0.88,0.91,0.86,1.15,1.32
Usp19,plex_2,,,,,,,,,,1.27,1.31,1.19,1.02,1.01,1.18,1.23,1.24,1.11
Usp19,plex_2,,,,,,,,,,1.27,1.31,1.19,1.02,1.01,1.18,1.23,1.24,1.11
Usp19,plex_2,,,,,,,,,,1.27,1.31,1.19,1.02,1.01,1.18,1.23,1.24,1.11
Usp19,plex_2,,,,,,,,,,1.27,1.31,1.19,1.02,1.01,1.18,1.23,1.24,1.11
Hm13,plex_2,,,,,,,,,,1.02,0.97,0.78,0.71,0.7,0.88,0.63,0.7,1.14
Aldh1l2,plex_2,,,,,,,,,,1.63,1.63,0.59,1.58,2.17,1.61,0.81,1.93,0.89
Ipo9,plex_2,,,,,,,,,,0.83,0.83,0.98,0.69,0.62,0.77,0.74,0.85,0.74
Ipo9,plex_2,,,,,,,,,,0.83,0.83,0.98,0.69,0.62,0.77,0.74,0.85,0.74
Ppp6r3,plex_2,,,,,,,,,,0.83,0.87,0.79,0.45,0.52,0.84,0.68,0.88,1.06
Ppp6r3,plex_2,,,,,,,,,,0.83,0.87,0.79,0.45,0.52,0.84,0.68,0.88,1.06
Ppp6r3,plex_2,,,,,,,,,,0.83,0.87,0.79,0.45,0.52,0.84,0.68,0.88,1.06
mt-Atp6,plex_2,,,,,,,,,,1.12,1.45,0.3,0.86,0.88,1.38,1.12,0.9,1.04
Sf3b5,plex_2,,,,,,,,,,0.86,0.76,0.92,0.76,0.56,0.79,0.78,0.74,0.89
Sf3b5,plex_2,,,,,,,,,,0.86,0.76,0.92,0.76,0.56,0.79,0.78,0.74,0.89
Slc4a4,plex_2,,,,,,,,,,1.0,1.05,1.1,0.77,0.65,0.62,0.98,1.01,1.09
Slc4a4,plex_2,,,,,,,,,,1.0,1.05,1.1,0.77,0.65,0.62,0.98,1.01,1.09
Sult2a2,plex_2,,,,,,,,,,0.99,1.45,1.04,0.97,1.0,1.3,0.59,1.41,0.96
Gm4951,plex_2,,,,,,,,,,1.18,0.86,0.69,0.86,0.79,1.09,1.16,1.02,1.09
Ilkap,plex_2,,,,,,,,,,0.92,0.48,0.54,0.55,0.39,,0.85,0.93,0.74
Apcs,plex_2,,,,,,,,,,1.0,0.83,1.2,0.75,0.48,1.03,0.83,1.1,1.03
Taf15,plex_2,,,,,,,,,,1.18,0.95,1.1,0.85,0.89,0.72,1.11,1.07,1.16
Hist1h1c,plex_2,,,,,,,,,,0.67,0.79,1.21,0.85,0.51,1.08,0.8,0.84,0.63
Aldh3a2,plex_2,,,,,,,,,,2.24,2.53,4.05,1.59,1.61,2.25,2.01,3.67,2.55
Ablim1,plex_2,,,,,,,,,,0.88,1.08,0.8,0.6,0.73,0.83,0.78,0.61,1.19
Rps27l,plex_2,,,,,,,,,,0.84,1.05,0.92,0.81,0.84,0.85,0.72,0.9,1.17
Ric8a,plex_2,,,,,,,,,,1.27,0.73,0.85,0.65,0.89,0.81,0.97,1.03,0.98
Polr2e,plex_2,,,,,,,,,,0.93,1.0,0.73,0.46,0.79,0.78,0.68,0.7,0.99
Ict1,plex_2,,,,,,,,,,0.92,1.0,1.4,0.9,0.42,0.4,0.95,1.02,1.3
Ict1,plex_2,,,,,,,,,,0.92,1.0,1.4,0.9,0.42,0.4,0.95,1.02,1.3
Ufc1,plex_2,,,,,,,,,,1.26,1.29,1.06,1.27,0.93,0.98,1.15,1.19,1.23
Ccdc6,plex_2,,,,,,,,,,1.63,1.17,1.35,0.54,1.02,1.1,1.33,1.6,1.73
Cul1,plex_2,,,,,,,,,,1.08,1.28,1.24,0.29,0.57,0.89,0.81,0.97,0.78
Slc43a3,plex_2,,,,,,,,,,0.51,1.27,0.94,1.01,0.92,1.12,1.12,0.94,1.02
Rac2,plex_2,,,,,,,,,,2.31,2.11,0.87,1.07,1.87,0.75,2.1,1.02,2.3
Hnmt,plex_2,,,,,,,,,,0.91,1.0,0.82,0.95,0.86,1.09,1.03,1.09,1.05
Vma21,plex_2,,,,,,,,,,1.27,1.08,0.98,0.71,0.79,0.79,0.94,0.94,1.41
Vma21,plex_2,,,,,,,,,,1.27,1.08,0.98,0.71,0.79,0.79,0.94,0.94,1.41
Ear6,plex_2,,,,,,,,,,1.0,1.0,1.03,0.91,0.96,0.88,1.01,1.13,1.04
Ear7,plex_2,,,,,,,,,,1.0,1.0,1.03,0.91,0.96,0.88,1.01,1.13,1.04
Rmnd1,plex_2,,,,,,,,,,1.11,0.96,1.52,0.8,1.67,1.21,1.26,1.35,1.45
Nup153,plex_2,,,,,,,,,,1.11,1.12,1.06,0.72,0.6,0.92,0.92,1.01,1.0
Psmg2,plex_2,,,,,,,,,,0.69,1.02,0.85,0.58,0.79,0.75,0.73,0.96,0.84
Psmg2,plex_2,,,,,,,,,,0.69,1.02,0.85,0.58,0.79,0.75,0.73,0.96,0.84
Ppm1g,plex_2,,,,,,,,,,1.42,1.24,1.48,0.97,1.12,1.18,1.35,1.53,1.15
Sh3glb2,plex_2,,,,,,,,,,1.08,1.3,0.83,0.65,0.96,0.37,0.87,0.75,1.17
Sh3glb2,plex_2,,,,,,,,,,1.08,1.3,0.83,0.65,0.96,0.37,0.87,0.75,1.17
Sh3glb2,plex_2,,,,,,,,,,1.08,1.3,0.83,0.65,0.96,0.37,0.87,0.75,1.17
Mgat2,plex_2,,,,,,,,,,,,,,,,,,
Asna1,plex_2,,,,,,,,,,1.02,1.08,0.93,0.91,0.92,0.82,1.02,0.91,0.82
Tysnd1,plex_2,,,,,,,,,,0.63,0.84,0.7,0.68,0.66,0.69,0.62,0.54,0.86
Apoc1,plex_2,,,,,,,,,,1.48,1.18,1.0,1.88,1.13,1.63,1.24,0.9,1.5
Gipc1,plex_2,,,,,,,,,,1.0,1.08,0.76,0.7,0.81,1.24,0.87,0.9,1.23
Ublcp1,plex_2,,,,,,,,,,2.3,1.76,4.02,1.24,4.6,5.46,3.7,4.59,7.59
Ppp1r8,plex_2,,,,,,,,,,,,,,,,,,
Paip2,plex_2,,,,,,,,,,0.91,0.75,0.9,1.07,0.84,0.5,0.9,1.21,0.62
Tcea3,plex_2,,,,,,,,,,,,,,,,,,
Tcea3,plex_2,,,,,,,,,,,,,,,,,,
Gm5093,plex_2,,,,,,,,,,,,,,,,,,
Pfdn6,plex_2,,,,,,,,,,1.05,0.93,0.72,0.62,0.67,0.69,0.75,0.9,1.28
Pfdn6,plex_2,,,,,,,,,,1.05,0.93,0.72,0.62,0.67,0.69,0.75,0.9,1.28
Mrps27,plex_2,,,,,,,,,,1.23,1.43,1.4,1.3,0.98,1.33,1.29,1.21,1.43
Aip,plex_2,,,,,,,,,,1.04,1.13,0.91,0.85,1.37,0.89,0.68,1.5,0.88
Mrpl22,plex_2,,,,,,,,,,0.77,0.84,0.75,0.68,0.7,0.76,0.75,0.89,0.94
Pnpla8,plex_2,,,,,,,,,,0.79,0.85,0.84,0.52,0.73,0.98,0.73,0.68,1.04
Dapk2,plex_2,,,,,,,,,,,,,,,,,,
Slc25a4,plex_2,,,,,,,,,,0.89,0.73,0.74,2.52,0.81,0.72,0.96,1.0,0.93
Clec3b,plex_2,,,,,,,,,,0.98,,0.6,,1.25,0.62,0.67,0.76,1.08
Clec3b,plex_2,,,,,,,,,,0.98,,0.6,,1.25,0.62,0.67,0.76,1.08
Nop10,plex_2,,,,,,,,,,1.19,0.97,0.76,1.09,0.97,1.23,0.91,0.64,1.15
Rad23b,plex_2,,,,,,,,,,,,,,,,,,
Uhrf1bp1l,plex_2,,,,,,,,,,2.66,1.53,0.54,0.64,0.78,1.28,1.23,1.26,0.83
Aox1,plex_2,,,,,,,,,,1.71,1.5,1.76,0.69,1.04,0.85,1.85,1.75,2.27
Ano10,plex_2,,,,,,,,,,0.77,0.84,0.98,1.0,0.72,0.75,0.48,0.48,1.08
Ano10,plex_2,,,,,,,,,,0.77,0.84,0.98,1.0,0.72,0.75,0.48,0.48,1.08
Ano10,plex_2,,,,,,,,,,0.77,0.84,0.98,1.0,0.72,0.75,0.48,0.48,1.08
Serpinf2,plex_2,,,,,,,,,,1.18,1.32,0.88,0.89,0.68,1.1,1.27,1.15,0.9
Sh3pxd2b,plex_2,,,,,,,,,,0.85,0.77,0.75,0.75,0.6,0.91,0.9,0.69,1.03
Sh3pxd2b,plex_2,,,,,,,,,,0.85,0.77,0.75,0.75,0.6,0.91,0.9,0.69,1.03
Ndufa1,plex_2,,,,,,,,,,1.17,1.1,1.62,1.2,1.52,1.12,1.4,1.78,1.69
Pgam2,plex_2,,,,,,,,,,0.89,1.05,0.39,1.81,0.97,1.23,1.07,0.83,1.54
Safb2,plex_2,,,,,,,,,,0.97,0.88,0.85,0.82,0.91,1.31,0.51,0.46,0.93
Dpysl3,plex_2,,,,,,,,,,1.31,1.13,1.76,1.15,0.89,1.64,1.62,1.12,0.92
Dpysl3,plex_2,,,,,,,,,,1.31,1.13,1.76,1.15,0.89,1.64,1.62,1.12,0.92
Mlxipl,plex_2,,,,,,,,,,1.38,0.93,1.45,,1.38,1.01,1.08,1.23,0.82
Slc22a27,plex_2,,,,,,,,,,0.68,0.76,0.78,0.81,0.65,1.15,1.04,0.92,0.93
Slc22a27,plex_2,,,,,,,,,,0.68,0.76,0.78,0.81,0.65,1.15,1.04,0.92,0.93
Rtn3,plex_2,,,,,,,,,,0.78,1.0,0.64,0.81,0.79,0.8,0.97,0.93,1.12
Rtn3,plex_2,,,,,,,,,,0.78,1.0,0.64,0.81,0.79,0.8,0.97,0.93,1.12
Cpsf3,plex_2,,,,,,,,,,1.32,0.95,1.12,1.05,0.75,1.34,1.11,0.98,1.22
Tapbpl,plex_2,,,,,,,,,,,,,,,,,,
Hmox2,plex_2,,,,,,,,,,0.89,1.37,1.12,0.68,0.77,0.7,0.99,1.75,1.64
Tango2,plex_2,,,,,,,,,,0.3,0.41,0.82,0.75,0.54,0.81,1.14,0.49,0.42
Tango2,plex_2,,,,,,,,,,0.3,0.41,0.82,0.75,0.54,0.81,1.14,0.49,0.42
Tango2,plex_2,,,,,,,,,,0.3,0.41,0.82,0.75,0.54,0.81,1.14,0.49,0.42
Tango2,plex_2,,,,,,,,,,0.3,0.41,0.82,0.75,0.54,0.81,1.14,0.49,0.42
Sec16a,plex_2,,,,,,,,,,1.03,1.03,0.87,0.81,0.86,0.96,1.3,1.09,1.18
Sec16a,plex_2,,,,,,,,,,1.03,1.03,0.87,0.81,0.86,0.96,1.3,1.09,1.18
Gltpd2,plex_2,,,,,,,,,,0.83,0.93,0.71,0.67,0.58,0.64,1.05,0.79,0.98
Arl6ip5,plex_2,,,,,,,,,,1.81,1.66,4.24,0.77,3.53,1.27,1.73,3.06,4.88
Rpain,plex_2,,,,,,,,,,,,,,,,,,
Rpain,plex_2,,,,,,,,,,,,,,,,,,
Rpain,plex_2,,,,,,,,,,,,,,,,,,
Rpain,plex_2,,,,,,,,,,,,,,,,,,
Rpain,plex_2,,,,,,,,,,,,,,,,,,
Isca2,plex_2,,,,,,,,,,,,,,,,,,
Clip1,plex_2,,,,,,,,,,0.7,0.78,1.74,0.53,0.95,0.41,1.46,0.5,2.17
Clip1,plex_2,,,,,,,,,,0.7,0.78,1.74,0.53,0.95,0.41,1.46,0.5,2.17
Kpna1,plex_2,,,,,,,,,,,,,,,,,,
Helb,plex_2,,,,,,,,,,2.65,1.92,1.99,0.94,2.0,0.94,1.71,1.92,2.07
Ctif,plex_2,,,,,,,,,,,,,,,,,,
Wbscr16,plex_2,,,,,,,,,,0.48,0.52,0.38,0.49,0.46,0.49,0.95,0.36,0.86
Slc25a16,plex_2,,,,,,,,,,1.07,0.91,0.78,0.94,0.74,0.93,0.84,1.0,1.13
Aars,plex_2,,,,,,,,,,1.1,1.04,1.02,0.92,0.88,0.87,1.24,1.09,1.16
Nufip2,plex_2,,,,,,,,,,,1.12,,,,,,,
Nufip2,plex_2,,,,,,,,,,,1.12,,,,,,,
Csnk1g3,plex_2,,,,,,,,,,1.12,0.97,0.68,0.73,0.68,0.88,1.0,0.9,0.86
Tap2,plex_2,,,,,,,,,,0.93,0.92,0.8,0.67,0.96,0.87,0.67,0.83,1.14
Tap2,plex_2,,,,,,,,,,0.93,0.92,0.8,0.67,0.96,0.87,0.67,0.83,1.14
Tap2,plex_2,,,,,,,,,,0.93,0.92,0.8,0.67,0.96,0.87,0.67,0.83,1.14
Tap2,plex_2,,,,,,,,,,0.93,0.92,0.8,0.67,0.96,0.87,0.67,0.83,1.14
Tap2,plex_2,,,,,,,,,,0.93,0.92,0.8,0.67,0.96,0.87,0.67,0.83,1.14
Smug1,plex_2,,,,,,,,,,1.02,0.34,1.08,1.04,1.12,0.92,0.87,0.85,0.85
Smug1,plex_2,,,,,,,,,,1.02,0.34,1.08,1.04,1.12,0.92,0.87,0.85,0.85
Tollip,plex_2,,,,,,,,,,0.72,1.11,0.97,0.89,0.74,0.76,0.72,0.74,1.45
Tollip,plex_2,,,,,,,,,,0.72,1.11,0.97,0.89,0.74,0.76,0.72,0.74,1.45
Tollip,plex_2,,,,,,,,,,0.72,1.11,0.97,0.89,0.74,0.76,0.72,0.74,1.45
Erbin,plex_2,,,,,,,,,,1.07,1.63,0.96,1.07,0.82,1.0,1.18,1.37,1.36
Erbin,plex_2,,,,,,,,,,1.07,1.63,0.96,1.07,0.82,1.0,1.18,1.37,1.36
Erbin,plex_2,,,,,,,,,,1.07,1.63,0.96,1.07,0.82,1.0,1.18,1.37,1.36
Rexo2,plex_2,,,,,,,,,,0.96,0.8,0.82,0.72,0.76,0.73,0.98,0.87,1.15
Trnt1,plex_2,,,,,,,,,,0.89,0.77,1.04,0.99,0.67,0.74,0.98,0.7,0.73
Dpy30,plex_2,,,,,,,,,,1.05,1.24,1.19,0.45,0.24,0.47,0.94,0.45,1.04
Adprh,plex_2,,,,,,,,,,1.19,0.9,0.98,0.63,0.76,0.96,0.91,1.03,1.3
Ggt5,plex_2,,,,,,,,,,1.28,1.08,0.88,1.03,0.79,1.22,1.28,1.02,1.08
Lyrm4,plex_2,,,,,,,,,,0.93,0.78,0.72,0.76,0.68,0.73,0.97,0.86,1.0
Sdhd,plex_2,,,,,,,,,,0.91,1.22,0.71,1.02,0.96,1.27,0.95,0.8,0.91
Sdhd,plex_2,,,,,,,,,,0.91,1.22,0.71,1.02,0.96,1.27,0.95,0.8,0.91
Mrpl48,plex_2,,,,,,,,,,3.13,2.28,1.22,0.9,0.94,1.32,3.04,3.4,1.29
Mrpl48,plex_2,,,,,,,,,,3.13,2.28,1.22,0.9,0.94,1.32,3.04,3.4,1.29
Mapk14,plex_2,,,,,,,,,,0.67,0.69,0.81,0.66,0.55,0.81,0.99,0.92,1.03
Mrps17,plex_2,,,,,,,,,,0.89,1.05,0.69,0.65,0.77,0.97,0.86,0.97,1.11
Mrps17,plex_2,,,,,,,,,,0.89,1.05,0.69,0.65,0.77,0.97,0.86,0.97,1.11
Mrps17,plex_2,,,,,,,,,,0.89,1.05,0.69,0.65,0.77,0.97,0.86,0.97,1.11
Mup10,plex_2,,,,,,,,,,1.2,0.19,0.23,0.46,0.18,0.26,1.08,0.43,0.38
Mup1,plex_2,,,,,,,,,,1.2,0.19,0.23,0.46,0.18,0.26,1.08,0.43,0.38
Syvn1,plex_2,,,,,,,,,,1.0,1.22,0.82,0.92,0.62,1.22,1.01,0.72,1.08
Syvn1,plex_2,,,,,,,,,,1.0,1.22,0.82,0.92,0.62,1.22,1.01,0.72,1.08
Syvn1,plex_2,,,,,,,,,,1.0,1.22,0.82,0.92,0.62,1.22,1.01,0.72,1.08
Syvn1,plex_2,,,,,,,,,,1.0,1.22,0.82,0.92,0.62,1.22,1.01,0.72,1.08
Cyp2c68,plex_2,,,,,,,,,,0.6,0.6,0.51,0.55,0.47,0.67,0.6,0.59,0.86
Sars2,plex_2,,,,,,,,,,0.83,1.14,0.84,0.59,0.41,0.59,0.67,0.96,0.67
Arf4,plex_2,,,,,,,,,,1.36,3.34,3.19,3.19,1.05,1.01,2.79,0.65,2.59
Snap47,plex_2,,,,,,,,,,0.97,1.02,1.18,0.84,0.73,0.85,1.39,1.4,0.98
Snap47,plex_2,,,,,,,,,,0.97,1.02,1.18,0.84,0.73,0.85,1.39,1.4,0.98
Snap47,plex_2,,,,,,,,,,0.97,1.02,1.18,0.84,0.73,0.85,1.39,1.4,0.98
Ogt,plex_2,,,,,,,,,,1.3,0.83,0.89,0.84,0.82,1.08,0.79,0.57,0.8
Ogt,plex_2,,,,,,,,,,1.3,0.83,0.89,0.84,0.82,1.08,0.79,0.57,0.8
Dpp7,plex_2,,,,,,,,,,1.15,0.89,0.72,0.79,0.73,0.77,0.91,0.64,0.76
Slc35a3,plex_2,,,,,,,,,,0.92,0.88,1.04,0.87,0.82,0.76,0.87,0.91,0.96
Slc35a3,plex_2,,,,,,,,,,0.92,0.88,1.04,0.87,0.82,0.76,0.87,0.91,0.96
Slc35a3,plex_2,,,,,,,,,,0.92,0.88,1.04,0.87,0.82,0.76,0.87,0.91,0.96
Dguok,plex_2,,,,,,,,,,1.06,0.94,0.87,0.88,0.63,0.74,0.83,0.92,1.15
Dguok,plex_2,,,,,,,,,,1.06,0.94,0.87,0.88,0.63,0.74,0.83,0.92,1.15
Ttc37,plex_2,,,,,,,,,,1.58,1.49,1.34,3.49,0.83,1.31,1.24,0.74,1.12
Fyco1,plex_2,,,,,,,,,,0.99,0.57,1.37,0.76,0.7,1.08,1.0,1.1,1.0
Mup2,plex_2,,,,,,,,,,1.33,0.2,0.22,0.53,0.21,0.22,1.11,0.62,0.43
Rab4a,plex_2,,,,,,,,,,0.99,1.38,0.44,0.23,1.31,1.19,1.23,1.05,1.58
Srrm1,plex_2,,,,,,,,,,1.77,1.17,1.05,1.17,0.84,1.38,1.01,1.46,1.33
Srrm1,plex_2,,,,,,,,,,1.77,1.17,1.05,1.17,0.84,1.38,1.01,1.46,1.33
Cox15,plex_2,,,,,,,,,,1.47,1.18,1.14,0.71,0.84,1.05,1.36,1.19,1.13
Txlna,plex_2,,,,,,,,,,0.96,1.04,0.91,1.1,0.91,0.73,1.06,0.88,0.99
Txlna,plex_2,,,,,,,,,,0.96,1.04,0.91,1.1,0.91,0.73,1.06,0.88,0.99
Ca14,plex_2,,,,,,,,,,,,,,,,,,
Gpr89a,plex_2,,,,,,,,,,0.8,0.87,0.86,0.78,0.69,0.88,1.03,0.88,1.23
Ipo4,plex_2,,,,,,,,,,0.63,0.44,0.86,0.72,0.43,0.83,0.9,0.92,0.88
Ilf3,plex_2,,,,,,,,,,1.12,1.05,0.68,0.91,1.06,1.16,1.33,0.98,1.2
Ilf3,plex_2,,,,,,,,,,1.12,1.05,0.68,0.91,1.06,1.16,1.33,0.98,1.2
Gyg,plex_2,,,,,,,,,,0.88,0.93,0.9,0.6,0.68,0.66,0.52,0.77,0.69
Gyg1,plex_2,,,,,,,,,,0.88,0.93,0.9,0.6,0.68,0.66,0.52,0.77,0.69
Gyg,plex_2,,,,,,,,,,0.88,0.93,0.9,0.6,0.68,0.66,0.52,0.77,0.69
Trappc8,plex_2,,,,,,,,,,1.48,1.35,1.01,1.43,0.94,1.48,1.44,1.65,1.48
Adtrp,plex_2,,,,,,,,,,0.82,0.89,0.71,1.09,1.02,1.12,0.81,0.94,0.89
Cfi,plex_2,,,,,,,,,,0.95,0.75,0.72,0.78,0.67,0.77,0.82,0.6,0.76
Selt,plex_2,,,,,,,,,,1.49,1.58,1.74,0.86,1.85,1.79,1.4,1.24,2.85
Pelo,plex_2,,,,,,,,,,1.11,1.01,0.83,0.83,0.74,1.18,0.99,0.81,0.85
Pelo,plex_2,,,,,,,,,,1.11,1.01,0.83,0.83,0.74,1.18,0.99,0.81,0.85
Pin1,plex_2,,,,,,,,,,1.29,0.9,0.8,0.61,0.66,0.76,0.86,0.82,1.09
Pin1,plex_2,,,,,,,,,,1.29,0.9,0.8,0.61,0.66,0.76,0.86,0.82,1.09
Csnk2a2,plex_2,,,,,,,,,,0.88,1.02,0.71,0.83,0.69,0.86,1.04,0.8,0.91
mt-Co3,plex_2,,,,,,,,,,1.3,1.06,0.54,1.01,1.0,1.48,0.74,0.6,1.05
COX3,plex_2,,,,,,,,,,1.3,1.06,0.54,1.01,1.0,1.48,0.74,0.6,1.05
COXIII,plex_2,,,,,,,,,,1.3,1.06,0.54,1.01,1.0,1.48,0.74,0.6,1.05
COX3,plex_2,,,,,,,,,,1.3,1.06,0.54,1.01,1.0,1.48,0.74,0.6,1.05
COX3,plex_2,,,,,,,,,,1.3,1.06,0.54,1.01,1.0,1.48,0.74,0.6,1.05
COX3,plex_2,,,,,,,,,,1.3,1.06,0.54,1.01,1.0,1.48,0.74,0.6,1.05
Arfgap1,plex_2,,,,,,,,,,,0.4,,,,,0.42,0.47,0.85
Arfgap1,plex_2,,,,,,,,,,,0.4,,,,,0.42,0.47,0.85
Clns1a,plex_2,,,,,,,,,,1.02,0.4,0.86,0.42,0.66,0.44,0.29,0.71,1.0
Clns1a,plex_2,,,,,,,,,,1.02,0.4,0.86,0.42,0.66,0.44,0.29,0.71,1.0
Dicer1,plex_2,,,,,,,,,,,,,,,,,,
Igkv4-86,plex_2,,,,,,,,,,1.23,0.99,1.2,0.86,0.7,0.74,1.07,1.04,1.13
,plex_2,,,,,,,,,,1.23,0.99,1.2,0.86,0.7,0.74,1.07,1.04,1.13
Igkv4-86,plex_2,,,,,,,,,,1.23,0.99,1.2,0.86,0.7,0.74,1.07,1.04,1.13
,plex_2,,,,,,,,,,1.23,0.99,1.2,0.86,0.7,0.74,1.07,1.04,1.13
,plex_2,,,,,,,,,,1.23,0.99,1.2,0.86,0.7,0.74,1.07,1.04,1.13
,plex_2,,,,,,,,,,1.23,0.99,1.2,0.86,0.7,0.74,1.07,1.04,1.13
Pin4,plex_2,,,,,,,,,,,,,,,,,,
Lzic,plex_2,,,,,,,,,,,,,,,,,,
Cnpy3,plex_2,,,,,,,,,,1.2,1.17,1.23,1.12,0.91,0.83,1.24,1.15,1.36
Sec31b,plex_2,,,,,,,,,,,,,,,,,,
Plpp1,plex_2,,,,,,,,,,1.01,1.04,0.84,0.82,0.79,0.89,1.04,0.84,1.43
,plex_2,,,,,,,,,,1.01,1.04,0.84,0.82,0.79,0.89,1.04,0.84,1.43
Plpp1,plex_2,,,,,,,,,,1.01,1.04,0.84,0.82,0.79,0.89,1.04,0.84,1.43
Gas2,plex_2,,,,,,,,,,0.61,0.63,0.23,0.5,0.3,0.26,0.56,0.26,0.73
Gas2,plex_2,,,,,,,,,,0.61,0.63,0.23,0.5,0.3,0.26,0.56,0.26,0.73
Coa3,plex_2,,,,,,,,,,1.02,1.01,0.7,0.99,0.89,0.94,0.81,0.79,0.98
Aup1,plex_2,,,,,,,,,,0.44,0.36,0.72,0.4,0.43,0.74,0.45,0.44,1.23
Aup1,plex_2,,,,,,,,,,0.44,0.36,0.72,0.4,0.43,0.74,0.45,0.44,1.23
Aup1,plex_2,,,,,,,,,,0.44,0.36,0.72,0.4,0.43,0.74,0.45,0.44,1.23
Aup1,plex_2,,,,,,,,,,0.44,0.36,0.72,0.4,0.43,0.74,0.45,0.44,1.23
Gnpat,plex_2,,,,,,,,,,1.41,1.04,,,,,,,1.4
Gnpat,plex_2,,,,,,,,,,1.41,1.04,,,,,,,1.4
Gnpat,plex_2,,,,,,,,,,1.41,1.04,,,,,,,1.4
Gnpat,plex_2,,,,,,,,,,1.41,1.04,,,,,,,1.4
Supt4h1a,plex_2,,,,,,,,,,0.65,0.66,0.64,0.7,0.42,0.51,0.65,0.65,0.84
Supt4h1b,plex_2,,,,,,,,,,0.65,0.66,0.64,0.7,0.42,0.51,0.65,0.65,0.84
Cfhr2,plex_2,,,,,,,,,,0.95,0.95,0.85,0.86,0.8,0.89,0.94,0.93,0.97
Palmd,plex_2,,,,,,,,,,1.36,1.0,1.1,0.87,1.01,1.42,0.96,1.16,1.29
Palmd,plex_2,,,,,,,,,,1.36,1.0,1.1,0.87,1.01,1.42,0.96,1.16,1.29
Palmd,plex_2,,,,,,,,,,1.36,1.0,1.1,0.87,1.01,1.42,0.96,1.16,1.29
Dnajc7,plex_2,,,,,,,,,,0.8,0.32,0.76,0.49,0.42,0.68,0.46,0.98,0.85
Son,plex_2,,,,,,,,,,,,,,,,,,
Son,plex_2,,,,,,,,,,,,,,,,,,
Son,plex_2,,,,,,,,,,,,,,,,,,
Son,plex_2,,,,,,,,,,,,,,,,,,
Shroom2,plex_2,,,,,,,,,,1.14,1.34,0.92,1.13,1.14,1.23,1.03,0.97,1.39
Shroom2,plex_2,,,,,,,,,,1.14,1.34,0.92,1.13,1.14,1.23,1.03,0.97,1.39
Tarsl2,plex_2,,,,,,,,,,0.95,0.94,1.04,0.72,0.54,0.66,0.97,0.99,1.1
Dmd,plex_2,,,,,,,,,,,,,,,,,,
Dmd,plex_2,,,,,,,,,,,,,,,,,,
Lifr,plex_2,,,,,,,,,,1.79,0.44,0.9,1.07,0.47,0.92,1.06,0.42,0.85
Hmgcs1,plex_2,,,,,,,,,,,,,,,,,,
B4galnt1,plex_2,,,,,,,,,,0.97,0.81,0.99,0.56,0.8,0.89,0.72,0.51,0.75
Sfn,plex_2,,,,,,,,,,,,,,,,,,
Sfn,plex_2,,,,,,,,,,,,,,,,,,
Ndk3,plex_2,,,,,,,,,,1.13,1.02,0.9,1.31,0.4,0.99,0.92,1.12,1.0
Fndc3a,plex_2,,,,,,,,,,0.84,0.78,0.7,0.71,0.63,0.57,0.58,0.65,0.88
Acly,plex_2,,,,,,,,,,2.0,1.96,0.79,1.12,0.89,1.93,0.78,0.59,1.16
Mrpl17,plex_2,,,,,,,,,,0.92,0.92,0.84,0.49,0.87,0.8,1.04,0.73,1.03
Ddx3y,plex_2,,,,,,,,,,,,,,,,,,
Lrrfip1,plex_2,,,,,,,,,,1.06,1.15,1.04,0.64,0.63,0.78,0.86,0.87,1.13
Mcat,plex_2,,,,,,,,,,0.96,1.51,1.56,1.61,1.38,1.07,1.27,1.07,2.13
Cstf2,plex_2,,,,,,,,,,1.4,1.05,0.85,1.22,0.7,1.28,1.07,0.72,1.04
Cstf2,plex_2,,,,,,,,,,1.4,1.05,0.85,1.22,0.7,1.28,1.07,0.72,1.04
Mepce,plex_2,,,,,,,,,,0.94,1.05,0.58,0.71,0.73,1.17,0.84,0.81,0.9
Gar1,plex_2,,,,,,,,,,3.03,2.0,2.95,1.28,2.83,2.08,2.02,1.12,2.04
Gar1,plex_2,,,,,,,,,,3.03,2.0,2.95,1.28,2.83,2.08,2.02,1.12,2.04
Gar1,plex_2,,,,,,,,,,3.03,2.0,2.95,1.28,2.83,2.08,2.02,1.12,2.04
Gar1,plex_2,,,,,,,,,,3.03,2.0,2.95,1.28,2.83,2.08,2.02,1.12,2.04
Gar1,plex_2,,,,,,,,,,3.03,2.0,2.95,1.28,2.83,2.08,2.02,1.12,2.04
Ppara,plex_2,,,,,,,,,,0.52,0.71,0.9,0.61,0.47,0.58,0.74,0.91,0.79
Fadd,plex_2,,,,,,,,,,0.35,1.72,0.45,0.87,0.99,0.46,1.22,1.2,0.98
Tpk1,plex_2,,,,,,,,,,0.99,1.17,0.8,0.99,0.69,1.1,0.97,0.94,1.15
Acot9,plex_2,,,,,,,,,,0.78,0.9,0.63,0.77,0.63,0.65,0.84,0.83,1.15
Rps29,plex_2,,,,,,,,,,1.0,1.05,0.81,0.79,0.78,0.82,0.95,0.97,1.0
Itgb6,plex_2,,,,,,,,,,,,,,,,,,
Itgb6,plex_2,,,,,,,,,,,,,,,,,,
Itgb6,plex_2,,,,,,,,,,,,,,,,,,
Srsf11,plex_2,,,,,,,,,,1.27,1.19,1.06,0.73,0.67,0.98,0.84,1.06,1.16
Srsf11,plex_2,,,,,,,,,,1.27,1.19,1.06,0.73,0.67,0.98,0.84,1.06,1.16
Srsf11,plex_2,,,,,,,,,,1.27,1.19,1.06,0.73,0.67,0.98,0.84,1.06,1.16
Srsf11,plex_2,,,,,,,,,,1.27,1.19,1.06,0.73,0.67,0.98,0.84,1.06,1.16
Srsf11,plex_2,,,,,,,,,,1.27,1.19,1.06,0.73,0.67,0.98,0.84,1.06,1.16
Srsf11,plex_2,,,,,,,,,,1.27,1.19,1.06,0.73,0.67,0.98,0.84,1.06,1.16
Srsf11,plex_2,,,,,,,,,,1.27,1.19,1.06,0.73,0.67,0.98,0.84,1.06,1.16
Srsf11,plex_2,,,,,,,,,,1.27,1.19,1.06,0.73,0.67,0.98,0.84,1.06,1.16
Srsf11,plex_2,,,,,,,,,,1.27,1.19,1.06,0.73,0.67,0.98,0.84,1.06,1.16
Tmlhe,plex_2,,,,,,,,,,0.85,0.8,0.9,0.68,0.65,0.77,0.65,0.85,1.19
Plod3,plex_2,,,,,,,,,,0.89,1.33,1.94,1.89,0.93,1.17,1.79,0.99,1.87
Poglut1,plex_2,,,,,,,,,,1.02,0.67,1.12,0.56,1.21,0.58,1.67,1.78,1.36
Poglut1,plex_2,,,,,,,,,,1.02,0.67,1.12,0.56,1.21,0.58,1.67,1.78,1.36
Map1s,plex_2,,,,,,,,,,1.57,1.32,0.91,1.82,0.75,2.05,1.22,0.8,0.58
Ganc,plex_2,,,,,,,,,,0.96,1.34,0.95,0.96,1.15,1.19,1.05,0.92,1.22
Ganc,plex_2,,,,,,,,,,0.96,1.34,0.95,0.96,1.15,1.19,1.05,0.92,1.22
Eif2b5,plex_2,,,,,,,,,,0.85,0.88,0.93,0.73,0.79,0.67,0.91,0.75,1.08
Jak2,plex_2,,,,,,,,,,0.76,0.86,0.68,0.7,0.7,0.73,0.74,0.57,1.13
Jak2,plex_2,,,,,,,,,,0.76,0.86,0.68,0.7,0.7,0.73,0.74,0.57,1.13
Cd302,plex_2,,,,,,,,,,1.15,1.17,1.7,1.57,0.93,2.08,1.73,1.0,1.25
Prrc2c,plex_2,,,,,,,,,,0.89,0.89,0.85,0.82,0.94,0.98,0.99,0.79,1.03
Prrc2c,plex_2,,,,,,,,,,0.89,0.89,0.85,0.82,0.94,0.98,0.99,0.79,1.03
Abcb6,plex_2,,,,,,,,,,1.58,1.05,1.51,1.5,1.74,1.43,1.5,1.86,3.94
Ppwd1,plex_2,,,,,,,,,,0.63,0.47,0.67,,,,1.13,0.55,0.73
Acot6,plex_2,,,,,,,,,,,,,,0.84,,,,1.4
Acot6,plex_2,,,,,,,,,,,,,,0.84,,,,1.4
Ccdc53,plex_2,,,,,,,,,,0.73,0.87,0.64,0.76,0.69,0.78,0.65,0.64,0.83
Ccdc53,plex_2,,,,,,,,,,0.73,0.87,0.64,0.76,0.69,0.78,0.65,0.64,0.83
Ccdc53,plex_2,,,,,,,,,,0.73,0.87,0.64,0.76,0.69,0.78,0.65,0.64,0.83
Ccdc53,plex_2,,,,,,,,,,0.73,0.87,0.64,0.76,0.69,0.78,0.65,0.64,0.83
Ccdc53,plex_2,,,,,,,,,,0.73,0.87,0.64,0.76,0.69,0.78,0.65,0.64,0.83
,plex_2,,,,,,,,,,,,,,,,,,
Rae1,plex_2,,,,,,,,,,,,,,,,,,
Larp4b,plex_2,,,,,,,,,,1.16,1.3,0.82,1.2,0.87,0.85,0.99,1.03,1.16
Larp4b,plex_2,,,,,,,,,,1.16,1.3,0.82,1.2,0.87,0.85,0.99,1.03,1.16
Larp4b,plex_2,,,,,,,,,,1.16,1.3,0.82,1.2,0.87,0.85,0.99,1.03,1.16
Nmrk1,plex_2,,,,,,,,,,,,,,,,,,
Lamb2,plex_2,,,,,,,,,,0.99,1.06,0.78,1.08,0.72,0.76,1.15,0.67,1.02
Mrpl16,plex_2,,,,,,,,,,1.01,1.2,0.91,0.83,0.61,0.74,0.74,0.91,1.06
COX1,plex_2,,,,,,,,,,0.95,0.88,0.71,0.99,0.9,0.73,0.76,0.32,0.89
Arhgef1,plex_2,,,,,,,,,,0.96,1.0,0.93,0.74,0.99,1.11,0.91,1.03,1.32
Smc3,plex_2,,,,,,,,,,1.0,0.97,0.92,0.88,0.86,0.84,0.92,0.9,0.98
Nbas,plex_2,,,,,,,,,,1.25,1.4,1.26,1.03,1.11,1.34,1.41,1.33,1.45
Hdac6,plex_2,,,,,,,,,,0.93,1.09,0.85,0.8,0.87,0.87,0.71,0.73,0.96
Hdac6,plex_2,,,,,,,,,,0.93,1.09,0.85,0.8,0.87,0.87,0.71,0.73,0.96
Hdac6,plex_2,,,,,,,,,,0.93,1.09,0.85,0.8,0.87,0.87,0.71,0.73,0.96
Hdac6,plex_2,,,,,,,,,,0.93,1.09,0.85,0.8,0.87,0.87,0.71,0.73,0.96
Hdac6,plex_2,,,,,,,,,,0.93,1.09,0.85,0.8,0.87,0.87,0.71,0.73,0.96
Skiv2l2,plex_2,,,,,,,,,,0.48,0.77,0.35,,0.31,0.92,0.44,0.92,0.47
Skiv2l2,plex_2,,,,,,,,,,0.48,0.77,0.35,,0.31,0.92,0.44,0.92,0.47
Rnase4,plex_2,,,,,,,,,,0.92,0.87,1.05,0.71,0.73,0.79,1.04,0.82,1.01
Hook3,plex_2,,,,,,,,,,0.83,0.97,0.86,0.63,0.78,0.61,0.82,0.91,0.83
Golga5,plex_2,,,,,,,,,,0.83,0.98,0.32,0.99,0.73,0.89,0.89,0.94,0.99
Mink1,plex_2,,,,,,,,,,0.94,0.98,0.65,0.97,0.55,0.68,0.84,0.69,1.23
Mink1,plex_2,,,,,,,,,,0.94,0.98,0.65,0.97,0.55,0.68,0.84,0.69,1.23
Mink1,plex_2,,,,,,,,,,0.94,0.98,0.65,0.97,0.55,0.68,0.84,0.69,1.23
Dnm3,plex_2,,,,,,,,,,0.62,0.73,0.71,0.85,0.49,0.69,0.89,0.52,0.84
Slc22a30,plex_2,,,,,,,,,,0.9,0.61,0.8,0.73,0.37,0.85,0.66,0.7,0.83
Slc22a28,plex_2,,,,,,,,,,0.9,0.61,0.8,0.73,0.37,0.85,0.66,0.7,0.83
Slc22a28,plex_2,,,,,,,,,,0.9,0.61,0.8,0.73,0.37,0.85,0.66,0.7,0.83
Timm10,plex_2,,,,,,,,,,1.15,0.77,0.83,0.94,0.77,1.08,0.96,0.58,0.82
Hivep1,plex_2,,,,,,,,,,0.91,1.07,0.91,0.86,0.73,0.8,0.81,0.79,1.12
Hivep1,plex_2,,,,,,,,,,0.91,1.07,0.91,0.86,0.73,0.8,0.81,0.79,1.12
Fam160a2,plex_2,,,,,,,,,,0.69,0.45,0.73,0.42,0.68,0.62,0.71,1.01,0.35
Fam160a2,plex_2,,,,,,,,,,0.69,0.45,0.73,0.42,0.68,0.62,0.71,1.01,0.35
Fam160a2,plex_2,,,,,,,,,,0.69,0.45,0.73,0.42,0.68,0.62,0.71,1.01,0.35
Rasa1,plex_2,,,,,,,,,,1.43,1.02,1.17,0.76,1.43,1.11,1.0,1.07,2.01
Rasa1,plex_2,,,,,,,,,,1.43,1.02,1.17,0.76,1.43,1.11,1.0,1.07,2.01
Rasa1,plex_2,,,,,,,,,,1.43,1.02,1.17,0.76,1.43,1.11,1.0,1.07,2.01
Tma7,plex_2,,,,,,,,,,0.96,0.94,0.56,0.59,0.71,0.62,0.79,0.85,0.83
Pfkm,plex_2,,,,,,,,,,2.73,0.83,2.46,2.4,1.18,1.94,1.92,1.98,1.11
Pfkm,plex_2,,,,,,,,,,2.73,0.83,2.46,2.4,1.18,1.94,1.92,1.98,1.11
Pfkm,plex_2,,,,,,,,,,2.73,0.83,2.46,2.4,1.18,1.94,1.92,1.98,1.11
Man1b1,plex_2,,,,,,,,,,0.78,1.17,0.83,0.73,0.84,0.77,1.15,0.89,1.21
Man1b1,plex_2,,,,,,,,,,0.78,1.17,0.83,0.73,0.84,0.77,1.15,0.89,1.21
Polr2a,plex_2,,,,,,,,,,1.04,0.79,0.74,0.66,0.64,0.93,0.76,0.71,0.89
Polr2a,plex_2,,,,,,,,,,1.04,0.79,0.74,0.66,0.64,0.93,0.76,0.71,0.89
Polr2a,plex_2,,,,,,,,,,1.04,0.79,0.74,0.66,0.64,0.93,0.76,0.71,0.89
Rtn4,plex_2,,,,,,,,,,0.61,0.81,0.75,0.82,1.77,1.02,1.15,0.71,0.94
Mdp1,plex_2,,,,,,,,,,1.48,,1.09,0.57,1.11,1.27,2.97,1.07,1.06
Nifk,plex_2,,,,,,,,,,0.61,1.01,0.97,0.58,0.68,0.5,0.96,0.93,0.73
Nifk,plex_2,,,,,,,,,,0.61,1.01,0.97,0.58,0.68,0.5,0.96,0.93,0.73
Hypk,plex_2,,,,,,,,,,1.15,1.35,0.97,1.5,,1.01,1.17,1.57,2.09
Hypk,plex_2,,,,,,,,,,1.15,1.35,0.97,1.5,,1.01,1.17,1.57,2.09
Igf2r,plex_2,,,,,,,,,,0.91,0.54,0.68,0.83,0.71,1.15,0.93,0.88,1.0
Igf2r,plex_2,,,,,,,,,,0.91,0.54,0.68,0.83,0.71,1.15,0.93,0.88,1.0
Igf2r,plex_2,,,,,,,,,,0.91,0.54,0.68,0.83,0.71,1.15,0.93,0.88,1.0
Slc20a2,plex_2,,,,,,,,,,,,,,,,,,
Nudt9,plex_2,,,,,,,,,,1.26,1.77,1.47,2.47,1.58,2.68,1.4,1.37,1.03
Nudt9,plex_2,,,,,,,,,,1.26,1.77,1.47,2.47,1.58,2.68,1.4,1.37,1.03
Nudt9,plex_2,,,,,,,,,,1.26,1.77,1.47,2.47,1.58,2.68,1.4,1.37,1.03
Pdss2,plex_2,,,,,,,,,,1.06,2.41,,1.56,,1.71,1.55,,0.88
Vps53,plex_2,,,,,,,,,,1.18,1.14,0.71,1.09,0.6,0.91,0.97,0.78,0.79
Vps53,plex_2,,,,,,,,,,1.18,1.14,0.71,1.09,0.6,0.91,0.97,0.78,0.79
Vps53,plex_2,,,,,,,,,,1.18,1.14,0.71,1.09,0.6,0.91,0.97,0.78,0.79
Vps53,plex_2,,,,,,,,,,1.18,1.14,0.71,1.09,0.6,0.91,0.97,0.78,0.79
Vps53,plex_2,,,,,,,,,,1.18,1.14,0.71,1.09,0.6,0.91,0.97,0.78,0.79
Vps53,plex_2,,,,,,,,,,1.18,1.14,0.71,1.09,0.6,0.91,0.97,0.78,0.79
Ubap1,plex_2,,,,,,,,,,0.33,0.65,0.36,0.33,0.36,0.44,0.29,0.52,0.36
Ubap1,plex_2,,,,,,,,,,0.33,0.65,0.36,0.33,0.36,0.44,0.29,0.52,0.36
Ubap1,plex_2,,,,,,,,,,0.33,0.65,0.36,0.33,0.36,0.44,0.29,0.52,0.36
Tbc1d8b,plex_2,,,,,,,,,,0.7,0.73,1.27,0.59,0.67,0.27,1.47,1.61,1.18
Tbc1d8b,plex_2,,,,,,,,,,0.7,0.73,1.27,0.59,0.67,0.27,1.47,1.61,1.18
Ccdc93,plex_2,,,,,,,,,,0.91,0.89,0.78,0.7,0.58,1.24,0.6,0.77,0.98
Wdr91,plex_2,,,,,,,,,,1.48,,1.28,,1.06,,1.6,1.25,1.85
Wdr91,plex_2,,,,,,,,,,1.48,,1.28,,1.06,,1.6,1.25,1.85
Arhgef7,plex_2,,,,,,,,,,1.04,0.89,1.25,0.74,0.99,0.9,1.13,1.08,0.84
Arhgef7,plex_2,,,,,,,,,,1.04,0.89,1.25,0.74,0.99,0.9,1.13,1.08,0.84
Pja1,plex_2,,,,,,,,,,0.95,0.81,0.76,0.83,0.71,1.01,0.61,0.76,0.85
Pja1,plex_2,,,,,,,,,,0.95,0.81,0.76,0.83,0.71,1.01,0.61,0.76,0.85
Golph3,plex_2,,,,,,,,,,0.9,1.05,0.94,0.94,0.93,1.12,0.93,0.83,0.83
Ltbr,plex_2,,,,,,,,,,,0.63,0.6,0.78,0.46,0.89,0.55,,0.68
Smarca2,plex_2,,,,,,,,,,,,,1.23,1.41,0.96,,1.25,1.16
Cdh5,plex_2,,,,,,,,,,0.74,0.89,0.7,0.82,0.66,0.96,0.82,0.95,0.96
Dnah7c,plex_2,,,,,,,,,,0.84,0.9,1.07,0.94,0.87,1.05,0.91,0.89,1.07
Paip1,plex_2,,,,,,,,,,1.17,0.86,1.17,0.92,0.78,1.2,0.83,1.15,1.34
Ero1b,plex_2,,,,,,,,,,1.08,1.4,1.3,0.92,1.0,0.83,1.4,0.9,1.42
Optn,plex_2,,,,,,,,,,1.01,0.83,0.81,0.99,0.88,1.64,1.11,0.81,0.91
Eef1e1,plex_2,,,,,,,,,,0.78,1.29,2.18,1.42,1.18,1.07,0.85,2.2,1.16
Eva1a,plex_2,,,,,,,,,,1.3,1.61,0.89,0.88,0.91,0.85,0.9,1.04,0.96
Eva1a,plex_2,,,,,,,,,,1.3,1.61,0.89,0.88,0.91,0.85,0.9,1.04,0.96
Derl2,plex_2,,,,,,,,,,0.51,1.28,0.71,0.66,0.51,1.06,0.91,1.18,1.13
Derl2,plex_2,,,,,,,,,,0.51,1.28,0.71,0.66,0.51,1.06,0.91,1.18,1.13
,plex_2,,,,,,,,,,0.59,1.16,0.87,1.13,0.72,1.3,0.56,0.95,1.08
Fam134c,plex_2,,,,,,,,,,,1.15,1.05,0.98,1.13,,1.02,1.25,1.28
Fam134c,plex_2,,,,,,,,,,,1.15,1.05,0.98,1.13,,1.02,1.25,1.28
Pabpc1l,plex_2,,,,,,,,,,0.77,1.31,0.88,0.62,,,0.57,0.74,0.64
Pabpc1l,plex_2,,,,,,,,,,0.77,1.31,0.88,0.62,,,0.57,0.74,0.64
Tfrc,plex_2,,,,,,,,,,1.18,1.79,1.19,0.61,0.86,1.2,0.96,0.9,1.13
Grid2,plex_2,,,,,,,,,,0.9,0.73,0.85,0.73,0.58,0.85,0.92,1.07,1.06
Zfand6,plex_2,,,,,,,,,,1.94,0.69,1.93,1.23,0.69,2.01,0.84,1.39,1.89
Zfand6,plex_2,,,,,,,,,,1.94,0.69,1.93,1.23,0.69,2.01,0.84,1.39,1.89
Zfand6,plex_2,,,,,,,,,,1.94,0.69,1.93,1.23,0.69,2.01,0.84,1.39,1.89
Zfand6,plex_2,,,,,,,,,,1.94,0.69,1.93,1.23,0.69,2.01,0.84,1.39,1.89
Srsf10,plex_2,,,,,,,,,,0.51,0.65,0.7,0.76,0.63,0.45,0.63,0.58,0.75
Srsf10,plex_2,,,,,,,,,,0.51,0.65,0.7,0.76,0.63,0.45,0.63,0.58,0.75
Srsf10,plex_2,,,,,,,,,,0.51,0.65,0.7,0.76,0.63,0.45,0.63,0.58,0.75
Srsf10,plex_2,,,,,,,,,,0.51,0.65,0.7,0.76,0.63,0.45,0.63,0.58,0.75
Srsf10,plex_2,,,,,,,,,,0.51,0.65,0.7,0.76,0.63,0.45,0.63,0.58,0.75
Srsf10,plex_2,,,,,,,,,,0.51,0.65,0.7,0.76,0.63,0.45,0.63,0.58,0.75
Srsf10,plex_2,,,,,,,,,,0.51,0.65,0.7,0.76,0.63,0.45,0.63,0.58,0.75
Nckap1,plex_2,,,,,,,,,,1.09,0.98,0.68,0.86,0.75,0.98,0.74,0.69,1.2
Nckap1,plex_2,,,,,,,,,,1.09,0.98,0.68,0.86,0.75,0.98,0.74,0.69,1.2
Pfdn2,plex_2,,,,,,,,,,1.26,1.03,1.02,1.05,0.66,0.81,1.04,0.93,2.24
Arnt2,plex_2,,,,,,,,,,,,,,,,,,
Arnt2,plex_2,,,,,,,,,,,,,,,,,,
Hbb-y,plex_2,,,,,,,,,,1.82,0.9,0.49,1.39,0.65,1.7,0.95,0.72,0.95
Chmp2a,plex_2,,,,,,,,,,0.92,0.84,1.2,0.93,0.87,0.89,1.24,1.05,1.32
Ttn,plex_2,,,,,,,,,,0.93,1.1,0.88,0.83,0.83,0.89,1.04,0.86,1.22
Akap2,plex_2,,,,,,,,,,1.12,1.27,1.08,1.03,0.76,1.33,1.38,1.0,1.36
Proc,plex_2,,,,,,,,,,1.08,0.72,0.62,0.75,1.14,0.86,0.69,0.99,1.27
Serpind1,plex_2,,,,,,,,,,0.99,1.02,0.61,0.88,0.74,1.11,0.83,0.79,1.15
Serpind1,plex_2,,,,,,,,,,0.99,1.02,0.61,0.88,0.74,1.11,0.83,0.79,1.15
Eepd1,plex_2,,,,,,,,,,0.54,0.46,0.39,0.53,0.54,0.85,1.14,1.04,2.03
Prkca,plex_2,,,,,,,,,,1.13,0.64,0.53,0.61,0.81,0.92,0.83,0.46,0.51
Acap2,plex_2,,,,,,,,,,1.28,1.52,1.71,1.22,1.64,1.36,1.21,1.75,2.27
Acap2,plex_2,,,,,,,,,,1.28,1.52,1.71,1.22,1.64,1.36,1.21,1.75,2.27
Vamp8,plex_2,,,,,,,,,,0.37,0.5,0.43,0.31,0.39,0.79,0.83,0.43,0.6
Vamp8,plex_2,,,,,,,,,,0.37,0.5,0.43,0.31,0.39,0.79,0.83,0.43,0.6
Tnpo3,plex_2,,,,,,,,,,1.59,1.57,2.15,0.82,2.25,1.74,1.29,2.01,3.6
Tnpo3,plex_2,,,,,,,,,,1.59,1.57,2.15,0.82,2.25,1.74,1.29,2.01,3.6
Ddx42,plex_2,,,,,,,,,,1.17,1.19,3.13,1.02,3.17,1.02,0.99,1.02,1.93
Apeh,plex_2,,,,,,,,,,0.92,0.66,0.74,0.71,0.77,0.35,0.99,0.4,0.71
Slc43a1,plex_2,,,,,,,,,,1.19,1.41,0.85,0.95,0.73,0.88,1.04,0.86,1.15
Slc43a1,plex_2,,,,,,,,,,1.19,1.41,0.85,0.95,0.73,0.88,1.04,0.86,1.15
Cfp,plex_2,,,,,,,,,,1.33,1.01,1.1,1.16,0.85,0.96,1.04,0.95,0.93
Ppp1r21,plex_2,,,,,,,,,,2.95,3.11,3.69,1.54,2.67,3.62,1.61,1.46,1.66
Slc17a2,plex_2,,,,,,,,,,0.85,0.23,0.26,0.41,0.3,0.82,0.83,0.82,0.88
Slc17a2,plex_2,,,,,,,,,,0.85,0.23,0.26,0.41,0.3,0.82,0.83,0.82,0.88
Ank3,plex_2,,,,,,,,,,1.03,2.04,1.44,0.93,1.03,1.68,1.72,1.01,1.19
,plex_2,,,,,,,,,,0.15,0.57,0.23,1.7,0.92,1.0,1.36,1.29,1.24
,plex_2,,,,,,,,,,0.15,0.57,0.23,1.7,0.92,1.0,1.36,1.29,1.24
,plex_2,,,,,,,,,,0.15,0.57,0.23,1.7,0.92,1.0,1.36,1.29,1.24
,plex_2,,,,,,,,,,0.15,0.57,0.23,1.7,0.92,1.0,1.36,1.29,1.24
,plex_2,,,,,,,,,,0.15,0.57,0.23,1.7,0.92,1.0,1.36,1.29,1.24
Ighv1-42,plex_2,,,,,,,,,,0.15,0.57,0.23,1.7,0.92,1.0,1.36,1.29,1.24
Ighv1-31,plex_2,,,,,,,,,,0.15,0.57,0.23,1.7,0.92,1.0,1.36,1.29,1.24
,plex_2,,,,,,,,,,0.15,0.57,0.23,1.7,0.92,1.0,1.36,1.29,1.24
Swi5,plex_2,,,,,,,,,,,,,,,,,,
Swi5,plex_2,,,,,,,,,,,,,,,,,,
Kiaa0391,plex_2,,,,,,,,,,0.88,0.84,0.68,0.72,0.64,0.78,0.83,0.78,0.84
Chmp5,plex_2,,,,,,,,,,1.24,0.99,0.94,0.98,0.83,0.95,0.88,0.85,1.34
Ppp4r1,plex_2,,,,,,,,,,1.27,1.04,0.97,0.79,0.84,0.82,1.17,0.87,0.97
Ppp4r1,plex_2,,,,,,,,,,1.27,1.04,0.97,0.79,0.84,0.82,1.17,0.87,0.97
Ppp4r1,plex_2,,,,,,,,,,1.27,1.04,0.97,0.79,0.84,0.82,1.17,0.87,0.97
Slc27a4,plex_2,,,,,,,,,,0.92,0.88,0.87,0.68,0.86,0.7,0.95,0.88,1.06
Slc27a4,plex_2,,,,,,,,,,0.92,0.88,0.87,0.68,0.86,0.7,0.95,0.88,1.06
Gcn1l1,plex_2,,,,,,,,,,0.96,0.91,0.82,0.83,0.97,0.86,0.92,0.86,0.9
Pmvk,plex_2,,,,,,,,,,0.87,1.42,0.64,0.76,0.85,1.2,0.96,0.64,0.97
Pmvk,plex_2,,,,,,,,,,0.87,1.42,0.64,0.76,0.85,1.2,0.96,0.64,0.97
Pmvk,plex_2,,,,,,,,,,0.87,1.42,0.64,0.76,0.85,1.2,0.96,0.64,0.97
Mfap4,plex_2,,,,,,,,,,,,,,,,,,
Mfap4,plex_2,,,,,,,,,,,,,,,,,,
Eno3,plex_2,,,,,,,,,,0.7,0.64,0.21,1.52,0.78,0.79,0.54,0.55,1.37
Ahnak,plex_2,,,,,,,,,,2.3,1.46,1.1,1.78,0.92,1.37,1.42,1.32,1.34
Lss,plex_2,,,,,,,,,,1.63,1.33,1.19,0.79,1.72,1.35,1.47,1.54,1.78
Arl6ip1,plex_2,,,,,,,,,,1.05,1.13,0.88,0.8,0.83,0.88,0.84,1.11,1.13
Arl6ip1,plex_2,,,,,,,,,,1.05,1.13,0.88,0.8,0.83,0.88,0.84,1.11,1.13
Arl6ip1,plex_2,,,,,,,,,,1.05,1.13,0.88,0.8,0.83,0.88,0.84,1.11,1.13
Arl6ip1,plex_2,,,,,,,,,,1.05,1.13,0.88,0.8,0.83,0.88,0.84,1.11,1.13
Arl6ip1,plex_2,,,,,,,,,,1.05,1.13,0.88,0.8,0.83,0.88,0.84,1.11,1.13
Arl6ip1,plex_2,,,,,,,,,,1.05,1.13,0.88,0.8,0.83,0.88,0.84,1.11,1.13
Arl6ip1,plex_2,,,,,,,,,,1.05,1.13,0.88,0.8,0.83,0.88,0.84,1.11,1.13
Arl6ip1,plex_2,,,,,,,,,,1.05,1.13,0.88,0.8,0.83,0.88,0.84,1.11,1.13
Dhrs3,plex_2,,,,,,,,,,0.8,0.98,0.97,0.65,0.7,0.86,0.93,0.97,0.82
Dhrs3,plex_2,,,,,,,,,,0.8,0.98,0.97,0.65,0.7,0.86,0.93,0.97,0.82
Zc3h14,plex_2,,,,,,,,,,0.93,0.96,0.71,0.9,0.79,1.02,1.01,0.86,1.05
Fubp3,plex_2,,,,,,,,,,0.64,1.06,0.47,0.85,0.8,0.85,0.59,0.47,1.46
Fubp3,plex_2,,,,,,,,,,0.64,1.06,0.47,0.85,0.8,0.85,0.59,0.47,1.46
Bsdc1,plex_2,,,,,,,,,,1.02,1.51,1.14,1.04,0.8,0.72,0.94,0.8,0.95
Gatad2b,plex_2,,,,,,,,,,1.27,1.0,1.04,0.84,1.08,1.69,0.93,1.06,1.02
Gatad2b,plex_2,,,,,,,,,,1.27,1.0,1.04,0.84,1.08,1.69,0.93,1.06,1.02
Gatad2b,plex_2,,,,,,,,,,1.27,1.0,1.04,0.84,1.08,1.69,0.93,1.06,1.02
Ptpn23,plex_2,,,,,,,,,,1.21,0.92,0.59,0.94,0.67,0.68,1.51,1.16,1.06
Ptpn23,plex_2,,,,,,,,,,1.21,0.92,0.59,0.94,0.67,0.68,1.51,1.16,1.06
Eif2b2,plex_2,,,,,,,,,,1.21,1.27,0.89,0.87,0.82,0.78,1.28,1.29,1.33
Eif2b2,plex_2,,,,,,,,,,1.21,1.27,0.89,0.87,0.82,0.78,1.28,1.29,1.33
Ces1b,plex_2,,,,,,,,,,1.18,1.31,1.04,1.25,0.85,0.65,0.85,1.09,1.19
Itpr1,plex_2,,,,,,,,,,1.03,1.0,2.34,0.73,4.3,2.2,0.92,1.23,2.01
Itpr1,plex_2,,,,,,,,,,1.03,1.0,2.34,0.73,4.3,2.2,0.92,1.23,2.01
Itpr1,plex_2,,,,,,,,,,1.03,1.0,2.34,0.73,4.3,2.2,0.92,1.23,2.01
Itpr1,plex_2,,,,,,,,,,1.03,1.0,2.34,0.73,4.3,2.2,0.92,1.23,2.01
Adnp,plex_2,,,,,,,,,,0.63,0.75,1.16,,,0.96,0.55,0.58,
Tmpo,plex_2,,,,,,,,,,,,,,,,,,
Ccdc12,plex_2,,,,,,,,,,0.79,0.98,0.72,0.29,0.23,0.77,0.71,0.93,0.35
Nup133,plex_2,,,,,,,,,,0.83,0.87,0.86,0.99,0.74,0.86,0.87,0.78,0.84
Nup133,plex_2,,,,,,,,,,0.83,0.87,0.86,0.99,0.74,0.86,0.87,0.78,0.84
Bid,plex_2,,,,,,,,,,,,,,,,,,
2900026A02Rik,plex_2,,,,,,,,,,2.2,1.97,3.63,0.94,3.51,3.03,2.5,3.41,5.92
Dhodh,plex_2,,,,,,,,,,1.11,0.92,0.7,0.68,0.75,0.76,1.05,1.24,1.38
Dhodh,plex_2,,,,,,,,,,1.11,0.92,0.7,0.68,0.75,0.76,1.05,1.24,1.38
Cstf3,plex_2,,,,,,,,,,1.22,1.0,1.17,1.09,0.88,0.75,1.27,2.28,1.25
Dnah14,plex_2,,,,,,,,,,1.15,0.98,0.95,0.94,0.69,0.9,0.9,0.9,1.31
Elovl5,plex_2,,,,,,,,,,0.89,1.1,0.63,0.74,0.84,0.77,0.98,0.84,0.76
Mrps26,plex_2,,,,,,,,,,,,,,,,,,
Mrpl47,plex_2,,,,,,,,,,1.1,1.81,0.86,1.34,0.99,1.49,1.23,1.17,1.9
Ldhb,plex_2,,,,,,,,,,0.81,0.71,0.59,1.43,0.61,0.79,0.86,0.59,0.93
Trp53rkb,plex_2,,,,,,,,,,2.06,1.0,1.71,,1.41,1.48,1.29,1.04,1.88
,plex_2,,,,,,,,,,2.06,1.0,1.71,,1.41,1.48,1.29,1.04,1.88
Yme1l1,plex_2,,,,,,,,,,0.92,1.13,1.13,0.85,0.63,0.84,0.78,1.07,0.83
Hspg2,plex_2,,,,,,,,,,,,,,,,,,
Glb1,plex_2,,,,,,,,,,1.1,0.98,1.04,0.75,0.81,0.76,0.89,0.92,0.84
Mff,plex_2,,,,,,,,,,0.78,1.08,1.22,0.6,0.81,0.94,1.08,0.94,0.92
Mff,plex_2,,,,,,,,,,0.78,1.08,1.22,0.6,0.81,0.94,1.08,0.94,0.92
Morf4l1,plex_2,,,,,,,,,,0.97,1.4,1.66,0.78,0.92,1.24,0.74,1.52,1.26
Morf4l1,plex_2,,,,,,,,,,0.97,1.4,1.66,0.78,0.92,1.24,0.74,1.52,1.26
Morf4l1,plex_2,,,,,,,,,,0.97,1.4,1.66,0.78,0.92,1.24,0.74,1.52,1.26
Morf4l1,plex_2,,,,,,,,,,0.97,1.4,1.66,0.78,0.92,1.24,0.74,1.52,1.26
Morf4l1,plex_2,,,,,,,,,,0.97,1.4,1.66,0.78,0.92,1.24,0.74,1.52,1.26
Morf4l1,plex_2,,,,,,,,,,0.97,1.4,1.66,0.78,0.92,1.24,0.74,1.52,1.26
Tep1,plex_2,,,,,,,,,,1.32,1.05,1.3,0.61,0.64,0.84,1.73,1.16,1.12
Plin5,plex_2,,,,,,,,,,0.93,0.78,1.12,0.66,0.89,1.11,1.43,1.0,1.29
Plin5,plex_2,,,,,,,,,,0.93,0.78,1.12,0.66,0.89,1.11,1.43,1.0,1.29
Nt5c3a,plex_2,,,,,,,,,,0.83,0.85,0.81,0.47,1.57,1.0,1.08,1.05,0.86
Nt5c3a,plex_2,,,,,,,,,,0.83,0.85,0.81,0.47,1.57,1.0,1.08,1.05,0.86
Tram1,plex_2,,,,,,,,,,,,,,,,,,
Ccdc22,plex_2,,,,,,,,,,0.32,0.86,0.79,0.29,0.32,0.67,0.71,0.75,0.93
Pla2g6,plex_2,,,,,,,,,,1.05,0.94,1.02,0.71,0.88,0.68,1.03,1.06,1.08
Pla2g6,plex_2,,,,,,,,,,1.05,0.94,1.02,0.71,0.88,0.68,1.03,1.06,1.08
Ube2z,plex_2,,,,,,,,,,0.89,0.59,,2.29,0.95,,1.37,0.96,0.86
Mrpl21,plex_2,,,,,,,,,,1.58,1.61,1.16,1.05,1.23,0.81,0.85,1.45,0.98
Mrpl21,plex_2,,,,,,,,,,1.58,1.61,1.16,1.05,1.23,0.81,0.85,1.45,0.98
Tubb3,plex_2,,,,,,,,,,1.41,0.94,1.15,0.88,0.71,1.1,1.31,0.89,1.31
Ppp2r5a,plex_2,,,,,,,,,,0.92,0.87,0.8,0.79,0.79,0.99,0.89,0.83,0.94
Fmr1,plex_2,,,,,,,,,,1.08,1.42,0.94,0.84,1.53,1.36,0.94,1.09,0.93
Fmr1,plex_2,,,,,,,,,,1.08,1.42,0.94,0.84,1.53,1.36,0.94,1.09,0.93
Fmr1,plex_2,,,,,,,,,,1.08,1.42,0.94,0.84,1.53,1.36,0.94,1.09,0.93
Fmr1,plex_2,,,,,,,,,,1.08,1.42,0.94,0.84,1.53,1.36,0.94,1.09,0.93
Fmr1,plex_2,,,,,,,,,,1.08,1.42,0.94,0.84,1.53,1.36,0.94,1.09,0.93
Fmr1,plex_2,,,,,,,,,,1.08,1.42,0.94,0.84,1.53,1.36,0.94,1.09,0.93
,plex_2,,,,,,,,,,1.52,1.4,1.02,1.01,0.75,0.66,1.19,1.08,1.32
Nek7,plex_2,,,,,,,,,,1.52,1.4,1.02,1.01,0.75,0.66,1.19,1.08,1.32
Nek7,plex_2,,,,,,,,,,1.52,1.4,1.02,1.01,0.75,0.66,1.19,1.08,1.32
Fpgs,plex_2,,,,,,,,,,1.11,0.98,1.07,0.95,0.86,1.59,1.08,0.88,1.73
Fpgs,plex_2,,,,,,,,,,1.11,0.98,1.07,0.95,0.86,1.59,1.08,0.88,1.73
Rpap3,plex_2,,,,,,,,,,1.25,1.68,1.17,0.83,0.97,0.95,1.14,0.76,0.98
Npc1,plex_2,,,,,,,,,,0.97,1.11,1.24,0.54,0.62,0.63,1.07,0.86,0.84
Npc1,plex_2,,,,,,,,,,0.97,1.11,1.24,0.54,0.62,0.63,1.07,0.86,0.84
Npc1,plex_2,,,,,,,,,,0.97,1.11,1.24,0.54,0.62,0.63,1.07,0.86,0.84
Ppox,plex_2,,,,,,,,,,1.15,1.05,0.78,0.87,0.98,0.9,1.02,0.74,1.23
Ppox,plex_2,,,,,,,,,,1.15,1.05,0.78,0.87,0.98,0.9,1.02,0.74,1.23
Ppox,plex_2,,,,,,,,,,1.15,1.05,0.78,0.87,0.98,0.9,1.02,0.74,1.23
Selenbp2,plex_2,,,,,,,,,,1.1,1.43,0.87,0.54,0.44,0.54,1.38,0.64,0.82
Naalad2,plex_2,,,,,,,,,,1.3,1.36,1.09,0.5,1.0,0.89,1.28,1.06,1.18
Naalad2,plex_2,,,,,,,,,,1.3,1.36,1.09,0.5,1.0,0.89,1.28,1.06,1.18
Naalad2,plex_2,,,,,,,,,,1.3,1.36,1.09,0.5,1.0,0.89,1.28,1.06,1.18
Naalad2,plex_2,,,,,,,,,,1.3,1.36,1.09,0.5,1.0,0.89,1.28,1.06,1.18
Nup43,plex_2,,,,,,,,,,1.42,0.96,1.42,0.96,0.62,1.74,1.59,0.64,0.86
Nup43,plex_2,,,,,,,,,,1.42,0.96,1.42,0.96,0.62,1.74,1.59,0.64,0.86
Nup43,plex_2,,,,,,,,,,1.42,0.96,1.42,0.96,0.62,1.74,1.59,0.64,0.86
Oxnad1,plex_2,,,,,,,,,,1.06,1.14,1.1,0.93,0.98,0.84,1.03,1.11,1.27
Oxnad1,plex_2,,,,,,,,,,1.06,1.14,1.1,0.93,0.98,0.84,1.03,1.11,1.27
Oxnad1,plex_2,,,,,,,,,,1.06,1.14,1.1,0.93,0.98,0.84,1.03,1.11,1.27
Oxnad1,plex_2,,,,,,,,,,1.06,1.14,1.1,0.93,0.98,0.84,1.03,1.11,1.27
Oxnad1,plex_2,,,,,,,,,,1.06,1.14,1.1,0.93,0.98,0.84,1.03,1.11,1.27
Oxnad1,plex_2,,,,,,,,,,1.06,1.14,1.1,0.93,0.98,0.84,1.03,1.11,1.27
Oxnad1,plex_2,,,,,,,,,,1.06,1.14,1.1,0.93,0.98,0.84,1.03,1.11,1.27
Ttc39c,plex_2,,,,,,,,,,,,,,,,,,
Ttc39c,plex_2,,,,,,,,,,,,,,,,,,
,plex_2,,,,,,,,,,1.28,1.5,1.4,1.08,1.17,1.06,1.31,1.02,1.81
Cab39l,plex_2,,,,,,,,,,0.9,0.88,0.75,0.48,0.7,0.68,0.76,0.74,1.2
Cab39l,plex_2,,,,,,,,,,0.9,0.88,0.75,0.48,0.7,0.68,0.76,0.74,1.2
Chchd6,plex_2,,,,,,,,,,1.16,1.15,0.81,0.79,0.92,1.23,0.97,0.83,1.04
Chchd6,plex_2,,,,,,,,,,1.16,1.15,0.81,0.79,0.92,1.23,0.97,0.83,1.04
Gnaq,plex_2,,,,,,,,,,1.07,1.78,0.85,0.7,0.7,0.89,0.77,2.13,2.59
Wdr81,plex_2,,,,,,,,,,0.97,0.97,0.7,0.69,0.95,0.95,0.88,0.67,1.0
Wdr81,plex_2,,,,,,,,,,0.97,0.97,0.7,0.69,0.95,0.95,0.88,0.67,1.0
Wdr81,plex_2,,,,,,,,,,0.97,0.97,0.7,0.69,0.95,0.95,0.88,0.67,1.0
Wdr81,plex_2,,,,,,,,,,0.97,0.97,0.7,0.69,0.95,0.95,0.88,0.67,1.0
Rcn1,plex_2,,,,,,,,,,,,,,,,,,
Tbc1d17,plex_2,,,,,,,,,,1.08,0.98,0.97,0.86,0.83,0.92,1.63,1.01,1.05
Tbc1d17,plex_2,,,,,,,,,,1.08,0.98,0.97,0.86,0.83,0.92,1.63,1.01,1.05
Cacfd1,plex_2,,,,,,,,,,1.1,0.98,1.24,0.89,0.62,0.74,0.73,0.84,1.01
Cacfd1,plex_2,,,,,,,,,,1.1,0.98,1.24,0.89,0.62,0.74,0.73,0.84,1.01
Scyl1,plex_2,,,,,,,,,,1.34,1.23,0.94,1.07,0.59,1.2,0.52,1.06,0.65
Scyl1,plex_2,,,,,,,,,,1.34,1.23,0.94,1.07,0.59,1.2,0.52,1.06,0.65
Scyl1,plex_2,,,,,,,,,,1.34,1.23,0.94,1.07,0.59,1.2,0.52,1.06,0.65
Gm5424,plex_2,,,,,,,,,,0.65,0.88,0.77,0.51,0.59,0.7,0.88,0.88,0.81
Dhx29,plex_2,,,,,,,,,,0.98,2.55,0.98,0.6,0.68,0.94,1.07,0.92,1.15
Tmem109,plex_2,,,,,,,,,,1.05,0.48,0.21,0.8,0.55,1.11,0.4,0.49,0.7
Tmem109,plex_2,,,,,,,,,,1.05,0.48,0.21,0.8,0.55,1.11,0.4,0.49,0.7
Tmem109,plex_2,,,,,,,,,,1.05,0.48,0.21,0.8,0.55,1.11,0.4,0.49,0.7
Tmem109,plex_2,,,,,,,,,,1.05,0.48,0.21,0.8,0.55,1.11,0.4,0.49,0.7
Tmem109,plex_2,,,,,,,,,,1.05,0.48,0.21,0.8,0.55,1.11,0.4,0.49,0.7
Necap1,plex_2,,,,,,,,,,0.84,0.68,0.88,0.68,0.69,0.83,0.85,0.86,1.01
Ubl5,plex_2,,,,,,,,,,0.93,1.03,0.72,0.96,0.77,0.98,0.79,0.71,0.86
Ubl5,plex_2,,,,,,,,,,0.93,1.03,0.72,0.96,0.77,0.98,0.79,0.71,0.86
Ubl5,plex_2,,,,,,,,,,0.93,1.03,0.72,0.96,0.77,0.98,0.79,0.71,0.86
Ubl5,plex_2,,,,,,,,,,0.93,1.03,0.72,0.96,0.77,0.98,0.79,0.71,0.86
Ubl5,plex_2,,,,,,,,,,0.93,1.03,0.72,0.96,0.77,0.98,0.79,0.71,0.86
Ubl5,plex_2,,,,,,,,,,0.93,1.03,0.72,0.96,0.77,0.98,0.79,0.71,0.86
Gm16381,plex_2,,,,,,,,,,0.93,1.03,0.72,0.96,0.77,0.98,0.79,0.71,0.86
Abca13,plex_2,,,,,,,,,,1.05,1.07,1.7,0.77,1.03,1.38,1.06,1.02,1.53
Braf,plex_2,,,,,,,,,,0.82,0.85,0.98,0.72,0.77,0.93,0.97,1.1,1.1
Polr1a,plex_2,,,,,,,,,,0.78,0.67,1.03,0.54,0.73,1.05,0.77,0.74,0.72
Pttg1ip,plex_2,,,,,,,,,,0.87,1.21,1.02,1.26,1.18,1.14,0.98,0.88,0.92
Pttg1ip,plex_2,,,,,,,,,,0.87,1.21,1.02,1.26,1.18,1.14,0.98,0.88,0.92
Pttg1ip,plex_2,,,,,,,,,,0.87,1.21,1.02,1.26,1.18,1.14,0.98,0.88,0.92
,plex_2,,,,,,,,,,1.04,1.07,0.76,0.81,0.89,1.26,0.74,0.78,0.94
Trmu,plex_2,,,,,,,,,,0.86,1.0,0.93,0.86,0.94,0.97,1.06,0.86,0.97
Erlec1,plex_2,,,,,,,,,,1.04,0.97,0.6,0.53,1.03,1.18,0.41,0.47,0.58
Insr,plex_2,,,,,,,,,,1.3,0.74,0.95,0.97,0.74,0.9,0.85,0.77,1.01
Mrps25,plex_2,,,,,,,,,,1.09,0.95,0.91,0.93,0.82,0.82,0.61,0.95,0.92
Mrpl35,plex_2,,,,,,,,,,0.8,0.8,0.77,0.76,0.68,0.7,0.93,0.86,0.88
Dusp3,plex_2,,,,,,,,,,1.38,1.0,1.24,1.72,0.92,1.34,1.13,1.12,2.05
Dusp3,plex_2,,,,,,,,,,1.38,1.0,1.24,1.72,0.92,1.34,1.13,1.12,2.05
Ttll7,plex_2,,,,,,,,,,1.3,1.31,0.95,0.75,0.87,1.28,1.18,1.02,1.29
Slc30a1,plex_2,,,,,,,,,,1.0,1.09,0.91,0.73,0.82,1.07,0.8,0.76,0.85
Slc30a1,plex_2,,,,,,,,,,1.0,1.09,0.91,0.73,0.82,1.07,0.8,0.76,0.85
Ube2g2,plex_2,,,,,,,,,,,,,,,,,,
Ube2g2,plex_2,,,,,,,,,,,,,,,,,,
Ube2g2,plex_2,,,,,,,,,,,,,,,,,,
Sub1,plex_2,,,,,,,,,,0.86,0.76,1.09,0.75,0.57,0.76,0.88,0.84,0.91
Myo1g,plex_2,,,,,,,,,,1.01,1.04,1.08,0.95,0.88,1.03,0.69,0.99,1.07
Akap9,plex_2,,,,,,,,,,0.92,0.85,0.87,0.81,0.82,0.98,0.86,0.88,1.07
C1sa,plex_2,,,,,,,,,,1.12,0.97,0.73,0.59,0.76,1.11,1.3,0.51,0.97
Mkl2,plex_2,,,,,,,,,,,,,,,,,,
Mkl2,plex_2,,,,,,,,,,,,,,,,,,
Mkl2,plex_2,,,,,,,,,,,,,,,,,,
Pisd,plex_2,,,,,,,,,,1.0,0.91,1.0,0.93,0.78,0.67,1.09,1.14,1.02
S100a6,plex_2,,,,,,,,,,1.13,0.98,0.86,0.9,0.97,0.8,1.03,0.8,1.22
Snrpg,plex_2,,,,,,,,,,0.93,1.22,1.1,1.49,0.79,0.81,0.9,0.69,0.9
Gm4788,plex_2,,,,,,,,,,0.79,0.81,0.73,0.65,0.87,0.98,0.77,0.93,0.94
Gm4788,plex_2,,,,,,,,,,0.79,0.81,0.73,0.65,0.87,0.98,0.77,0.93,0.94
Gm4788,plex_2,,,,,,,,,,0.79,0.81,0.73,0.65,0.87,0.98,0.77,0.93,0.94
Lifr,plex_2,,,,,,,,,,1.02,1.05,0.9,0.74,0.78,1.02,0.93,0.94,1.34
Lifr,plex_2,,,,,,,,,,1.02,1.05,0.9,0.74,0.78,1.02,0.93,0.94,1.34
Dscr3,plex_2,,,,,,,,,,1.37,0.78,1.17,0.88,0.94,0.7,1.22,0.72,1.14
Hspa12b,plex_2,,,,,,,,,,,,,,,,,,
Sult2a2,plex_2,,,,,,,,,,1.25,1.81,2.02,1.08,1.34,1.57,1.27,1.55,1.72
Tbc1d24,plex_2,,,,,,,,,,1.52,1.19,0.96,2.08,1.01,1.32,1.82,1.46,2.06
Tbc1d24,plex_2,,,,,,,,,,1.52,1.19,0.96,2.08,1.01,1.32,1.82,1.46,2.06
Cyp2j7,plex_2,,,,,,,,,,1.04,1.19,1.03,1.14,1.06,1.14,1.17,1.24,1.24
Gbf1,plex_2,,,,,,,,,,2.4,1.19,1.02,1.09,1.05,1.26,1.22,0.97,1.95
Gbf1,plex_2,,,,,,,,,,2.4,1.19,1.02,1.09,1.05,1.26,1.22,0.97,1.95
Lsm3,plex_2,,,,,,,,,,1.13,1.27,1.0,0.7,0.86,1.07,1.07,1.0,1.41
Spast,plex_2,,,,,,,,,,0.97,1.03,0.42,0.76,0.55,1.13,1.02,0.85,1.01
Spg20,plex_2,,,,,,,,,,0.99,1.03,0.82,0.91,0.65,0.93,1.08,1.15,1.35
Tradd,plex_2,,,,,,,,,,0.66,0.82,0.95,1.92,0.45,0.53,0.64,0.58,0.65
Myo16,plex_2,,,,,,,,,,0.88,0.8,0.89,0.74,0.65,0.74,1.04,0.87,1.03
Myo16,plex_2,,,,,,,,,,0.88,0.8,0.89,0.74,0.65,0.74,1.04,0.87,1.03
Myo16,plex_2,,,,,,,,,,0.88,0.8,0.89,0.74,0.65,0.74,1.04,0.87,1.03
Swap70,plex_2,,,,,,,,,,0.95,1.06,0.89,0.83,0.79,0.83,1.02,0.92,1.01
Spag9,plex_2,,,,,,,,,,1.03,1.1,0.76,0.75,0.73,0.91,0.99,0.83,0.94
Spag9,plex_2,,,,,,,,,,1.03,1.1,0.76,0.75,0.73,0.91,0.99,0.83,0.94
Spag9,plex_2,,,,,,,,,,1.03,1.1,0.76,0.75,0.73,0.91,0.99,0.83,0.94
Spag9,plex_2,,,,,,,,,,1.03,1.1,0.76,0.75,0.73,0.91,0.99,0.83,0.94
Ubap2,plex_2,,,,,,,,,,,,,,1.53,,,,
Tsr2,plex_2,,,,,,,,,,1.21,1.25,1.12,1.03,0.87,0.87,0.66,1.18,1.24
Tsr2,plex_2,,,,,,,,,,1.21,1.25,1.12,1.03,0.87,0.87,0.66,1.18,1.24
Msi2,plex_2,,,,,,,,,,0.93,0.98,0.66,0.8,0.81,1.19,0.82,0.76,1.02
Msi2,plex_2,,,,,,,,,,0.93,0.98,0.66,0.8,0.81,1.19,0.82,0.76,1.02
,plex_2,,,,,,,,,,0.93,0.98,0.66,0.8,0.81,1.19,0.82,0.76,1.02
Msi2,plex_2,,,,,,,,,,0.93,0.98,0.66,0.8,0.81,1.19,0.82,0.76,1.02
Msi2,plex_2,,,,,,,,,,0.93,0.98,0.66,0.8,0.81,1.19,0.82,0.76,1.02
Usp4,plex_2,,,,,,,,,,1.28,1.67,0.77,0.92,1.73,1.09,1.16,0.93,1.27
Ppil1,plex_2,,,,,,,,,,1.16,1.11,0.91,0.77,0.92,0.71,0.86,1.1,1.21
Ppil1,plex_2,,,,,,,,,,1.16,1.11,0.91,0.77,0.92,0.71,0.86,1.1,1.21
Krt23,plex_2,,,,,,,,,,0.96,0.87,2.74,1.05,,1.28,1.0,1.33,0.74
Krt23,plex_2,,,,,,,,,,0.96,0.87,2.74,1.05,,1.28,1.0,1.33,0.74
Krt23,plex_2,,,,,,,,,,0.96,0.87,2.74,1.05,,1.28,1.0,1.33,0.74
Vps16,plex_2,,,,,,,,,,1.23,1.16,1.0,0.72,0.89,0.88,0.83,0.59,0.92
Thumpd3,plex_2,,,,,,,,,,2.23,4.02,1.49,1.16,1.58,1.15,2.75,1.39,3.11
Thumpd3,plex_2,,,,,,,,,,2.23,4.02,1.49,1.16,1.58,1.15,2.75,1.39,3.11
Thumpd3,plex_2,,,,,,,,,,2.23,4.02,1.49,1.16,1.58,1.15,2.75,1.39,3.11
Igh,plex_2,,,,,,,,,,0.88,0.76,0.98,0.65,0.41,0.61,0.76,0.81,0.62
mCG_120563,plex_2,,,,,,,,,,0.75,0.86,0.98,0.77,0.4,0.89,0.89,0.91,1.25
Luc7l,plex_2,,,,,,,,,,1.33,0.73,1.0,0.77,0.63,0.78,0.94,0.86,1.09
Cpt2,plex_2,,,,,,,,,,0.85,0.83,0.8,0.78,0.81,0.96,0.96,0.96,1.16
Chtf8,plex_2,,,,,,,,,,0.36,0.59,0.57,0.49,0.36,0.4,1.41,1.06,1.04
Epdr1,plex_2,,,,,,,,,,1.26,0.88,,1.43,,3.51,1.09,0.99,1.29
Fabp3,plex_2,,,,,,,,,,1.3,0.95,0.85,2.42,0.81,1.53,0.87,1.11,1.36
Fabp3-ps1,plex_2,,,,,,,,,,1.3,0.95,0.85,2.42,0.81,1.53,0.87,1.11,1.36
Guk1,plex_2,,,,,,,,,,1.02,0.85,0.71,1.1,0.67,0.87,0.91,0.71,1.01
Myo6,plex_2,,,,,,,,,,0.77,0.73,0.94,0.89,0.68,0.71,0.82,0.73,1.09
Sirt2,plex_2,,,,,,,,,,1.12,0.98,1.21,0.9,0.93,0.95,1.23,1.75,1.12
Sirt2,plex_2,,,,,,,,,,1.12,0.98,1.21,0.9,0.93,0.95,1.23,1.75,1.12
Sirt2,plex_2,,,,,,,,,,1.12,0.98,1.21,0.9,0.93,0.95,1.23,1.75,1.12
Sirt2,plex_2,,,,,,,,,,1.12,0.98,1.21,0.9,0.93,0.95,1.23,1.75,1.12
Sirt2,plex_2,,,,,,,,,,1.12,0.98,1.21,0.9,0.93,0.95,1.23,1.75,1.12
Sirt2,plex_2,,,,,,,,,,1.12,0.98,1.21,0.9,0.93,0.95,1.23,1.75,1.12
Cobll1,plex_2,,,,,,,,,,0.77,0.57,0.71,0.7,0.57,0.81,0.71,0.74,1.0
Qser1,plex_2,,,,,,,,,,1.45,1.16,1.12,0.86,0.89,1.42,1.21,1.1,1.27
Hba-a2,plex_2,,,,,,,,,,1.31,0.85,0.84,0.87,0.67,0.55,1.25,0.7,1.25
,plex_2,,,,,,,,,,1.31,0.85,0.84,0.87,0.67,0.55,1.25,0.7,1.25
Fhit,plex_2,,,,,,,,,,1.17,1.16,1.3,0.78,1.29,1.13,1.44,1.18,1.3
Rnf2,plex_2,,,,,,,,,,0.56,1.05,1.04,0.84,0.45,0.93,0.75,1.09,0.79
Mrpl30,plex_2,,,,,,,,,,0.69,0.58,0.72,0.81,,0.87,0.69,0.67,0.92
Cdk11b,plex_2,,,,,,,,,,0.93,1.13,0.65,0.68,0.65,0.9,0.81,0.91,1.2
Hspa1l,plex_2,,,,,,,,,,0.74,1.4,1.14,0.6,0.66,0.64,1.09,1.32,1.12
Dnajc19,plex_2,,,,,,,,,,1.11,1.0,1.13,0.92,0.84,0.86,1.21,1.13,1.08
Dnajc19,plex_2,,,,,,,,,,1.11,1.0,1.13,0.92,0.84,0.86,1.21,1.13,1.08
Tbc1d9b,plex_2,,,,,,,,,,1.33,0.96,0.9,0.77,0.7,0.88,0.88,0.64,0.77
Tbc1d9b,plex_2,,,,,,,,,,1.33,0.96,0.9,0.77,0.7,0.88,0.88,0.64,0.77
Thoc6,plex_2,,,,,,,,,,1.14,0.78,0.88,0.91,0.71,0.68,0.67,0.8,0.77
Pml,plex_2,,,,,,,,,,1.1,0.96,0.59,0.88,0.85,0.94,0.96,0.97,0.99
Pml,plex_2,,,,,,,,,,1.1,0.96,0.59,0.88,0.85,0.94,0.96,0.97,0.99
Camta1,plex_2,,,,,,,,,,0.78,0.89,0.83,0.71,0.81,0.84,0.76,0.8,1.05
Saysd1,plex_2,,,,,,,,,,1.07,0.84,0.78,0.78,0.82,0.98,0.68,0.69,1.0
Eng,plex_2,,,,,,,,,,1.11,1.49,0.79,0.68,0.84,1.3,0.89,1.11,0.68
Eng,plex_2,,,,,,,,,,1.11,1.49,0.79,0.68,0.84,1.3,0.89,1.11,0.68
Eng,plex_2,,,,,,,,,,1.11,1.49,0.79,0.68,0.84,1.3,0.89,1.11,0.68
Eng,plex_2,,,,,,,,,,1.11,1.49,0.79,0.68,0.84,1.3,0.89,1.11,0.68
Ivns1abp,plex_2,,,,,,,,,,1.18,1.18,1.53,0.51,0.91,1.66,1.16,0.51,0.54
Ivns1abp,plex_2,,,,,,,,,,1.18,1.18,1.53,0.51,0.91,1.66,1.16,0.51,0.54
Ivns1abp,plex_2,,,,,,,,,,1.18,1.18,1.53,0.51,0.91,1.66,1.16,0.51,0.54
Prg2,plex_2,,,,,,,,,,0.93,3.08,0.92,0.9,1.89,0.45,0.82,0.91,0.76
Mms19,plex_2,,,,,,,,,,0.75,0.91,1.08,0.88,0.79,0.95,1.06,0.65,0.91
Mms19,plex_2,,,,,,,,,,0.75,0.91,1.08,0.88,0.79,0.95,1.06,0.65,0.91
Mms19,plex_2,,,,,,,,,,0.75,0.91,1.08,0.88,0.79,0.95,1.06,0.65,0.91
Mms19,plex_2,,,,,,,,,,0.75,0.91,1.08,0.88,0.79,0.95,1.06,0.65,0.91
Stag1,plex_2,,,,,,,,,,,,,,,,,,
Cherp,plex_2,,,,,,,,,,0.89,0.87,0.69,0.88,0.55,0.93,0.92,0.69,0.91
Cherp,plex_2,,,,,,,,,,0.89,0.87,0.69,0.88,0.55,0.93,0.92,0.69,0.91
Abhd3,plex_2,,,,,,,,,,1.08,0.79,0.97,0.76,0.74,0.71,0.9,0.83,0.95
Abhd3,plex_2,,,,,,,,,,1.08,0.79,0.97,0.76,0.74,0.71,0.9,0.83,0.95
Fmo6,plex_2,,,,,,,,,,1.08,1.04,0.78,0.77,0.92,0.82,1.03,1.01,1.4
Serpinb1a,plex_2,,,,,,,,,,0.89,0.7,0.52,0.62,0.8,1.28,1.2,0.94,1.22
Serpinb1a,plex_2,,,,,,,,,,0.89,0.7,0.52,0.62,0.8,1.28,1.2,0.94,1.22
Serpinb1a,plex_2,,,,,,,,,,0.89,0.7,0.52,0.62,0.8,1.28,1.2,0.94,1.22
Glyctk,plex_2,,,,,,,,,,0.69,0.64,0.86,0.77,0.73,0.57,1.14,0.51,0.64
Ncstn,plex_2,,,,,,,,,,,,,,,,,,
Ncstn,plex_2,,,,,,,,,,,,,,,,,,
Ncstn,plex_2,,,,,,,,,,,,,,,,,,
Ncstn,plex_2,,,,,,,,,,,,,,,,,,
Ncstn,plex_2,,,,,,,,,,,,,,,,,,
Ptbp1,plex_2,,,,,,,,,,0.32,0.44,0.38,0.29,0.41,0.43,0.27,1.12,0.63
Ptk2b,plex_2,,,,,,,,,,0.88,1.69,1.56,0.43,1.81,1.03,0.66,1.32,1.86
Smyd5,plex_2,,,,,,,,,,1.05,0.84,0.6,0.95,0.79,1.28,0.75,0.79,0.95
Fam98a,plex_2,,,,,,,,,,0.96,0.86,0.99,0.69,0.6,0.73,0.97,0.9,0.94
Pick1,plex_2,,,,,,,,,,0.96,1.07,0.62,0.81,0.86,1.06,0.87,0.87,1.05
Myef2,plex_2,,,,,,,,,,,,,,,,,,
Myef2,plex_2,,,,,,,,,,,,,,,,,,
Myef2,plex_2,,,,,,,,,,,,,,,,,,
Scrib,plex_2,,,,,,,,,,1.19,1.34,2.25,0.69,2.22,1.52,1.31,2.01,3.53
Scrib,plex_2,,,,,,,,,,1.19,1.34,2.25,0.69,2.22,1.52,1.31,2.01,3.53
Scrib,plex_2,,,,,,,,,,1.19,1.34,2.25,0.69,2.22,1.52,1.31,2.01,3.53
Scrib,plex_2,,,,,,,,,,1.19,1.34,2.25,0.69,2.22,1.52,1.31,2.01,3.53
Gbas,plex_2,,,,,,,,,,1.06,0.91,0.88,1.78,0.8,0.86,0.95,0.92,0.88
Gbas,plex_2,,,,,,,,,,1.06,0.91,0.88,1.78,0.8,0.86,0.95,0.92,0.88
Gbas,plex_2,,,,,,,,,,1.06,0.91,0.88,1.78,0.8,0.86,0.95,0.92,0.88
Smarce1,plex_2,,,,,,,,,,1.26,1.01,0.84,1.24,0.66,0.87,1.13,0.87,0.7
Cntn6,plex_2,,,,,,,,,,1.39,1.09,1.03,1.72,1.29,1.63,1.69,1.7,1.34
Cntn6,plex_2,,,,,,,,,,1.39,1.09,1.03,1.72,1.29,1.63,1.69,1.7,1.34
Znrf2,plex_2,,,,,,,,,,2.74,1.27,1.41,0.79,0.73,0.81,2.22,1.21,2.85
Gm12394,plex_2,,,,,,,,,,1.07,1.07,0.96,0.82,0.84,0.93,1.15,1.18,1.29
Creld1,plex_2,,,,,,,,,,0.89,1.17,0.94,0.76,0.87,0.93,1.08,0.92,1.09
Tatdn3,plex_2,,,,,,,,,,,,,,,,,,
Tatdn3,plex_2,,,,,,,,,,,,,,,,,,
Tmem14c,plex_2,,,,,,,,,,1.16,0.98,0.69,0.81,0.83,0.85,0.96,0.93,0.84
Tmem14c,plex_2,,,,,,,,,,1.16,0.98,0.69,0.81,0.83,0.85,0.96,0.93,0.84
Nup98,plex_2,,,,,,,,,,1.04,0.96,1.17,0.79,0.63,0.95,0.96,0.81,1.44
Tomm5,plex_2,,,,,,,,,,1.11,1.06,0.82,0.91,0.97,0.99,0.93,0.93,1.13
Tomm5,plex_2,,,,,,,,,,1.11,1.06,0.82,0.91,0.97,0.99,0.93,0.93,1.13
Tomm5,plex_2,,,,,,,,,,1.11,1.06,0.82,0.91,0.97,0.99,0.93,0.93,1.13
Tomm5,plex_2,,,,,,,,,,1.11,1.06,0.82,0.91,0.97,0.99,0.93,0.93,1.13
Igh,plex_2,,,,,,,,,,0.89,0.84,0.69,0.99,0.67,0.9,0.88,0.77,0.94
Phka2,plex_2,,,,,,,,,,1.03,1.0,1.26,1.02,0.92,1.04,1.02,1.09,1.45
Pyroxd2,plex_2,,,,,,,,,,0.74,0.78,0.95,0.68,0.78,0.97,0.78,0.75,0.79
Edf1,plex_2,,,,,,,,,,0.98,1.1,0.83,0.8,0.79,0.98,0.86,0.77,1.17
Scyl3,plex_2,,,,,,,,,,,1.25,,0.96,0.85,,0.67,0.67,1.31
Scyl3,plex_2,,,,,,,,,,,1.25,,0.96,0.85,,0.67,0.67,1.31
Hexim1,plex_2,,,,,,,,,,1.26,1.06,0.99,0.77,0.81,0.79,0.77,1.05,1.32
Ifih1,plex_2,,,,,,,,,,1.35,0.91,1.34,1.08,0.71,0.91,0.88,0.83,1.44
Ifih1,plex_2,,,,,,,,,,1.35,0.91,1.34,1.08,0.71,0.91,0.88,0.83,1.44
Snrpb2,plex_2,,,,,,,,,,1.72,2.62,1.97,1.99,1.82,3.84,1.97,2.07,3.09
Snrpb2,plex_2,,,,,,,,,,1.72,2.62,1.97,1.99,1.82,3.84,1.97,2.07,3.09
Dnajb1,plex_2,,,,,,,,,,0.97,0.9,0.86,0.76,0.85,0.87,0.97,0.92,1.0
Thtpa,plex_2,,,,,,,,,,0.98,0.81,1.09,0.53,0.67,0.54,0.83,0.93,1.18
Thtpa,plex_2,,,,,,,,,,0.98,0.81,1.09,0.53,0.67,0.54,0.83,0.93,1.18
Thtpa,plex_2,,,,,,,,,,0.98,0.81,1.09,0.53,0.67,0.54,0.83,0.93,1.18
Rdh10,plex_2,,,,,,,,,,0.76,,0.76,,,0.58,0.73,0.86,1.48
ppp2r5d,plex_2,,,,,,,,,,,,,,,,,,
Ppp2r5d,plex_2,,,,,,,,,,,,,,,,,,
Ppp2r5d,plex_2,,,,,,,,,,,,,,,,,,
Ppp2r5d,plex_2,,,,,,,,,,,,,,,,,,
Tcf25,plex_2,,,,,,,,,,0.94,1.03,1.01,0.51,0.95,1.01,0.95,0.73,1.1
Tcf25,plex_2,,,,,,,,,,0.94,1.03,1.01,0.51,0.95,1.01,0.95,0.73,1.1
Tcf25,plex_2,,,,,,,,,,0.94,1.03,1.01,0.51,0.95,1.01,0.95,0.73,1.1
Tcf25,plex_2,,,,,,,,,,0.94,1.03,1.01,0.51,0.95,1.01,0.95,0.73,1.1
Tcf25,plex_2,,,,,,,,,,0.94,1.03,1.01,0.51,0.95,1.01,0.95,0.73,1.1
Tcf25,plex_2,,,,,,,,,,0.94,1.03,1.01,0.51,0.95,1.01,0.95,0.73,1.1
Stx4,plex_2,,,,,,,,,,0.95,0.83,0.9,0.84,0.66,1.26,1.11,0.86,0.82
Apof,plex_2,,,,,,,,,,1.08,1.1,0.71,0.55,0.63,1.0,0.74,0.78,0.94
Apof,plex_2,,,,,,,,,,1.08,1.1,0.71,0.55,0.63,1.0,0.74,0.78,0.94
Fam129a,plex_2,,,,,,,,,,,,,,,,,,
Tp53bp2,plex_2,,,,,,,,,,0.94,0.8,1.5,0.78,0.9,1.22,1.09,1.6,1.73
Nptn,plex_2,,,,,,,,,,1.15,1.01,0.76,0.44,0.82,0.77,0.59,0.9,0.99
Mvd,plex_2,,,,,,,,,,1.56,1.83,1.08,1.4,1.4,1.44,1.37,1.48,1.85
Myh11,plex_2,,,,,,,,,,1.06,1.36,1.62,1.0,1.21,1.09,1.1,1.02,1.39
Hook2,plex_2,,,,,,,,,,1.38,1.13,1.41,1.12,0.94,0.9,0.84,0.66,1.15
Hook2,plex_2,,,,,,,,,,1.38,1.13,1.41,1.12,0.94,0.9,0.84,0.66,1.15
Hook2,plex_2,,,,,,,,,,1.38,1.13,1.41,1.12,0.94,0.9,0.84,0.66,1.15
Skp1a,plex_2,,,,,,,,,,1.08,0.93,0.69,0.42,0.16,0.26,0.99,1.1,1.31
Cab39,plex_2,,,,,,,,,,,,,,,,,,
Ppdpf,plex_2,,,,,,,,,,,,,,,,,,1.0
Rnf213,plex_2,,,,,,,,,,0.91,0.92,1.18,0.81,0.59,0.86,0.81,0.98,0.99
Rnf213,plex_2,,,,,,,,,,0.91,0.92,1.18,0.81,0.59,0.86,0.81,0.98,0.99
Ccny,plex_2,,,,,,,,,,1.23,1.31,1.08,1.1,0.98,0.56,1.49,0.38,0.94
Atp5g2,plex_2,,,,,,,,,,1.46,1.21,1.33,0.74,1.4,0.6,0.88,0.38,0.55
Atp5g1,plex_2,,,,,,,,,,1.46,1.21,1.33,0.74,1.4,0.6,0.88,0.38,0.55
Atp5g3,plex_2,,,,,,,,,,1.46,1.21,1.33,0.74,1.4,0.6,0.88,0.38,0.55
Atp5g2,plex_2,,,,,,,,,,1.46,1.21,1.33,0.74,1.4,0.6,0.88,0.38,0.55
Cml3,plex_2,,,,,,,,,,0.79,1.15,0.74,0.99,0.74,0.93,0.65,0.74,0.77
Nat8f3,plex_2,,,,,,,,,,0.79,1.15,0.74,0.99,0.74,0.93,0.65,0.74,0.77
Nat8f7,plex_2,,,,,,,,,,0.79,1.15,0.74,0.99,0.74,0.93,0.65,0.74,0.77
Triobp,plex_2,,,,,,,,,,1.15,0.86,1.06,1.1,0.61,0.91,1.23,0.84,1.08
Triobp,plex_2,,,,,,,,,,1.15,0.86,1.06,1.1,0.61,0.91,1.23,0.84,1.08
Triobp,plex_2,,,,,,,,,,1.15,0.86,1.06,1.1,0.61,0.91,1.23,0.84,1.08
Mapre2,plex_2,,,,,,,,,,0.68,0.93,0.77,0.79,0.55,0.91,0.91,0.99,0.97
Igh,plex_2,,,,,,,,,,0.99,0.69,0.94,0.89,0.55,1.27,0.86,0.62,1.18
Nr3c1,plex_2,,,,,,,,,,0.78,0.72,0.79,0.69,0.72,0.66,0.89,0.86,1.08
Cox7b,plex_2,,,,,,,,,,1.14,0.94,0.86,1.04,0.81,1.13,0.86,0.51,0.88
Rhoa,plex_2,,,,,,,,,,1.02,1.58,1.24,1.03,0.9,1.14,1.01,1.01,1.09
Coa7,plex_2,,,,,,,,,,0.7,1.14,0.84,0.76,0.82,1.18,0.8,0.98,1.26
Prpf6,plex_2,,,,,,,,,,0.9,1.04,0.74,0.73,0.64,0.77,0.68,0.58,0.99
Itsn1,plex_2,,,,,,,,,,1.0,0.79,0.65,0.79,0.57,0.93,0.81,0.49,0.6
Pygl,plex_2,,,,,,,,,,1.03,1.96,2.66,1.21,1.33,0.41,3.04,3.82,2.6
Mrpl55,plex_2,,,,,,,,,,0.34,0.85,0.41,0.26,0.44,0.31,1.04,0.97,1.15
Mrpl55,plex_2,,,,,,,,,,0.34,0.85,0.41,0.26,0.44,0.31,1.04,0.97,1.15
Wdr33,plex_2,,,,,,,,,,0.55,0.72,0.83,0.76,0.82,1.11,0.44,0.86,0.9
Anp32e,plex_2,,,,,,,,,,1.2,0.97,0.83,0.97,0.84,0.61,0.98,1.08,1.14
Anp32e,plex_2,,,,,,,,,,1.2,0.97,0.83,0.97,0.84,0.61,0.98,1.08,1.14
Anp32e,plex_2,,,,,,,,,,1.2,0.97,0.83,0.97,0.84,0.61,0.98,1.08,1.14
Anp32e,plex_2,,,,,,,,,,1.2,0.97,0.83,0.97,0.84,0.61,0.98,1.08,1.14
Anp32e,plex_2,,,,,,,,,,1.2,0.97,0.83,0.97,0.84,0.61,0.98,1.08,1.14
Dnah8,plex_2,,,,,,,,,,0.99,1.02,0.75,0.79,0.76,0.91,0.91,0.84,1.0
Acadl,plex_2,,,,,,,,,,0.9,0.91,0.69,1.1,0.61,0.94,0.93,0.76,1.05
Thop1,plex_2,,,,,,,,,,0.67,0.75,0.71,0.7,0.48,0.81,0.48,0.22,0.61
Thop1,plex_2,,,,,,,,,,0.67,0.75,0.71,0.7,0.48,0.81,0.48,0.22,0.61
Mfsd4b1,plex_2,,,,,,,,,,,,,,,,,,
Mdga2,plex_2,,,,,,,,,,1.03,0.95,0.75,0.77,0.83,1.07,0.92,0.74,1.16
Csnk1a1,plex_2,,,,,,,,,,,,,,,,,,
Fdx1l,plex_2,,,,,,,,,,1.2,0.73,1.03,0.89,0.87,1.22,1.0,0.82,0.33
Fdx1l,plex_2,,,,,,,,,,1.2,0.73,1.03,0.89,0.87,1.22,1.0,0.82,0.33
Aars2,plex_2,,,,,,,,,,0.81,0.98,0.77,0.63,0.71,0.83,0.78,0.51,1.31
Fn3k,plex_2,,,,,,,,,,1.06,0.9,0.87,0.92,0.68,1.38,0.81,0.65,0.92
Mrpl4,plex_2,,,,,,,,,,0.77,0.81,0.78,0.68,0.5,0.72,0.83,0.83,0.88
Cad,plex_2,,,,,,,,,,1.44,1.49,1.39,1.3,0.91,1.13,1.2,1.09,1.8
Epb42,plex_2,,,,,,,,,,0.97,1.13,0.85,1.01,0.72,1.04,0.96,0.76,1.15
Epb42,plex_2,,,,,,,,,,0.97,1.13,0.85,1.01,0.72,1.04,0.96,0.76,1.15
Epb42,plex_2,,,,,,,,,,0.97,1.13,0.85,1.01,0.72,1.04,0.96,0.76,1.15
Pef1,plex_2,,,,,,,,,,0.82,0.72,1.02,0.66,0.79,0.71,0.81,0.69,0.82
Rab4b,plex_2,,,,,,,,,,,,,,,,,,
N6amt1,plex_2,,,,,,,,,,0.98,1.35,1.49,0.78,0.99,2.82,2.17,1.26,1.81
N6amt1,plex_2,,,,,,,,,,0.98,1.35,1.49,0.78,0.99,2.82,2.17,1.26,1.81
Cdk12,plex_2,,,,,,,,,,1.02,0.81,1.17,0.88,0.57,1.06,1.06,1.34,1.63
Ankrd33b,plex_2,,,,,,,,,,,,,,,,,,
Ankrd33b,plex_2,,,,,,,,,,,,,,,,,,
Zfp780b,plex_2,,,,,,,,,,0.7,0.74,1.43,1.01,0.67,0.62,0.84,0.92,0.91
Mtmr9,plex_2,,,,,,,,,,0.78,0.88,1.11,0.85,0.79,0.84,1.04,0.77,1.19
Mtmr9,plex_2,,,,,,,,,,0.78,0.88,1.11,0.85,0.79,0.84,1.04,0.77,1.19
Klhdc7a,plex_2,,,,,,,,,,1.37,1.56,1.58,1.11,0.99,0.98,1.13,1.22,1.3
Arhgef19,plex_2,,,,,,,,,,,,,,,,,,
Bola3,plex_2,,,,,,,,,,0.93,0.93,0.92,0.8,0.81,1.19,0.91,0.97,0.94
Bola3,plex_2,,,,,,,,,,0.93,0.93,0.92,0.8,0.81,1.19,0.91,0.97,0.94
Bola3,plex_2,,,,,,,,,,0.93,0.93,0.92,0.8,0.81,1.19,0.91,0.97,0.94
Hdhd2,plex_2,,,,,,,,,,0.77,0.47,0.95,0.49,0.69,0.8,0.68,0.63,0.92
Ier3ip1,plex_2,,,,,,,,,,0.77,0.47,0.95,0.49,0.69,0.8,0.68,0.63,0.92
Pnkd,plex_2,,,,,,,,,,1.65,1.33,1.3,3.86,3.38,1.9,1.17,1.74,1.55
Pnkd,plex_2,,,,,,,,,,1.65,1.33,1.3,3.86,3.38,1.9,1.17,1.74,1.55
Gle1,plex_2,,,,,,,,,,0.71,0.89,1.14,0.75,0.84,0.55,1.19,1.21,0.99
Sult2a5,plex_2,,,,,,,,,,0.96,0.87,0.76,0.76,0.81,0.81,0.81,0.9,1.02
Inf2,plex_2,,,,,,,,,,0.48,1.11,1.94,,0.87,0.89,0.73,0.88,2.03
Inf2,plex_2,,,,,,,,,,0.48,1.11,1.94,,0.87,0.89,0.73,0.88,2.03
Plvap,plex_2,,,,,,,,,,1.0,0.87,1.04,0.89,0.91,0.77,0.84,1.34,1.0
Was,plex_2,,,,,,,,,,,0.87,1.54,,,,,0.97,0.75
Was,plex_2,,,,,,,,,,,0.87,1.54,,,,,0.97,0.75
Duox2,plex_2,,,,,,,,,,0.72,0.72,1.06,0.71,0.98,1.26,1.35,1.32,1.61
Naa25,plex_2,,,,,,,,,,,,,,,,,,
Naa25,plex_2,,,,,,,,,,,,,,,,,,
H2afy2,plex_2,,,,,,,,,,0.39,0.9,0.95,0.31,0.63,0.49,0.85,0.82,1.78
Epb41,plex_2,,,,,,,,,,0.85,1.08,1.26,0.8,0.72,0.71,1.17,0.86,0.99
Acap3,plex_2,,,,,,,,,,,0.59,2.56,,,0.55,,0.51,0.66
Lpgat1,plex_2,,,,,,,,,,1.63,0.84,0.7,1.37,1.05,1.47,0.88,0.91,0.95
Mrps24,plex_2,,,,,,,,,,1.19,0.73,0.88,0.77,0.79,0.84,0.82,0.92,1.1
Thyn1,plex_2,,,,,,,,,,1.05,1.04,1.16,1.02,1.1,0.9,0.83,0.96,1.06
S100a8,plex_2,,,,,,,,,,0.91,0.87,0.59,0.82,0.77,0.87,1.36,0.7,1.68
Ptcd1,plex_2,,,,,,,,,,1.17,0.88,0.75,1.04,1.15,0.97,1.04,0.72,1.02
1700052K11Rik,plex_2,,,,,,,,,,1.23,0.93,0.73,0.97,0.72,0.87,0.91,0.82,1.06
Plch1,plex_2,,,,,,,,,,1.49,1.18,1.48,0.72,0.75,1.18,1.14,2.41,1.22
Itih3,plex_2,,,,,,,,,,1.07,0.69,0.57,0.95,0.77,1.12,1.09,0.75,1.29
Itih3,plex_2,,,,,,,,,,1.07,0.69,0.57,0.95,0.77,1.12,1.09,0.75,1.29
Pds5b,plex_2,,,,,,,,,,1.19,1.01,0.85,0.81,0.74,1.05,0.94,0.88,1.01
Vps37a,plex_2,,,,,,,,,,1.26,,,,1.65,1.32,1.06,,1.16
Vps37a,plex_2,,,,,,,,,,1.26,,,,1.65,1.32,1.06,,1.16
Cep135,plex_2,,,,,,,,,,1.02,1.16,1.33,1.12,1.41,1.0,0.96,1.43,1.8
Asap2,plex_2,,,,,,,,,,1.16,0.99,1.04,0.93,0.82,0.85,0.93,1.24,1.21
Zw10,plex_2,,,,,,,,,,,,,,,,,,
Hpd,plex_2,,,,,,,,,,0.89,0.72,1.04,0.55,0.77,0.5,0.88,0.72,0.96
Scamp1,plex_2,,,,,,,,,,0.44,0.96,0.85,0.91,0.77,0.75,0.96,0.79,0.7
Scamp1,plex_2,,,,,,,,,,0.44,0.96,0.85,0.91,0.77,0.75,0.96,0.79,0.7
Scamp1,plex_2,,,,,,,,,,0.44,0.96,0.85,0.91,0.77,0.75,0.96,0.79,0.7
Scamp1,plex_2,,,,,,,,,,0.44,0.96,0.85,0.91,0.77,0.75,0.96,0.79,0.7
Mpo,plex_2,,,,,,,,,,,,,,,,,,
Mpo,plex_2,,,,,,,,,,,,,,,,,,
Nubp2,plex_2,,,,,,,,,,0.9,1.02,0.93,1.66,0.99,0.82,1.12,0.93,1.33
Ccdc171,plex_2,,,,,,,,,,1.32,1.4,1.54,1.44,1.09,1.95,1.47,2.23,2.53
Tbcd,plex_2,,,,,,,,,,1.24,0.53,1.25,1.09,0.26,1.23,1.21,1.61,1.25
Mrpl40,plex_2,,,,,,,,,,2.39,0.83,0.83,0.63,0.92,2.22,1.73,1.8,0.83
Mrpl40,plex_2,,,,,,,,,,2.39,0.83,0.83,0.63,0.92,2.22,1.73,1.8,0.83
Gstm1,plex_2,,,,,,,,,,0.58,0.81,0.85,0.89,0.68,0.83,1.18,1.3,0.79
Vps28,plex_2,,,,,,,,,,1.12,1.44,1.14,0.73,1.06,1.0,0.9,1.03,1.18
Gm10073,plex_2,,,,,,,,,,0.82,0.78,0.87,0.7,0.64,0.47,0.83,0.7,0.79
Prkdc,plex_2,,,,,,,,,,0.91,1.08,1.74,0.84,0.97,0.67,1.46,1.39,1.26
Atp6v0d1,plex_2,,,,,,,,,,0.92,0.56,0.71,0.45,0.47,0.54,1.02,0.95,2.0
Atp6v0d1,plex_2,,,,,,,,,,0.92,0.56,0.71,0.45,0.47,0.54,1.02,0.95,2.0
Ggct,plex_2,,,,,,,,,,1.16,1.26,0.78,1.01,0.74,1.19,0.94,0.82,0.98
Ggct,plex_2,,,,,,,,,,1.16,1.26,0.78,1.01,0.74,1.19,0.94,0.82,0.98
Elmo2,plex_2,,,,,,,,,,0.82,0.86,0.97,0.75,0.94,0.61,0.78,0.84,1.14
Fgd5,plex_2,,,,,,,,,,0.46,0.74,0.36,0.42,0.36,0.88,0.99,1.14,0.55
Copz2,plex_2,,,,,,,,,,0.98,1.24,1.12,0.75,1.05,1.03,1.08,1.34,1.14
Zfp617,plex_2,,,,,,,,,,,,,,,,,,
Zfp617,plex_2,,,,,,,,,,,,,,,,,,
Zfp617,plex_2,,,,,,,,,,,,,,,,,,
,plex_2,,,,,,,,,,0.89,0.72,0.78,0.89,0.81,0.92,1.31,1.08,1.52
Dctn4,plex_2,,,,,,,,,,0.86,0.81,0.82,0.81,0.84,0.87,0.88,0.86,1.04
Ccdc167,plex_2,,,,,,,,,,1.69,1.49,1.14,0.94,0.9,1.1,1.02,1.09,1.49
Ccdc167,plex_2,,,,,,,,,,1.69,1.49,1.14,0.94,0.9,1.1,1.02,1.09,1.49
Ccdc167,plex_2,,,,,,,,,,1.69,1.49,1.14,0.94,0.9,1.1,1.02,1.09,1.49
Ccdc167,plex_2,,,,,,,,,,1.69,1.49,1.14,0.94,0.9,1.1,1.02,1.09,1.49
Ccdc167,plex_2,,,,,,,,,,1.69,1.49,1.14,0.94,0.9,1.1,1.02,1.09,1.49
Get4,plex_2,,,,,,,,,,0.67,0.85,0.44,0.64,0.69,0.81,0.74,0.75,0.89
Get4,plex_2,,,,,,,,,,0.67,0.85,0.44,0.64,0.69,0.81,0.74,0.75,0.89
Tsen15,plex_2,,,,,,,,,,,,,,,,,,
Tsen15,plex_2,,,,,,,,,,,,,,,,,,
Fcgr2,plex_2,,,,,,,,,,0.49,0.48,0.85,0.65,0.64,0.71,0.78,0.75,0.6
Fcgr2,plex_2,,,,,,,,,,0.49,0.48,0.85,0.65,0.64,0.71,0.78,0.75,0.6
Fcgr2,plex_2,,,,,,,,,,0.49,0.48,0.85,0.65,0.64,0.71,0.78,0.75,0.6
Fcgr2b,plex_2,,,,,,,,,,0.49,0.48,0.85,0.65,0.64,0.71,0.78,0.75,0.6
Fcgr2b,plex_2,,,,,,,,,,0.49,0.48,0.85,0.65,0.64,0.71,0.78,0.75,0.6
Fcgr2b,plex_2,,,,,,,,,,0.49,0.48,0.85,0.65,0.64,0.71,0.78,0.75,0.6
Adck5,plex_2,,,,,,,,,,1.32,1.66,2.09,1.32,0.8,1.66,1.8,1.84,1.71
Pxn,plex_2,,,,,,,,,,1.03,1.05,1.11,0.79,0.7,0.87,0.88,1.01,1.11
Pxn,plex_2,,,,,,,,,,1.03,1.05,1.11,0.79,0.7,0.87,0.88,1.01,1.11
Pxn,plex_2,,,,,,,,,,1.03,1.05,1.11,0.79,0.7,0.87,0.88,1.01,1.11
Pxn,plex_2,,,,,,,,,,1.03,1.05,1.11,0.79,0.7,0.87,0.88,1.01,1.11
Ppp1r37,plex_2,,,,,,,,,,1.14,1.04,1.09,0.89,0.99,0.6,1.1,0.49,1.12
Ptk2,plex_2,,,,,,,,,,0.94,1.18,1.1,1.12,0.78,1.23,1.29,0.89,1.17
Prg4,plex_2,,,,,,,,,,,,,,,,,,
Prg4,plex_2,,,,,,,,,,,,,,,,,,
Prg4,plex_2,,,,,,,,,,,,,,,,,,
Prg4,plex_2,,,,,,,,,,,,,,,,,,
Tmcc3,plex_2,,,,,,,,,,1.18,1.17,0.98,0.81,0.9,0.94,1.03,1.12,1.19
Tmcc3,plex_2,,,,,,,,,,1.18,1.17,0.98,0.81,0.9,0.94,1.03,1.12,1.19
Micu1,plex_2,,,,,,,,,,0.83,0.83,0.9,0.8,0.73,0.87,1.14,0.84,0.96
Siglec1,plex_2,,,,,,,,,,1.09,0.84,0.78,0.77,0.67,0.86,0.69,1.26,0.78
Siglec1,plex_2,,,,,,,,,,1.09,0.84,0.78,0.77,0.67,0.86,0.69,1.26,0.78
Siglec1,plex_2,,,,,,,,,,1.09,0.84,0.78,0.77,0.67,0.86,0.69,1.26,0.78
Siglec1,plex_2,,,,,,,,,,1.09,0.84,0.78,0.77,0.67,0.86,0.69,1.26,0.78
Gabpa,plex_2,,,,,,,,,,0.89,1.01,0.97,0.7,0.68,0.76,1.23,0.97,1.2
Gabpa,plex_2,,,,,,,,,,0.89,1.01,0.97,0.7,0.68,0.76,1.23,0.97,1.2
Gabpa,plex_2,,,,,,,,,,0.89,1.01,0.97,0.7,0.68,0.76,1.23,0.97,1.2
Ccdc30,plex_2,,,,,,,,,,,,,,,,,,
Ccdc30,plex_2,,,,,,,,,,,,,,,,,,
Kiaa0196,plex_2,,,,,,,,,,1.41,1.49,1.14,0.92,0.85,1.01,1.08,1.08,1.26
Chchd10,plex_2,,,,,,,,,,0.84,,0.8,,1.44,1.04,1.16,0.86,2.01
Syngap1,plex_2,,,,,,,,,,1.69,0.67,0.32,1.82,0.3,1.46,1.04,0.34,0.81
Syngap1,plex_2,,,,,,,,,,1.69,0.67,0.32,1.82,0.3,1.46,1.04,0.34,0.81
Syngap1,plex_2,,,,,,,,,,1.69,0.67,0.32,1.82,0.3,1.46,1.04,0.34,0.81
Syngap1,plex_2,,,,,,,,,,1.69,0.67,0.32,1.82,0.3,1.46,1.04,0.34,0.81
Syngap1,plex_2,,,,,,,,,,1.69,0.67,0.32,1.82,0.3,1.46,1.04,0.34,0.81
Add3,plex_2,,,,,,,,,,0.88,0.86,1.05,0.78,0.83,1.11,0.82,1.12,0.91
Add3,plex_2,,,,,,,,,,0.88,0.86,1.05,0.78,0.83,1.11,0.82,1.12,0.91
Add3,plex_2,,,,,,,,,,0.88,0.86,1.05,0.78,0.83,1.11,0.82,1.12,0.91
Add3,plex_2,,,,,,,,,,0.88,0.86,1.05,0.78,0.83,1.11,0.82,1.12,0.91
Add3,plex_2,,,,,,,,,,0.88,0.86,1.05,0.78,0.83,1.11,0.82,1.12,0.91
Add3,plex_2,,,,,,,,,,0.88,0.86,1.05,0.78,0.83,1.11,0.82,1.12,0.91
Hdgfrp2,plex_2,,,,,,,,,,1.12,0.96,0.83,0.94,0.94,1.05,0.94,1.0,1.08
Hdgfrp2,plex_2,,,,,,,,,,1.12,0.96,0.83,0.94,0.94,1.05,0.94,1.0,1.08
Hdgfrp2,plex_2,,,,,,,,,,1.12,0.96,0.83,0.94,0.94,1.05,0.94,1.0,1.08
Hdgfrp2,plex_2,,,,,,,,,,1.12,0.96,0.83,0.94,0.94,1.05,0.94,1.0,1.08
