gene_symbol,tmt_plex,Mmus_C57-6J_TA_GC_Rep1_M33,Mmus_C57-6J_TA_GC_Rep2_M34,Mmus_C57-6J_TA_GC_Rep3_M35,Mmus_C57-6J_TA_FLT_Rep1_M23,Mmus_C57-6J_TA_FLT_Rep2_M24,Mmus_C57-6J_TA_FLT_Rep3_M25,Mmus_C57-6J_TA_GC_Rep4_M36,Mmus_C57-6J_TA_GC_Rep5_M37,Mmus_C57-6J_TA_GC_Rep6_M38,Mmus_C57-6J_TA_FLT_Rep4_M26,Mmus_C57-6J_TA_FLT_Rep5_M27,Mmus_C57-6J_TA_FLT_Rep6_M28
Ttn,plex_1,0.75,0.29,0.79,0.21,1.44,0.41,,,,,,
Neb,plex_1,0.79,0.29,0.79,0.21,1.51,0.41,,,,,,
Myh4,plex_1,0.8,0.28,0.79,0.22,1.53,0.41,,,,,,
Ryr1,plex_1,0.81,0.26,0.78,0.19,1.49,0.44,,,,,,
Plec,plex_1,0.8,0.3,0.79,0.2,1.42,0.44,,,,,,
Obscn,plex_1,0.85,0.29,0.79,0.21,1.43,0.43,,,,,,
Myom2,plex_1,0.8,0.31,0.83,0.22,1.51,0.42,,,,,,
Myom1,plex_1,0.71,0.29,0.83,0.22,1.44,0.39,,,,,,
Flnc,plex_1,0.82,0.32,0.93,0.19,1.36,0.38,,,,,,
Actn3,plex_1,0.83,0.29,0.79,0.22,1.54,0.41,,,,,,
Atp2a1,plex_1,0.75,0.25,0.76,0.21,1.44,0.42,,,,,,
Myh1,plex_1,0.92,0.35,0.89,0.19,1.23,0.49,,,,,,
Mybpc1,plex_1,0.73,0.29,0.82,0.18,1.3,0.45,,,,,,
Mybpc2,plex_1,0.73,0.27,0.74,0.23,1.5,0.41,,,,,,
Acta1,plex_1,0.86,0.3,0.8,0.22,1.53,0.43,,,,,,
Col6a3,plex_1,1.0,0.3,0.77,0.18,1.58,0.47,,,,,,
Agl,plex_1,0.79,0.31,0.86,0.23,1.37,0.41,,,,,,
Naca,plex_1,0.68,0.25,0.78,0.22,1.45,0.43,,,,,,
Atp5b,plex_1,0.81,0.36,0.79,0.35,1.24,0.64,,,,,,
Pygm,plex_1,0.92,0.3,0.88,0.22,1.5,0.42,,,,,,
Pfkm,plex_1,1.42,0.31,0.96,0.2,1.57,0.45,,,,,,
Hspg2,plex_1,0.86,0.3,0.75,0.21,1.44,0.43,,,,,,
Actn2,plex_1,0.67,0.34,0.83,0.2,1.11,0.44,,,,,,
Pkm,plex_1,1.02,0.29,0.88,0.22,1.67,0.46,,,,,,
Ckm,plex_1,0.87,0.27,0.78,0.22,1.54,0.42,,,,,,
Aco2,plex_1,0.69,0.29,0.79,0.22,1.22,0.5,,,,,,
Aldoa,plex_1,0.9,0.31,0.84,0.21,1.46,0.42,,,,,,
Gapdh,plex_1,1.0,0.33,0.9,0.28,1.59,0.53,,,,,,
Alb,plex_1,0.7,0.33,0.64,0.27,1.91,0.54,,,,,,
Ogdh,plex_1,0.68,0.32,0.77,0.25,1.3,0.45,,,,,,
Vcp,plex_1,0.86,0.28,0.69,0.23,1.44,0.44,,,,,,
Eno3,plex_1,0.94,0.36,0.82,0.2,1.43,0.42,,,,,,
Ldb3,plex_1,0.83,0.31,0.74,0.2,1.44,0.43,,,,,,
Myl1,plex_1,0.85,0.31,0.79,0.22,1.56,0.4,,,,,,
Slc25a12,plex_1,0.67,0.31,0.86,0.22,1.25,0.5,,,,,,
Synpo2,plex_1,0.72,0.3,0.77,0.17,1.37,0.39,,,,,,
Myh2,plex_1,0.87,0.3,0.89,0.14,1.3,0.47,,,,,,
Srl,plex_1,0.78,0.29,0.79,0.22,1.51,0.45,,,,,,
Eef2,plex_1,0.73,0.28,0.83,0.23,1.53,0.43,,,,,,
Pgk1,plex_1,0.82,0.27,0.75,0.21,1.51,0.4,,,,,,
Hadha,plex_1,0.64,0.29,0.77,0.22,1.37,0.49,,,,,,
Pgm2,plex_1,0.74,0.25,0.81,0.22,1.49,0.43,,,,,,
Pgm1,plex_1,0.74,0.25,0.81,0.22,1.49,0.43,,,,,,
Pgm2,plex_1,0.74,0.25,0.81,0.22,1.49,0.43,,,,,,
Gpi,plex_1,0.82,0.27,0.84,0.21,1.51,0.5,,,,,,
Sdha,plex_1,0.78,0.32,0.78,0.22,1.23,0.43,,,,,,
Dmd,plex_1,0.83,0.27,0.79,0.21,1.45,0.48,,,,,,
Fbn1,plex_1,0.79,0.28,0.81,0.13,1.47,0.48,,,,,,
Des,plex_1,0.63,0.28,0.77,0.22,1.28,0.44,,,,,,
Des,plex_1,0.63,0.28,0.77,0.22,1.28,0.44,,,,,,
Ndufs1,plex_1,0.66,0.28,0.78,0.22,1.3,0.51,,,,,,
Got1,plex_1,0.6,0.34,0.85,0.21,1.25,0.51,,,,,,
Atp5a1,plex_1,0.71,0.29,0.82,0.23,1.24,0.49,,,,,,
Acadvl,plex_1,0.79,0.32,0.83,0.22,1.28,0.54,,,,,,
Anxa6,plex_1,0.68,0.27,0.73,0.2,1.55,0.44,,,,,,
Atp1a2,plex_1,0.67,0.28,0.71,0.22,1.43,0.45,,,,,,
Lama2,plex_1,0.91,0.3,0.8,0.17,1.39,0.44,,,,,,
Ampd1,plex_1,1.07,0.25,0.71,0.22,1.57,0.38,,,,,,
Tf,plex_1,0.74,0.28,0.56,0.26,1.91,0.72,,,,,,
Hspa8,plex_1,0.75,0.27,0.85,0.23,1.49,0.44,,,,,,
Got2,plex_1,0.69,0.34,0.87,0.19,1.15,0.47,,,,,,
Mdh2,plex_1,0.68,0.33,0.8,0.31,1.26,0.52,,,,,,
Eef1a2,plex_1,0.66,0.32,0.75,0.24,1.42,0.41,,,,,,
Ldha,plex_1,0.82,0.31,0.84,0.21,1.45,0.49,,,,,,
Vdac1,plex_1,0.7,0.26,0.83,0.22,1.38,0.44,,,,,,
Vdac1,plex_1,0.7,0.26,0.83,0.22,1.38,0.44,,,,,,
Hsp90ab1,plex_1,0.74,0.3,0.72,0.25,1.53,0.42,,,,,,
Myot,plex_1,0.71,0.36,0.87,0.2,1.21,0.37,,,,,,
Mylpf,plex_1,0.66,0.29,0.75,0.24,1.44,0.39,,,,,,
Tpm1,plex_1,0.99,0.29,0.83,0.23,1.52,0.45,,,,,,
Ckmt2,plex_1,0.89,0.37,0.85,0.25,1.24,0.5,,,,,,
Fh,plex_1,1.04,0.28,0.77,0.2,1.12,0.47,,,,,,
Gpd1,plex_1,1.01,0.3,0.81,0.2,1.47,0.36,,,,,,
Tubb4b,plex_1,0.69,0.28,0.74,0.24,1.44,0.47,,,,,,
Myoz1,plex_1,0.69,0.31,0.83,0.21,1.43,0.43,,,,,,
Uba1,plex_1,0.9,0.3,0.8,0.2,1.62,0.49,,,,,,
Ugp2,plex_1,0.62,0.32,0.76,0.25,1.37,0.41,,,,,,
Hspd1,plex_1,0.8,0.31,0.84,0.24,1.4,0.51,,,,,,
Ahnak,plex_1,1.01,0.29,0.77,0.18,1.62,0.43,,,,,,
Dync1h1,plex_1,0.99,0.31,0.78,0.31,1.41,0.49,,,,,,
Uqcrc2,plex_1,0.81,0.31,0.87,0.25,1.34,0.52,,,,,,
Ca3,plex_1,1.08,0.24,0.74,0.21,1.51,0.45,,,,,,
Gpd2,plex_1,0.76,0.27,0.85,0.23,1.64,0.46,,,,,,
Gpd2,plex_1,0.76,0.27,0.85,0.23,1.64,0.46,,,,,,
Mybph,plex_1,0.83,0.31,0.75,0.21,1.41,0.34,,,,,,
Hk2,plex_1,1.08,0.36,1.07,0.21,1.5,0.42,,,,,,
Hadhb,plex_1,0.92,0.3,0.76,0.24,1.37,0.55,,,,,,
Adssl1,plex_1,0.81,0.32,0.95,0.26,1.42,0.47,,,,,,
Adssl1,plex_1,0.81,0.32,0.95,0.26,1.42,0.47,,,,,,
Gys1,plex_1,0.78,0.29,0.87,0.23,1.34,0.45,,,,,,
Col12a1,plex_1,2.94,0.39,0.6,0.14,1.9,0.52,,,,,,
Col12a1,plex_1,2.94,0.39,0.6,0.14,1.9,0.52,,,,,,
Col12a1,plex_1,2.94,0.39,0.6,0.14,1.9,0.52,,,,,,
Phka1,plex_1,1.23,0.3,1.02,0.21,1.74,0.42,,,,,,
Phka1,plex_1,1.23,0.3,1.02,0.21,1.74,0.42,,,,,,
Acat1,plex_1,0.75,0.28,0.72,0.21,1.22,0.52,,,,,,
Dlat,plex_1,0.89,0.29,0.84,0.22,1.43,0.51,,,,,,
Pdhb,plex_1,0.92,0.31,0.81,0.22,1.29,0.44,,,,,,
Cacna2d1,plex_1,2.41,0.34,1.08,0.22,1.92,0.61,,,,,,
Aldh2,plex_1,0.69,0.28,0.68,0.19,1.44,0.53,,,,,,
Aldh2,plex_1,0.69,0.28,0.68,0.19,1.44,0.53,,,,,,
Aldh2,plex_1,0.69,0.28,0.68,0.19,1.44,0.53,,,,,,
Aldh2,plex_1,0.69,0.28,0.68,0.19,1.44,0.53,,,,,,
Klhl41,plex_1,0.74,0.3,0.8,0.2,1.46,0.43,,,,,,
Acaa2,plex_1,0.94,0.3,0.68,0.25,1.37,0.56,,,,,,
Sucla2,plex_1,0.94,0.33,0.97,0.26,1.44,0.57,,,,,,
Padi2,plex_1,1.02,0.3,0.77,0.19,1.11,0.42,,,,,,
Padi2,plex_1,1.02,0.3,0.77,0.19,1.11,0.42,,,,,,
Smyd1,plex_1,1.08,0.31,0.93,0.22,1.54,0.4,,,,,,
Ak1,plex_1,0.85,0.28,0.81,0.22,1.47,0.47,,,,,,
Hbbt1,plex_1,0.73,0.29,0.71,0.56,2.77,0.8,,,,,,
Cand2,plex_1,0.84,0.3,0.87,0.18,1.33,0.41,,,,,,
Tnnt3,plex_1,1.1,0.31,0.81,0.22,1.74,0.45,,,,,,
Tnnt3,plex_1,1.1,0.31,0.81,0.22,1.74,0.45,,,,,,
Tnnt3,plex_1,1.1,0.31,0.81,0.22,1.74,0.45,,,,,,
Tnnt3,plex_1,1.1,0.31,0.81,0.22,1.74,0.45,,,,,,
Tnnt3,plex_1,1.1,0.31,0.81,0.22,1.74,0.45,,,,,,
Tnnt3,plex_1,1.1,0.31,0.81,0.22,1.74,0.45,,,,,,
Tnnt3,plex_1,1.1,0.31,0.81,0.22,1.74,0.45,,,,,,
Tnnt3,plex_1,1.1,0.31,0.81,0.22,1.74,0.45,,,,,,
Tnnt3,plex_1,1.1,0.31,0.81,0.22,1.74,0.45,,,,,,
Tnnt3,plex_1,1.1,0.31,0.81,0.22,1.74,0.45,,,,,,
Tnnt3,plex_1,1.1,0.31,0.81,0.22,1.74,0.45,,,,,,
Tnnt3,plex_1,1.1,0.31,0.81,0.22,1.74,0.45,,,,,,
Tnnt3,plex_1,1.1,0.31,0.81,0.22,1.74,0.45,,,,,,
Tnnt3,plex_1,1.1,0.31,0.81,0.22,1.74,0.45,,,,,,
Tnnt3,plex_1,1.1,0.31,0.81,0.22,1.74,0.45,,,,,,
Synpo2l,plex_1,0.71,0.33,0.75,0.25,1.41,0.43,,,,,,
Uqcrc1,plex_1,0.53,0.3,0.7,0.25,1.2,0.4,,,,,,
Slc25a4,plex_1,0.78,0.28,0.91,0.21,1.21,0.53,,,,,,
Casq1,plex_1,0.75,0.28,0.83,0.23,1.57,0.46,,,,,,
Pgam2,plex_1,0.8,0.32,0.83,0.2,1.52,0.42,,,,,,
Myh7,plex_1,2.64,0.09,0.37,0.09,0.27,0.12,,,,,,
Lmna,plex_1,0.93,0.3,0.72,0.17,1.49,0.49,,,,,,
Immt,plex_1,0.91,0.37,1.02,0.21,1.44,0.63,,,,,,
Immt,plex_1,0.91,0.37,1.02,0.21,1.44,0.63,,,,,,
Col6a1,plex_1,1.07,0.25,0.68,0.19,1.65,0.44,,,,,,
Tuba4a,plex_1,1.19,0.25,0.79,0.2,1.55,0.47,,,,,,
Tuba4a,plex_1,1.19,0.25,0.79,0.2,1.55,0.47,,,,,,
Aldh6a1,plex_1,0.81,0.32,0.8,0.24,1.47,0.53,,,,,,
Vcl,plex_1,0.77,0.29,0.71,0.22,1.27,0.4,,,,,,
Trim72,plex_1,1.2,0.27,0.75,0.19,1.5,0.42,,,,,,
Hspa9,plex_1,0.7,0.3,0.75,0.3,1.58,0.5,,,,,,
Tpi1,plex_1,0.69,0.29,0.81,0.23,1.35,0.43,,,,,,
Etfa,plex_1,0.85,0.32,0.84,0.2,1.65,0.5,,,,,,
EG433182,plex_1,0.69,0.29,0.79,0.23,1.45,0.45,,,,,,
Neb,plex_1,0.6,0.24,0.69,0.2,1.42,0.4,,,,,,
Mb,plex_1,1.02,0.36,0.93,0.19,1.31,0.56,,,,,,
Cs,plex_1,0.84,0.33,0.86,0.22,1.37,0.49,,,,,,
Col1a1,plex_1,1.84,0.33,0.57,0.21,2.04,0.64,,,,,,
Crat,plex_1,0.89,0.35,0.84,0.23,1.28,0.48,,,,,,
Bin1,plex_1,0.82,0.29,0.74,0.22,1.51,0.43,,,,,,
Cpt1b,plex_1,0.81,0.29,0.8,0.18,1.23,0.5,,,,,,
Ndufa9,plex_1,0.57,0.28,0.68,0.21,1.22,0.42,,,,,,
Ndufa9,plex_1,0.57,0.28,0.68,0.21,1.22,0.42,,,,,,
Acsl1,plex_1,1.86,0.28,1.03,0.22,1.57,0.57,,,,,,
Lamc1,plex_1,0.73,0.26,0.8,0.22,1.52,0.44,,,,,,
Myl3,plex_1,1.11,0.29,0.79,0.15,1.09,0.59,,,,,,
Speg,plex_1,1.1,0.28,0.96,0.17,1.69,0.47,,,,,,
Col1a2,plex_1,2.22,0.4,0.55,0.17,2.19,0.6,,,,,,
Pdha1,plex_1,0.95,0.32,0.86,0.22,1.37,0.49,,,,,,
Adsl,plex_1,0.84,0.26,0.87,0.26,1.6,0.46,,,,,,
Adsl,plex_1,0.84,0.26,0.87,0.26,1.6,0.46,,,,,,
Oxct1,plex_1,0.53,0.25,0.72,0.27,1.46,0.58,,,,,,
Mdh1,plex_1,0.78,0.4,0.89,0.21,1.36,0.59,,,,,,
Ndufs2,plex_1,0.85,0.33,0.87,0.22,1.43,0.56,,,,,,
Dld,plex_1,0.86,0.3,0.91,0.2,1.37,0.46,,,,,,
Uqcrfs1,plex_1,0.94,0.38,0.95,0.21,1.37,0.64,,,,,,
Ppp1r3a,plex_1,1.01,0.33,0.96,0.2,1.59,0.51,,,,,,
Sptan1,plex_1,1.05,0.27,0.7,0.18,1.49,0.54,,,,,,
Sptan1,plex_1,1.05,0.27,0.7,0.18,1.49,0.54,,,,,,
Pdlim5,plex_1,0.88,0.28,0.84,0.22,1.53,0.48,,,,,,
Eprs,plex_1,1.69,0.24,0.83,0.24,1.67,0.48,,,,,,
Idh2,plex_1,0.72,0.28,0.7,0.2,1.09,0.45,,,,,,
Myh9,plex_1,0.79,0.22,0.71,0.2,1.4,0.49,,,,,,
Idh3b,plex_1,1.24,0.37,1.09,0.22,1.47,0.49,,,,,,
Acadl,plex_1,0.93,0.27,0.8,0.21,1.28,0.56,,,,,,
Park7,plex_1,0.89,0.32,0.81,0.23,1.61,0.44,,,,,,
Idh3g,plex_1,0.74,0.34,0.87,0.21,1.22,0.39,,,,,,
Gstp1,plex_1,0.73,0.3,0.54,0.22,1.22,0.36,,,,,,
Ndufa10,plex_1,0.63,0.31,0.75,0.25,1.36,0.46,,,,,,
Ndrg2,plex_1,1.19,0.28,0.87,0.22,1.5,0.46,,,,,,
Pebp1,plex_1,0.61,0.26,0.84,0.22,1.69,0.42,,,,,,
Pebp1,plex_1,0.61,0.26,0.84,0.22,1.69,0.42,,,,,,
Mthfd1,plex_1,0.87,0.23,0.7,0.22,1.25,0.49,,,,,,
Lrpprc,plex_1,0.89,0.27,0.81,0.25,1.47,0.54,,,,,,
Etfdh,plex_1,1.05,0.28,0.84,0.25,1.44,0.5,,,,,,
Phkb,plex_1,0.7,0.32,0.76,0.25,1.37,0.38,,,,,,
Anxa2,plex_1,1.12,0.28,0.8,0.18,1.8,0.47,,,,,,
Tnni2,plex_1,0.65,0.32,0.81,0.22,1.46,0.4,,,,,,
Selenbp1,plex_1,0.74,0.34,0.87,0.2,1.47,0.5,,,,,,
Cltc,plex_1,1.1,0.29,0.84,0.21,1.76,0.5,,,,,,
Hspb7,plex_1,1.07,0.4,0.92,0.14,1.15,0.35,,,,,,
Atp5o,plex_1,0.81,0.3,0.87,0.22,1.32,0.55,,,,,,
Lamb2,plex_1,0.78,0.27,0.78,0.17,1.42,0.44,,,,,,
Tnnc2,plex_1,0.83,0.32,0.78,0.2,1.39,0.44,,,,,,
Vdac2,plex_1,0.76,0.29,0.79,0.2,1.09,0.4,,,,,,
Vdac2,plex_1,0.76,0.29,0.79,0.2,1.09,0.4,,,,,,
Gdi2,plex_1,0.71,0.26,0.76,0.22,1.48,0.42,,,,,,
Gdi2,plex_1,0.71,0.26,0.76,0.22,1.48,0.42,,,,,,
Gdi2,plex_1,0.71,0.26,0.76,0.22,1.48,0.42,,,,,,
Gdi2,plex_1,0.71,0.26,0.76,0.22,1.48,0.42,,,,,,
Gdi2,plex_1,0.71,0.26,0.76,0.22,1.48,0.42,,,,,,
,plex_1,0.61,0.28,0.63,0.47,2.5,0.63,,,,,,
Hba-a1,plex_1,0.61,0.28,0.63,0.47,2.5,0.63,,,,,,
Cyc1,plex_1,1.11,0.43,0.96,0.24,1.44,0.56,,,,,,
Cyc1,plex_1,1.11,0.43,0.96,0.24,1.44,0.56,,,,,,
Vim,plex_1,1.21,0.25,0.68,0.12,1.71,0.5,,,,,,
Dpysl2,plex_1,0.76,0.25,0.73,0.44,1.38,0.51,,,,,,
Tln1,plex_1,2.08,0.26,0.91,0.19,1.62,0.49,,,,,,
Tln1,plex_1,2.08,0.26,0.91,0.19,1.62,0.49,,,,,,
Pbxip1,plex_1,0.78,0.18,0.55,0.27,1.48,0.36,,,,,,
Npepps,plex_1,0.85,0.29,0.89,0.32,1.5,0.52,,,,,,
Hspa4,plex_1,0.97,0.27,0.89,0.24,1.64,0.51,,,,,,
Macrod1,plex_1,0.91,0.31,0.82,0.18,1.37,0.42,,,,,,
Vdac3,plex_1,0.63,0.25,0.75,0.21,1.29,0.43,,,,,,
Cacna1s,plex_1,0.87,0.27,0.81,0.23,1.68,0.43,,,,,,
Cacna1s,plex_1,0.87,0.27,0.81,0.23,1.68,0.43,,,,,,
Ndufv1,plex_1,0.83,0.32,0.8,0.26,1.41,0.61,,,,,,
Tpm2,plex_1,0.92,0.32,0.79,0.22,1.51,0.43,,,,,,
Mylk2,plex_1,0.74,0.31,0.76,0.21,1.52,0.33,,,,,,
Mylk2,plex_1,0.74,0.31,0.76,0.21,1.52,0.33,,,,,,
Cacnb1,plex_1,0.84,0.28,0.77,0.19,1.44,0.4,,,,,,
Mpi,plex_1,1.86,0.31,1.11,0.18,1.52,0.62,,,,,,
Ldhb,plex_1,0.7,0.28,0.64,0.26,1.16,0.6,,,,,,
Jph1,plex_1,0.68,0.32,0.73,0.21,1.5,0.35,,,,,,
,plex_1,0.69,0.16,0.61,0.37,1.42,0.61,,,,,,
Dnm1l,plex_1,2.08,0.27,0.85,0.25,1.65,0.51,,,,,,
Dnm1l,plex_1,2.08,0.27,0.85,0.25,1.65,0.51,,,,,,
Dnm1l,plex_1,2.08,0.27,0.85,0.25,1.65,0.51,,,,,,
Adck3,plex_1,0.9,0.37,0.77,0.19,1.23,0.46,,,,,,
Ppp2r1a,plex_1,0.63,0.29,0.71,0.2,1.47,0.39,,,,,,
Gbe1,plex_1,8.36,0.28,1.85,0.16,2.33,0.62,,,,,,
Fhl1,plex_1,0.85,0.35,0.85,0.19,0.95,0.39,,,,,,
Camk2g,plex_1,0.67,0.35,0.68,0.2,1.34,0.41,,,,,,
Camk2g,plex_1,0.67,0.35,0.68,0.2,1.34,0.41,,,,,,
Camk2g,plex_1,0.67,0.35,0.68,0.2,1.34,0.41,,,,,,
Slc25a3,plex_1,1.23,0.3,0.89,0.22,1.46,0.53,,,,,,
Dysf,plex_1,1.3,0.25,0.78,0.18,1.43,0.5,,,,,,
Jph2,plex_1,0.88,0.28,0.81,0.2,1.31,0.36,,,,,,
Ywhae,plex_1,0.77,0.29,0.76,0.21,1.61,0.43,,,,,,
Dcn,plex_1,0.99,0.31,0.71,0.22,1.67,0.46,,,,,,
Aifm1,plex_1,0.9,0.21,0.84,0.19,1.26,0.49,,,,,,
Capzb,plex_1,0.77,0.29,0.81,0.24,1.64,0.43,,,,,,
Gbas,plex_1,0.79,0.35,0.84,0.24,1.34,0.49,,,,,,
Gbas,plex_1,0.79,0.35,0.84,0.24,1.34,0.49,,,,,,
Pvalb,plex_1,0.88,0.42,0.89,0.15,1.37,0.34,,,,,,
Myh11,plex_1,0.75,0.31,0.83,0.23,1.53,0.51,,,,,,
Synm,plex_1,1.07,0.32,0.88,0.18,1.62,0.47,,,,,,
Synm,plex_1,1.07,0.32,0.88,0.18,1.62,0.47,,,,,,
Atp5h,plex_1,0.74,0.29,0.75,0.27,1.48,0.46,,,,,,
Idh3a,plex_1,0.87,0.29,0.88,0.2,1.22,0.47,,,,,,
Actg1,plex_1,0.82,0.34,0.73,0.65,1.54,0.56,,,,,,
Actb,plex_1,0.82,0.34,0.73,0.65,1.54,0.56,,,,,,
Prdx5,plex_1,0.62,0.31,0.8,0.26,1.22,0.53,,,,,,
Prdx5,plex_1,0.62,0.31,0.8,0.26,1.22,0.53,,,,,,
Prdx5,plex_1,0.62,0.31,0.8,0.26,1.22,0.53,,,,,,
Prdx5,plex_1,0.62,0.31,0.8,0.26,1.22,0.53,,,,,,
Prelp,plex_1,0.87,0.32,0.66,0.16,1.56,0.45,,,,,,
Gstm1,plex_1,0.8,0.24,0.69,0.24,1.5,0.38,,,,,,
Samm50,plex_1,0.72,0.27,0.82,0.21,1.23,0.44,,,,,,
Myoz3,plex_1,1.08,0.33,0.93,0.15,1.68,0.45,,,,,,
Myoz3,plex_1,1.08,0.33,0.93,0.15,1.68,0.45,,,,,,
Prdx6,plex_1,0.75,0.26,0.81,0.22,1.38,0.48,,,,,,
Prdx6,plex_1,0.75,0.26,0.81,0.22,1.38,0.48,,,,,,
Prdx6,plex_1,0.75,0.26,0.81,0.22,1.38,0.48,,,,,,
Tmod1,plex_1,0.83,0.29,0.89,0.16,1.3,0.33,,,,,,
Ndufv2,plex_1,0.63,0.26,0.76,0.21,1.25,0.43,,,,,,
Prdx1,plex_1,0.76,0.27,0.69,0.21,1.33,0.46,,,,,,
Slc25a11,plex_1,0.99,0.42,1.21,0.2,1.31,0.59,,,,,,
Eci1,plex_1,0.98,0.31,0.88,0.2,1.39,0.61,,,,,,
Pzp,plex_1,4.8,0.27,1.16,0.25,2.77,0.77,,,,,,
Phb,plex_1,1.74,0.34,0.86,0.19,1.61,0.58,,,,,,
Phb2,plex_1,0.83,0.35,0.78,0.24,1.57,0.51,,,,,,
Akr1b1,plex_1,0.84,0.25,0.87,0.21,1.84,0.45,,,,,,
Decr1,plex_1,0.75,0.36,0.85,0.21,1.39,0.56,,,,,,
Txnrd1,plex_1,1.87,0.34,0.98,0.27,1.69,0.53,,,,,,
Txnrd1,plex_1,1.87,0.34,0.98,0.27,1.69,0.53,,,,,,
Pdlim7,plex_1,1.13,0.25,0.81,0.21,1.67,0.37,,,,,,
Pdlim7,plex_1,1.13,0.25,0.81,0.21,1.67,0.37,,,,,,
Coq6,plex_1,1.22,0.32,0.88,0.19,1.43,0.55,,,,,,
Gyg,plex_1,0.92,0.34,0.95,0.2,1.32,0.5,,,,,,
Gyg1,plex_1,0.92,0.34,0.95,0.2,1.32,0.5,,,,,,
Ndufs3,plex_1,0.77,0.3,0.84,0.29,1.5,0.59,,,,,,
Tmod4,plex_1,0.86,0.3,0.86,0.29,1.45,0.42,,,,,,
Rtn2,plex_1,0.58,0.26,0.66,0.19,1.2,0.44,,,,,,
Lamb1,plex_1,0.86,0.33,0.87,0.13,1.37,0.38,,,,,,
Me1,plex_1,0.57,0.23,0.69,0.2,1.57,0.37,,,,,,
Cox4i1,plex_1,0.68,0.26,0.86,0.27,1.36,0.46,,,,,,
Ivd,plex_1,1.27,0.29,0.97,0.2,1.67,0.56,,,,,,
Fbp2,plex_1,1.03,0.29,0.83,0.2,1.56,0.29,,,,,,
Fbp2,plex_1,1.03,0.29,0.83,0.2,1.56,0.29,,,,,,
Hspa5,plex_1,0.63,0.23,0.69,0.23,1.56,0.48,,,,,,
Uggt1,plex_1,1.31,0.25,0.94,0.2,1.67,0.5,,,,,,
Acads,plex_1,1.46,0.25,0.92,0.25,1.34,0.53,,,,,,
Etfb,plex_1,0.68,0.32,0.79,0.26,1.6,0.62,,,,,,
Prkar2a,plex_1,3.69,0.25,1.15,0.22,1.92,0.52,,,,,,
Prkar2a,plex_1,3.69,0.25,1.15,0.22,1.92,0.52,,,,,,
Rpl4,plex_1,0.77,0.27,0.74,0.22,1.29,0.4,,,,,,
Pcca,plex_1,0.77,0.33,0.86,0.27,1.49,0.55,,,,,,
Acot2,plex_1,1.2,0.36,0.79,0.17,1.63,0.6,,,,,,
Pcx,plex_1,0.89,0.24,0.64,0.22,1.56,0.44,,,,,,
Pcx,plex_1,0.89,0.24,0.64,0.22,1.56,0.44,,,,,,
Col6a2,plex_1,1.52,0.28,0.81,0.22,1.65,0.47,,,,,,
Mccc2,plex_1,1.16,0.35,0.89,0.27,1.28,0.52,,,,,,
Eif4a2,plex_1,0.66,0.29,0.83,0.24,1.46,0.42,,,,,,
Eif4a2,plex_1,0.66,0.29,0.83,0.24,1.46,0.42,,,,,,
Pdlim3,plex_1,1.13,0.33,0.85,0.24,1.55,0.32,,,,,,
Gart,plex_1,1.46,0.24,0.88,0.2,1.99,0.58,,,,,,
Gart,plex_1,1.46,0.24,0.88,0.2,1.99,0.58,,,,,,
Tufm,plex_1,0.81,0.3,0.83,0.25,1.43,0.48,,,,,,
Sdhb,plex_1,0.68,0.3,0.79,0.22,1.27,0.45,,,,,,
Sdhb,plex_1,0.68,0.3,0.79,0.22,1.27,0.45,,,,,,
Tln2,plex_1,0.98,0.17,0.86,0.23,1.65,0.57,,,,,,
Ptrf,plex_1,1.08,0.32,0.87,0.21,1.58,0.51,,,,,,
Atl2,plex_1,0.63,0.25,0.65,0.21,1.52,0.34,,,,,,
Capn1,plex_1,0.81,0.24,0.7,0.18,1.38,0.49,,,,,,
Atp5f1,plex_1,0.73,0.28,1.0,0.24,1.11,0.49,,,,,,
D10Jhu81e,plex_1,1.01,0.3,0.81,0.24,1.45,0.58,,,,,,
Prdx2,plex_1,0.55,0.27,0.72,0.26,1.6,0.5,,,,,,
Apobec2,plex_1,0.85,0.32,0.86,0.23,1.41,0.54,,,,,,
Lmcd1,plex_1,1.2,0.34,0.98,0.18,1.52,0.46,,,,,,
Ppia,plex_1,0.67,0.21,0.84,0.22,1.35,0.37,,,,,,
Ppia,plex_1,0.67,0.21,0.84,0.22,1.35,0.37,,,,,,
Ppia,plex_1,0.67,0.21,0.84,0.22,1.35,0.37,,,,,,
Thbs4,plex_1,1.5,0.32,1.14,0.2,1.47,0.46,,,,,,
Flna,plex_1,1.79,0.22,1.01,0.23,1.71,0.46,,,,,,
Nid1,plex_1,1.02,0.31,0.86,0.18,1.68,0.48,,,,,,
Pcbp1,plex_1,0.84,0.34,0.85,0.26,1.55,0.42,,,,,,
Cryab,plex_1,0.99,0.48,1.16,0.15,0.78,0.31,,,,,,
Hspb6,plex_1,1.09,0.37,0.95,0.16,1.55,0.37,,,,,,
Plin4,plex_1,0.89,0.3,0.75,0.27,1.32,0.45,,,,,,
Bgn,plex_1,0.96,0.32,0.67,0.18,1.75,0.5,,,,,,
Bgn,plex_1,0.96,0.32,0.67,0.18,1.75,0.5,,,,,,
Bgn,plex_1,0.96,0.32,0.67,0.18,1.75,0.5,,,,,,
Iars2,plex_1,0.88,0.32,0.83,0.24,1.41,0.45,,,,,,
Bag3,plex_1,0.87,0.33,0.83,0.2,1.35,0.4,,,,,,
Hsd17b10,plex_1,1.28,0.35,1.01,0.21,1.65,0.66,,,,,,
HC,plex_1,0.77,0.33,0.49,0.24,1.43,0.75,,,,,,
Ighg2b,plex_1,0.77,0.33,0.49,0.24,1.43,0.75,,,,,,
HC,plex_1,0.77,0.33,0.49,0.24,1.43,0.75,,,,,,
Hadh,plex_1,1.21,0.32,0.97,0.26,1.45,0.63,,,,,,
Suclg1,plex_1,0.74,0.3,0.81,0.23,1.34,0.42,,,,,,
Fmod,plex_1,1.34,0.4,0.63,0.15,1.89,0.54,,,,,,
Capza2,plex_1,0.67,0.26,0.75,0.22,1.53,0.36,,,,,,
Acadm,plex_1,0.77,0.24,0.71,0.22,1.23,0.5,,,,,,
Mtco2,plex_1,0.78,0.28,0.77,0.22,1.39,0.58,,,,,,
COX2,plex_1,0.78,0.28,0.77,0.22,1.39,0.58,,,,,,
Dhrs7c,plex_1,0.6,0.29,0.8,0.23,1.34,0.42,,,,,,
Ces1d,plex_1,0.76,0.32,0.79,0.24,1.56,0.41,,,,,,
Mlip,plex_1,1.29,0.24,0.89,0.26,1.47,0.41,,,,,,
Cmbl,plex_1,0.7,0.23,0.76,0.17,1.48,0.44,,,,,,
Gm20390,plex_1,0.76,0.31,0.75,0.22,1.5,0.49,,,,,,
Sh3bgr,plex_1,0.75,0.34,0.73,0.16,1.45,0.47,,,,,,
Pfn1,plex_1,0.53,0.21,0.49,0.22,1.22,0.41,,,,,,
Apoa1,plex_1,0.42,0.27,0.58,0.38,1.95,0.43,,,,,,
Hhatl,plex_1,0.9,0.21,0.78,0.18,1.57,0.42,,,,,,
Cpt2,plex_1,0.7,0.3,0.79,0.25,1.4,0.58,,,,,,
Dlst,plex_1,0.71,0.34,0.81,0.22,1.15,0.47,,,,,,
Trdn,plex_1,0.98,0.27,0.74,0.21,1.59,0.42,,,,,,
Ywhag,plex_1,0.6,0.25,0.94,0.22,1.59,0.39,,,,,,
Atp5c1,plex_1,1.92,0.36,1.06,0.24,1.54,0.64,,,,,,
Hibadh,plex_1,0.64,0.34,0.83,0.21,1.27,0.5,,,,,,
C3,plex_1,0.63,0.27,0.67,0.27,2.05,0.84,,,,,,
Actc1,plex_1,0.74,0.3,1.04,0.29,1.55,0.34,,,,,,
Pdpr,plex_1,0.93,0.32,0.93,0.2,1.26,0.45,,,,,,
Synpo,plex_1,0.97,0.29,0.79,0.16,1.27,0.39,,,,,,
Synpo,plex_1,0.97,0.29,0.79,0.16,1.27,0.39,,,,,,
Synpo,plex_1,0.97,0.29,0.79,0.16,1.27,0.39,,,,,,
Ecm29,plex_1,1.22,0.36,0.89,0.25,1.62,0.47,,,,,,
Ecm29,plex_1,1.22,0.36,0.89,0.25,1.62,0.47,,,,,,
Vapb,plex_1,0.76,0.21,0.71,0.21,1.53,0.41,,,,,,
Vapb,plex_1,0.76,0.21,0.71,0.21,1.53,0.41,,,,,,
Serpina1c,plex_1,0.78,0.32,0.84,0.22,2.22,0.62,,,,,,
Ehd2,plex_1,0.82,0.32,0.81,0.2,1.3,0.4,,,,,,
Eef1g,plex_1,0.88,0.38,0.74,0.19,1.49,0.51,,,,,,
Hist1h3e,plex_1,0.72,0.29,0.63,0.21,1.42,0.38,,,,,,
Hist1h3b,plex_1,0.72,0.29,0.63,0.21,1.42,0.38,,,,,,
Opa1,plex_1,1.73,0.29,1.26,0.18,1.64,0.57,,,,,,
Opa1,plex_1,1.73,0.29,1.26,0.18,1.64,0.57,,,,,,
Opa1,plex_1,1.73,0.29,1.26,0.18,1.64,0.57,,,,,,
Aldh1a1,plex_1,0.68,0.32,0.65,0.24,1.8,0.46,,,,,,
Pdp1,plex_1,0.6,0.35,0.9,0.21,1.34,0.47,,,,,,
Ddx3x,plex_1,0.59,0.22,0.58,0.26,1.26,0.41,,,,,,
Ank3,plex_1,1.22,0.21,0.76,0.21,1.53,0.44,,,,,,
Snta1,plex_1,1.84,0.28,1.06,0.18,1.67,0.51,,,,,,
Ndufa7,plex_1,0.86,0.36,0.78,0.29,1.4,0.47,,,,,,
Sptb,plex_1,1.68,0.28,1.0,0.23,1.94,0.89,,,,,,
Sptb,plex_1,1.68,0.28,1.0,0.23,1.94,0.89,,,,,,
Sptb,plex_1,1.68,0.28,1.0,0.23,1.94,0.89,,,,,,
Prdx3,plex_1,1.0,0.31,0.97,0.23,1.48,0.57,,,,,,
Myom3,plex_1,0.89,0.31,0.84,0.19,1.13,0.47,,,,,,
Lonp1,plex_1,0.74,0.3,0.85,0.23,1.39,0.43,,,,,,
Lonp1,plex_1,0.74,0.3,0.85,0.23,1.39,0.43,,,,,,
Anxa5,plex_1,1.01,0.16,0.85,0.39,1.48,0.64,,,,,,
Lap3,plex_1,1.12,0.26,1.09,0.23,2.19,0.54,,,,,,
Lap3,plex_1,1.12,0.26,1.09,0.23,2.19,0.54,,,,,,
Esd,plex_1,0.58,0.23,0.64,0.18,1.01,0.36,,,,,,
Ube2n,plex_1,0.85,0.28,0.68,0.26,1.48,0.36,,,,,,
Map4,plex_1,1.21,0.31,0.77,0.23,1.5,0.48,,,,,,
Map4,plex_1,1.21,0.31,0.77,0.23,1.5,0.48,,,,,,
Gdi1,plex_1,0.96,0.26,0.79,0.18,1.45,0.46,,,,,,
Anxa11,plex_1,0.87,0.34,0.76,0.2,1.54,0.46,,,,,,
Jsrp1,plex_1,0.79,0.48,0.84,0.2,1.45,0.5,,,,,,
Jsrp1,plex_1,0.79,0.48,0.84,0.2,1.45,0.5,,,,,,
Atp5j,plex_1,0.68,0.34,0.62,0.25,1.3,0.45,,,,,,
P4hb,plex_1,0.74,0.28,0.69,0.22,1.56,0.49,,,,,,
P4hb,plex_1,0.74,0.28,0.69,0.22,1.56,0.49,,,,,,
P4hb,plex_1,0.74,0.28,0.69,0.22,1.56,0.49,,,,,,
P4hb,plex_1,0.74,0.28,0.69,0.22,1.56,0.49,,,,,,
P4hb,plex_1,0.74,0.28,0.69,0.22,1.56,0.49,,,,,,
P4hb,plex_1,0.74,0.28,0.69,0.22,1.56,0.49,,,,,,
P4hb,plex_1,0.74,0.28,0.69,0.22,1.56,0.49,,,,,,
Hspb1,plex_1,0.61,0.26,0.71,0.17,1.18,0.36,,,,,,
Echs1,plex_1,0.76,0.31,0.71,0.22,1.33,0.54,,,,,,
Ctsd,plex_1,1.14,0.32,0.73,0.21,3.16,0.53,,,,,,
,plex_1,1.29,0.36,1.33,0.27,0.96,0.57,,,,,,
Tcap,plex_1,0.65,0.29,0.69,0.19,1.38,0.41,,,,,,
,plex_1,0.65,0.29,0.69,0.19,1.38,0.41,,,,,,
Rnh1,plex_1,0.75,0.26,0.79,0.26,1.45,0.34,,,,,,
Atp1b1,plex_1,0.51,0.26,0.57,0.21,1.14,0.5,,,,,,
Oxsr1,plex_1,0.82,0.23,0.81,0.2,1.3,0.43,,,,,,
Ahsg,plex_1,1.75,0.34,0.77,0.23,2.52,1.02,,,,,,
Gstm2,plex_1,0.97,0.27,0.71,0.22,1.73,0.46,,,,,,
Pabpc4,plex_1,0.85,0.27,0.81,0.25,1.47,0.57,,,,,,
Pabpc4,plex_1,0.85,0.27,0.81,0.25,1.47,0.57,,,,,,
Pabpc4,plex_1,0.85,0.27,0.81,0.25,1.47,0.57,,,,,,
Tnxb,plex_1,0.93,0.35,0.76,0.17,1.67,0.42,,,,,,
Ndufs4,plex_1,0.67,0.25,0.78,0.26,1.44,0.51,,,,,,
Ndufs4,plex_1,0.67,0.25,0.78,0.26,1.44,0.51,,,,,,
Pcmt1,plex_1,0.69,0.32,0.8,0.18,1.44,0.38,,,,,,
Pcmt1,plex_1,0.69,0.32,0.8,0.18,1.44,0.38,,,,,,
Pcmt1,plex_1,0.69,0.32,0.8,0.18,1.44,0.38,,,,,,
Pcmt1,plex_1,0.69,0.32,0.8,0.18,1.44,0.38,,,,,,
Pcmt1,plex_1,0.69,0.32,0.8,0.18,1.44,0.38,,,,,,
Letm1,plex_1,1.36,0.27,1.01,0.2,1.3,0.47,,,,,,
Pdhx,plex_1,0.94,0.35,0.81,0.25,1.65,0.47,,,,,,
Ank1,plex_1,1.89,0.29,1.02,0.3,1.68,0.54,,,,,,
Akr1b10,plex_1,0.5,0.29,0.7,0.22,1.15,0.4,,,,,,
Akr1b10,plex_1,0.5,0.29,0.7,0.22,1.15,0.4,,,,,,
Akr1b10,plex_1,0.5,0.29,0.7,0.22,1.15,0.4,,,,,,
Ogn,plex_1,1.03,0.32,0.75,0.15,1.87,0.52,,,,,,
Cox5a,plex_1,0.7,0.32,0.83,0.21,1.19,0.47,,,,,,
Glud1,plex_1,0.78,0.28,0.77,0.19,1.56,0.51,,,,,,
Calm1,plex_1,0.85,0.35,0.94,0.27,2.3,0.48,,,,,,
Calm1,plex_1,0.85,0.35,0.94,0.27,2.3,0.48,,,,,,
Ighm,plex_1,0.44,0.24,0.35,0.1,1.92,0.85,,,,,,
Ighm,plex_1,0.44,0.24,0.35,0.1,1.92,0.85,,,,,,
Atic,plex_1,0.79,0.47,0.74,0.25,1.55,0.46,,,,,,
Ca2,plex_1,0.48,0.15,0.67,0.3,2.19,0.62,,,,,,
Adh5,plex_1,1.08,0.35,0.97,0.31,1.67,0.52,,,,,,
Ddb1,plex_1,1.05,0.31,0.72,0.22,1.48,0.44,,,,,,
Cfl2,plex_1,0.76,0.3,0.83,0.2,1.38,0.44,,,,,,
Mug1,plex_1,0.5,0.2,0.52,0.25,1.93,0.58,,,,,,
Pgp,plex_1,1.98,0.39,1.09,0.23,1.62,0.45,,,,,,
Mpst,plex_1,0.9,0.23,0.71,0.19,1.31,0.47,,,,,,
Mpst,plex_1,0.9,0.23,0.71,0.19,1.31,0.47,,,,,,
Mpst,plex_1,0.9,0.23,0.71,0.19,1.31,0.47,,,,,,
Ndufb9,plex_1,1.01,0.37,0.89,0.25,1.39,0.62,,,,,,
Stip1,plex_1,0.86,0.31,1.06,0.21,1.67,0.52,,,,,,
Nap1l4,plex_1,1.0,0.25,0.63,0.17,1.52,0.39,,,,,,
Nap1l4,plex_1,1.0,0.25,0.63,0.17,1.52,0.39,,,,,,
Nap1l4,plex_1,1.0,0.25,0.63,0.17,1.52,0.39,,,,,,
Bpgm,plex_1,0.87,0.24,0.78,0.24,2.3,0.55,,,,,,
Klhl40,plex_1,1.05,0.3,0.8,0.25,1.58,0.38,,,,,,
Col6a5,plex_1,6.82,0.19,1.1,0.09,2.46,0.66,,,,,,
Sod2,plex_1,1.03,0.28,0.89,0.2,1.36,0.59,,,,,,
Pacsin3,plex_1,1.13,0.3,0.83,0.17,1.7,0.4,,,,,,
Atp5l,plex_1,1.29,0.33,0.89,0.24,1.7,0.66,,,,,,
Atp5l,plex_1,1.29,0.33,0.89,0.24,1.7,0.66,,,,,,
Atp5l,plex_1,1.29,0.33,0.89,0.24,1.7,0.66,,,,,,
Ephx2,plex_1,0.82,0.29,0.68,0.22,1.37,0.53,,,,,,
Ephx2,plex_1,0.82,0.29,0.68,0.22,1.37,0.53,,,,,,
Afg3l2,plex_1,0.77,0.3,0.69,0.24,1.29,0.46,,,,,,
Psma1,plex_1,0.76,0.29,0.69,0.24,1.6,0.47,,,,,,
Psmd2,plex_1,0.57,0.23,0.9,0.21,1.55,0.39,,,,,,
Psmd2,plex_1,0.57,0.23,0.9,0.21,1.55,0.39,,,,,,
Psmd2,plex_1,0.57,0.23,0.9,0.21,1.55,0.39,,,,,,
Prps1,plex_1,0.78,0.25,0.86,0.22,1.72,0.46,,,,,,
Prps1,plex_1,0.78,0.25,0.86,0.22,1.72,0.46,,,,,,
Prps1l3,plex_1,0.78,0.25,0.86,0.22,1.72,0.46,,,,,,
Lum,plex_1,0.58,0.23,0.67,0.17,1.42,0.41,,,,,,
Hist1h2bb,plex_1,0.92,0.36,0.75,0.25,1.39,0.52,,,,,,
Hist1h2bh,plex_1,0.92,0.36,0.75,0.25,1.39,0.52,,,,,,
Tceb2,plex_1,2.13,0.38,0.87,0.32,1.52,0.37,,,,,,
Pdia3,plex_1,1.55,0.27,0.85,0.17,1.68,0.58,,,,,,
Scrn3,plex_1,1.44,0.27,0.89,0.18,1.62,0.48,,,,,,
Qdpr,plex_1,0.73,0.28,0.83,0.21,1.52,0.41,,,,,,
Ddost,plex_1,1.7,0.2,1.05,0.19,1.05,0.4,,,,,,
Cd36,plex_1,0.94,0.3,0.91,0.21,1.36,0.62,,,,,,
Cd36,plex_1,0.94,0.3,0.91,0.21,1.36,0.62,,,,,,
Cmya5,plex_1,0.67,0.28,0.74,0.21,1.51,0.39,,,,,,
Ran,plex_1,0.81,0.31,0.77,0.2,1.48,0.43,,,,,,
Rack1,plex_1,1.04,0.26,0.72,0.25,1.48,0.39,,,,,,
Ola1,plex_1,0.51,0.27,0.64,0.23,1.29,0.36,,,,,,
Coq9,plex_1,0.61,0.37,0.74,0.26,1.27,0.43,,,,,,
Arhgdia,plex_1,0.79,0.38,0.75,0.24,1.57,0.6,,,,,,
Ndufa12,plex_1,0.64,0.37,0.79,0.25,1.35,0.38,,,,,,
Ndufa12,plex_1,0.64,0.37,0.79,0.25,1.35,0.38,,,,,,
Ndufa12,plex_1,0.64,0.37,0.79,0.25,1.35,0.38,,,,,,
Serpinb6a,plex_1,0.7,0.31,0.7,0.23,1.45,0.47,,,,,,
Fabp3,plex_1,0.58,0.26,0.56,0.24,1.42,0.49,,,,,,
Obscn,plex_1,0.99,0.32,0.91,0.25,1.12,0.43,,,,,,
,plex_1,8.4,0.21,1.7,0.29,3.3,0.76,,,,,,
Gmpr,plex_1,0.7,0.28,0.66,0.2,0.91,0.31,,,,,,
Stac3,plex_1,0.78,0.31,0.77,0.2,1.57,0.34,,,,,,
Psmc6,plex_1,1.0,0.39,0.93,0.24,1.93,0.56,,,,,,
Atp5d,plex_1,0.92,0.42,0.97,0.26,1.53,0.57,,,,,,
Atp5d,plex_1,0.92,0.42,0.97,0.26,1.53,0.57,,,,,,
Mybpc1,plex_1,0.56,0.19,0.9,,1.43,0.45,,,,,,
Ehd4,plex_1,0.68,0.26,0.76,0.16,1.52,0.44,,,,,,
Ehd4,plex_1,0.68,0.26,0.76,0.16,1.52,0.44,,,,,,
Ehd4,plex_1,0.68,0.26,0.76,0.16,1.52,0.44,,,,,,
Ehd4,plex_1,0.68,0.26,0.76,0.16,1.52,0.44,,,,,,
Sar1b,plex_1,0.71,0.33,0.7,0.23,1.37,0.4,,,,,,
Cox5b,plex_1,1.18,0.41,1.05,0.19,1.41,0.59,,,,,,
Cox5b,plex_1,1.18,0.41,1.05,0.19,1.41,0.59,,,,,,
Bcat2,plex_1,1.17,0.33,0.9,0.23,1.46,0.43,,,,,,
Lypla1,plex_1,1.63,0.4,1.14,0.25,2.26,0.65,,,,,,
Lypla1,plex_1,1.63,0.4,1.14,0.25,2.26,0.65,,,,,,
Lypla1,plex_1,1.63,0.4,1.14,0.25,2.26,0.65,,,,,,
Tigar,plex_1,0.71,0.3,0.86,0.36,1.22,0.57,,,,,,
Rpl7,plex_1,0.76,0.28,0.7,0.19,1.49,0.48,,,,,,
Ube2l3,plex_1,0.94,0.37,0.84,0.25,1.37,0.49,,,,,,
Cse1l,plex_1,0.61,0.27,0.68,0.2,1.45,0.36,,,,,,
Cse1l,plex_1,0.61,0.27,0.68,0.2,1.45,0.36,,,,,,
Aldh7a1,plex_1,1.12,0.25,0.94,0.19,1.8,0.42,,,,,,
Spr,plex_1,0.84,0.25,0.73,0.22,1.49,0.5,,,,,,
Spr,plex_1,0.84,0.25,0.73,0.22,1.49,0.5,,,,,,
Hpx,plex_1,1.81,0.19,0.7,0.22,2.27,1.54,,,,,,
Eef1d,plex_1,1.56,0.19,0.8,0.19,1.61,0.44,,,,,,
Eef1d,plex_1,1.56,0.19,0.8,0.19,1.61,0.44,,,,,,
Eef1d,plex_1,1.56,0.19,0.8,0.19,1.61,0.44,,,,,,
Eef1d,plex_1,1.56,0.19,0.8,0.19,1.61,0.44,,,,,,
Fabp4,plex_1,0.75,0.31,0.76,0.2,1.05,0.54,,,,,,
Nrap,plex_1,1.08,0.3,0.66,0.18,1.38,0.36,,,,,,
Acad8,plex_1,0.49,0.29,0.69,0.17,1.18,0.37,,,,,,
Ankrd2,plex_1,0.67,0.31,1.02,0.13,0.82,0.27,,,,,,
Rdx,plex_1,0.75,0.3,0.82,0.21,1.45,0.41,,,,,,
Pccb,plex_1,0.69,0.31,0.81,0.19,1.36,0.5,,,,,,
Pccb,plex_1,0.69,0.31,0.81,0.19,1.36,0.5,,,,,,
Pccb,plex_1,0.69,0.31,0.81,0.19,1.36,0.5,,,,,,
Atp5i,plex_1,1.13,0.37,0.86,0.21,1.4,0.52,,,,,,
Cct5,plex_1,1.58,0.5,1.27,0.15,1.56,0.6,,,,,,
Myoz2,plex_1,0.55,0.3,0.62,0.15,1.02,0.45,,,,,,
Trap1,plex_1,0.85,0.28,0.75,0.25,1.54,0.44,,,,,,
Trap1,plex_1,0.85,0.28,0.75,0.25,1.54,0.44,,,,,,
Trap1,plex_1,0.85,0.28,0.75,0.25,1.54,0.44,,,,,,
Trap1,plex_1,0.85,0.28,0.75,0.25,1.54,0.44,,,,,,
Trap1,plex_1,0.85,0.28,0.75,0.25,1.54,0.44,,,,,,
Aspn,plex_1,0.71,0.22,0.68,0.18,1.44,0.39,,,,,,
Pdia6,plex_1,1.09,0.19,0.63,0.2,1.42,0.38,,,,,,
Pdia6,plex_1,1.09,0.19,0.63,0.2,1.42,0.38,,,,,,
Cct2,plex_1,1.08,0.25,0.94,0.23,1.39,0.54,,,,,,
Suclg2,plex_1,1.55,0.31,0.83,0.25,1.74,0.47,,,,,,
Suclg2,plex_1,1.55,0.31,0.83,0.25,1.74,0.47,,,,,,
Cyb5r1,plex_1,0.96,0.33,1.0,0.22,1.35,0.52,,,,,,
Hrc,plex_1,1.66,0.3,0.97,0.3,1.89,0.41,,,,,,
Hrc,plex_1,1.66,0.3,0.97,0.3,1.89,0.41,,,,,,
Sptbn1,plex_1,0.76,0.25,0.6,0.22,1.35,0.43,,,,,,
Kera,plex_1,1.01,0.44,0.58,0.13,1.92,0.48,,,,,,
Stim1,plex_1,0.86,0.31,0.78,0.2,1.24,0.49,,,,,,
Idh1,plex_1,0.93,0.36,0.71,0.19,2.03,0.49,,,,,,
Idh1,plex_1,0.93,0.36,0.71,0.19,2.03,0.49,,,,,,
Idh1,plex_1,0.93,0.36,0.71,0.19,2.03,0.49,,,,,,
Idh1,plex_1,0.93,0.36,0.71,0.19,2.03,0.49,,,,,,
Casq2,plex_1,0.86,0.25,0.73,0.19,1.21,0.45,,,,,,
Ybx3,plex_1,0.68,0.28,0.69,0.27,1.38,0.5,,,,,,
Ndufs6,plex_1,0.55,0.3,0.74,0.21,1.24,0.54,,,,,,
Fhl3,plex_1,1.13,0.23,1.15,0.26,1.98,0.39,,,,,,
Murc,plex_1,0.56,0.23,0.71,0.2,1.39,0.42,,,,,,
Ywhaz,plex_1,0.77,0.23,1.05,0.18,1.14,0.58,,,,,,
Glo1,plex_1,1.1,0.26,0.75,0.24,1.62,0.42,,,,,,
Phkg1,plex_1,0.82,0.27,0.69,0.16,1.39,0.36,,,,,,
Hspe1,plex_1,0.63,0.32,0.71,0.23,1.35,0.53,,,,,,
Aprt,plex_1,1.09,0.29,0.89,0.29,1.48,0.18,,,,,,
Dbt,plex_1,1.16,0.29,0.93,0.31,1.85,0.57,,,,,,
Psma2,plex_1,0.92,0.29,0.73,0.22,1.57,0.4,,,,,,
Psmc2,plex_1,0.94,0.25,0.78,0.24,1.77,0.47,,,,,,
Acot13,plex_1,0.67,0.34,0.94,0.19,1.37,0.6,,,,,,
Mpc1,plex_1,0.75,0.31,1.14,0.2,1.26,0.64,,,,,,
Mpc1,plex_1,0.75,0.31,1.14,0.2,1.26,0.64,,,,,,
Rad23b,plex_1,0.8,0.33,0.72,0.23,1.52,0.35,,,,,,
Gpt,plex_1,5.35,0.46,1.41,0.16,2.99,0.69,,,,,,
Rplp0,plex_1,0.83,0.21,0.73,0.23,1.44,0.41,,,,,,
Rplp0,plex_1,0.83,0.21,0.73,0.23,1.44,0.41,,,,,,
Uba52,plex_1,0.62,0.27,0.82,0.17,1.34,0.3,,,,,,
Hnrnpk,plex_1,1.09,0.23,0.91,0.17,1.63,0.56,,,,,,
Hist2h4,plex_1,0.54,0.36,0.77,0.18,1.16,0.37,,,,,,
Asrgl1,plex_1,0.86,0.22,0.8,0.23,1.59,0.5,,,,,,
Me3,plex_1,1.58,0.32,0.9,0.19,1.44,0.41,,,,,,
Cycs,plex_1,0.85,0.27,0.87,0.22,1.41,0.53,,,,,,
Fgb,plex_1,0.42,0.21,0.73,0.27,2.04,1.27,,,,,,
Cenpv,plex_1,1.17,0.37,0.81,0.33,1.6,0.5,,,,,,
Psap,plex_1,0.87,0.22,0.7,0.17,1.6,0.41,,,,,,
Psap,plex_1,0.87,0.22,0.7,0.17,1.6,0.41,,,,,,
Psap,plex_1,0.87,0.22,0.7,0.17,1.6,0.41,,,,,,
Psap,plex_1,0.87,0.22,0.7,0.17,1.6,0.41,,,,,,
Psap,plex_1,0.87,0.22,0.7,0.17,1.6,0.41,,,,,,
Psap,plex_1,0.87,0.22,0.7,0.17,1.6,0.41,,,,,,
Psap,plex_1,0.87,0.22,0.7,0.17,1.6,0.41,,,,,,
Psap,plex_1,0.87,0.22,0.7,0.17,1.6,0.41,,,,,,
Psap,plex_1,0.87,0.22,0.7,0.17,1.6,0.41,,,,,,
Psap,plex_1,0.87,0.22,0.7,0.17,1.6,0.41,,,,,,
Psap,plex_1,0.87,0.22,0.7,0.17,1.6,0.41,,,,,,
Psap,plex_1,0.87,0.22,0.7,0.17,1.6,0.41,,,,,,
Psap,plex_1,0.87,0.22,0.7,0.17,1.6,0.41,,,,,,
Psap,plex_1,0.87,0.22,0.7,0.17,1.6,0.41,,,,,,
Psap,plex_1,0.87,0.22,0.7,0.17,1.6,0.41,,,,,,
Psap,plex_1,0.87,0.22,0.7,0.17,1.6,0.41,,,,,,
Psap,plex_1,0.87,0.22,0.7,0.17,1.6,0.41,,,,,,
Psap,plex_1,0.87,0.22,0.7,0.17,1.6,0.41,,,,,,
Psap,plex_1,0.87,0.22,0.7,0.17,1.6,0.41,,,,,,
Cct3,plex_1,0.96,0.31,0.94,0.11,1.48,0.54,,,,,,
Cct3,plex_1,0.96,0.31,0.94,0.11,1.48,0.54,,,,,,
Psmd1,plex_1,1.1,0.26,0.75,0.2,1.63,0.41,,,,,,
Usp5,plex_1,0.82,0.21,1.16,0.2,1.24,0.39,,,,,,
Usp5,plex_1,0.82,0.21,1.16,0.2,1.24,0.39,,,,,,
Dhdh,plex_1,0.92,0.49,0.79,0.25,1.86,0.45,,,,,,
Gars,plex_1,0.85,0.3,0.72,0.21,1.44,0.32,,,,,,
Rpsa,plex_1,0.68,0.23,0.75,0.26,1.38,0.56,,,,,,
Ndufs7,plex_1,0.99,0.27,0.76,0.21,1.22,0.55,,,,,,
Rps2,plex_1,1.07,0.29,0.76,0.18,1.49,0.49,,,,,,
Rps2,plex_1,1.07,0.29,0.76,0.18,1.49,0.49,,,,,,
Rps2,plex_1,1.07,0.29,0.76,0.18,1.49,0.49,,,,,,
Rps2,plex_1,1.07,0.29,0.76,0.18,1.49,0.49,,,,,,
Rps2,plex_1,1.07,0.29,0.76,0.18,1.49,0.49,,,,,,
Rps2,plex_1,1.07,0.29,0.76,0.18,1.49,0.49,,,,,,
Rps2,plex_1,1.07,0.29,0.76,0.18,1.49,0.49,,,,,,
Col15a1,plex_1,0.88,0.22,0.72,0.23,1.45,0.54,,,,,,
Rsu1,plex_1,0.59,0.24,0.5,0.25,1.44,0.46,,,,,,
Rsu1,plex_1,0.59,0.24,0.5,0.25,1.44,0.46,,,,,,
Carnmt1,plex_1,1.64,0.29,0.83,0.24,4.2,0.37,,,,,,
Kpnb1,plex_1,1.24,0.14,0.92,0.12,1.61,0.4,,,,,,
Kpnb1,plex_1,1.24,0.14,0.92,0.12,1.61,0.4,,,,,,
Kpnb1,plex_1,1.24,0.14,0.92,0.12,1.61,0.4,,,,,,
Kpnb1,plex_1,1.24,0.14,0.92,0.12,1.61,0.4,,,,,,
Ndufs8,plex_1,1.15,0.27,0.91,0.21,1.15,0.65,,,,,,
Hist1h1d,plex_1,1.44,0.34,1.01,0.19,1.8,0.58,,,,,,
Gstm5,plex_1,0.69,0.27,0.89,0.28,1.39,0.57,,,,,,
Gstm5,plex_1,0.69,0.27,0.89,0.28,1.39,0.57,,,,,,
Psmd13,plex_1,0.73,0.28,0.86,0.13,1.3,0.37,,,,,,
Psmd13,plex_1,0.73,0.28,0.86,0.13,1.3,0.37,,,,,,
Ncl,plex_1,0.77,0.26,0.54,0.25,1.46,0.36,,,,,,
Ncl,plex_1,0.77,0.26,0.54,0.25,1.46,0.36,,,,,,
Dnaja2,plex_1,1.54,0.33,0.89,0.17,1.73,0.37,,,,,,
Mavs,plex_1,0.45,0.24,0.71,0.24,1.68,0.39,,,,,,
Psmc5,plex_1,0.92,0.31,0.75,0.16,1.4,0.49,,,,,,
Cox6b1,plex_1,0.82,0.27,0.76,0.23,1.24,0.5,,,,,,
Gsn,plex_1,0.78,0.33,0.64,0.2,1.47,0.39,,,,,,
Ttr,plex_1,0.59,0.3,0.6,0.21,1.68,0.38,,,,,,
Clybl,plex_1,0.58,0.32,0.65,0.23,1.28,0.47,,,,,,
Sod1,plex_1,1.26,0.26,0.86,0.29,1.81,0.58,,,,,,
Nampt,plex_1,0.93,0.37,0.86,0.18,1.55,0.48,,,,,,
Camk2a,plex_1,0.49,0.24,0.68,0.16,1.35,0.33,,,,,,
Camk2a,plex_1,0.49,0.24,0.68,0.16,1.35,0.33,,,,,,
Camk2a,plex_1,0.49,0.24,0.68,0.16,1.35,0.33,,,,,,
Ipo5,plex_1,0.45,0.2,0.71,0.24,1.33,0.47,,,,,,
Ndufb10,plex_1,1.03,0.31,0.94,0.26,1.69,0.54,,,,,,
Uqcrh,plex_1,0.67,0.29,0.67,0.24,1.24,0.45,,,,,,
Eml1,plex_1,1.19,0.29,1.07,0.25,1.41,0.41,,,,,,
Eml1,plex_1,1.19,0.29,1.07,0.25,1.41,0.41,,,,,,
Smpx,plex_1,0.87,0.4,0.96,0.24,1.66,0.42,,,,,,
Vwa5a,plex_1,0.58,0.24,0.63,0.2,1.23,0.35,,,,,,
Vwa8,plex_1,0.71,0.3,0.82,0.23,1.24,0.37,,,,,,
Psmc3,plex_1,0.58,0.25,0.71,0.22,1.54,0.42,,,,,,
Rpn1,plex_1,0.88,0.22,0.77,0.19,1.56,0.44,,,,,,
Map2k4,plex_1,1.0,0.24,0.92,0.16,1.3,0.36,,,,,,
C1qbp,plex_1,1.61,0.35,1.02,0.27,1.53,0.54,,,,,,
C1qbp,plex_1,1.61,0.35,1.02,0.27,1.53,0.54,,,,,,
Dars,plex_1,1.13,0.3,1.03,0.23,1.29,0.42,,,,,,
Dars,plex_1,1.13,0.3,1.03,0.23,1.29,0.42,,,,,,
Dars,plex_1,1.13,0.3,1.03,0.23,1.29,0.42,,,,,,
Dars,plex_1,1.13,0.3,1.03,0.23,1.29,0.42,,,,,,
Dars,plex_1,1.13,0.3,1.03,0.23,1.29,0.42,,,,,,
Tagln,plex_1,0.89,0.27,0.79,0.18,1.39,0.34,,,,,,
Uqcrb,plex_1,0.87,0.29,0.84,0.2,1.3,0.44,,,,,,
Uqcrb,plex_1,0.87,0.29,0.84,0.2,1.3,0.44,,,,,,
Akr7a2,plex_1,0.69,0.21,0.72,0.15,1.39,0.39,,,,,,
Lta4h,plex_1,0.82,0.2,0.82,0.21,1.5,0.52,,,,,,
Hmgcl,plex_1,0.83,0.29,0.67,0.17,1.44,0.44,,,,,,
Mypn,plex_1,0.78,0.23,0.78,0.19,1.39,0.39,,,,,,
Ndufa5,plex_1,0.63,0.34,0.7,0.25,1.39,0.42,,,,,,
Sccpdh,plex_1,5.88,0.31,1.29,0.18,2.48,0.77,,,,,,
Mecr,plex_1,1.06,0.32,0.88,0.23,1.37,0.5,,,,,,
Wdr1,plex_1,0.96,0.33,0.81,0.2,1.31,0.38,,,,,,
Lgals1,plex_1,0.65,0.22,0.61,0.17,1.37,0.4,,,,,,
Ide,plex_1,0.71,0.28,0.8,0.18,1.26,0.43,,,,,,
Ide,plex_1,0.71,0.28,0.8,0.18,1.26,0.43,,,,,,
Rpn2,plex_1,0.78,0.24,0.73,0.2,1.54,0.4,,,,,,
Rpn2,plex_1,0.78,0.24,0.73,0.2,1.54,0.4,,,,,,
Rpn2,plex_1,0.78,0.24,0.73,0.2,1.54,0.4,,,,,,
Rcsd1,plex_1,1.72,0.32,1.08,0.19,1.79,0.49,,,,,,
Rcsd1,plex_1,1.72,0.32,1.08,0.19,1.79,0.49,,,,,,
Aimp1,plex_1,0.7,0.28,0.77,0.21,1.49,0.34,,,,,,
Eif3a,plex_1,3.97,0.36,1.39,0.22,2.18,0.69,,,,,,
Mtch2,plex_1,1.91,0.3,0.86,0.26,1.58,0.5,,,,,,
Mtch2,plex_1,1.91,0.3,0.86,0.26,1.58,0.5,,,,,,
Pfn2,plex_1,0.85,0.26,0.81,0.24,1.47,0.44,,,,,,
Fitm1,plex_1,0.76,0.19,0.86,0.2,1.41,0.44,,,,,,
Ndufa13,plex_1,0.87,0.33,0.92,0.19,1.5,0.62,,,,,,
Psmd7,plex_1,16.46,0.21,2.29,0.22,4.49,0.89,,,,,,
Psma5,plex_1,0.71,0.33,0.79,0.22,1.64,0.47,,,,,,
Psma5,plex_1,0.71,0.33,0.79,0.22,1.64,0.47,,,,,,
Psma5,plex_1,0.71,0.33,0.79,0.22,1.64,0.47,,,,,,
Hsp90b1,plex_1,3.86,0.22,0.84,0.19,1.82,0.72,,,,,,
Acad10,plex_1,0.82,0.25,0.82,0.22,1.24,0.47,,,,,,
Dnm2,plex_1,0.51,0.18,0.59,0.1,1.12,0.4,,,,,,
Dnm2,plex_1,0.51,0.18,0.59,0.1,1.12,0.4,,,,,,
Ndufa3,plex_1,0.77,0.24,0.74,0.24,1.52,0.48,,,,,,
Mcpt4,plex_1,1.01,0.19,0.65,0.18,1.4,0.4,,,,,,
Alad,plex_1,0.82,0.26,0.81,0.32,1.11,0.38,,,,,,
Alad,plex_1,0.82,0.26,0.81,0.32,1.11,0.38,,,,,,
Rtn4,plex_1,0.79,0.23,0.75,0.21,1.5,0.48,,,,,,
Apool,plex_1,0.68,0.33,0.84,0.25,1.37,0.39,,,,,,
Ptrh2,plex_1,0.85,0.27,0.56,0.19,1.35,0.39,,,,,,
Dbi,plex_1,0.53,0.29,0.54,0.22,1.21,0.3,,,,,,
Hibch,plex_1,1.61,0.28,0.96,0.16,1.57,0.58,,,,,,
Fxr1,plex_1,0.85,0.3,0.75,0.22,2.75,0.41,,,,,,
Ndufv3,plex_1,0.63,0.32,0.6,0.21,1.38,0.37,,,,,,
Gpx1,plex_1,0.67,0.41,0.78,0.29,1.94,0.5,,,,,,
,plex_1,0.58,0.31,0.7,0.19,1.4,0.24,,,,,,
Ndufs5,plex_1,0.88,0.31,0.77,0.21,1.32,0.58,,,,,,
Tuba1b,plex_1,0.86,0.19,0.73,0.17,1.26,0.36,,,,,,
Abhd11,plex_1,0.96,0.31,0.77,0.24,1.49,0.66,,,,,,
Fkbp3,plex_1,1.1,0.35,0.85,0.26,1.66,0.39,,,,,,
Perm1,plex_1,2.29,0.49,1.29,0.26,2.0,0.82,,,,,,
Fga,plex_1,0.89,0.16,0.49,0.19,1.81,1.02,,,,,,
Fga,plex_1,0.89,0.16,0.49,0.19,1.81,1.02,,,,,,
Dhrs4,plex_1,0.75,0.3,0.82,0.23,1.42,0.53,,,,,,
Dhrs4,plex_1,0.75,0.3,0.82,0.23,1.42,0.53,,,,,,
Cmpk1,plex_1,0.76,0.3,0.91,0.26,1.7,0.46,,,,,,
Hsdl2,plex_1,4.81,0.35,1.04,0.19,2.22,0.69,,,,,,
Aldh5a1,plex_1,0.61,0.24,0.66,0.21,1.21,0.4,,,,,,
Tpm3,plex_1,1.22,0.32,0.61,0.26,1.27,0.4,,,,,,
Ndufa2,plex_1,0.99,0.35,0.89,0.21,1.43,0.54,,,,,,
Cops2,plex_1,0.49,0.14,0.71,0.15,1.26,0.33,,,,,,
Cops2,plex_1,0.49,0.14,0.71,0.15,1.26,0.33,,,,,,
Hdhd2,plex_1,0.93,0.25,0.8,0.24,1.44,0.37,,,,,,
Kng1,plex_1,0.99,0.36,0.63,0.27,1.83,0.86,,,,,,
Cbr1,plex_1,0.51,0.16,0.68,0.22,1.29,0.53,,,,,,
Unc45b,plex_1,0.79,0.39,1.5,0.22,1.57,0.72,,,,,,
Unc45b,plex_1,0.79,0.39,1.5,0.22,1.57,0.72,,,,,,
,plex_1,0.58,0.29,0.59,0.15,1.29,0.38,,,,,,
Mapk12,plex_1,1.58,0.31,0.88,0.19,1.25,0.43,,,,,,
Bsg,plex_1,0.73,0.36,0.81,0.18,1.6,0.47,,,,,,
Bsg,plex_1,0.73,0.36,0.81,0.18,1.6,0.47,,,,,,
Bsg,plex_1,0.73,0.36,0.81,0.18,1.6,0.47,,,,,,
Bsg,plex_1,0.73,0.36,0.81,0.18,1.6,0.47,,,,,,
Bsg,plex_1,0.73,0.36,0.81,0.18,1.6,0.47,,,,,,
H2-Ke6,plex_1,0.49,0.25,0.72,0.22,1.34,0.48,,,,,,
Hsd17b8,plex_1,0.49,0.25,0.72,0.22,1.34,0.48,,,,,,
Hsd17b8,plex_1,0.49,0.25,0.72,0.22,1.34,0.48,,,,,,
Rpl23,plex_1,1.37,0.4,0.97,0.26,2.46,0.76,,,,,,
Pdk4,plex_1,0.7,0.37,0.8,0.12,0.98,0.45,,,,,,
Mif,plex_1,0.54,0.25,0.74,0.25,1.36,0.46,,,,,,
Capns1,plex_1,0.92,0.32,0.94,0.27,1.7,0.43,,,,,,
Metap1,plex_1,1.23,0.28,1.34,0.17,1.8,0.68,,,,,,
Sgca,plex_1,0.85,0.36,1.02,0.24,1.74,0.45,,,,,,
Capn2,plex_1,0.58,0.31,0.62,0.26,1.56,0.47,,,,,,
Smtnl2,plex_1,1.67,0.31,0.84,0.23,1.75,0.44,,,,,,
,plex_1,0.99,0.16,0.3,0.37,0.98,0.39,,,,,,
Ndufb8,plex_1,1.67,0.38,1.15,0.19,1.55,0.64,,,,,,
Cbr4,plex_1,0.77,0.31,0.81,0.3,1.7,0.53,,,,,,
Tpt1,plex_1,0.56,0.23,0.89,0.19,1.53,0.46,,,,,,
Sgcd,plex_1,1.64,0.27,0.88,0.24,1.6,0.53,,,,,,
Dpt,plex_1,0.52,0.16,0.76,0.23,1.34,0.37,,,,,,
Rps13,plex_1,1.02,0.31,0.88,0.22,1.5,0.47,,,,,,
Rps13,plex_1,1.02,0.31,0.88,0.22,1.5,0.47,,,,,,
Actg1,plex_1,,,,,,,,,,,,
Ahcy,plex_1,0.63,0.26,0.76,0.23,1.74,0.42,,,,,,
Vps35,plex_1,1.05,0.5,1.0,0.18,1.82,0.41,,,,,,
Vps35,plex_1,1.05,0.5,1.0,0.18,1.82,0.41,,,,,,
Ppp1ca,plex_1,0.84,0.27,0.62,0.17,1.22,0.29,,,,,,
Psmb2,plex_1,0.83,0.32,0.86,0.16,1.45,0.44,,,,,,
Ndufa4,plex_1,4.88,0.39,1.39,0.28,1.77,0.55,,,,,,
Capn3,plex_1,6.28,0.29,1.52,0.2,2.82,0.76,,,,,,
Eif4g1,plex_1,0.97,0.24,0.88,0.23,1.43,0.4,,,,,,
Fn1,plex_1,1.0,0.26,0.85,0.19,1.88,0.63,,,,,,
Eci2,plex_1,1.11,0.24,0.8,0.22,1.46,0.45,,,,,,
Eci2,plex_1,1.11,0.24,0.8,0.22,1.46,0.45,,,,,,
Eci2,plex_1,1.11,0.24,0.8,0.22,1.46,0.45,,,,,,
Ube2k,plex_1,1.43,0.35,0.8,0.34,1.78,0.49,,,,,,
Ube2k,plex_1,1.43,0.35,0.8,0.34,1.78,0.49,,,,,,
Ube2k,plex_1,1.43,0.35,0.8,0.34,1.78,0.49,,,,,,
Metap2,plex_1,1.0,0.29,0.91,0.21,1.74,0.42,,,,,,
Metap2,plex_1,1.0,0.29,0.91,0.21,1.74,0.42,,,,,,
Metap2,plex_1,1.0,0.29,0.91,0.21,1.74,0.42,,,,,,
Ndufb5,plex_1,0.75,0.3,0.81,0.21,1.22,0.43,,,,,,
Ndufb5,plex_1,0.75,0.3,0.81,0.21,1.22,0.43,,,,,,
Atp5j2,plex_1,0.6,0.27,0.91,0.24,1.42,0.56,,,,,,
Akr1a1,plex_1,0.86,0.3,0.78,0.2,1.84,0.52,,,,,,
Akr1a1,plex_1,0.86,0.3,0.78,0.2,1.84,0.52,,,,,,
Akr1a1,plex_1,0.86,0.3,0.78,0.2,1.84,0.52,,,,,,
Calr,plex_1,0.83,0.17,0.67,0.2,1.58,0.39,,,,,,
Hnrnpm,plex_1,0.75,0.27,0.85,0.21,1.51,0.43,,,,,,
Rars,plex_1,1.07,0.2,0.82,0.22,1.44,0.4,,,,,,
Eif5a,plex_1,0.79,0.27,0.71,0.17,1.63,0.45,,,,,,
Ndufa8,plex_1,0.67,0.33,0.82,0.19,1.27,0.51,,,,,,
Cul3,plex_1,0.44,0.22,0.92,0.25,1.56,0.37,,,,,,
Hint1,plex_1,0.98,0.29,0.86,0.2,1.71,0.5,,,,,,
Hist1h3i,plex_1,,,,,,,,,,,,
Hist1h3a,plex_1,,,,,,,,,,,,
Stbd1,plex_1,2.4,0.25,1.08,0.23,2.27,0.52,,,,,,
Btf3,plex_1,1.48,0.44,1.18,0.34,1.52,0.3,,,,,,
Btf3,plex_1,1.48,0.44,1.18,0.34,1.52,0.3,,,,,,
Aco1,plex_1,0.64,0.2,0.65,0.21,1.07,0.39,,,,,,
Aamdc,plex_1,0.68,0.28,0.76,0.21,1.49,0.36,,,,,,
Aamdc,plex_1,0.68,0.28,0.76,0.21,1.49,0.36,,,,,,
Aamdc,plex_1,0.68,0.28,0.76,0.21,1.49,0.36,,,,,,
Gsr,plex_1,2.95,0.3,0.78,0.18,1.59,0.5,,,,,,
Hsd17b4,plex_1,0.73,0.29,0.61,0.16,1.31,0.35,,,,,,
Pcbp2,plex_1,0.71,0.18,0.81,0.21,1.45,0.48,,,,,,
Pcbp2,plex_1,0.71,0.18,0.81,0.21,1.45,0.48,,,,,,
Pcbp2,plex_1,0.71,0.18,0.81,0.21,1.45,0.48,,,,,,
Pcbp2,plex_1,0.71,0.18,0.81,0.21,1.45,0.48,,,,,,
Ndufb11,plex_1,0.81,0.29,0.68,0.41,1.4,0.5,,,,,,
Ndufb11,plex_1,0.81,0.29,0.68,0.41,1.4,0.5,,,,,,
Prkaca,plex_1,0.54,0.35,0.8,0.21,1.12,0.38,,,,,,
Osbp,plex_1,1.18,0.36,0.62,0.17,1.56,0.46,,,,,,
Tecr,plex_1,0.66,0.24,0.73,0.18,1.37,0.44,,,,,,
Phpt1,plex_1,1.04,0.3,0.91,0.18,1.4,0.44,,,,,,
Sdr39u1,plex_1,0.98,0.33,0.92,0.21,1.45,0.53,,,,,,
Sdr39u1,plex_1,0.98,0.33,0.92,0.21,1.45,0.53,,,,,,
Acyp2,plex_1,0.77,0.33,0.78,0.22,1.61,0.36,,,,,,
Psmb3,plex_1,1.08,0.3,0.88,0.29,1.65,0.35,,,,,,
Ptgr2,plex_1,0.84,0.24,0.78,0.17,1.51,0.57,,,,,,
Vapa,plex_1,0.66,0.31,0.86,0.2,1.45,0.47,,,,,,
Scp2,plex_1,0.75,0.28,0.97,0.28,1.13,0.72,,,,,,
Scp2,plex_1,0.75,0.28,0.97,0.28,1.13,0.72,,,,,,
Lmnb1,plex_1,2.13,0.2,0.94,0.21,2.01,0.39,,,,,,
Ppp2r2a,plex_1,1.3,0.26,1.38,0.21,1.8,0.54,,,,,,
Mpc2,plex_1,0.54,0.29,0.79,0.24,1.38,0.47,,,,,,
Ppp1r7,plex_1,0.7,0.33,0.61,0.28,0.94,0.45,,,,,,
Ndufb7,plex_1,0.96,0.27,0.81,0.25,1.27,0.54,,,,,,
Psmb5,plex_1,0.82,0.27,0.89,0.21,1.59,0.43,,,,,,
Ccbl2,plex_1,3.11,0.25,1.3,0.21,2.05,0.61,,,,,,
Ccbl2,plex_1,3.11,0.25,1.3,0.21,2.05,0.61,,,,,,
Zak,plex_1,2.57,0.28,1.06,0.17,1.65,0.59,,,,,,
Camk2b,plex_1,0.86,0.29,0.85,0.21,1.31,0.42,,,,,,
Comt,plex_1,1.05,0.17,1.15,0.21,1.5,0.61,,,,,,
Comt,plex_1,1.05,0.17,1.15,0.21,1.5,0.61,,,,,,
Cnbp,plex_1,1.26,0.26,0.88,0.27,1.6,0.42,,,,,,
Cnbp,plex_1,1.26,0.26,0.88,0.27,1.6,0.42,,,,,,
Usp15,plex_1,1.85,0.16,0.95,0.31,1.48,0.49,,,,,,
Usp15,plex_1,1.85,0.16,0.95,0.31,1.48,0.49,,,,,,
Usp15,plex_1,1.85,0.16,0.95,0.31,1.48,0.49,,,,,,
Aimp2,plex_1,0.57,0.3,0.78,0.39,1.25,0.48,,,,,,
Tor1aip1,plex_1,2.52,0.57,1.33,,3.46,0.42,,,,,,
Tor1aip1,plex_1,2.52,0.57,1.33,,3.46,0.42,,,,,,
Hnrnpa2b1,plex_1,6.8,0.2,0.85,0.16,1.88,0.58,,,,,,
Hnrnpa2b1,plex_1,6.8,0.2,0.85,0.16,1.88,0.58,,,,,,
Hnrnpa2b1,plex_1,6.8,0.2,0.85,0.16,1.88,0.58,,,,,,
Ces1c,plex_1,0.71,0.44,0.61,0.33,2.03,0.53,,,,,,
Hnrnph2,plex_1,1.0,0.23,0.73,0.21,1.52,0.43,,,,,,
Aldh4a1,plex_1,1.03,0.27,0.77,0.23,1.41,0.47,,,,,,
Prr33,plex_1,1.83,0.28,1.05,0.16,1.69,0.44,,,,,,
Tpp2,plex_1,17.66,0.41,2.35,0.16,3.84,0.99,,,,,,
Tpp2,plex_1,17.66,0.41,2.35,0.16,3.84,0.99,,,,,,
Tpp2,plex_1,17.66,0.41,2.35,0.16,3.84,0.99,,,,,,
Tpp2,plex_1,17.66,0.41,2.35,0.16,3.84,0.99,,,,,,
Mrps36,plex_1,0.57,0.29,0.71,0.25,1.24,0.61,,,,,,
Carkd,plex_1,0.56,0.31,0.68,0.27,1.38,0.38,,,,,,
Carkd,plex_1,0.56,0.31,0.68,0.27,1.38,0.38,,,,,,
Carkd,plex_1,0.56,0.31,0.68,0.27,1.38,0.38,,,,,,
Carkd,plex_1,0.56,0.31,0.68,0.27,1.38,0.38,,,,,,
Carkd,plex_1,0.56,0.31,0.68,0.27,1.38,0.38,,,,,,
Adk,plex_1,0.66,0.27,0.64,0.18,1.16,0.44,,,,,,
Adk,plex_1,0.66,0.27,0.64,0.18,1.16,0.44,,,,,,
Adk,plex_1,0.66,0.27,0.64,0.18,1.16,0.44,,,,,,
Nqo2,plex_1,1.41,0.35,0.75,0.19,1.53,0.52,,,,,,
Npm1,plex_1,0.57,0.25,0.59,0.21,1.15,0.44,,,,,,
Rps19,plex_1,0.89,0.25,0.9,0.29,1.62,0.68,,,,,,
Rps19,plex_1,0.89,0.25,0.9,0.29,1.62,0.68,,,,,,
Ndufa6,plex_1,0.71,0.34,0.82,0.25,1.47,0.51,,,,,,
Nedd4,plex_1,0.48,0.38,0.97,0.19,1.11,0.55,,,,,,
Tapt1,plex_1,1.56,0.3,1.27,0.27,1.74,0.56,,,,,,
Bdh1,plex_1,0.37,0.13,0.55,0.19,1.41,0.66,,,,,,
Eef1b,plex_1,1.03,0.27,0.7,0.22,1.67,0.45,,,,,,
Prkab2,plex_1,0.71,0.24,0.8,0.2,1.33,0.3,,,,,,
Gpx3,plex_1,1.15,0.26,1.29,0.46,2.64,0.5,,,,,,
Epdr1,plex_1,1.04,0.3,0.82,0.38,1.51,0.44,,,,,,
Rpl6,plex_1,1.56,0.32,1.08,0.2,1.93,0.53,,,,,,
Cap1,plex_1,4.33,0.26,1.17,0.21,2.29,0.53,,,,,,
Mtnd5,plex_1,0.4,0.18,0.57,0.21,1.18,0.36,,,,,,
Rps16,plex_1,2.31,0.23,1.01,0.3,2.03,0.57,,,,,,
Rps16,plex_1,2.31,0.23,1.01,0.3,2.03,0.57,,,,,,
Rps16,plex_1,2.31,0.23,1.01,0.3,2.03,0.57,,,,,,
Emc1,plex_1,0.65,0.24,0.63,0.15,1.4,0.48,,,,,,
Emc1,plex_1,0.65,0.24,0.63,0.15,1.4,0.48,,,,,,
Yars,plex_1,0.59,0.25,0.73,0.21,1.4,0.36,,,,,,
Yars,plex_1,0.59,0.25,0.73,0.21,1.4,0.36,,,,,,
Rplp1,plex_1,1.22,0.32,0.77,0.23,1.9,0.48,,,,,,
Eif3j1,plex_1,1.02,0.29,0.89,0.27,2.04,0.39,,,,,,
Eif3j2,plex_1,1.02,0.29,0.89,0.27,2.04,0.39,,,,,,
Sypl2,plex_1,1.42,0.25,1.35,0.21,0.98,0.54,,,,,,
Farsa,plex_1,1.21,0.35,0.71,0.28,1.64,0.53,,,,,,
Farsa,plex_1,1.21,0.35,0.71,0.28,1.64,0.53,,,,,,
Rpl18,plex_1,0.97,0.23,0.89,0.24,1.64,0.43,,,,,,
Mapre1,plex_1,1.16,0.29,0.89,0.27,2.61,0.66,,,,,,
Psma7,plex_1,1.3,0.31,0.88,0.16,1.87,0.55,,,,,,
Ech1,plex_1,0.58,0.26,0.59,0.22,1.2,0.39,,,,,,
Acaa1b,plex_1,0.91,0.48,0.61,0.15,1.33,0.6,,,,,,
Acaa1b,plex_1,0.91,0.48,0.61,0.15,1.33,0.6,,,,,,
Hint2,plex_1,0.77,0.28,0.56,0.35,1.22,0.49,,,,,,
Txnl1,plex_1,0.81,0.49,1.07,0.3,1.56,0.52,,,,,,
Txnl1,plex_1,0.81,0.49,1.07,0.3,1.56,0.52,,,,,,
Rpl17,plex_1,0.64,0.28,0.58,0.23,1.51,0.47,,,,,,
Rpl17,plex_1,0.64,0.28,0.58,0.23,1.51,0.47,,,,,,
Rpl17,plex_1,0.64,0.28,0.58,0.23,1.51,0.47,,,,,,
Rpl17,plex_1,0.64,0.28,0.58,0.23,1.51,0.47,,,,,,
Rpl17,plex_1,0.64,0.28,0.58,0.23,1.51,0.47,,,,,,
Pdk2,plex_1,0.78,0.35,0.92,0.22,1.49,0.51,,,,,,
Rac1,plex_1,1.05,0.3,0.9,0.26,1.66,0.49,,,,,,
Nexn,plex_1,1.7,0.31,0.91,0.18,2.06,0.55,,,,,,
Adh1,plex_1,0.85,0.35,0.91,0.18,1.45,0.57,,,,,,
Txn,plex_1,0.49,0.27,0.81,0.25,1.22,0.56,,,,,,
Fam213b,plex_1,1.0,0.29,0.97,0.17,1.57,0.51,,,,,,
Eif2s3x,plex_1,0.74,0.31,0.67,0.21,1.51,0.44,,,,,,
Col4a2,plex_1,6.24,0.4,1.43,0.29,2.7,0.49,,,,,,
Slc25a20,plex_1,0.98,0.24,0.98,0.2,1.24,0.51,,,,,,
Slc25a20,plex_1,0.98,0.24,0.98,0.2,1.24,0.51,,,,,,
Ppp3ca,plex_1,1.11,0.26,0.78,0.19,1.61,0.4,,,,,,
Ppp3ca,plex_1,1.11,0.26,0.78,0.19,1.61,0.4,,,,,,
Atp1b2,plex_1,0.71,0.27,0.72,0.15,1.53,0.26,,,,,,
Gm5580,plex_1,3.91,0.35,1.52,0.37,2.26,0.6,,,,,,
Nol3,plex_1,0.62,0.27,0.88,0.15,1.72,0.54,,,,,,
Nol3,plex_1,0.62,0.27,0.88,0.15,1.72,0.54,,,,,,
Nol3,plex_1,0.62,0.27,0.88,0.15,1.72,0.54,,,,,,
Fech,plex_1,0.56,0.48,1.1,0.25,1.18,0.5,,,,,,
Rap1a,plex_1,1.87,0.25,1.1,0.54,1.99,0.47,,,,,,
Rap1a,plex_1,1.87,0.25,1.1,0.54,1.99,0.47,,,,,,
Gm9392,plex_1,1.87,0.25,1.1,0.54,1.99,0.47,,,,,,
Hnrnpd,plex_1,0.9,0.2,0.77,0.19,1.58,0.47,,,,,,
Hnrnpd,plex_1,0.9,0.2,0.77,0.19,1.58,0.47,,,,,,
Hnrnpd,plex_1,0.9,0.2,0.77,0.19,1.58,0.47,,,,,,
Hnrnpd,plex_1,0.9,0.2,0.77,0.19,1.58,0.47,,,,,,
Hnrnpd,plex_1,0.9,0.2,0.77,0.19,1.58,0.47,,,,,,
Hnrnpd,plex_1,0.9,0.2,0.77,0.19,1.58,0.47,,,,,,
Hnrnpd,plex_1,0.9,0.2,0.77,0.19,1.58,0.47,,,,,,
Glrx3,plex_1,0.86,0.27,0.59,0.18,1.55,0.49,,,,,,
Myo1c,plex_1,0.69,0.37,0.81,0.25,1.4,0.42,,,,,,
Myo1c,plex_1,0.69,0.37,0.81,0.25,1.4,0.42,,,,,,
Myo1c,plex_1,0.69,0.37,0.81,0.25,1.4,0.42,,,,,,
Cat,plex_1,1.5,0.3,0.98,0.32,2.21,0.76,,,,,,
Tpd52l2,plex_1,1.91,0.25,0.83,0.16,1.47,0.47,,,,,,
Tpd52l2,plex_1,1.91,0.25,0.83,0.16,1.47,0.47,,,,,,
Tpd52l2,plex_1,1.91,0.25,0.83,0.16,1.47,0.47,,,,,,
Tpd52l2,plex_1,1.91,0.25,0.83,0.16,1.47,0.47,,,,,,
Tpd52l2,plex_1,1.91,0.25,0.83,0.16,1.47,0.47,,,,,,
Ak3,plex_1,1.06,0.32,0.83,0.18,1.49,0.38,,,,,,
Ak3,plex_1,1.06,0.32,0.83,0.18,1.49,0.38,,,,,,
Rab7a,plex_1,0.77,0.35,0.69,0.19,1.38,0.43,,,,,,
Oat,plex_1,0.85,0.31,0.8,0.28,1.54,0.57,,,,,,
Fis1,plex_1,0.94,0.28,0.72,0.15,1.52,0.47,,,,,,
Arcn1,plex_1,0.7,0.27,0.69,0.26,1.66,0.47,,,,,,
Cab39,plex_1,0.62,0.19,0.79,0.21,1.66,0.39,,,,,,
Map2k3,plex_1,2.21,0.34,1.05,0.18,1.89,0.49,,,,,,
Map2k3,plex_1,2.21,0.34,1.05,0.18,1.89,0.49,,,,,,
Map2k3,plex_1,2.21,0.34,1.05,0.18,1.89,0.49,,,,,,
Tarsl2,plex_1,2.18,0.47,1.24,0.13,1.94,0.51,,,,,,
Ctsb,plex_1,1.16,0.62,2.53,0.06,1.31,0.83,,,,,,
Ctsb,plex_1,1.16,0.62,2.53,0.06,1.31,0.83,,,,,,
Ctsb,plex_1,1.16,0.62,2.53,0.06,1.31,0.83,,,,,,
Cav1,plex_1,1.3,0.26,0.69,0.2,1.4,0.57,,,,,,
Cav1,plex_1,1.3,0.26,0.69,0.2,1.4,0.57,,,,,,
Gm28062,plex_1,1.12,0.25,0.98,0.18,1.29,0.54,,,,,,
Hnrnpu,plex_1,1.12,0.25,0.98,0.18,1.29,0.54,,,,,,
Blmh,plex_1,0.58,0.19,0.73,0.12,1.48,0.4,,,,,,
L2hgdh,plex_1,1.29,0.49,1.22,0.27,1.26,0.58,,,,,,
Eif4b,plex_1,2.4,2.32,1.79,0.27,1.94,0.88,,,,,,
Cops4,plex_1,5.85,0.3,0.93,0.16,1.94,0.52,,,,,,
Rps5,plex_1,0.97,0.25,0.81,0.39,1.8,0.56,,,,,,
Rps5,plex_1,0.97,0.25,0.81,0.39,1.8,0.56,,,,,,
Slc25a5,plex_1,0.52,0.3,0.69,0.23,1.05,0.39,,,,,,
Maob,plex_1,0.79,0.19,0.74,0.22,1.15,0.41,,,,,,
Prep,plex_1,0.93,0.31,0.76,0.21,1.56,0.51,,,,,,
Gc,plex_1,0.43,0.35,0.68,0.3,2.03,0.49,,,,,,
Cisd1,plex_1,2.48,0.31,0.99,0.18,1.96,0.6,,,,,,
Gpt2,plex_1,0.68,0.24,0.79,0.2,1.24,0.4,,,,,,
Myl4,plex_1,1.09,0.35,1.01,0.12,1.76,0.41,,,,,,
Mtatp8,plex_1,0.79,0.27,0.82,0.22,1.4,0.58,,,,,,
Psma4,plex_1,0.83,0.45,1.08,0.24,2.17,0.47,,,,,,
Ppm1a,plex_1,0.66,0.29,0.74,0.24,1.68,0.47,,,,,,
Crip2,plex_1,2.51,0.45,0.83,0.21,2.33,0.7,,,,,,
Eif4h,plex_1,0.68,0.19,0.56,0.27,1.27,0.4,,,,,,
Ptges2,plex_1,1.03,0.24,0.87,0.17,1.21,0.42,,,,,,
Lactb,plex_1,16.47,0.31,1.32,0.14,4.27,0.67,,,,,,
Serpina1d,plex_1,0.64,0.43,0.87,0.32,2.1,0.56,,,,,,
Ddx39b,plex_1,0.76,0.29,0.8,0.15,1.35,0.39,,,,,,
,plex_1,1.19,0.3,0.93,0.19,1.66,0.5,,,,,,
Mapkapk2,plex_1,0.95,0.39,0.95,0.19,1.37,0.5,,,,,,
Fahd2a,plex_1,1.71,0.36,1.15,0.29,2.19,0.64,,,,,,
Cyb5b,plex_1,0.86,0.33,0.96,0.14,1.47,0.43,,,,,,
Cfl1,plex_1,0.76,0.25,0.62,0.15,1.22,0.32,,,,,,
Myl2,plex_1,1.28,0.26,0.6,0.07,0.99,0.3,,,,,,
Actr1b,plex_1,0.94,0.17,0.92,0.22,1.55,0.45,,,,,,
H3f3a,plex_1,0.4,0.21,0.48,0.11,1.06,0.26,,,,,,
H3f3c,plex_1,0.4,0.21,0.48,0.11,1.06,0.26,,,,,,
Psmb4,plex_1,6.6,0.15,0.75,,2.59,0.91,,,,,,
Acadsb,plex_1,5.9,0.22,1.69,0.25,3.29,0.62,,,,,,
Gm9493,plex_1,0.92,0.36,0.86,0.27,1.73,0.55,,,,,,
Rps7,plex_1,0.92,0.36,0.86,0.27,1.73,0.55,,,,,,
Coq10a,plex_1,0.77,0.35,0.88,0.14,1.0,0.42,,,,,,
Cryz,plex_1,0.68,0.27,0.61,0.23,1.5,0.31,,,,,,
Cryz,plex_1,0.68,0.27,0.61,0.23,1.5,0.31,,,,,,
Rps9,plex_1,0.7,0.31,0.65,0.26,1.33,0.51,,,,,,
Vars,plex_1,4.05,0.32,0.99,0.26,6.25,0.6,,,,,,
Vars,plex_1,4.05,0.32,0.99,0.26,6.25,0.6,,,,,,
Slc4a1,plex_1,0.51,0.08,0.7,0.36,2.41,0.78,,,,,,
Memo1,plex_1,1.77,,1.23,,2.54,0.6,,,,,,
Rplp2,plex_1,0.74,0.25,0.79,0.22,1.73,0.53,,,,,,
Timm44,plex_1,1.56,0.29,0.97,0.23,1.37,0.47,,,,,,
Timm44,plex_1,1.56,0.29,0.97,0.23,1.37,0.47,,,,,,
Qars,plex_1,0.99,0.26,0.72,0.2,1.37,0.39,,,,,,
Qars,plex_1,0.99,0.26,0.72,0.2,1.37,0.39,,,,,,
Qars,plex_1,0.99,0.26,0.72,0.2,1.37,0.39,,,,,,
Qars,plex_1,0.99,0.26,0.72,0.2,1.37,0.39,,,,,,
Qars,plex_1,0.99,0.26,0.72,0.2,1.37,0.39,,,,,,
Tmed2,plex_1,9.47,0.38,1.52,0.14,2.81,0.79,,,,,,
Thop1,plex_1,0.86,0.25,0.8,0.24,1.57,0.39,,,,,,
Cdv3,plex_1,1.08,0.27,0.88,0.2,1.69,0.45,,,,,,
Fkbp1a,plex_1,1.03,0.4,0.89,0.27,1.99,0.4,,,,,,
Rpl32,plex_1,1.06,0.27,0.69,0.19,1.31,0.46,,,,,,
Eif3f,plex_1,0.86,0.31,0.87,0.29,1.6,0.8,,,,,,
Actn1,plex_1,1.98,0.28,0.9,0.18,1.49,0.52,,,,,,
Taco1,plex_1,14.03,0.24,1.62,0.23,3.61,0.99,,,,,,
Ppif,plex_1,0.98,0.3,0.89,0.29,1.81,0.49,,,,,,
Slc27a1,plex_1,0.89,0.36,0.74,0.18,1.23,0.66,,,,,,
Slc27a1,plex_1,0.89,0.36,0.74,0.18,1.23,0.66,,,,,,
Tkt,plex_1,0.96,0.25,0.7,0.13,1.44,0.47,,,,,,
Fgg,plex_1,0.67,0.16,0.73,0.23,1.8,0.88,,,,,,
Fgg,plex_1,0.67,0.16,0.73,0.23,1.8,0.88,,,,,,
Mgst3,plex_1,1.02,0.25,1.88,,1.09,0.46,,,,,,
Blvra,plex_1,0.97,0.24,0.76,0.18,1.66,0.4,,,,,,
Cul5,plex_1,1.44,0.22,0.79,0.22,1.76,0.32,,,,,,
Pura,plex_1,0.93,0.26,0.96,0.16,1.32,0.42,,,,,,
Cox6c,plex_1,1.19,0.42,1.09,0.23,1.54,0.55,,,,,,
Apoa1bp,plex_1,0.66,0.31,0.84,0.32,1.37,0.43,,,,,,
Stat5b,plex_1,0.89,0.25,0.8,0.19,1.92,0.4,,,,,,
Xirp1,plex_1,2.54,0.38,1.05,0.2,1.75,0.62,,,,,,
Nid2,plex_1,1.27,0.27,1.13,0.27,1.88,0.49,,,,,,
Grhpr,plex_1,0.79,0.98,1.71,0.12,1.73,0.75,,,,,,
Mbp,plex_1,0.88,0.35,0.85,0.17,1.46,0.47,,,,,,
Acad9,plex_1,1.53,0.28,0.96,0.15,1.52,0.39,,,,,,
Usmg5,plex_1,2.15,0.37,2.06,0.26,2.48,1.07,,,,,,
Ndufab1,plex_1,0.61,0.24,0.82,0.25,1.49,0.58,,,,,,
Ndufab1,plex_1,0.61,0.24,0.82,0.25,1.49,0.58,,,,,,
Ndufab1,plex_1,0.61,0.24,0.82,0.25,1.49,0.58,,,,,,
Ndufab1,plex_1,0.61,0.24,0.82,0.25,1.49,0.58,,,,,,
Serpina3k,plex_1,1.1,0.19,1.01,0.34,2.6,1.05,,,,,,
Bpnt1,plex_1,0.75,0.33,0.89,0.31,1.89,0.48,,,,,,
Ndufb3,plex_1,0.57,0.37,0.75,0.15,1.64,0.57,,,,,,
Ndufb3,plex_1,0.57,0.37,0.75,0.15,1.64,0.57,,,,,,
Ank2,plex_1,1.7,0.33,1.19,0.16,1.62,0.64,,,,,,
Ttn,plex_1,0.77,0.29,0.75,0.14,1.4,0.45,,,,,,
Atad1,plex_1,0.86,0.23,0.61,0.12,1.66,0.5,,,,,,
rps14,plex_1,1.05,0.22,0.86,0.2,1.67,0.55,,,,,,
Rps14,plex_1,1.05,0.22,0.86,0.2,1.67,0.55,,,,,,
Rps14,plex_1,1.05,0.22,0.86,0.2,1.67,0.55,,,,,,
Hspb2,plex_1,1.97,0.32,1.03,0.28,1.7,0.55,,,,,,
Rps12-ps3,plex_1,1.3,0.22,0.81,0.19,1.85,0.55,,,,,,
Wars,plex_1,4.27,0.38,1.11,0.2,2.3,0.69,,,,,,
Wars,plex_1,4.27,0.38,1.11,0.2,2.3,0.69,,,,,,
Ywhab,plex_1,1.46,0.3,0.77,0.12,1.48,0.3,,,,,,
Ywhab,plex_1,1.46,0.3,0.77,0.12,1.48,0.3,,,,,,
Myl6,plex_1,0.88,0.29,0.85,0.19,1.63,0.5,,,,,,
Myl6,plex_1,0.88,0.29,0.85,0.19,1.63,0.5,,,,,,
Pgm5,plex_1,0.49,0.26,0.56,0.21,1.04,0.46,,,,,,
Pgm5,plex_1,0.49,0.26,0.56,0.21,1.04,0.46,,,,,,
Usp14,plex_1,0.92,0.39,0.74,0.25,1.61,0.35,,,,,,
Usp14,plex_1,0.92,0.39,0.74,0.25,1.61,0.35,,,,,,
Cct8,plex_1,1.28,0.32,0.82,0.19,1.68,0.38,,,,,,
Cctq,plex_1,1.28,0.32,0.82,0.19,1.68,0.38,,,,,,
Cct8,plex_1,1.28,0.32,0.82,0.19,1.68,0.38,,,,,,
Cct8,plex_1,1.28,0.32,0.82,0.19,1.68,0.38,,,,,,
Cct8,plex_1,1.28,0.32,0.82,0.19,1.68,0.38,,,,,,
Cct8,plex_1,1.28,0.32,0.82,0.19,1.68,0.38,,,,,,
Ddx19a,plex_1,0.88,0.25,1.08,0.3,1.93,0.42,,,,,,
Gnas,plex_1,8.79,0.4,1.78,0.2,3.77,0.84,,,,,,
Nt5c3a,plex_1,0.78,0.19,0.63,0.14,1.41,0.44,,,,,,
Prkcdbp,plex_1,0.8,0.29,0.71,0.21,1.59,0.32,,,,,,
Psmd6,plex_1,0.96,0.2,0.79,0.2,1.53,0.42,,,,,,
Mcts1,plex_1,0.6,0.19,0.74,0.19,1.35,0.47,,,,,,
Mcts1,plex_1,0.6,0.19,0.74,0.19,1.35,0.47,,,,,,
Ndufb6,plex_1,0.62,0.27,0.84,0.23,1.15,0.51,,,,,,
Pgd,plex_1,1.1,0.48,1.18,0.22,1.52,0.64,,,,,,
Cdh13,plex_1,1.36,0.27,0.68,0.4,1.46,0.42,,,,,,
Cdh13,plex_1,1.36,0.27,0.68,0.4,1.46,0.42,,,,,,
Cilp2,plex_1,0.81,0.26,0.67,0.1,1.14,0.53,,,,,,
Myl9,plex_1,0.69,0.3,0.71,0.12,1.18,0.41,,,,,,
Svil,plex_1,0.87,0.31,0.85,0.2,1.44,0.47,,,,,,
Uqcrq,plex_1,1.4,0.48,1.17,0.23,1.55,0.54,,,,,,
Klhl31,plex_1,2.35,0.32,0.98,0.2,1.55,0.49,,,,,,
Klhl31,plex_1,2.35,0.32,0.98,0.2,1.55,0.49,,,,,,
Apoo,plex_1,0.52,0.29,1.18,0.28,1.44,0.44,,,,,,
Apoo,plex_1,0.52,0.29,1.18,0.28,1.44,0.44,,,,,,
Apoo,plex_1,0.52,0.29,1.18,0.28,1.44,0.44,,,,,,
Ap1b1,plex_1,15.41,0.28,1.68,0.23,3.88,0.83,,,,,,
Tmem38a,plex_1,1.42,0.19,1.0,0.28,1.6,0.53,,,,,,
Rab10,plex_1,0.87,0.26,0.64,0.24,1.47,0.47,,,,,,
Rab10,plex_1,0.87,0.26,0.64,0.24,1.47,0.47,,,,,,
Psmd9,plex_1,0.9,0.33,0.65,0.24,1.61,0.54,,,,,,
Psmd9,plex_1,0.9,0.33,0.65,0.24,1.61,0.54,,,,,,
Lnp,plex_1,1.43,0.25,0.83,0.08,4.1,0.38,,,,,,
Dusp28,plex_1,0.8,0.19,0.58,0.22,1.53,0.39,,,,,,
Pgam1,plex_1,2.51,0.43,1.26,,2.6,0.8,,,,,,
Rtn4ip1,plex_1,0.93,0.25,0.99,,1.71,0.47,,,,,,
Rtn4ip1,plex_1,0.93,0.25,0.99,,1.71,0.47,,,,,,
Apoa4,plex_1,1.75,0.75,2.49,0.28,2.81,0.61,,,,,,
Apoa4,plex_1,1.75,0.75,2.49,0.28,2.81,0.61,,,,,,
Apoa4,plex_1,1.75,0.75,2.49,0.28,2.81,0.61,,,,,,
Abce1,plex_1,0.87,0.21,0.77,0.16,1.89,0.41,,,,,,
Rpl7a,plex_1,0.61,0.31,0.56,0.22,1.59,0.45,,,,,,
Slmap,plex_1,1.47,0.3,1.13,0.23,1.72,0.64,,,,,,
Tcp1,plex_1,1.25,0.25,0.76,0.17,1.44,0.47,,,,,,
Col3a1,plex_1,1.46,0.33,0.78,0.14,1.28,0.63,,,,,,
Col3a1,plex_1,1.46,0.33,0.78,0.14,1.28,0.63,,,,,,
Col3a1,plex_1,1.46,0.33,0.78,0.14,1.28,0.63,,,,,,
Col3a1,plex_1,1.46,0.33,0.78,0.14,1.28,0.63,,,,,,
Col3a1,plex_1,1.46,0.33,0.78,0.14,1.28,0.63,,,,,,
Col3a1,plex_1,1.46,0.33,0.78,0.14,1.28,0.63,,,,,,
Mtx2,plex_1,0.97,0.23,0.68,0.21,1.25,0.41,,,,,,
Mtx2,plex_1,0.97,0.23,0.68,0.21,1.25,0.41,,,,,,
Mtx2,plex_1,0.97,0.23,0.68,0.21,1.25,0.41,,,,,,
Mtx2,plex_1,0.97,0.23,0.68,0.21,1.25,0.41,,,,,,
Mtx2,plex_1,0.97,0.23,0.68,0.21,1.25,0.41,,,,,,
Gcdh,plex_1,0.6,0.26,0.7,0.24,1.29,0.46,,,,,,
Ddt,plex_1,0.63,0.38,0.71,0.29,1.39,0.61,,,,,,
Rps3,plex_1,0.81,0.27,0.75,0.24,1.5,0.4,,,,,,
Rps3,plex_1,0.81,0.27,0.75,0.24,1.5,0.4,,,,,,
Lmnb2,plex_1,0.73,,0.88,,1.13,,,,,,,
Lmnb2,plex_1,0.73,,0.88,,1.13,,,,,,,
Lrrc59,plex_1,1.8,0.26,0.83,0.2,1.73,0.46,,,,,,
Cand1,plex_1,4.18,0.28,1.26,,2.03,0.37,,,,,,
Ccbl1,plex_1,0.51,0.24,0.57,0.19,1.37,0.33,,,,,,
Psmc4,plex_1,1.36,0.3,0.72,0.18,1.47,0.4,,,,,,
Dag1,plex_1,7.31,0.41,1.0,0.24,2.56,0.54,,,,,,
Tgm2,plex_1,0.67,0.28,0.74,0.23,1.64,0.5,,,,,,
Ak2,plex_1,1.37,0.35,0.94,0.2,2.1,0.92,,,,,,
Ak2,plex_1,1.37,0.35,0.94,0.2,2.1,0.92,,,,,,
Tpm4,plex_1,1.49,0.32,0.62,0.57,1.79,0.48,,,,,,
H2afz,plex_1,1.37,0.31,0.83,0.27,1.85,0.52,,,,,,
H2afv,plex_1,1.37,0.31,0.83,0.27,1.85,0.52,,,,,,
Nefl,plex_1,0.58,0.43,0.89,0.25,1.52,0.64,,,,,,
Nefl,plex_1,0.58,0.43,0.89,0.25,1.52,0.64,,,,,,
Bckdha,plex_1,0.85,0.17,0.76,0.24,1.87,0.69,,,,,,
Bckdha,plex_1,0.85,0.17,0.76,0.24,1.87,0.69,,,,,,
Rps4x,plex_1,0.78,0.3,0.68,0.23,1.39,0.4,,,,,,
Rps4x,plex_1,0.78,0.3,0.68,0.23,1.39,0.4,,,,,,
Eri3,plex_1,0.9,0.28,0.76,0.12,1.18,0.34,,,,,,
Eri3,plex_1,0.9,0.28,0.76,0.12,1.18,0.34,,,,,,
Eri3,plex_1,0.9,0.28,0.76,0.12,1.18,0.34,,,,,,
Serpinf2,plex_1,0.82,0.25,0.75,0.18,2.09,0.67,,,,,,
Mtap,plex_1,0.9,0.23,0.87,0.24,2.14,0.42,,,,,,
Coq3,plex_1,0.86,0.32,0.8,0.36,1.61,0.52,,,,,,
Gpd1l,plex_1,1.18,0.26,0.85,0.17,1.29,0.51,,,,,,
Gpd1l,plex_1,1.18,0.26,0.85,0.17,1.29,0.51,,,,,,
Cap2,plex_1,0.6,0.27,0.77,0.24,1.52,0.31,,,,,,
Gypc,plex_1,1.1,0.08,0.58,,1.54,0.85,,,,,,
Rps6,plex_1,0.44,0.2,0.54,0.18,0.98,0.39,,,,,,
,plex_1,0.44,0.2,0.54,0.18,0.98,0.39,,,,,,
,plex_1,0.44,0.2,0.54,0.18,0.98,0.39,,,,,,
Spag9,plex_1,7.39,0.36,1.4,0.25,2.74,0.77,,,,,,
Spag9,plex_1,7.39,0.36,1.4,0.25,2.74,0.77,,,,,,
Mic13,plex_1,0.87,0.32,0.79,0.22,1.34,0.49,,,,,,
Tmco1,plex_1,1.58,0.15,0.95,0.23,2.08,0.45,,,,,,
Tmco1,plex_1,1.58,0.15,0.95,0.23,2.08,0.45,,,,,,
Tmco1,plex_1,1.58,0.15,0.95,0.23,2.08,0.45,,,,,,
Rps6ka3,plex_1,0.94,0.17,0.85,0.19,1.75,0.22,,,,,,
Prkar1a,plex_1,0.69,0.31,0.67,0.24,1.26,0.55,,,,,,
Prkar1a,plex_1,0.69,0.31,0.67,0.24,1.26,0.55,,,,,,
Paics,plex_1,3.03,0.18,0.95,0.19,1.55,0.48,,,,,,
Map4,plex_1,4.35,0.37,1.21,0.2,2.44,0.68,,,,,,
Cul2,plex_1,0.44,0.23,0.68,0.16,1.33,0.43,,,,,,
Tuba8,plex_1,1.49,0.24,0.95,0.25,1.74,0.59,,,,,,
Mri1,plex_1,1.01,0.74,0.73,,1.49,0.44,,,,,,
Arf3,plex_1,0.6,0.24,0.63,0.24,1.42,0.44,,,,,,
Serbp1,plex_1,0.72,0.26,0.72,0.2,1.45,0.42,,,,,,
Hp1bp3,plex_1,1.01,0.26,0.77,0.18,1.48,0.45,,,,,,
Hp1bp3,plex_1,1.01,0.26,0.77,0.18,1.48,0.45,,,,,,
Xdh,plex_1,1.17,0.33,0.91,0.27,1.55,0.45,,,,,,
Xdh,plex_1,1.17,0.33,0.91,0.27,1.55,0.45,,,,,,
Xdh,plex_1,1.17,0.33,0.91,0.27,1.55,0.45,,,,,,
Capza1,plex_1,0.63,0.27,0.64,0.15,1.61,0.64,,,,,,
Sept2,plex_1,0.53,0.22,0.74,0.32,1.79,0.45,,,,,,
Sept2,plex_1,0.53,0.22,0.74,0.32,1.79,0.45,,,,,,
Ndufc2,plex_1,0.79,0.36,0.91,0.21,1.19,0.54,,,,,,
Ndufb4,plex_1,1.28,0.4,1.17,0.23,1.46,0.61,,,,,,
Ndufb4,plex_1,1.28,0.4,1.17,0.23,1.46,0.61,,,,,,
Mpz,plex_1,0.39,0.32,0.77,0.15,1.18,0.47,,,,,,
Mpz,plex_1,0.39,0.32,0.77,0.15,1.18,0.47,,,,,,
Atp2a3,plex_1,16.81,,1.66,,3.32,0.77,,,,,,
Rps17,plex_1,1.23,0.2,0.74,0.35,1.35,0.52,,,,,,
Coro6,plex_1,16.54,0.31,2.8,0.23,4.67,1.06,,,,,,
,plex_1,0.8,0.17,0.52,0.21,1.96,0.86,,,,,,
Slc16a3,plex_1,1.02,0.3,0.97,0.2,1.87,0.5,,,,,,
Slc16a3,plex_1,1.02,0.3,0.97,0.2,1.87,0.5,,,,,,
Armt1,plex_1,1.34,0.25,1.07,0.35,1.87,0.53,,,,,,
,plex_1,0.86,0.1,0.61,0.28,1.88,1.19,,,,,,
Coq7,plex_1,0.61,0.31,0.79,0.18,1.29,0.54,,,,,,
Sars,plex_1,3.12,0.3,1.28,0.15,4.26,1.17,,,,,,
Hectd1,plex_1,1.2,0.45,0.98,0.21,1.22,0.52,,,,,,
Anxa7,plex_1,0.89,0.44,0.88,0.23,1.7,0.49,,,,,,
Pdcd5,plex_1,0.75,0.35,0.89,0.27,1.43,0.52,,,,,,
Kpna3,plex_1,0.75,0.17,0.52,0.19,1.15,0.48,,,,,,
Sept11,plex_1,0.73,0.14,0.77,0.16,1.55,0.52,,,,,,
Sept11,plex_1,0.73,0.14,0.77,0.16,1.55,0.52,,,,,,
Sept11,plex_1,0.73,0.14,0.77,0.16,1.55,0.52,,,,,,
Sept11,plex_1,0.73,0.14,0.77,0.16,1.55,0.52,,,,,,
Sept11,plex_1,0.73,0.14,0.77,0.16,1.55,0.52,,,,,,
Rpl29,plex_1,1.05,0.42,0.79,0.2,1.89,0.44,,,,,,
Dusp23,plex_1,1.32,0.3,1.04,0.19,1.69,0.52,,,,,,
H1f0,plex_1,12.16,0.32,2.01,0.16,3.69,1.08,,,,,,
Tubb2a,plex_1,0.55,0.13,0.48,0.17,1.37,0.41,,,,,,
Gphn,plex_1,51.27,0.43,2.44,0.29,6.33,0.71,,,,,,
Gphn,plex_1,51.27,0.43,2.44,0.29,6.33,0.71,,,,,,
Myh8,plex_1,0.62,0.32,0.9,0.12,1.15,0.4,,,,,,
Asph,plex_1,18.86,0.44,2.19,0.24,5.56,0.91,,,,,,
Acacb,plex_1,0.75,0.26,0.79,0.24,1.35,0.48,,,,,,
Endog,plex_1,1.06,0.28,0.92,0.2,1.49,0.54,,,,,,
Acyp1,plex_1,1.42,0.35,0.96,0.25,1.51,0.44,,,,,,
Impa1,plex_1,0.73,0.29,0.62,0.15,1.39,0.55,,,,,,
Tagln2,plex_1,0.26,0.26,0.43,,1.37,0.41,,,,,,
Psmc1,plex_1,0.67,0.35,0.86,0.24,1.29,0.48,,,,,,
Ap2m1,plex_1,0.73,0.23,0.76,0.18,1.22,0.46,,,,,,
Sdhc,plex_1,0.55,0.2,0.76,0.27,1.13,0.39,,,,,,
Sdhc,plex_1,0.55,0.2,0.76,0.27,1.13,0.39,,,,,,
Gsk3b,plex_1,0.17,,0.18,,1.08,0.21,,,,,,
Gsk3b,plex_1,0.17,,0.18,,1.08,0.21,,,,,,
ND1,plex_1,0.49,0.24,0.49,0.25,1.08,0.48,,,,,,
Itgb1,plex_1,1.36,0.21,1.08,0.19,1.49,0.43,,,,,,
Iars,plex_1,0.68,0.25,0.76,0.23,1.36,0.39,,,,,,
Mccc1,plex_1,1.2,0.49,0.89,0.22,1.28,0.58,,,,,,
Canx,plex_1,0.95,0.18,0.79,0.28,1.83,0.61,,,,,,
Rps8,plex_1,0.88,0.34,0.62,0.33,1.3,0.54,,,,,,
Sirt2,plex_1,1.02,0.27,0.95,0.21,2.12,0.52,,,,,,
Sirt2,plex_1,1.02,0.27,0.95,0.21,2.12,0.52,,,,,,
Cast,plex_1,0.87,0.33,0.69,0.18,1.31,0.5,,,,,,
Rps28,plex_1,0.64,0.2,0.73,0.23,1.67,0.45,,,,,,
Rps28,plex_1,0.64,0.2,0.73,0.23,1.67,0.45,,,,,,
Nap1l1,plex_1,0.81,0.23,0.69,0.2,1.67,0.43,,,,,,
Eif4g2,plex_1,1.98,0.43,0.68,0.18,3.51,0.4,,,,,,
Eif4g2,plex_1,1.98,0.43,0.68,0.18,3.51,0.4,,,,,,
Eif4g2,plex_1,1.98,0.43,0.68,0.18,3.51,0.4,,,,,,
Rab5b,plex_1,0.57,0.34,0.64,0.11,2.47,0.38,,,,,,
Ube2d1,plex_1,0.46,0.22,0.51,0.28,1.58,0.4,,,,,,
Apmap,plex_1,0.74,0.23,0.71,0.14,1.43,0.44,,,,,,
Prosc,plex_1,0.45,0.32,0.62,0.24,1.16,0.28,,,,,,
Prosc,plex_1,0.45,0.32,0.62,0.24,1.16,0.28,,,,,,
Psmb1,plex_1,,,,,,,,,,,,
St13,plex_1,0.85,0.26,0.71,0.2,1.29,0.4,,,,,,
Mfn1,plex_1,3.26,0.23,1.14,0.16,2.69,0.63,,,,,,
Lamp1,plex_1,1.24,0.23,0.75,,1.55,0.54,,,,,,
Psme1,plex_1,0.94,0.24,0.9,0.22,1.44,0.46,,,,,,
Psme1,plex_1,0.94,0.24,0.9,0.22,1.44,0.46,,,,,,
Tmem65,plex_1,0.6,0.26,0.67,0.25,1.03,0.42,,,,,,
Mtco1,plex_1,0.86,0.15,1.45,0.19,1.45,0.4,,,,,,
Ndufa11,plex_1,0.88,0.27,0.77,0.18,1.24,0.42,,,,,,
Ndufa11,plex_1,0.88,0.27,0.77,0.18,1.24,0.42,,,,,,
Fth1,plex_1,0.76,0.24,0.64,0.2,1.24,0.27,,,,,,
Ahsa1,plex_1,1.73,,1.03,,1.96,0.55,,,,,,
Tuba1a,plex_1,0.77,0.32,0.94,0.16,1.65,0.55,,,,,,
Msrb3,plex_1,0.71,0.41,0.72,,1.37,0.4,,,,,,
Msrb3,plex_1,0.71,0.41,0.72,,1.37,0.4,,,,,,
Hnrnpab,plex_1,1.04,0.29,1.37,0.16,2.01,0.53,,,,,,
Hnrnpab,plex_1,1.04,0.29,1.37,0.16,2.01,0.53,,,,,,
Rsl1d1,plex_1,,,,,,,,,,,,
Txndc17,plex_1,0.4,0.22,0.66,0.21,1.19,0.33,,,,,,
Anxa3,plex_1,1.84,0.26,0.81,0.1,1.83,0.5,,,,,,
Ncln,plex_1,1.57,0.4,0.72,0.14,2.03,0.52,,,,,,
Ncln,plex_1,1.57,0.4,0.72,0.14,2.03,0.52,,,,,,
Dctn1,plex_1,2.74,0.49,0.97,0.17,1.63,0.44,,,,,,
RtcA,plex_1,0.83,0.33,0.81,0.23,1.57,0.37,,,,,,
Rtca,plex_1,0.83,0.33,0.81,0.23,1.57,0.37,,,,,,
Rtca,plex_1,0.83,0.33,0.81,0.23,1.57,0.37,,,,,,
Rtca,plex_1,0.83,0.33,0.81,0.23,1.57,0.37,,,,,,
Rtcb,plex_1,0.8,0.32,0.78,0.2,1.52,0.4,,,,,,
Rtcb,plex_1,0.8,0.32,0.78,0.2,1.52,0.4,,,,,,
Aqp1,plex_1,0.52,0.28,0.63,0.2,0.95,0.36,,,,,,
Aqp1,plex_1,0.52,0.28,0.63,0.2,0.95,0.36,,,,,,
Rpl13,plex_1,0.91,0.3,0.85,0.21,2.12,0.39,,,,,,
Ca1,plex_1,0.22,0.2,0.84,0.34,3.45,0.51,,,,,,
Gpx4,plex_1,0.74,0.31,0.81,0.18,1.55,0.35,,,,,,
Gpx4,plex_1,0.74,0.31,0.81,0.18,1.55,0.35,,,,,,
Tsn,plex_1,0.73,0.18,0.82,0.07,1.34,0.37,,,,,,
Rab11a,plex_1,0.77,0.14,0.73,0.14,1.4,0.46,,,,,,
Rab11b,plex_1,0.77,0.14,0.73,0.14,1.4,0.46,,,,,,
Rab11a,plex_1,0.77,0.14,0.73,0.14,1.4,0.46,,,,,,
Rab11b,plex_1,0.77,0.14,0.73,0.14,1.4,0.46,,,,,,
Rab11a,plex_1,0.77,0.14,0.73,0.14,1.4,0.46,,,,,,
Rab11b,plex_1,0.77,0.14,0.73,0.14,1.4,0.46,,,,,,
Pnp,plex_1,0.86,0.17,0.72,0.25,2.07,0.48,,,,,,
Pnp,plex_1,0.86,0.17,0.72,0.25,2.07,0.48,,,,,,
Dnaja4,plex_1,0.81,0.29,0.91,0.19,1.45,0.46,,,,,,
Rpl15,plex_1,0.7,0.24,0.88,0.32,1.46,0.47,,,,,,
Eif2s2,plex_1,1.11,0.22,0.64,0.28,1.3,0.44,,,,,,
Pdcd6ip,plex_1,1.57,0.24,0.77,0.19,1.63,0.42,,,,,,
Pdcd6ip,plex_1,1.57,0.24,0.77,0.19,1.63,0.42,,,,,,
Mrpl50,plex_1,0.96,0.35,0.88,0.42,1.84,0.68,,,,,,
Dnpep,plex_1,0.98,0.35,1.03,0.25,1.67,0.76,,,,,,
Fahd1,plex_1,0.75,0.22,0.67,0.26,1.46,0.33,,,,,,
Nit2,plex_1,0.64,0.24,0.73,0.17,1.54,0.51,,,,,,
Ptges3,plex_1,0.4,0.22,0.66,0.09,1.21,0.43,,,,,,
Ptges3,plex_1,0.4,0.22,0.66,0.09,1.21,0.43,,,,,,
Atp1a1,plex_1,0.75,0.32,0.63,0.25,1.25,0.34,,,,,,
Fn3k,plex_1,0.88,0.25,0.94,0.16,1.41,0.46,,,,,,
Dnaja2,plex_1,,,,,,,,,,,,
Mut,plex_1,0.91,0.27,0.89,0.2,1.78,0.75,,,,,,
Txndc5,plex_1,0.5,0.33,0.7,0.22,1.26,0.32,,,,,,
Txndc5,plex_1,0.5,0.33,0.7,0.22,1.26,0.32,,,,,,
Txndc5,plex_1,0.5,0.33,0.7,0.22,1.26,0.32,,,,,,
Txndc5,plex_1,0.5,0.33,0.7,0.22,1.26,0.32,,,,,,
Txndc5,plex_1,0.5,0.33,0.7,0.22,1.26,0.32,,,,,,
Ppp2ca,plex_1,0.57,0.17,0.67,0.24,1.41,0.42,,,,,,
Ldb3,plex_1,1.92,0.24,0.98,,1.93,0.84,,,,,,
Cct6a,plex_1,0.87,0.24,0.89,0.24,1.96,0.63,,,,,,
Cct6a,plex_1,0.87,0.24,0.89,0.24,1.96,0.63,,,,,,
Cct6a,plex_1,0.87,0.24,0.89,0.24,1.96,0.63,,,,,,
Cct6a,plex_1,0.87,0.24,0.89,0.24,1.96,0.63,,,,,,
Cct6a,plex_1,0.87,0.24,0.89,0.24,1.96,0.63,,,,,,
Aars,plex_1,0.92,0.4,0.87,0.25,1.64,0.52,,,,,,
Aars,plex_1,0.92,0.4,0.87,0.25,1.64,0.52,,,,,,
Aars,plex_1,0.92,0.4,0.87,0.25,1.64,0.52,,,,,,
Vps13c,plex_1,1.62,0.26,0.83,0.19,1.81,0.71,,,,,,
Vps13c,plex_1,1.62,0.26,0.83,0.19,1.81,0.71,,,,,,
Bcl2l13,plex_1,1.7,0.35,0.84,0.26,1.36,0.51,,,,,,
Bcl2l13,plex_1,1.7,0.35,0.84,0.26,1.36,0.51,,,,,,
Bcl2l13,plex_1,1.7,0.35,0.84,0.26,1.36,0.51,,,,,,
Mcat,plex_1,1.09,0.31,0.81,0.2,1.47,0.49,,,,,,
Napg,plex_1,0.75,0.27,0.72,0.23,1.38,0.33,,,,,,
Abcc9,plex_1,0.98,0.25,0.9,0.19,1.31,0.45,,,,,,
Abcc9,plex_1,0.98,0.25,0.9,0.19,1.31,0.45,,,,,,
Tardbp,plex_1,1.9,0.14,0.98,0.1,1.92,0.6,,,,,,
Tardbp,plex_1,1.9,0.14,0.98,0.1,1.92,0.6,,,,,,
Tardbp,plex_1,1.9,0.14,0.98,0.1,1.92,0.6,,,,,,
Tardbp,plex_1,1.9,0.14,0.98,0.1,1.92,0.6,,,,,,
Tardbp,plex_1,1.9,0.14,0.98,0.1,1.92,0.6,,,,,,
Tardbp,plex_1,1.9,0.14,0.98,0.1,1.92,0.6,,,,,,
Tardbp,plex_1,1.9,0.14,0.98,0.1,1.92,0.6,,,,,,
Pcyox1,plex_1,1.03,0.2,0.79,0.16,1.51,0.45,,,,,,
Thnsl2,plex_1,8.02,,2.0,,2.34,0.68,,,,,,
Rps10,plex_1,0.9,0.22,0.73,0.2,1.39,0.35,,,,,,
Rps10,plex_1,0.9,0.22,0.73,0.2,1.39,0.35,,,,,,
Rps10,plex_1,0.9,0.22,0.73,0.2,1.39,0.35,,,,,,
Usp9x,plex_1,1.97,0.92,1.86,0.18,1.67,0.66,,,,,,
Acot9,plex_1,0.76,0.31,0.72,0.17,1.35,0.36,,,,,,
Gfm1,plex_1,0.6,0.39,1.03,0.18,1.5,0.33,,,,,,
Cox7c,plex_1,0.56,0.24,1.06,0.2,0.86,0.69,,,,,,
Sgcb,plex_1,0.65,0.28,0.69,0.16,1.46,0.44,,,,,,
Mvp,plex_1,0.75,0.29,0.75,0.24,1.36,0.49,,,,,,
Zadh2,plex_1,1.01,0.34,0.85,0.21,1.43,0.57,,,,,,
Hspb8,plex_1,0.66,0.29,0.71,0.26,1.42,0.35,,,,,,
Cobl,plex_1,1.43,0.31,0.92,0.23,1.46,0.51,,,,,,
Cobl,plex_1,1.43,0.31,0.92,0.23,1.46,0.51,,,,,,
Postn,plex_1,2.01,0.24,0.73,0.12,1.67,0.43,,,,,,
Adipoq,plex_1,0.61,0.31,0.82,0.24,1.39,0.4,,,,,,
Adipoq,plex_1,0.61,0.31,0.82,0.24,1.39,0.4,,,,,,
Rmdn1,plex_1,0.75,0.36,0.93,0.23,1.45,0.44,,,,,,
Rmdn1,plex_1,0.75,0.36,0.93,0.23,1.45,0.44,,,,,,
Tmed4,plex_1,1.39,0.31,1.02,0.31,2.1,0.39,,,,,,
Rpl5,plex_1,1.8,0.3,0.85,0.32,1.92,0.48,,,,,,
Slc12a2,plex_1,2.07,0.34,0.95,0.22,2.05,0.61,,,,,,
Gspt1,plex_1,0.68,0.21,0.67,0.18,1.47,0.5,,,,,,
Gspt1,plex_1,0.68,0.21,0.67,0.18,1.47,0.5,,,,,,
Psma6,plex_1,0.75,0.31,0.75,0.22,1.64,0.32,,,,,,
Psma6,plex_1,0.75,0.31,0.75,0.22,1.64,0.32,,,,,,
Rpl10,plex_1,1.6,0.28,0.87,0.21,1.69,0.61,,,,,,
Rpl10,plex_1,1.6,0.28,0.87,0.21,1.69,0.61,,,,,,
Adprh,plex_1,1.15,0.2,0.77,0.21,1.25,0.43,,,,,,
Isca1,plex_1,0.52,0.26,0.81,0.16,1.14,0.3,,,,,,
Uchl3,plex_1,0.95,0.31,1.23,,2.4,0.62,,,,,,
Ppp2r4,plex_1,0.78,0.3,0.91,0.21,1.62,0.49,,,,,,
Rps23,plex_1,1.03,0.29,0.88,0.2,1.65,0.47,,,,,,
Rps23,plex_1,1.03,0.29,0.88,0.2,1.65,0.47,,,,,,
Rps23,plex_1,1.03,0.29,0.88,0.2,1.65,0.47,,,,,,
Rps23,plex_1,1.03,0.29,0.88,0.2,1.65,0.47,,,,,,
Prune,plex_1,0.59,0.32,0.71,0.22,1.17,0.43,,,,,,
Zbed5,plex_1,1.26,0.26,0.59,0.24,1.55,0.47,,,,,,
Zbed5,plex_1,1.26,0.26,0.59,0.24,1.55,0.47,,,,,,
Ddx1,plex_1,1.42,0.3,1.11,0.26,1.81,0.54,,,,,,
Nutf2,plex_1,0.51,0.22,0.69,0.21,1.37,0.39,,,,,,
,plex_1,0.51,0.22,0.69,0.21,1.37,0.39,,,,,,
Hist1h1b,plex_1,0.98,0.15,0.61,0.17,1.46,0.5,,,,,,
Slc25a13,plex_1,7.0,,1.83,0.17,2.52,0.96,,,,,,
Hagh,plex_1,0.7,0.23,0.7,0.21,1.46,0.42,,,,,,
Hagh,plex_1,0.7,0.23,0.7,0.21,1.46,0.42,,,,,,
Myh4,plex_1,,,,,,,,,,,,
Mfap4,plex_1,0.79,0.13,0.64,0.18,1.1,0.46,,,,,,
Ppp3cb,plex_1,1.14,0.1,0.72,,1.55,0.49,,,,,,
Ppp3cb,plex_1,1.14,0.1,0.72,,1.55,0.49,,,,,,
Ppp3cb,plex_1,1.14,0.1,0.72,,1.55,0.49,,,,,,
Ppp3cb,plex_1,1.14,0.1,0.72,,1.55,0.49,,,,,,
Ppp3cb,plex_1,1.14,0.1,0.72,,1.55,0.49,,,,,,
Ppp3cb,plex_1,1.14,0.1,0.72,,1.55,0.49,,,,,,
Tmem11,plex_1,0.73,0.25,0.95,0.2,1.33,0.58,,,,,,
Tmem11,plex_1,0.73,0.25,0.95,0.2,1.33,0.58,,,,,,
Cpa3,plex_1,0.44,0.41,0.76,0.16,1.66,0.38,,,,,,
Timm8a1,plex_1,0.45,0.26,0.65,0.22,1.17,0.5,,,,,,
Hnrnpa3,plex_1,0.57,0.25,0.67,0.14,1.4,0.43,,,,,,
Rps3a1,plex_1,1.01,0.26,0.74,0.2,1.46,0.45,,,,,,
Rps3a,plex_1,1.01,0.26,0.74,0.2,1.46,0.45,,,,,,
Rps3a1,plex_1,1.01,0.26,0.74,0.2,1.46,0.45,,,,,,
Rps3a1,plex_1,1.01,0.26,0.74,0.2,1.46,0.45,,,,,,
Glod4,plex_1,1.21,0.28,0.75,0.2,1.59,0.4,,,,,,
Glod4,plex_1,1.21,0.28,0.75,0.2,1.59,0.4,,,,,,
Itih3,plex_1,1.1,0.2,0.67,0.19,1.73,0.59,,,,,,
Slc37a4,plex_1,0.52,0.15,0.46,0.16,1.03,0.35,,,,,,
Map2k1,plex_1,1.02,0.23,0.83,0.19,1.62,0.48,,,,,,
Map2k1,plex_1,1.02,0.23,0.83,0.19,1.62,0.48,,,,,,
Map2k1,plex_1,1.02,0.23,0.83,0.19,1.62,0.48,,,,,,
Abcb8,plex_1,0.41,0.22,0.53,0.19,1.24,0.4,,,,,,
Auh,plex_1,0.7,0.26,0.69,0.16,1.28,0.44,,,,,,
Rab18,plex_1,,,,,,,,,,,,
Cox7a1,plex_1,0.79,0.23,1.13,0.25,1.25,0.6,,,,,,
Cox7a1,plex_1,0.79,0.23,1.13,0.25,1.25,0.6,,,,,,
Huwe1,plex_1,1.44,0.39,0.71,0.19,1.58,0.49,,,,,,
Huwe1,plex_1,1.44,0.39,0.71,0.19,1.58,0.49,,,,,,
Psmd11,plex_1,0.71,0.3,0.87,0.24,1.41,0.46,,,,,,
Prkaa2,plex_1,1.4,0.19,1.4,,1.44,0.65,,,,,,
Plin3,plex_1,1.58,0.4,0.87,0.2,1.61,0.54,,,,,,
Bckdk,plex_1,1.9,0.28,0.73,0.14,1.51,0.46,,,,,,
Rpl12,plex_1,0.8,0.29,0.8,0.22,1.67,0.59,,,,,,
Rpl12,plex_1,0.8,0.29,0.8,0.22,1.67,0.59,,,,,,
Irgm1,plex_1,2.8,0.24,1.23,0.3,1.46,0.46,,,,,,
Irgm1,plex_1,2.8,0.24,1.23,0.3,1.46,0.46,,,,,,
Rpl11,plex_1,1.27,0.36,0.65,0.2,1.35,0.49,,,,,,
Rpl11,plex_1,1.27,0.36,0.65,0.2,1.35,0.49,,,,,,
Ywhah,plex_1,1.15,0.3,1.03,0.37,1.46,0.56,,,,,,
Blvrb,plex_1,0.49,0.06,0.47,0.28,1.99,0.3,,,,,,
Rpl37a,plex_1,2.64,0.42,1.03,0.2,1.79,0.67,,,,,,
Rpl37a,plex_1,2.64,0.42,1.03,0.2,1.79,0.67,,,,,,
Rpl37a,plex_1,2.64,0.42,1.03,0.2,1.79,0.67,,,,,,
Bphl,plex_1,1.38,0.29,1.04,0.26,2.23,0.46,,,,,,
Bphl,plex_1,1.38,0.29,1.04,0.26,2.23,0.46,,,,,,
Map2k6,plex_1,0.99,0.22,0.75,0.24,1.72,0.58,,,,,,
Map2k6,plex_1,0.99,0.22,0.75,0.24,1.72,0.58,,,,,,
Map2k6,plex_1,0.99,0.22,0.75,0.24,1.72,0.58,,,,,,
Map2k6,plex_1,0.99,0.22,0.75,0.24,1.72,0.58,,,,,,
Snx2,plex_1,0.75,,0.71,,1.72,,,,,,,
Snx2,plex_1,0.75,,0.71,,1.72,,,,,,,
Snx2,plex_1,0.75,,0.71,,1.72,,,,,,,
Hmga1,plex_1,0.77,0.26,0.74,0.17,1.47,0.54,,,,,,
Tomm22,plex_1,0.41,0.29,0.46,0.21,1.2,0.47,,,,,,
Tomm22,plex_1,0.41,0.29,0.46,0.21,1.2,0.47,,,,,,
Ilk,plex_1,0.88,0.37,0.91,0.2,1.46,0.45,,,,,,
Fsd2,plex_1,0.65,0.19,0.74,0.29,1.29,0.58,,,,,,
Fsd2,plex_1,0.65,0.19,0.74,0.29,1.29,0.58,,,,,,
Rpl23a,plex_1,0.64,0.28,0.51,0.16,1.38,0.44,,,,,,
Rpl23a,plex_1,0.64,0.28,0.51,0.16,1.38,0.44,,,,,,
Rpl23a-ps3,plex_1,0.64,0.28,0.51,0.16,1.38,0.44,,,,,,
Rpl23a,plex_1,0.64,0.28,0.51,0.16,1.38,0.44,,,,,,
Txlnb,plex_1,1.01,0.69,0.82,0.21,1.87,0.48,,,,,,
Hist1h1e,plex_1,1.02,0.3,1.03,0.24,1.57,0.39,,,,,,
Ipo7,plex_1,1.71,0.24,0.82,0.17,1.56,0.43,,,,,,
Nsfl1c,plex_1,0.66,0.36,0.71,0.2,1.42,0.38,,,,,,
Nsfl1c,plex_1,0.66,0.36,0.71,0.2,1.42,0.38,,,,,,
Spata5,plex_1,0.61,0.3,0.76,0.15,1.13,0.29,,,,,,
Ago2,plex_1,12.25,0.14,2.95,0.48,3.31,0.51,,,,,,
Clip1,plex_1,1.29,0.3,0.9,0.21,1.24,0.41,,,,,,
,plex_1,0.62,0.34,0.76,0.24,1.39,0.44,,,,,,
Suox,plex_1,0.85,0.28,0.89,0.24,1.49,0.51,,,,,,
F13a1,plex_1,1.28,0.22,0.96,0.15,1.53,0.53,,,,,,
Fam49b,plex_1,0.68,0.13,0.72,0.19,1.65,0.68,,,,,,
Strap,plex_1,0.48,0.29,0.57,0.27,1.25,0.32,,,,,,
Ppib,plex_1,0.94,0.25,0.91,0.22,1.67,0.52,,,,,,
Ganab,plex_1,1.45,0.23,0.69,0.06,1.25,0.76,,,,,,
Ganab,plex_1,1.45,0.23,0.69,0.06,1.25,0.76,,,,,,
Kars,plex_1,0.64,0.28,1.1,0.23,1.43,0.56,,,,,,
Kars,plex_1,0.64,0.28,1.1,0.23,1.43,0.56,,,,,,
Kars,plex_1,0.64,0.28,1.1,0.23,1.43,0.56,,,,,,
Ubac1,plex_1,1.34,0.33,1.03,0.23,1.76,0.31,,,,,,
Gps1,plex_1,0.52,0.2,0.67,0.09,1.02,0.37,,,,,,
Gps1,plex_1,0.52,0.2,0.67,0.09,1.02,0.37,,,,,,
Rab1b,plex_1,0.57,0.39,0.97,0.09,1.19,0.36,,,,,,
Ldhd,plex_1,1.49,0.26,0.78,0.27,1.71,0.74,,,,,,
Atp6v1a,plex_1,1.04,0.38,1.35,,2.56,0.86,,,,,,
Atp6v1a,plex_1,1.04,0.38,1.35,,2.56,0.86,,,,,,
Mrrf,plex_1,,,,,,,,,,,,
Tubb5,plex_1,2.03,0.11,0.93,0.27,1.55,0.5,,,,,,
Hnrnpl,plex_1,0.99,0.41,0.81,0.24,1.35,0.5,,,,,,
Hnrnpl,plex_1,0.99,0.41,0.81,0.24,1.35,0.5,,,,,,
Hnrnpl,plex_1,0.99,0.41,0.81,0.24,1.35,0.5,,,,,,
Cstb,plex_1,0.98,0.27,0.56,0.24,1.12,0.27,,,,,,
Mtx1,plex_1,2.48,0.29,1.08,0.22,1.35,0.43,,,,,,
Tom1,plex_1,0.65,0.26,0.8,0.3,1.42,0.36,,,,,,
Tom1,plex_1,0.65,0.26,0.8,0.3,1.42,0.36,,,,,,
Kif5b,plex_1,0.96,0.36,0.69,0.34,1.64,0.63,,,,,,
Emc7,plex_1,5.7,0.29,1.4,0.16,2.48,0.7,,,,,,
Mtpn,plex_1,0.78,0.27,0.55,0.17,1.63,0.38,,,,,,
Alpk3,plex_1,0.41,0.46,0.42,0.15,1.24,0.45,,,,,,
Usp47,plex_1,7.28,0.37,1.83,0.23,2.13,0.58,,,,,,
Scn1b,plex_1,0.73,0.4,0.64,0.16,1.56,0.41,,,,,,
Gsto1,plex_1,0.56,0.2,0.79,0.17,1.21,0.49,,,,,,
Dtna,plex_1,1.04,0.34,0.88,0.25,1.9,0.45,,,,,,
Rabggta,plex_1,71.92,,4.28,,2.14,,,,,,,
Rabggta,plex_1,71.92,,4.28,,2.14,,,,,,,
Gstk1,plex_1,0.8,0.25,0.79,0.25,1.55,0.52,,,,,,
Ubr4,plex_1,2.2,0.31,1.26,0.18,1.81,0.66,,,,,,
Dusp3,plex_1,0.95,0.26,0.88,0.14,1.59,0.45,,,,,,
Dusp3,plex_1,0.95,0.26,0.88,0.14,1.59,0.45,,,,,,
Ahnak2,plex_1,2.03,0.27,0.91,0.21,1.86,0.48,,,,,,
Rpl3l,plex_1,1.23,0.26,0.93,0.28,1.85,0.44,,,,,,
Ethe1,plex_1,0.43,0.24,0.72,0.18,1.16,0.33,,,,,,
Myo18a,plex_1,3.08,0.27,0.91,0.22,2.38,0.52,,,,,,
Myo18a,plex_1,3.08,0.27,0.91,0.22,2.38,0.52,,,,,,
Myo18a,plex_1,3.08,0.27,0.91,0.22,2.38,0.52,,,,,,
Eif5b,plex_1,1.56,0.19,0.79,0.22,1.69,0.6,,,,,,
Eno1,plex_1,1.1,0.29,0.8,0.22,1.33,0.46,,,,,,
Nucb1,plex_1,1.94,,1.29,,1.98,0.51,,,,,,
Rpl26,plex_1,1.01,0.28,0.74,0.21,1.76,0.42,,,,,,
Rpl26,plex_1,1.01,0.28,0.74,0.21,1.76,0.42,,,,,,
,plex_1,1.23,0.52,1.19,0.31,1.8,0.66,,,,,,
Khsrp,plex_1,1.38,0.25,0.93,0.44,1.76,0.9,,,,,,
Actr3,plex_1,0.87,0.3,0.6,0.19,1.29,0.32,,,,,,
Itpa,plex_1,5.62,0.32,1.62,0.19,2.54,0.58,,,,,,
,plex_1,1.24,0.29,0.93,,1.99,0.55,,,,,,
Nek7,plex_1,1.24,0.29,0.93,,1.99,0.55,,,,,,
Nek7,plex_1,1.24,0.29,0.93,,1.99,0.55,,,,,,
Camk2d,plex_1,0.68,0.3,0.72,0.26,1.37,0.39,,,,,,
Camk2d,plex_1,0.68,0.3,0.72,0.26,1.37,0.39,,,,,,
Camk2d,plex_1,0.68,0.3,0.72,0.26,1.37,0.39,,,,,,
Camk2d,plex_1,0.68,0.3,0.72,0.26,1.37,0.39,,,,,,
Camk2d,plex_1,0.68,0.3,0.72,0.26,1.37,0.39,,,,,,
Tnnt1,plex_1,3.7,0.18,0.6,0.09,0.25,,,,,,,
Tnnt1,plex_1,3.7,0.18,0.6,0.09,0.25,,,,,,,
Tnnt1,plex_1,3.7,0.18,0.6,0.09,0.25,,,,,,,
Rpl10a,plex_1,0.61,0.25,0.63,0.17,1.33,0.37,,,,,,
Rpl10a,plex_1,0.61,0.25,0.63,0.17,1.33,0.37,,,,,,
Rpl10a,plex_1,0.61,0.25,0.63,0.17,1.33,0.37,,,,,,
Rpl10a,plex_1,0.61,0.25,0.63,0.17,1.33,0.37,,,,,,
Prx,plex_1,1.65,0.38,1.06,0.18,2.16,0.65,,,,,,
Prx,plex_1,1.65,0.38,1.06,0.18,2.16,0.65,,,,,,
Prx,plex_1,1.65,0.38,1.06,0.18,2.16,0.65,,,,,,
Prx,plex_1,1.65,0.38,1.06,0.18,2.16,0.65,,,,,,
Actn4,plex_1,,,,,,,,,,,,
Eif3h,plex_1,1.7,0.3,0.83,0.25,1.66,0.42,,,,,,
Gsta4,plex_1,0.43,0.27,0.53,0.18,1.23,0.45,,,,,,
Nomo1,plex_1,1.14,0.21,0.98,0.2,1.35,0.56,,,,,,
Cuta,plex_1,0.89,0.32,0.84,0.18,1.67,0.6,,,,,,
Cuta,plex_1,0.89,0.32,0.84,0.18,1.67,0.6,,,,,,
Shmt2,plex_1,0.84,0.25,0.85,0.17,1.47,0.49,,,,,,
Shmt2,plex_1,0.84,0.25,0.85,0.17,1.47,0.49,,,,,,
Shmt2,plex_1,0.84,0.25,0.85,0.17,1.47,0.49,,,,,,
Cdc42,plex_1,0.57,0.28,0.49,0.24,1.26,0.34,,,,,,
Cdc42,plex_1,0.57,0.28,0.49,0.24,1.26,0.34,,,,,,
Myh13,plex_1,2.22,0.25,2.16,0.24,1.76,1.19,,,,,,
Sugt1,plex_1,1.12,0.35,0.81,0.2,1.54,0.37,,,,,,
Emc10,plex_1,0.46,,,,,,,,,,,
Emc10,plex_1,0.46,,,,,,,,,,,
Emc10,plex_1,0.46,,,,,,,,,,,
Emc10,plex_1,0.46,,,,,,,,,,,
Emc10,plex_1,0.46,,,,,,,,,,,
S100a1,plex_1,1.25,0.41,0.87,0.51,1.87,0.61,,,,,,
S100a1,plex_1,1.25,0.41,0.87,0.51,1.87,0.61,,,,,,
Mybbp1a,plex_1,1.18,0.88,1.18,0.2,1.4,0.42,,,,,,
Ppid,plex_1,0.85,0.29,0.63,0.31,2.1,0.31,,,,,,
Ppid,plex_1,0.85,0.29,0.63,0.31,2.1,0.31,,,,,,
Spryd4,plex_1,1.35,0.3,0.92,0.22,1.5,0.54,,,,,,
Lmod3,plex_1,1.57,0.73,2.25,0.24,1.77,0.81,,,,,,
Cops8,plex_1,0.88,0.31,0.68,0.27,1.7,0.31,,,,,,
Eif4e,plex_1,0.58,0.31,0.72,0.17,1.47,0.48,,,,,,
Neb,plex_1,0.85,0.54,1.19,0.51,2.05,0.54,,,,,,
Hnrnpc,plex_1,9.37,0.38,1.34,,2.39,0.75,,,,,,
C2cd2,plex_1,0.56,0.31,0.78,0.18,1.08,0.34,,,,,,
C2cd2,plex_1,0.56,0.31,0.78,0.18,1.08,0.34,,,,,,
C2cd2,plex_1,0.56,0.31,0.78,0.18,1.08,0.34,,,,,,
C2cd2,plex_1,0.56,0.31,0.78,0.18,1.08,0.34,,,,,,
C2cd2,plex_1,0.56,0.31,0.78,0.18,1.08,0.34,,,,,,
Rpl13a,plex_1,1.4,0.27,0.95,0.22,1.69,0.43,,,,,,
2310061I04Rik,plex_1,0.97,0.24,0.92,0.26,1.34,0.47,,,,,,
2310061I04Rik,plex_1,0.97,0.24,0.92,0.26,1.34,0.47,,,,,,
2310061I04Rik,plex_1,0.97,0.24,0.92,0.26,1.34,0.47,,,,,,
2310061I04Rik,plex_1,0.97,0.24,0.92,0.26,1.34,0.47,,,,,,
2310061I04Rik,plex_1,0.97,0.24,0.92,0.26,1.34,0.47,,,,,,
2310061I04Rik,plex_1,0.97,0.24,0.92,0.26,1.34,0.47,,,,,,
2310061I04Rik,plex_1,0.97,0.24,0.92,0.26,1.34,0.47,,,,,,
Pgls,plex_1,0.7,0.21,0.92,0.15,1.79,0.39,,,,,,
Pgls,plex_1,0.7,0.21,0.92,0.15,1.79,0.39,,,,,,
Dstn,plex_1,10.88,0.27,1.77,0.24,3.4,0.7,,,,,,
Lzic,plex_1,1.88,0.11,1.7,0.28,1.39,0.23,,,,,,
Isoc1,plex_1,5.92,0.31,1.16,0.11,3.6,0.54,,,,,,
Isoc1,plex_1,5.92,0.31,1.16,0.11,3.6,0.54,,,,,,
Csde1,plex_1,1.43,0.28,0.7,0.17,1.35,0.4,,,,,,
Csde1,plex_1,1.43,0.28,0.7,0.17,1.35,0.4,,,,,,
Csde1,plex_1,1.43,0.28,0.7,0.17,1.35,0.4,,,,,,
Csde1,plex_1,1.43,0.28,0.7,0.17,1.35,0.4,,,,,,
Sqrdl,plex_1,1.5,,0.96,,1.48,0.31,,,,,,
Sqrdl,plex_1,1.5,,0.96,,1.48,0.31,,,,,,
Sqrdl,plex_1,1.5,,0.96,,1.48,0.31,,,,,,
Arpc3,plex_1,0.86,0.19,0.83,0.15,1.83,0.63,,,,,,
Ube2m,plex_1,0.7,0.25,0.76,0.22,1.55,0.44,,,,,,
Cluh,plex_1,1.05,,0.51,,1.51,,,,,,,
Vps13a,plex_1,1.42,0.29,0.75,0.18,1.32,0.41,,,,,,
Hrg,plex_1,0.19,0.28,0.61,0.25,1.75,0.49,,,,,,
Hrg,plex_1,0.19,0.28,0.61,0.25,1.75,0.49,,,,,,
Ndufb1,plex_1,0.83,0.32,0.82,0.22,1.39,0.45,,,,,,
Abi3bp,plex_1,0.74,0.4,0.55,0.17,2.37,0.42,,,,,,
Abi3bp,plex_1,0.74,0.4,0.55,0.17,2.37,0.42,,,,,,
Abi3bp,plex_1,0.74,0.4,0.55,0.17,2.37,0.42,,,,,,
Abi3bp,plex_1,0.74,0.4,0.55,0.17,2.37,0.42,,,,,,
Calu,plex_1,0.76,0.24,0.64,0.26,1.64,0.5,,,,,,
Calu,plex_1,0.76,0.24,0.64,0.26,1.64,0.5,,,,,,
Esyt1,plex_1,0.31,0.25,0.63,0.16,1.03,0.4,,,,,,
Esyt1,plex_1,0.31,0.25,0.63,0.16,1.03,0.4,,,,,,
Nfu1,plex_1,13.35,0.99,2.84,0.11,4.3,0.92,,,,,,
Nfu1,plex_1,13.35,0.99,2.84,0.11,4.3,0.92,,,,,,
Nfu1,plex_1,13.35,0.99,2.84,0.11,4.3,0.92,,,,,,
Cyb5r3,plex_1,5.35,0.34,1.38,0.26,2.39,0.66,,,,,,
Gfm2,plex_1,0.99,0.26,0.77,0.28,1.44,0.45,,,,,,
Gfm2,plex_1,0.99,0.26,0.77,0.28,1.44,0.45,,,,,,
Gfm2,plex_1,0.99,0.26,0.77,0.28,1.44,0.45,,,,,,
Pdk1,plex_1,1.31,0.16,1.1,0.22,1.9,0.36,,,,,,
Pdk1,plex_1,1.31,0.16,1.1,0.22,1.9,0.36,,,,,,
Ap2a1,plex_1,0.27,,,,1.23,,,,,,,
Ap2a1,plex_1,0.27,,,,1.23,,,,,,,
Bcap31,plex_1,1.03,0.34,0.75,0.21,1.57,0.4,,,,,,
Ptpn11,plex_1,1.17,0.17,0.8,0.17,1.35,0.44,,,,,,
Ptpn11,plex_1,1.17,0.17,0.8,0.17,1.35,0.44,,,,,,
S100a11,plex_1,1.38,0.32,0.67,0.14,1.54,0.47,,,,,,
Gpam,plex_1,2.14,0.37,1.1,0.27,1.56,0.64,,,,,,
Ubxn1,plex_1,4.89,0.33,0.85,0.38,1.66,0.47,,,,,,
Rab12,plex_1,1.01,0.33,0.8,0.13,1.44,0.36,,,,,,
Atp5e,plex_1,0.52,0.41,0.81,0.21,1.23,0.37,,,,,,
Atp5e,plex_1,0.52,0.41,0.81,0.21,1.23,0.37,,,,,,
Hscb,plex_1,1.33,0.27,1.06,0.2,1.51,0.5,,,,,,
Hscb,plex_1,1.33,0.27,1.06,0.2,1.51,0.5,,,,,,
Snx3,plex_1,0.78,0.27,0.66,0.26,1.49,0.37,,,,,,
Snx3,plex_1,0.78,0.27,0.66,0.26,1.49,0.37,,,,,,
Snx3,plex_1,0.78,0.27,0.66,0.26,1.49,0.37,,,,,,
Snx3,plex_1,0.78,0.27,0.66,0.26,1.49,0.37,,,,,,
Asna1,plex_1,1.85,0.28,1.17,0.37,2.14,0.64,,,,,,
Lrrc20,plex_1,0.86,0.22,0.88,0.19,1.54,0.52,,,,,,
Stoml2,plex_1,0.45,0.3,0.48,0.17,1.45,0.37,,,,,,
Lmo7,plex_1,2.39,0.47,0.93,0.21,2.65,0.5,,,,,,
Lmo7,plex_1,2.39,0.47,0.93,0.21,2.65,0.5,,,,,,
Lmo7,plex_1,2.39,0.47,0.93,0.21,2.65,0.5,,,,,,
Lmo7,plex_1,2.39,0.47,0.93,0.21,2.65,0.5,,,,,,
Lmo7,plex_1,2.39,0.47,0.93,0.21,2.65,0.5,,,,,,
Dpp9,plex_1,1.27,0.37,0.65,0.22,0.53,0.4,,,,,,
Dpp9,plex_1,1.27,0.37,0.65,0.22,0.53,0.4,,,,,,
Tmem143,plex_1,,,,,,,,,,,,
Tmem143,plex_1,,,,,,,,,,,,
Tmem143,plex_1,,,,,,,,,,,,
Tpp1,plex_1,0.43,0.21,0.58,0.16,1.42,0.35,,,,,,
Tpp1,plex_1,0.43,0.21,0.58,0.16,1.42,0.35,,,,,,
Tpp1,plex_1,0.43,0.21,0.58,0.16,1.42,0.35,,,,,,
Col6a6,plex_1,1.31,0.21,0.7,0.16,1.56,0.46,,,,,,
Vps29,plex_1,0.96,0.29,0.78,0.19,1.49,0.43,,,,,,
Vps29,plex_1,0.96,0.29,0.78,0.19,1.49,0.43,,,,,,
Chtop,plex_1,0.99,0.37,0.92,0.46,2.11,0.99,,,,,,
Crkl,plex_1,0.81,0.21,0.74,0.22,1.78,0.32,,,,,,
Nars,plex_1,1.36,0.33,0.87,0.2,1.46,0.52,,,,,,
Pon3,plex_1,0.64,0.27,0.88,0.18,1.22,0.44,,,,,,
Nqo1,plex_1,1.09,0.29,0.81,0.21,1.52,0.41,,,,,,
Nqo1,plex_1,1.09,0.29,0.81,0.21,1.52,0.41,,,,,,
Ptcd3,plex_1,0.64,0.27,0.75,0.2,1.16,0.67,,,,,,
Cma1,plex_1,0.56,0.25,0.46,0.2,1.31,0.37,,,,,,
Cma1,plex_1,0.56,0.25,0.46,0.2,1.31,0.37,,,,,,
,plex_1,0.86,0.22,0.5,0.32,1.25,1.09,,,,,,
Eif2a,plex_1,13.18,0.23,1.91,0.21,3.66,0.48,,,,,,
Ccdc47,plex_1,1.09,0.34,0.64,0.21,1.36,0.32,,,,,,
Rnf123,plex_1,1.71,0.36,1.0,0.18,1.9,0.4,,,,,,
Rnf123,plex_1,1.71,0.36,1.0,0.18,1.9,0.4,,,,,,
Rnf123,plex_1,1.71,0.36,1.0,0.18,1.9,0.4,,,,,,
Dnajb4,plex_1,1.32,0.45,1.0,0.1,1.68,0.57,,,,,,
Eif2s1,plex_1,1.3,0.3,0.83,0.64,1.9,0.45,,,,,,
Rab14,plex_1,,,0.18,,0.7,,,,,,,
Denr,plex_1,,,,,,,,,,,,
Rpl38,plex_1,0.6,0.29,0.62,0.17,1.48,0.41,,,,,,
Ehd1,plex_1,4.8,0.31,1.05,0.19,2.13,0.53,,,,,,
Ehd1,plex_1,4.8,0.31,1.05,0.19,2.13,0.53,,,,,,
Ehd1,plex_1,4.8,0.31,1.05,0.19,2.13,0.53,,,,,,
Ehd1,plex_1,4.8,0.31,1.05,0.19,2.13,0.53,,,,,,
Gorasp2,plex_1,0.38,,0.62,0.55,1.4,0.55,,,,,,
Gorasp2,plex_1,0.38,,0.62,0.55,1.4,0.55,,,,,,
Gorasp2,plex_1,0.38,,0.62,0.55,1.4,0.55,,,,,,
Gorasp2,plex_1,0.38,,0.62,0.55,1.4,0.55,,,,,,
Pank4,plex_1,1.96,0.32,0.92,0.19,1.49,0.61,,,,,,
Pank4,plex_1,1.96,0.32,0.92,0.19,1.49,0.61,,,,,,
Col5a2,plex_1,1.32,0.35,0.94,0.18,1.87,0.66,,,,,,
Pmpca,plex_1,1.41,0.32,0.91,0.23,1.47,0.53,,,,,,
Pmpca,plex_1,1.41,0.32,0.91,0.23,1.47,0.53,,,,,,
Pmpca,plex_1,1.41,0.32,0.91,0.23,1.47,0.53,,,,,,
Gls,plex_1,4.72,0.33,1.97,0.27,2.68,0.59,,,,,,
Gls,plex_1,4.72,0.33,1.97,0.27,2.68,0.59,,,,,,
Fbxo40,plex_1,1.23,,,,1.55,,,,,,,
Rps25,plex_1,0.66,0.22,0.65,0.24,1.53,0.26,,,,,,
Uso1,plex_1,3.49,,1.04,0.17,1.81,0.7,,,,,,
Uso1,plex_1,3.49,,1.04,0.17,1.81,0.7,,,,,,
Cndp2,plex_1,0.81,,0.53,,1.11,0.28,,,,,,
Tu11,plex_1,0.71,0.19,0.76,0.15,1.18,0.24,,,,,,
Ubl4a,plex_1,0.71,0.19,0.76,0.15,1.18,0.24,,,,,,
DXS254E,plex_1,0.71,0.19,0.76,0.15,1.18,0.24,,,,,,
Tu11,plex_1,0.71,0.19,0.76,0.15,1.18,0.24,,,,,,
,plex_1,0.71,0.19,0.76,0.15,1.18,0.24,,,,,,
Rpl24,plex_1,0.69,0.35,0.96,0.2,1.61,0.43,,,,,,
Rps27,plex_1,0.59,0.36,0.93,,1.56,0.5,,,,,,
Rps27,plex_1,0.59,0.36,0.93,,1.56,0.5,,,,,,
Tmx4,plex_1,0.73,0.27,0.66,0.17,1.53,0.48,,,,,,
Tmx4,plex_1,0.73,0.27,0.66,0.17,1.53,0.48,,,,,,
Nt5dc3,plex_1,2.52,0.68,3.85,0.73,10.22,1.15,,,,,,
Tnc,plex_1,0.96,0.12,0.7,,1.6,0.29,,,,,,
Tnc,plex_1,0.96,0.12,0.7,,1.6,0.29,,,,,,
Tnc,plex_1,0.96,0.12,0.7,,1.6,0.29,,,,,,
Tnc,plex_1,0.96,0.12,0.7,,1.6,0.29,,,,,,
Tnc,plex_1,0.96,0.12,0.7,,1.6,0.29,,,,,,
Tnc,plex_1,0.96,0.12,0.7,,1.6,0.29,,,,,,
Tnc,plex_1,0.96,0.12,0.7,,1.6,0.29,,,,,,
Tmem182,plex_1,0.29,0.22,0.59,0.25,1.19,0.41,,,,,,
Sbk2,plex_1,0.92,0.34,0.54,0.26,1.65,0.37,,,,,,
Mrps30,plex_1,1.43,0.32,1.31,0.26,1.76,0.62,,,,,,
Eif3i,plex_1,1.45,0.22,0.72,0.21,1.81,0.52,,,,,,
Eif3i,plex_1,1.45,0.22,0.72,0.21,1.81,0.52,,,,,,
Mcee,plex_1,1.11,0.2,0.95,0.25,1.55,0.42,,,,,,
Myh3,plex_1,0.54,0.22,0.57,0.21,0.9,0.53,,,,,,
Mtm1,plex_1,0.82,0.33,0.78,0.24,1.56,0.61,,,,,,
Tfam,plex_1,0.53,0.25,0.61,0.18,1.21,0.37,,,,,,
Tfam,plex_1,0.53,0.25,0.61,0.18,1.21,0.37,,,,,,
Tfam,plex_1,0.53,0.25,0.61,0.18,1.21,0.37,,,,,,
Kpna1,plex_1,0.45,0.26,0.72,0.29,1.21,0.43,,,,,,
Gm20431,plex_1,0.61,0.31,0.95,0.25,1.48,0.5,,,,,,
Ube2v1,plex_1,0.61,0.31,0.95,0.25,1.48,0.5,,,,,,
Ube2v1,plex_1,0.61,0.31,0.95,0.25,1.48,0.5,,,,,,
Psme2,plex_1,1.96,0.33,0.77,,1.81,0.62,,,,,,
PSME2b,plex_1,1.96,0.33,0.77,,1.81,0.62,,,,,,
Akt2,plex_1,0.62,0.23,0.63,0.19,1.55,0.35,,,,,,
Taldo1,plex_1,0.86,0.3,0.76,0.19,2.28,0.49,,,,,,
Kcnj11,plex_1,0.49,0.13,0.93,0.31,1.62,0.46,,,,,,
Kcnj11,plex_1,0.49,0.13,0.93,0.31,1.62,0.46,,,,,,
Srpra,plex_1,0.81,0.18,0.65,0.25,1.17,0.44,,,,,,
Twf2,plex_1,,,,,,,,,,,,
Twf2,plex_1,,,,,,,,,,,,
Hcfc1,plex_1,0.96,0.32,0.61,0.26,1.52,0.69,,,,,,
Pmpcb,plex_1,1.83,0.23,1.4,0.22,2.77,0.64,,,,,,
Pmpcb,plex_1,1.83,0.23,1.4,0.22,2.77,0.64,,,,,,
Neb,plex_1,1.28,0.2,0.87,0.2,1.47,0.45,,,,,,
Sri,plex_1,2.03,0.36,0.85,0.19,1.69,0.33,,,,,,
Sri,plex_1,2.03,0.36,0.85,0.19,1.69,0.33,,,,,,
Tpm3,plex_1,0.84,0.17,0.81,0.21,1.66,0.69,,,,,,
Sh3glb1,plex_1,1.28,,0.75,,1.54,0.94,,,,,,
Sh3glb1,plex_1,1.28,,0.75,,1.54,0.94,,,,,,
Sh3glb1,plex_1,1.28,,0.75,,1.54,0.94,,,,,,
Sh3glb1,plex_1,1.28,,0.75,,1.54,0.94,,,,,,
H2-L,plex_1,2.77,0.3,1.1,0.2,2.37,0.83,,,,,,
Hyou1,plex_1,0.64,0.19,0.62,0.15,1.27,0.43,,,,,,
Rbmx,plex_1,0.98,0.18,0.92,0.19,1.46,0.6,,,,,,
Aup1,plex_1,,,,,,,,,,,,
Aup1,plex_1,,,,,,,,,,,,
Aup1,plex_1,,,,,,,,,,,,
Pafah1b1,plex_1,1.7,0.23,1.0,0.1,1.71,0.45,,,,,,
Pafah1b1,plex_1,1.7,0.23,1.0,0.1,1.71,0.45,,,,,,
Pafah1b1,plex_1,1.7,0.23,1.0,0.1,1.71,0.45,,,,,,
Pafah1b1,plex_1,1.7,0.23,1.0,0.1,1.71,0.45,,,,,,
Psmb7,plex_1,2.52,0.57,0.52,,1.24,,,,,,,
Psmb7,plex_1,2.52,0.57,0.52,,1.24,,,,,,,
Mrpl24,plex_1,,,,,,,,,,,,
Rap1gds1,plex_1,0.35,0.22,0.58,0.15,1.14,0.34,,,,,,
,plex_1,0.35,0.22,0.58,0.15,1.14,0.34,,,,,,
Rap1gds1,plex_1,0.35,0.22,0.58,0.15,1.14,0.34,,,,,,
Rap1gds1,plex_1,0.35,0.22,0.58,0.15,1.14,0.34,,,,,,
Rap1gds1,plex_1,0.35,0.22,0.58,0.15,1.14,0.34,,,,,,
Rap1gds1,plex_1,0.35,0.22,0.58,0.15,1.14,0.34,,,,,,
Rap1gds1,plex_1,0.35,0.22,0.58,0.15,1.14,0.34,,,,,,
Rap1gds1,plex_1,0.35,0.22,0.58,0.15,1.14,0.34,,,,,,
Minpp1,plex_1,3.02,0.38,1.63,0.2,2.31,0.57,,,,,,
Surf4,plex_1,0.6,,0.99,,1.72,,,,,,,
Surf4,plex_1,0.6,,0.99,,1.72,,,,,,,
Atpaf1,plex_1,1.19,0.2,0.82,0.23,1.09,0.37,,,,,,
Atpaf1,plex_1,1.19,0.2,0.82,0.23,1.09,0.37,,,,,,
Atpaf1,plex_1,1.19,0.2,0.82,0.23,1.09,0.37,,,,,,
Ppa2,plex_1,0.81,0.34,0.65,0.22,1.14,0.4,,,,,,
Ttn,plex_1,0.67,0.32,0.66,0.15,1.34,0.58,,,,,,
Dync1li1,plex_1,5.21,0.38,1.3,0.17,2.79,0.67,,,,,,
Uqcr11,plex_1,0.86,0.35,1.06,0.22,1.19,0.57,,,,,,
Aarsd1,plex_1,,,0.68,0.52,0.73,0.42,,,,,,
Rpl8,plex_1,2.05,0.34,0.89,0.21,1.98,0.39,,,,,,
Rpl8,plex_1,2.05,0.34,0.89,0.21,1.98,0.39,,,,,,
Otub1,plex_1,0.63,0.22,0.66,0.19,1.31,0.41,,,,,,
Otub1,plex_1,0.63,0.22,0.66,0.19,1.31,0.41,,,,,,
Sarnp,plex_1,2.32,0.42,2.47,0.37,6.69,1.15,,,,,,
Sarnp,plex_1,2.32,0.42,2.47,0.37,6.69,1.15,,,,,,
Mapkapk3,plex_1,4.9,0.19,1.29,0.17,2.75,0.69,,,,,,
Gnb2,plex_1,0.69,0.23,0.81,0.2,1.32,0.4,,,,,,
Tgfbi,plex_1,1.23,0.29,0.67,0.17,1.65,0.38,,,,,,
Tgfbi,plex_1,1.23,0.29,0.67,0.17,1.65,0.38,,,,,,
Tgfbi,plex_1,1.23,0.29,0.67,0.17,1.65,0.38,,,,,,
Tgfbi,plex_1,1.23,0.29,0.67,0.17,1.65,0.38,,,,,,
Tgfbi,plex_1,1.23,0.29,0.67,0.17,1.65,0.38,,,,,,
Tgfbi,plex_1,1.23,0.29,0.67,0.17,1.65,0.38,,,,,,
Bcam,plex_1,1.18,0.21,0.67,0.17,1.35,0.32,,,,,,
Matr3,plex_1,2.14,0.25,1.57,,3.02,0.64,,,,,,
Matr3,plex_1,2.14,0.25,1.57,,3.02,0.64,,,,,,
Matr3,plex_1,2.14,0.25,1.57,,3.02,0.64,,,,,,
Matr3,plex_1,2.14,0.25,1.57,,3.02,0.64,,,,,,
Actr2,plex_1,1.93,0.3,0.83,0.21,1.54,0.58,,,,,,
Vps25,plex_1,1.86,0.24,1.4,0.14,2.01,0.84,,,,,,
Apoh,plex_1,0.4,0.17,0.5,0.21,1.62,0.31,,,,,,
Ttc19,plex_1,5.24,,1.9,,4.1,1.19,,,,,,
Sdpr,plex_1,0.92,0.23,0.83,0.18,1.43,0.57,,,,,,
Mat2a,plex_1,2.54,0.32,0.75,,1.66,0.62,,,,,,
Msn,plex_1,0.7,0.39,0.8,0.12,1.43,0.35,,,,,,
Sub1,plex_1,1.46,0.17,0.97,0.16,2.13,0.41,,,,,,
Col5a1,plex_1,6.29,0.25,1.14,0.19,1.92,0.45,,,,,,
Dnaja3,plex_1,1.01,0.33,0.96,0.16,1.33,0.52,,,,,,
Dnaja3,plex_1,1.01,0.33,0.96,0.16,1.33,0.52,,,,,,
Rpl22,plex_1,2.04,0.26,0.97,0.18,1.75,0.51,,,,,,
Copa,plex_1,4.31,0.24,1.19,0.11,2.6,0.53,,,,,,
Copa,plex_1,4.31,0.24,1.19,0.11,2.6,0.53,,,,,,
Copa,plex_1,4.31,0.24,1.19,0.11,2.6,0.53,,,,,,
Rpl30,plex_1,1.05,0.31,0.9,0.24,2.07,0.59,,,,,,
Rpl30,plex_1,1.05,0.31,0.9,0.24,2.07,0.59,,,,,,
Psmd12,plex_1,0.62,0.3,0.83,0.17,1.33,0.52,,,,,,
Psmd14,plex_1,0.62,0.32,0.89,0.19,1.23,0.62,,,,,,
Psmd14,plex_1,0.62,0.32,0.89,0.19,1.23,0.62,,,,,,
Mrps27,plex_1,0.92,0.22,0.81,0.3,1.73,0.65,,,,,,
Rpl18a,plex_1,1.07,0.18,0.62,0.21,2.14,0.47,,,,,,
Serpinc1,plex_1,0.93,0.35,1.28,,2.1,0.68,,,,,,
Mief2,plex_1,,,,,,,,,,,,
Asb2,plex_1,0.29,,,,1.14,,,,,,,
Asb2,plex_1,0.29,,,,1.14,,,,,,,
Rab5c,plex_1,0.42,0.13,0.37,,1.65,0.64,,,,,,
Rab5c,plex_1,0.42,0.13,0.37,,1.65,0.64,,,,,,
Rab5c,plex_1,0.42,0.13,0.37,,1.65,0.64,,,,,,
Neb,plex_1,0.72,0.26,0.78,0.2,1.74,0.37,,,,,,
Copb1,plex_1,1.43,0.23,0.86,0.09,1.0,0.55,,,,,,
Tmx2,plex_1,0.86,0.38,0.97,,1.47,0.39,,,,,,
Tmx2,plex_1,0.86,0.38,0.97,,1.47,0.39,,,,,,
Adprhl1,plex_1,,,,,,,,,,,,
Crot,plex_1,50.46,0.27,3.46,0.13,10.95,0.7,,,,,,
Gstz1,plex_1,0.19,0.16,0.54,0.19,1.5,0.27,,,,,,
Gstz1,plex_1,0.19,0.16,0.54,0.19,1.5,0.27,,,,,,
Hnrnph1,plex_1,,,,,,,,,,,,
Hnrnph1,plex_1,,,,,,,,,,,,
Pxmp2,plex_1,1.13,0.31,1.07,,1.68,0.46,,,,,,
Nedd8,plex_1,0.93,0.34,0.78,0.17,1.36,0.64,,,,,,
Pa2g4,plex_1,2.62,0.34,1.09,0.21,1.34,0.49,,,,,,
Pa2g4,plex_1,2.62,0.34,1.09,0.21,1.34,0.49,,,,,,
Pa2g4,plex_1,2.62,0.34,1.09,0.21,1.34,0.49,,,,,,
Pa2g4,plex_1,2.62,0.34,1.09,0.21,1.34,0.49,,,,,,
Pa2g4,plex_1,2.62,0.34,1.09,0.21,1.34,0.49,,,,,,
Mbnl1,plex_1,1.04,0.3,0.77,0.17,1.83,0.68,,,,,,
Mbnl1,plex_1,1.04,0.3,0.77,0.17,1.83,0.68,,,,,,
Mbnl1,plex_1,1.04,0.3,0.77,0.17,1.83,0.68,,,,,,
Arl6ip5,plex_1,1.15,0.24,0.88,0.2,1.63,0.6,,,,,,
Hist1h2ah,plex_1,0.93,0.61,0.7,0.76,1.25,0.84,,,,,,
H2afj,plex_1,0.93,0.61,0.7,0.76,1.25,0.84,,,,,,
Hist1h2af,plex_1,0.93,0.61,0.7,0.76,1.25,0.84,,,,,,
Hist1h2ab,plex_1,0.93,0.61,0.7,0.76,1.25,0.84,,,,,,
Hist1h2ak,plex_1,0.93,0.61,0.7,0.76,1.25,0.84,,,,,,
H2afj,plex_1,0.93,0.61,0.7,0.76,1.25,0.84,,,,,,
Hist1h2ah,plex_1,0.93,0.61,0.7,0.76,1.25,0.84,,,,,,
Hist3h2a,plex_1,0.93,0.61,0.7,0.76,1.25,0.84,,,,,,
Ssb,plex_1,0.96,0.54,1.09,0.6,1.71,0.76,,,,,,
Ssb,plex_1,0.96,0.54,1.09,0.6,1.71,0.76,,,,,,
Igbp1,plex_1,1.17,0.52,0.79,,1.15,,,,,,,
,plex_1,0.83,0.39,0.69,0.25,2.28,0.49,,,,,,
Cct7,plex_1,1.09,0.29,0.79,0.2,1.31,0.43,,,,,,
Cct7,plex_1,1.09,0.29,0.79,0.2,1.31,0.43,,,,,,
Cct7,plex_1,1.09,0.29,0.79,0.2,1.31,0.43,,,,,,
Cct7,plex_1,1.09,0.29,0.79,0.2,1.31,0.43,,,,,,
Cct7,plex_1,1.09,0.29,0.79,0.2,1.31,0.43,,,,,,
Cct7,plex_1,1.09,0.29,0.79,0.2,1.31,0.43,,,,,,
Cct7,plex_1,1.09,0.29,0.79,0.2,1.31,0.43,,,,,,
Dynlrb1,plex_1,,,,,,,,,,,,
Dynlrb1,plex_1,,,,,,,,,,,,
Wdr61,plex_1,1.24,0.15,0.42,0.22,1.29,0.64,,,,,,
Wdr61,plex_1,1.24,0.15,0.42,0.22,1.29,0.64,,,,,,
Wdr61,plex_1,1.24,0.15,0.42,0.22,1.29,0.64,,,,,,
Wdr61,plex_1,1.24,0.15,0.42,0.22,1.29,0.64,,,,,,
Gamt,plex_1,,,,,,,,,,,,
Gamt,plex_1,,,,,,,,,,,,
Timm50,plex_1,0.76,0.24,0.88,0.2,1.66,0.48,,,,,,
Ucp3,plex_1,,,,,,,,,,,,
Reep5,plex_1,0.68,0.28,0.78,0.16,1.25,0.4,,,,,,
Gmppa,plex_1,,,,,2.61,,,,,,,
Gmppa,plex_1,,,,,2.61,,,,,,,
Odr4,plex_1,0.39,0.24,0.45,0.26,1.7,0.52,,,,,,
Tmed5,plex_1,3.26,0.35,1.57,0.35,2.0,0.62,,,,,,
Tmed5,plex_1,3.26,0.35,1.57,0.35,2.0,0.62,,,,,,
Tmed5,plex_1,3.26,0.35,1.57,0.35,2.0,0.62,,,,,,
Lypla2,plex_1,1.59,0.33,1.38,0.24,2.34,0.64,,,,,,
Impdh2,plex_1,0.61,0.12,0.46,0.17,1.59,0.47,,,,,,
Ktn1,plex_1,0.79,0.2,0.8,0.16,1.52,0.51,,,,,,
Ktn1,plex_1,0.79,0.2,0.8,0.16,1.52,0.51,,,,,,
Vps36,plex_1,1.01,0.31,0.85,0.22,1.89,0.45,,,,,,
Arpc2,plex_1,1.9,0.42,0.77,0.15,1.99,0.39,,,,,,
Tom1l2,plex_1,4.29,0.35,1.31,0.21,3.01,0.77,,,,,,
Tom1l2,plex_1,4.29,0.35,1.31,0.21,3.01,0.77,,,,,,
Timm13,plex_1,0.76,0.29,0.64,0.11,1.33,0.33,,,,,,
Cox6a2,plex_1,1.55,0.33,1.07,0.25,0.99,0.65,,,,,,
Cox6a2,plex_1,1.55,0.33,1.07,0.25,0.99,0.65,,,,,,
Kras,plex_1,0.78,0.27,0.74,0.18,1.42,0.52,,,,,,
Kras,plex_1,0.78,0.27,0.74,0.18,1.42,0.52,,,,,,
Kras,plex_1,0.78,0.27,0.74,0.18,1.42,0.52,,,,,,
H2afx,plex_1,20.4,0.53,3.19,0.2,6.18,1.98,,,,,,
Uba3,plex_1,,,,,,,,,,,,
Uba3,plex_1,,,,,,,,,,,,
H2afy,plex_1,1.05,0.39,0.97,0.32,1.47,0.77,,,,,,
H2afy,plex_1,1.05,0.39,0.97,0.32,1.47,0.77,,,,,,
Xirp2,plex_1,19.52,0.38,2.59,0.22,4.18,1.31,,,,,,
Clic1,plex_1,0.38,0.23,0.58,0.22,1.06,0.25,,,,,,
Hdgf,plex_1,1.13,0.3,0.84,0.22,1.55,0.35,,,,,,
Clptm1,plex_1,0.45,0.23,0.51,0.3,1.54,0.33,,,,,,
2210016F16Rik,plex_1,1.61,0.35,0.9,0.36,2.12,0.54,,,,,,
Osbpl1a,plex_1,7.33,0.13,2.06,0.15,2.68,0.51,,,,,,
Eif3l,plex_1,1.03,0.27,1.05,0.27,1.73,0.59,,,,,,
Cox7a2,plex_1,0.75,0.26,0.76,0.21,1.57,0.53,,,,,,
Chchd3,plex_1,0.72,0.34,0.78,0.26,1.56,0.48,,,,,,
Cops5,plex_1,0.9,0.32,0.97,0.17,1.3,0.49,,,,,,
Drg1,plex_1,2.8,0.73,0.78,,1.67,0.47,,,,,,
Drg1,plex_1,2.8,0.73,0.78,,1.67,0.47,,,,,,
Drg1,plex_1,2.8,0.73,0.78,,1.67,0.47,,,,,,
Srsf7,plex_1,0.75,0.27,0.63,0.18,1.35,0.3,,,,,,
Srsf7,plex_1,0.75,0.27,0.63,0.18,1.35,0.3,,,,,,
Srsf7,plex_1,0.75,0.27,0.63,0.18,1.35,0.3,,,,,,
Ndufaf3,plex_1,1.01,0.35,0.75,0.25,1.75,0.48,,,,,,
Dffa,plex_1,0.77,0.16,0.85,0.28,1.31,0.48,,,,,,
Obscn,plex_1,,,,,,,,,,,,
Mrpl12,plex_1,0.64,0.26,0.77,0.24,1.17,0.63,,,,,,
Ube2d3,plex_1,0.82,0.28,0.74,0.25,1.59,0.37,,,,,,
Ube2d3,plex_1,0.82,0.28,0.74,0.25,1.59,0.37,,,,,,
Ube2d3,plex_1,0.82,0.28,0.74,0.25,1.59,0.37,,,,,,
Ube2d3,plex_1,0.82,0.28,0.74,0.25,1.59,0.37,,,,,,
Ube2d3,plex_1,0.82,0.28,0.74,0.25,1.59,0.37,,,,,,
Ube2d3,plex_1,0.82,0.28,0.74,0.25,1.59,0.37,,,,,,
Ldb3,plex_1,0.55,0.27,1.33,0.18,1.89,0.18,,,,,,
Fundc2,plex_1,0.52,0.32,0.96,0.27,1.43,0.47,,,,,,
Tns1,plex_1,1.5,0.41,0.83,0.21,1.66,0.5,,,,,,
Tns1,plex_1,1.5,0.41,0.83,0.21,1.66,0.5,,,,,,
Tns1,plex_1,1.5,0.41,0.83,0.21,1.66,0.5,,,,,,
Tns1,plex_1,1.5,0.41,0.83,0.21,1.66,0.5,,,,,,
Tns1,plex_1,1.5,0.41,0.83,0.21,1.66,0.5,,,,,,
Pepd,plex_1,1.73,0.35,1.0,0.24,1.8,0.38,,,,,,
Hsph1,plex_1,0.61,0.18,0.69,0.19,1.37,0.36,,,,,,
Hsph1,plex_1,0.61,0.18,0.69,0.19,1.37,0.36,,,,,,
Hsph1,plex_1,0.61,0.18,0.69,0.19,1.37,0.36,,,,,,
Fam213a,plex_1,0.5,0.23,0.72,0.19,1.49,0.53,,,,,,
Sephs1,plex_1,1.2,,0.96,,2.32,0.98,,,,,,
Sephs1,plex_1,1.2,,0.96,,2.32,0.98,,,,,,
Sephs1,plex_1,1.2,,0.96,,2.32,0.98,,,,,,
Srp54,plex_1,12.04,0.66,3.1,,3.14,0.69,,,,,,
Psmd3,plex_1,0.46,0.19,0.63,0.22,1.19,0.46,,,,,,
Mapt,plex_1,1.12,0.34,0.67,0.2,1.47,0.3,,,,,,
Eef1a1,plex_1,0.38,0.21,0.56,0.12,1.76,0.57,,,,,,
Yars2,plex_1,0.73,0.27,0.74,0.12,1.57,0.56,,,,,,
Lemd2,plex_1,1.53,0.33,0.72,0.5,3.97,0.32,,,,,,
Igh,plex_1,1.45,0.34,0.72,0.67,1.02,0.33,,,,,,
mt-Nd3,plex_1,0.99,0.13,0.37,,1.14,0.3,,,,,,
ND3,plex_1,0.99,0.13,0.37,,1.14,0.3,,,,,,
Dnajc11,plex_1,0.68,0.17,0.69,0.19,1.33,0.48,,,,,,
Homer1,plex_1,0.36,0.41,0.86,,1.88,0.48,,,,,,
Homer1,plex_1,0.36,0.41,0.86,,1.88,0.48,,,,,,
Homer1,plex_1,0.36,0.41,0.86,,1.88,0.48,,,,,,
Sar1a,plex_1,0.72,0.22,0.66,0.2,1.42,0.48,,,,,,
As3mt,plex_1,0.75,0.47,0.85,0.29,1.88,0.48,,,,,,
Marcks,plex_1,1.17,0.27,0.74,0.25,1.27,0.57,,,,,,
Atp2a2,plex_1,1.47,0.28,1.01,0.24,1.54,0.69,,,,,,
Atp2a2,plex_1,1.47,0.28,1.01,0.24,1.54,0.69,,,,,,
Pgm3,plex_1,21.54,0.41,3.62,,3.25,1.43,,,,,,
Comp,plex_1,6.63,0.37,1.97,0.15,3.12,0.83,,,,,,
Prg2,plex_1,1.38,0.17,0.13,0.05,1.65,0.31,,,,,,
Fkbp4,plex_1,1.0,0.21,0.82,0.24,1.39,0.52,,,,,,
Itih4,plex_1,2.09,0.33,1.36,0.23,2.19,1.32,,,,,,
Chordc1,plex_1,,,,,,,,,,,,
Dkc1,plex_1,1.09,0.29,0.93,0.2,1.8,0.59,,,,,,
Eif3m,plex_1,1.79,0.21,0.76,0.19,1.61,0.4,,,,,,
Eif3m,plex_1,1.79,0.21,0.76,0.19,1.61,0.4,,,,,,
Mdp1,plex_1,0.42,0.32,0.75,0.21,1.16,0.41,,,,,,
Coa3,plex_1,0.68,0.35,0.84,0.23,1.25,0.42,,,,,,
Coa3,plex_1,0.68,0.35,0.84,0.23,1.25,0.42,,,,,,
Ptbp1,plex_1,2.42,0.64,3.02,0.17,1.56,1.03,,,,,,
Ptbp1,plex_1,2.42,0.64,3.02,0.17,1.56,1.03,,,,,,
Ptbp1,plex_1,2.42,0.64,3.02,0.17,1.56,1.03,,,,,,
Ubap2l,plex_1,0.57,0.17,0.67,0.13,1.44,0.35,,,,,,
Ubap2l,plex_1,0.57,0.17,0.67,0.13,1.44,0.35,,,,,,
Ubap2l,plex_1,0.57,0.17,0.67,0.13,1.44,0.35,,,,,,
Ubap2l,plex_1,0.57,0.17,0.67,0.13,1.44,0.35,,,,,,
Ubap2l,plex_1,0.57,0.17,0.67,0.13,1.44,0.35,,,,,,
Ubap2l,plex_1,0.57,0.17,0.67,0.13,1.44,0.35,,,,,,
lig-2a,plex_1,0.57,0.17,0.67,0.13,1.44,0.35,,,,,,
Ubap2l,plex_1,0.57,0.17,0.67,0.13,1.44,0.35,,,,,,
Ubap2l,plex_1,0.57,0.17,0.67,0.13,1.44,0.35,,,,,,
Ubap2l,plex_1,0.57,0.17,0.67,0.13,1.44,0.35,,,,,,
Uqcr10,plex_1,0.35,0.35,0.74,0.28,1.16,0.46,,,,,,
Ddx6,plex_1,,,,,,,,,,,,
Hspa12b,plex_1,0.93,0.26,0.84,0.15,1.24,0.5,,,,,,
Flnb,plex_1,31.71,0.22,3.38,0.23,6.55,1.42,,,,,,
Serpinh1,plex_1,1.5,0.44,0.93,0.39,1.9,0.79,,,,,,
Serpinh1,plex_1,1.5,0.44,0.93,0.39,1.9,0.79,,,,,,
Serpinh1,plex_1,1.5,0.44,0.93,0.39,1.9,0.79,,,,,,
Serpinh1,plex_1,1.5,0.44,0.93,0.39,1.9,0.79,,,,,,
Serpinh1,plex_1,1.5,0.44,0.93,0.39,1.9,0.79,,,,,,
Ranbp1,plex_1,0.57,0.27,0.71,0.19,1.43,0.35,,,,,,
Ranbp1,plex_1,0.57,0.27,0.71,0.19,1.43,0.35,,,,,,
Cutc,plex_1,0.78,0.34,0.72,0.25,1.69,0.49,,,,,,
Glrx5,plex_1,0.67,0.22,0.67,0.23,1.59,0.51,,,,,,
Rhoa,plex_1,0.89,0.21,0.74,0.18,1.53,0.49,,,,,,
Rhoa,plex_1,0.89,0.21,0.74,0.18,1.53,0.49,,,,,,
Igkv12-44,plex_1,,,,,0.75,2.29,,,,,,
,plex_1,,,,,0.75,2.29,,,,,,
,plex_1,,,,,0.75,2.29,,,,,,
Sh3bgrl,plex_1,,,,,,,,,,,,
Sh3bgrl,plex_1,,,,,,,,,,,,
Ppa1,plex_1,1.53,0.22,0.77,0.25,1.71,0.52,,,,,,
Actr10,plex_1,3.02,0.34,1.14,0.2,2.49,0.75,,,,,,
Tiprl,plex_1,1.95,0.32,1.14,0.2,1.67,0.44,,,,,,
Prob1,plex_1,0.57,0.27,0.64,0.32,1.1,0.29,,,,,,
Timm8b,plex_1,2.26,0.38,1.03,0.28,1.79,0.16,,,,,,
Mark3,plex_1,16.37,0.34,1.32,0.11,2.47,0.64,,,,,,
Mark3,plex_1,16.37,0.34,1.32,0.11,2.47,0.64,,,,,,
Mark3,plex_1,16.37,0.34,1.32,0.11,2.47,0.64,,,,,,
Mark3,plex_1,16.37,0.34,1.32,0.11,2.47,0.64,,,,,,
Anxa1,plex_1,1.37,0.32,0.69,0.2,1.5,0.51,,,,,,
Epb41,plex_1,0.74,0.28,0.85,0.24,1.68,0.44,,,,,,
Art3,plex_1,0.64,0.28,0.9,0.24,1.7,0.49,,,,,,
Art3,plex_1,0.64,0.28,0.9,0.24,1.7,0.49,,,,,,
Art3,plex_1,0.64,0.28,0.9,0.24,1.7,0.49,,,,,,
Art3,plex_1,0.64,0.28,0.9,0.24,1.7,0.49,,,,,,
Art3,plex_1,0.64,0.28,0.9,0.24,1.7,0.49,,,,,,
Art3,plex_1,0.64,0.28,0.9,0.24,1.7,0.49,,,,,,
Art3,plex_1,0.64,0.28,0.9,0.24,1.7,0.49,,,,,,
Art3,plex_1,0.64,0.28,0.9,0.24,1.7,0.49,,,,,,
Art3,plex_1,0.64,0.28,0.9,0.24,1.7,0.49,,,,,,
Art3,plex_1,0.64,0.28,0.9,0.24,1.7,0.49,,,,,,
Tomm70a,plex_1,0.8,0.34,0.74,0.16,1.41,0.47,,,,,,
Tomm70,plex_1,0.8,0.34,0.74,0.16,1.41,0.47,,,,,,
Tomm70a,plex_1,0.8,0.34,0.74,0.16,1.41,0.47,,,,,,
Sacm1l,plex_1,0.72,0.26,0.65,0.23,1.5,0.5,,,,,,
Rpl14,plex_1,0.84,0.34,0.63,0.23,1.64,0.35,,,,,,
Rab6a,plex_1,,,,,,,,,,,,
Rab6a,plex_1,,,,,,,,,,,,
Ostf1,plex_1,2.16,,1.1,,1.8,0.65,,,,,,
Akr1b7,plex_1,,,,,,,,,,,,
Nefh,plex_1,0.68,0.38,0.88,0.2,1.36,0.43,,,,,,
Gcn1,plex_1,0.72,0.3,0.62,0.19,1.11,0.41,,,,,,
Dpp3,plex_1,1.23,0.37,0.77,0.17,1.7,0.31,,,,,,
Dpp3,plex_1,1.23,0.37,0.77,0.17,1.7,0.31,,,,,,
Dpp3,plex_1,1.23,0.37,0.77,0.17,1.7,0.31,,,,,,
Ckap5,plex_1,3.33,0.33,1.3,0.22,2.54,0.66,,,,,,
Csrp3,plex_1,3.08,0.37,1.03,0.08,1.58,0.39,,,,,,
Prkcsh,plex_1,0.54,0.21,0.67,0.28,1.57,0.34,,,,,,
Prkcsh,plex_1,0.54,0.21,0.67,0.28,1.57,0.34,,,,,,
Prkcsh,plex_1,0.54,0.21,0.67,0.28,1.57,0.34,,,,,,
Vps26b,plex_1,0.87,,0.99,,2.12,0.89,,,,,,
Emc4,plex_1,0.86,0.19,0.54,,1.38,0.47,,,,,,
Rcn2,plex_1,0.72,0.64,1.85,0.25,1.36,0.64,,,,,,
Rcn2,plex_1,0.72,0.64,1.85,0.25,1.36,0.64,,,,,,
Mp68,plex_1,0.34,0.27,0.58,0.26,1.34,0.44,,,,,,
Ephx1,plex_1,0.77,0.19,0.67,0.2,1.28,0.45,,,,,,
Ephx1,plex_1,0.77,0.19,0.67,0.2,1.28,0.45,,,,,,
Ephx1,plex_1,0.77,0.19,0.67,0.2,1.28,0.45,,,,,,
Ephx1,plex_1,0.77,0.19,0.67,0.2,1.28,0.45,,,,,,
Ank1,plex_1,1.18,0.32,1.02,0.4,1.96,0.4,,,,,,
Col2a1,plex_1,0.91,0.28,0.73,0.23,1.63,0.5,,,,,,
Col2a1,plex_1,0.91,0.28,0.73,0.23,1.63,0.5,,,,,,
Col2a1,plex_1,0.91,0.28,0.73,0.23,1.63,0.5,,,,,,
Tnni1,plex_1,4.6,,0.45,,0.43,,,,,,,
Tnni1,plex_1,4.6,,0.45,,0.43,,,,,,,
Tnni1,plex_1,4.6,,0.45,,0.43,,,,,,,
Emd,plex_1,0.52,0.29,0.59,,1.43,0.45,,,,,,
Emd,plex_1,0.52,0.29,0.59,,1.43,0.45,,,,,,
Cacnb3,plex_1,,,,,,,,,,,,
Ccar2,plex_1,0.33,0.29,0.83,0.14,2.36,0.34,,,,,,
G6pdx,plex_1,0.95,0.39,0.66,0.16,1.67,0.57,,,,,,
G6pdx,plex_1,0.95,0.39,0.66,0.16,1.67,0.57,,,,,,
G6pdx,plex_1,0.95,0.39,0.66,0.16,1.67,0.57,,,,,,
Krt76,plex_1,3.39,0.3,1.14,0.24,3.53,0.64,,,,,,
Ptrf,plex_1,0.99,0.55,0.65,0.34,1.76,0.5,,,,,,
Abcd3,plex_1,0.41,0.19,0.74,0.17,1.38,0.44,,,,,,
Fbln5,plex_1,0.82,0.15,0.78,,1.19,0.35,,,,,,
Dupd1,plex_1,1.33,0.29,0.76,0.2,1.75,0.45,,,,,,
Napb,plex_1,0.4,0.52,0.51,,1.77,,,,,,,
Carhsp1,plex_1,0.56,0.2,0.75,0.25,1.56,0.66,,,,,,
Carhsp1,plex_1,0.56,0.2,0.75,0.25,1.56,0.66,,,,,,
Bag2,plex_1,1.31,0.2,0.96,0.21,1.62,0.62,,,,,,
Fam114a2,plex_1,7.43,0.17,1.25,,2.81,0.79,,,,,,
Fam114a2,plex_1,7.43,0.17,1.25,,2.81,0.79,,,,,,
Psma3,plex_1,0.34,0.2,0.67,0.26,1.64,0.29,,,,,,
Psma3,plex_1,0.34,0.2,0.67,0.26,1.64,0.29,,,,,,
Slc44a2,plex_1,0.52,0.23,0.64,0.25,1.46,0.42,,,,,,
Psmb6,plex_1,,,,,,,,,,,,
Sh3kbp1,plex_1,0.8,0.29,0.71,0.15,0.79,0.54,,,,,,
Sh3kbp1,plex_1,0.8,0.29,0.71,0.15,0.79,0.54,,,,,,
Sh3kbp1,plex_1,0.8,0.29,0.71,0.15,0.79,0.54,,,,,,
Arpc5l,plex_1,34.63,,2.82,,4.28,0.84,,,,,,
Rps24,plex_1,,,,0.3,0.77,,,,,,,
Rps24,plex_1,,,,0.3,0.77,,,,,,,
Rps24,plex_1,,,,0.3,0.77,,,,,,,
Por,plex_1,0.7,0.26,0.76,0.19,1.4,0.4,,,,,,
Wdr44,plex_1,2.76,0.35,1.12,0.24,1.68,0.73,,,,,,
Clcn1,plex_1,1.09,0.27,0.76,0.21,1.64,0.55,,,,,,
Clcn1,plex_1,1.09,0.27,0.76,0.21,1.64,0.55,,,,,,
Clcn1,plex_1,1.09,0.27,0.76,0.21,1.64,0.55,,,,,,
Pdia3,plex_1,0.73,,0.87,,2.18,0.59,,,,,,
Lama4,plex_1,1.68,0.3,1.06,0.19,1.8,0.39,,,,,,
Ociad2,plex_1,1.29,0.26,0.93,0.16,1.64,0.33,,,,,,
Pfkp,plex_1,0.64,0.53,0.8,,1.5,0.47,,,,,,
Pfkp,plex_1,0.64,0.53,0.8,,1.5,0.47,,,,,,
Fermt2,plex_1,1.05,0.39,0.88,0.2,1.77,0.39,,,,,,
Atox1,plex_1,1.13,0.28,0.91,0.24,1.92,0.45,,,,,,
Ctage5,plex_1,0.56,0.38,1.04,0.23,1.31,0.53,,,,,,
Plaa,plex_1,1.23,0.26,0.77,0.24,1.55,0.5,,,,,,
Wfs1,plex_1,2.84,0.28,1.2,0.16,2.07,0.65,,,,,,
Wfs1,plex_1,2.84,0.28,1.2,0.16,2.07,0.65,,,,,,
Wfs1,plex_1,2.84,0.28,1.2,0.16,2.07,0.65,,,,,,
Wfs1,plex_1,2.84,0.28,1.2,0.16,2.07,0.65,,,,,,
Slc25a25,plex_1,3.2,0.36,1.31,0.23,2.32,0.59,,,,,,
Slc25a25,plex_1,3.2,0.36,1.31,0.23,2.32,0.59,,,,,,
Slc25a25,plex_1,3.2,0.36,1.31,0.23,2.32,0.59,,,,,,
Slc25a25,plex_1,3.2,0.36,1.31,0.23,2.32,0.59,,,,,,
Slc25a25,plex_1,3.2,0.36,1.31,0.23,2.32,0.59,,,,,,
Slc25a25,plex_1,3.2,0.36,1.31,0.23,2.32,0.59,,,,,,
Tnnc1,plex_1,8.34,0.06,0.83,0.22,0.85,0.29,,,,,,
Ufc1,plex_1,0.58,0.26,0.7,0.17,1.15,0.42,,,,,,
Edf1,plex_1,1.39,0.36,0.79,0.36,1.93,0.33,,,,,,
Cisd2,plex_1,0.46,0.28,0.65,0.17,1.64,0.6,,,,,,
Cisd2,plex_1,0.46,0.28,0.65,0.17,1.64,0.6,,,,,,
Cst3,plex_1,1.08,,1.09,,0.98,,,,,,,
Cst3,plex_1,1.08,,1.09,,0.98,,,,,,,
Cst3,plex_1,1.08,,1.09,,0.98,,,,,,,
Mrps18a,plex_1,0.66,0.17,0.62,0.33,1.37,0.55,,,,,,
Mrps18a,plex_1,0.66,0.17,0.62,0.33,1.37,0.55,,,,,,
Derl1,plex_1,0.63,0.27,0.72,0.21,1.39,0.33,,,,,,
Derl1,plex_1,0.63,0.27,0.72,0.21,1.39,0.33,,,,,,
Pxn,plex_1,1.3,0.39,1.2,,2.08,0.81,,,,,,
Pxn,plex_1,1.3,0.39,1.2,,2.08,0.81,,,,,,
l7Rn6,plex_1,0.52,0.31,0.71,,1.45,0.65,,,,,,
L7rn6,plex_1,0.52,0.31,0.71,,1.45,0.65,,,,,,
L7rn6,plex_1,0.52,0.31,0.71,,1.45,0.65,,,,,,
Pfkm,plex_1,1.76,0.24,0.49,,2.01,0.5,,,,,,
Mrps34,plex_1,0.66,0.15,0.63,0.27,1.34,0.23,,,,,,
Serpina1a,plex_1,0.87,0.34,0.53,0.2,2.04,0.58,,,,,,
Mybpc1,plex_1,1.17,,0.78,,0.9,0.28,,,,,,
Vps18,plex_1,3.06,0.27,1.25,0.14,2.09,0.64,,,,,,
Gmps,plex_1,0.82,0.25,0.77,0.19,1.31,0.48,,,,,,
Npepl1,plex_1,1.46,0.15,0.73,0.15,1.95,0.67,,,,,,
Npepl1,plex_1,1.46,0.15,0.73,0.15,1.95,0.67,,,,,,
Npepl1,plex_1,1.46,0.15,0.73,0.15,1.95,0.67,,,,,,
Npepl1,plex_1,1.46,0.15,0.73,0.15,1.95,0.67,,,,,,
Npepl1,plex_1,1.46,0.15,0.73,0.15,1.95,0.67,,,,,,
Npepl1,plex_1,1.46,0.15,0.73,0.15,1.95,0.67,,,,,,
Dhrs11,plex_1,1.23,0.5,0.9,,1.26,0.38,,,,,,
Tsg101,plex_1,0.7,0.11,0.69,0.1,1.27,0.42,,,,,,
Tsg101,plex_1,0.7,0.11,0.69,0.1,1.27,0.42,,,,,,
Igkv12-41,plex_1,,,,,,,,,,,,
,plex_1,,,,,,,,,,,,
,plex_1,,,,,,,,,,,,
Igkv12-46,plex_1,,,,,,,,,,,,
,plex_1,,,,,,,,,,,,
G8(anti-MRBC),plex_1,,,,,,,,,,,,
Serpinf1,plex_1,1.09,0.25,0.5,,1.28,0.51,,,,,,
G3bp2,plex_1,1.2,0.55,0.84,0.28,1.93,0.55,,,,,,
Phospho1,plex_1,1.12,0.27,1.05,,1.2,0.46,,,,,,
Phospho1,plex_1,1.12,0.27,1.05,,1.2,0.46,,,,,,
Mrpl13,plex_1,1.71,,1.78,,3.68,,,,,,,
Mrpl13,plex_1,1.71,,1.78,,3.68,,,,,,,
Mrpl13,plex_1,1.71,,1.78,,3.68,,,,,,,
Nptn,plex_1,1.58,0.31,0.97,0.24,1.9,0.44,,,,,,
Nptn,plex_1,1.58,0.31,0.97,0.24,1.9,0.44,,,,,,
Nptn,plex_1,1.58,0.31,0.97,0.24,1.9,0.44,,,,,,
Nptn,plex_1,1.58,0.31,0.97,0.24,1.9,0.44,,,,,,
Nptn,plex_1,1.58,0.31,0.97,0.24,1.9,0.44,,,,,,
Stx12,plex_1,,,,,,,,,,,,
Stx12,plex_1,,,,,,,,,,,,
Stx12,plex_1,,,,,,,,,,,,
Banf1,plex_1,1.07,0.25,0.99,0.17,1.45,0.43,,,,,,
Rps18,plex_1,,,,,,,,,,,,
Rps18,plex_1,,,,,,,,,,,,
Gm10260,plex_1,,,,,,,,,,,,
Rps18-ps3,plex_1,,,,,,,,,,,,
Fau,plex_1,,,,,,,,,,,,
fau,plex_1,,,,,,,,,,,,
Fau,plex_1,,,,,,,,,,,,
,plex_1,,,,,,,,,,,,
fau,plex_1,,,,,,,,,,,,
Plp2,plex_1,0.59,0.26,0.56,0.16,1.49,0.34,,,,,,
Plp2,plex_1,0.59,0.26,0.56,0.16,1.49,0.34,,,,,,
Coq5,plex_1,0.78,0.3,0.6,0.18,1.06,0.47,,,,,,
Lcp1,plex_1,,,,,,,,,,,,
Ttc38,plex_1,1.23,0.32,0.91,0.24,1.95,0.67,,,,,,
Stk26,plex_1,0.67,0.23,0.68,0.21,1.48,0.49,,,,,,
Stk25,plex_1,0.67,0.23,0.68,0.21,1.48,0.49,,,,,,
Stk24,plex_1,0.67,0.23,0.68,0.21,1.48,0.49,,,,,,
Stk25,plex_1,0.67,0.23,0.68,0.21,1.48,0.49,,,,,,
Stk25,plex_1,0.67,0.23,0.68,0.21,1.48,0.49,,,,,,
Stk24,plex_1,0.67,0.23,0.68,0.21,1.48,0.49,,,,,,
Stk26,plex_1,0.67,0.23,0.68,0.21,1.48,0.49,,,,,,
Stk25,plex_1,0.67,0.23,0.68,0.21,1.48,0.49,,,,,,
Pfdn4,plex_1,6.06,0.39,1.31,0.23,3.0,0.66,,,,,,
Pfdn4,plex_1,6.06,0.39,1.31,0.23,3.0,0.66,,,,,,
Nfs1,plex_1,0.59,0.26,0.74,0.15,1.29,0.64,,,,,,
Nfs1,plex_1,0.59,0.26,0.74,0.15,1.29,0.64,,,,,,
Nfs1,plex_1,0.59,0.26,0.74,0.15,1.29,0.64,,,,,,
Gipc1,plex_1,0.75,0.48,0.71,0.26,1.62,0.28,,,,,,
Lancl2,plex_1,0.46,,0.46,,1.47,,,,,,,
Marc2,plex_1,0.63,0.16,0.59,0.2,1.44,0.48,,,,,,
Apoc1,plex_1,0.95,0.26,0.85,0.19,2.56,0.79,,,,,,
Mcu,plex_1,1.08,0.27,1.02,0.24,2.0,0.55,,,,,,
,plex_1,0.91,0.46,0.82,,1.15,0.26,,,,,,
Myoc,plex_1,0.91,0.46,0.82,,1.15,0.26,,,,,,
Myoc,plex_1,0.91,0.46,0.82,,1.15,0.26,,,,,,
Eif3b,plex_1,2.48,0.21,0.91,0.22,3.42,0.39,,,,,,
Nceh1,plex_1,0.41,0.14,0.51,0.14,0.95,0.39,,,,,,
Dpy30,plex_1,0.76,0.24,1.09,0.12,1.11,0.39,,,,,,
Dpy30,plex_1,0.76,0.24,1.09,0.12,1.11,0.39,,,,,,
Ampd1,plex_1,0.59,0.28,0.81,0.27,2.08,0.42,,,,,,
Bcs1l,plex_1,1.6,0.16,1.21,,1.64,0.13,,,,,,
Abhd16a,plex_1,1.37,0.29,0.85,0.21,1.96,0.45,,,,,,
,plex_1,1.12,,,,1.07,,,,,,,
Alpl,plex_1,1.12,,,,1.07,,,,,,,
Alpl,plex_1,1.12,,,,1.07,,,,,,,
Alpl,plex_1,1.12,,,,1.07,,,,,,,
Alpl,plex_1,1.12,,,,1.07,,,,,,,
Alpl,plex_1,1.12,,,,1.07,,,,,,,
Acsl6,plex_1,0.81,0.25,0.87,0.25,1.31,0.37,,,,,,
Acsl6,plex_1,0.81,0.25,0.87,0.25,1.31,0.37,,,,,,
Crk,plex_1,0.87,,1.2,0.38,1.36,0.39,,,,,,
Etf1,plex_1,0.72,0.17,0.63,0.2,1.37,0.34,,,,,,
Fetub,plex_1,0.8,0.22,0.76,0.21,1.29,0.39,,,,,,
Fetub,plex_1,0.8,0.22,0.76,0.21,1.29,0.39,,,,,,
Ndrg1,plex_1,,,,,,,,,,,,
Ndrg1,plex_1,,,,,,,,,,,,
Ndrg1,plex_1,,,,,,,,,,,,
Nploc4,plex_1,0.41,0.19,0.6,0.2,1.34,0.44,,,,,,
Nploc4,plex_1,0.41,0.19,0.6,0.2,1.34,0.44,,,,,,
Nploc4,plex_1,0.41,0.19,0.6,0.2,1.34,0.44,,,,,,
Cops6,plex_1,3.42,,0.64,,1.43,,,,,,,
Cops6,plex_1,3.42,,0.64,,1.43,,,,,,,
Ctbp1,plex_1,1.09,0.19,0.76,0.22,1.24,0.36,,,,,,
Kif1c,plex_1,1.25,0.42,1.08,0.34,1.55,0.38,,,,,,
Kif1c,plex_1,1.25,0.42,1.08,0.34,1.55,0.38,,,,,,
Kif1c,plex_1,1.25,0.42,1.08,0.34,1.55,0.38,,,,,,
Vat1,plex_1,1.67,0.26,0.71,0.14,1.46,0.41,,,,,,
Ywhaq,plex_1,1.53,0.33,0.84,0.21,1.59,0.55,,,,,,
Eef1e1,plex_1,1.07,,0.66,0.29,1.5,0.47,,,,,,
Sfn,plex_1,,,,,,,,,,,,
Ube3a,plex_1,0.35,,0.49,0.12,0.81,0.31,,,,,,
Ube3a,plex_1,0.35,,0.49,0.12,0.81,0.31,,,,,,
Ube3a,plex_1,0.35,,0.49,0.12,0.81,0.31,,,,,,
Ube3a,plex_1,0.35,,0.49,0.12,0.81,0.31,,,,,,
Opa3,plex_1,0.53,0.29,0.73,0.23,0.96,0.39,,,,,,
Opa3,plex_1,0.53,0.29,0.73,0.23,0.96,0.39,,,,,,
Sms,plex_1,0.92,0.15,0.95,0.25,1.81,0.57,,,,,,
1110002E22Rik,plex_1,1.15,0.3,0.84,0.18,1.39,0.46,,,,,,
Ovos,plex_1,,0.29,0.64,0.46,1.2,,,,,,,
Pafah1b2,plex_1,0.47,0.11,0.72,,2.05,0.52,,,,,,
Pafah1b2,plex_1,0.47,0.11,0.72,,2.05,0.52,,,,,,
G3bp1,plex_1,,0.22,0.64,0.21,1.21,0.11,,,,,,
Orm1,plex_1,1.47,0.19,0.69,0.27,1.83,1.27,,,,,,
Cops3,plex_1,0.51,0.3,0.64,0.19,1.42,0.43,,,,,,
Snrpd3,plex_1,0.53,0.21,0.38,0.16,0.92,0.32,,,,,,
Snrpd3,plex_1,0.53,0.21,0.38,0.16,0.92,0.32,,,,,,
Txnrd2,plex_1,2.28,0.2,1.05,0.22,2.19,0.42,,,,,,
Txnrd2,plex_1,2.28,0.2,1.05,0.22,2.19,0.42,,,,,,
Txnrd2,plex_1,2.28,0.2,1.05,0.22,2.19,0.42,,,,,,
Txnrd2,plex_1,2.28,0.2,1.05,0.22,2.19,0.42,,,,,,
Txnrd2,plex_1,2.28,0.2,1.05,0.22,2.19,0.42,,,,,,
Txnrd2,plex_1,2.28,0.2,1.05,0.22,2.19,0.42,,,,,,
Txnrd2,plex_1,2.28,0.2,1.05,0.22,2.19,0.42,,,,,,
Txnrd2,plex_1,2.28,0.2,1.05,0.22,2.19,0.42,,,,,,
Txnrd2,plex_1,2.28,0.2,1.05,0.22,2.19,0.42,,,,,,
Txnrd2,plex_1,2.28,0.2,1.05,0.22,2.19,0.42,,,,,,
Txnrd2,plex_1,2.28,0.2,1.05,0.22,2.19,0.42,,,,,,
Txnrd2,plex_1,2.28,0.2,1.05,0.22,2.19,0.42,,,,,,
2210010C04Rik,plex_1,0.42,0.23,0.34,0.16,1.42,0.25,,,,,,
2210010C04Rik,plex_1,0.42,0.23,0.34,0.16,1.42,0.25,,,,,,
Tfrc,plex_1,0.4,,0.44,0.33,1.9,0.54,,,,,,
Tfrc,plex_1,0.4,,0.44,0.33,1.9,0.54,,,,,,
Sec31b,plex_1,10.03,,2.28,0.12,2.57,1.25,,,,,,
Skp1a,plex_1,0.57,,,,1.66,,,,,,,
Slc25a24,plex_1,1.19,0.45,0.88,,1.35,0.54,,,,,,
Trim54,plex_1,0.47,0.21,0.63,0.2,1.21,0.39,,,,,,
Trim54,plex_1,0.47,0.21,0.63,0.2,1.21,0.39,,,,,,
Trim54,plex_1,0.47,0.21,0.63,0.2,1.21,0.39,,,,,,
S100a4,plex_1,7.48,0.34,1.65,0.18,3.36,0.62,,,,,,
Abcb7,plex_1,2.19,0.26,0.98,0.24,2.1,0.48,,,,,,
Mrpl3,plex_1,1.99,0.26,0.67,0.2,1.86,0.54,,,,,,
Mrpl3,plex_1,1.99,0.26,0.67,0.2,1.86,0.54,,,,,,
Mrpl3,plex_1,1.99,0.26,0.67,0.2,1.86,0.54,,,,,,
Vps4a,plex_1,0.5,0.21,0.68,0.19,1.41,0.43,,,,,,
Vps4a,plex_1,0.5,0.21,0.68,0.19,1.41,0.43,,,,,,
Col4a1,plex_1,1.5,0.37,0.99,0.22,1.55,0.51,,,,,,
Alkbh3,plex_1,0.89,0.2,0.69,,1.61,0.39,,,,,,
Pfdn2,plex_1,,,,,,,,,,,,
Enoph1,plex_1,0.52,0.21,0.65,0.15,1.33,0.39,,,,,,
Enoph1,plex_1,0.52,0.21,0.65,0.15,1.33,0.39,,,,,,
Farsb,plex_1,0.67,0.16,0.76,0.26,1.32,0.45,,,,,,
ND4,plex_1,0.43,,0.83,,1.46,0.38,,,,,,
Card19,plex_1,0.93,0.38,1.01,0.14,1.65,0.47,,,,,,
Syne1,plex_1,1.5,0.3,0.77,0.19,2.02,0.56,,,,,,
Syne1,plex_1,1.5,0.3,0.77,0.19,2.02,0.56,,,,,,
Lars,plex_1,1.78,0.26,0.93,0.42,1.72,0.61,,,,,,
Ttn,plex_1,0.85,0.29,0.86,0.16,1.28,0.52,,,,,,
Shmt1,plex_1,1.61,0.65,0.9,,1.98,0.63,,,,,,
Ufd1l,plex_1,0.65,0.2,0.93,0.28,1.38,0.43,,,,,,
Ufd1l,plex_1,0.65,0.2,0.93,0.28,1.38,0.43,,,,,,
Ufd1l,plex_1,0.65,0.2,0.93,0.28,1.38,0.43,,,,,,
Ufd1l,plex_1,0.65,0.2,0.93,0.28,1.38,0.43,,,,,,
Kiaa1161,plex_1,1.01,0.24,0.78,0.21,1.64,0.55,,,,,,
Prrc1,plex_1,0.95,0.23,0.61,0.18,1.3,0.43,,,,,,
Mylk,plex_1,1.6,0.31,0.66,0.3,1.71,0.5,,,,,,
Rbmxl1,plex_1,0.63,0.19,0.61,0.17,1.33,0.41,,,,,,
Eif5,plex_1,0.97,0.19,0.83,,2.08,0.52,,,,,,
Glrx,plex_1,0.69,0.32,0.65,0.25,1.28,0.3,,,,,,
Rrm2b,plex_1,,,,,,,,,,,,
Acp1,plex_1,0.59,0.24,0.6,0.23,1.66,0.47,,,,,,
Acp1,plex_1,0.59,0.24,0.6,0.23,1.66,0.47,,,,,,
mKIAA0687,plex_1,2.33,0.21,1.77,0.19,1.78,0.61,,,,,,
Akr1e2,plex_1,0.58,0.23,0.59,0.14,1.58,0.32,,,,,,
Sept7,plex_1,2.7,0.6,1.32,0.22,2.83,0.9,,,,,,
,plex_1,,,,,,,,,,,,
3425401B19Rik,plex_1,0.81,0.22,0.73,0.2,1.63,0.42,,,,,,
Scn4b,plex_1,0.75,0.33,0.78,0.2,1.2,0.35,,,,,,
Smpdl3a,plex_1,1.16,0.32,1.06,0.26,1.61,0.39,,,,,,
Rab2a,plex_1,0.56,0.35,0.79,0.25,1.65,0.43,,,,,,
Txndc12,plex_1,0.78,0.31,0.77,0.2,1.7,0.5,,,,,,
Mylpf,plex_1,0.88,0.36,0.65,0.27,1.27,0.44,,,,,,
Sdhd,plex_1,0.76,0.21,0.89,0.28,1.26,0.51,,,,,,
Wbp2,plex_1,0.61,0.33,0.67,,1.74,0.46,,,,,,
Wbp2,plex_1,0.61,0.33,0.67,,1.74,0.46,,,,,,
Wbp2,plex_1,0.61,0.33,0.67,,1.74,0.46,,,,,,
Nefm,plex_1,4.08,0.39,1.5,0.08,1.84,0.42,,,,,,
Nefm,plex_1,4.08,0.39,1.5,0.08,1.84,0.42,,,,,,
Acta1,plex_1,0.49,0.38,0.89,0.37,1.49,0.23,,,,,,
Prmt5,plex_1,0.75,,0.38,,1.33,0.37,,,,,,
Rhot1,plex_1,0.96,0.27,0.77,0.24,1.86,0.49,,,,,,
Rhot1,plex_1,0.96,0.27,0.77,0.24,1.86,0.49,,,,,,
Epm2a,plex_1,2.75,0.36,1.06,0.04,1.34,0.54,,,,,,
Galt,plex_1,0.71,0.31,0.84,0.12,1.56,0.34,,,,,,
Smyd2,plex_1,1.61,0.26,0.76,0.24,1.68,0.45,,,,,,
Dnajc19,plex_1,1.01,0.32,0.8,0.22,1.38,0.54,,,,,,
Dnajc19,plex_1,1.01,0.32,0.8,0.22,1.38,0.54,,,,,,
Dnajc19,plex_1,1.01,0.32,0.8,0.22,1.38,0.54,,,,,,
Dnajc19,plex_1,1.01,0.32,0.8,0.22,1.38,0.54,,,,,,
Dnajc19,plex_1,1.01,0.32,0.8,0.22,1.38,0.54,,,,,,
Apip,plex_1,0.73,0.22,0.66,0.17,1.2,0.41,,,,,,
Eml2,plex_1,,,,,,,,,,,,
Cdc34b,plex_1,1.3,0.29,0.99,0.23,2.02,0.41,,,,,,
Dcun1d2,plex_1,0.56,0.14,0.75,0.15,1.38,0.39,,,,,,
Cdc37,plex_1,0.56,0.19,0.63,0.23,1.31,0.46,,,,,,
Clcn7,plex_1,1.34,0.24,1.13,0.11,2.17,0.51,,,,,,
Bcas3,plex_1,0.63,0.47,0.76,,0.99,0.48,,,,,,
Nlrx1,plex_1,0.92,0.36,1.08,0.29,1.91,0.62,,,,,,
Cyp27a1,plex_1,0.55,0.1,0.74,0.3,1.52,0.45,,,,,,
Nos1,plex_1,0.92,0.38,0.84,0.23,1.41,0.42,,,,,,
Nos1,plex_1,0.92,0.38,0.84,0.23,1.41,0.42,,,,,,
Ap2a2,plex_1,0.69,0.27,0.93,0.18,1.34,0.42,,,,,,
Mff,plex_1,16.32,,1.77,0.23,2.69,1.12,,,,,,
Serpina1b,plex_1,0.59,0.32,0.6,0.25,2.27,0.57,,,,,,
Ssr1,plex_1,1.08,0.27,0.77,0.26,1.64,0.68,,,,,,
Ssr1,plex_1,1.08,0.27,0.77,0.26,1.64,0.68,,,,,,
Glul,plex_1,0.61,0.29,1.16,0.23,1.56,0.32,,,,,,
Asah1,plex_1,1.34,,1.37,,6.21,1.38,,,,,,
Tnmd,plex_1,0.71,,0.43,0.12,1.14,0.4,,,,,,
Mmab,plex_1,0.52,,0.99,,1.68,,,,,,,
Mmab,plex_1,0.52,,0.99,,1.68,,,,,,,
Rpl19,plex_1,4.23,0.41,1.89,0.25,4.33,0.54,,,,,,
Lace1,plex_1,0.45,0.19,0.85,0.26,0.96,0.3,,,,,,
Lace1,plex_1,0.45,0.19,0.85,0.26,0.96,0.3,,,,,,
Mapk14,plex_1,0.57,0.35,1.21,0.25,1.26,0.41,,,,,,
Gabarapl2,plex_1,1.07,0.13,0.7,,1.89,0.7,,,,,,
Tomm40,plex_1,1.27,0.23,0.68,0.19,1.27,0.36,,,,,,
Tomm40,plex_1,1.27,0.23,0.68,0.19,1.27,0.36,,,,,,
Rp1l1,plex_1,0.77,0.24,0.61,0.16,1.17,0.41,,,,,,
Atad3,plex_1,0.65,0.33,0.79,0.24,1.34,0.44,,,,,,
Slc2a4,plex_1,0.62,0.32,0.68,0.14,1.19,0.39,,,,,,
Anp32e,plex_1,0.84,0.4,0.81,0.3,1.6,0.38,,,,,,
Anp32e,plex_1,0.84,0.4,0.81,0.3,1.6,0.38,,,,,,
Rps11,plex_1,0.59,0.28,0.62,0.18,1.3,0.41,,,,,,
Rps11,plex_1,0.59,0.28,0.62,0.18,1.3,0.41,,,,,,
Art1,plex_1,0.31,0.21,0.62,0.31,1.32,0.55,,,,,,
Cox17,plex_1,1.17,0.32,1.06,0.27,1.5,0.4,,,,,,
Vac14,plex_1,0.55,0.48,0.89,,1.77,0.4,,,,,,
Vac14,plex_1,0.55,0.48,0.89,,1.77,0.4,,,,,,
Lrpap1,plex_1,12.69,0.05,2.5,0.22,3.71,0.79,,,,,,
Prph,plex_1,,,,,,,,,,,,
Prph,plex_1,,,,,,,,,,,,
Prph,plex_1,,,,,,,,,,,,
Prph,plex_1,,,,,,,,,,,,
Prph,plex_1,,,,,,,,,,,,
Bzw1,plex_1,1.11,0.21,0.81,0.23,1.69,0.53,,,,,,
Ndufa1,plex_1,0.57,0.1,1.03,,1.32,0.88,,,,,,
Micu3,plex_1,1.26,0.32,1.03,0.19,1.43,0.49,,,,,,
Ube2h,plex_1,1.26,0.27,0.84,0.22,1.36,0.46,,,,,,
Dopey2,plex_1,1.26,,,,2.1,,,,,,,
Mars,plex_1,2.4,,1.74,,1.96,0.53,,,,,,
Qtrt1,plex_1,0.44,0.36,0.59,0.38,1.09,0.24,,,,,,
Vbp1,plex_1,3.51,0.6,1.35,,2.58,0.6,,,,,,
Vbp1,plex_1,3.51,0.6,1.35,,2.58,0.6,,,,,,
Vbp1,plex_1,3.51,0.6,1.35,,2.58,0.6,,,,,,
Ndufaf4,plex_1,0.47,0.34,0.74,0.26,1.15,0.45,,,,,,
Dnajb11,plex_1,,,,,,,,,,,,
Ctsl,plex_1,2.0,0.23,0.81,0.28,1.52,0.42,,,,,,
Fhod1,plex_1,66.93,,11.36,0.33,23.61,4.12,,,,,,
Xpnpep1,plex_1,5.91,0.27,0.94,0.25,3.57,0.63,,,,,,
Xpnpep1,plex_1,5.91,0.27,0.94,0.25,3.57,0.63,,,,,,
Xpnpep1,plex_1,5.91,0.27,0.94,0.25,3.57,0.63,,,,,,
Xpnpep1,plex_1,5.91,0.27,0.94,0.25,3.57,0.63,,,,,,
Cul4a,plex_1,2.48,0.29,0.71,0.2,1.39,0.44,,,,,,
Cyp4f39,plex_1,1.4,0.28,0.89,0.28,1.84,0.48,,,,,,
Cyp4f39,plex_1,1.4,0.28,0.89,0.28,1.84,0.48,,,,,,
Pygb,plex_1,0.5,,0.6,,0.77,,,,,,,
Ociad1,plex_1,0.83,0.17,1.01,0.35,2.36,0.91,,,,,,
Ociad1,plex_1,0.83,0.17,1.01,0.35,2.36,0.91,,,,,,
Ociad1,plex_1,0.83,0.17,1.01,0.35,2.36,0.91,,,,,,
Ociad1,plex_1,0.83,0.17,1.01,0.35,2.36,0.91,,,,,,
Ociad1,plex_1,0.83,0.17,1.01,0.35,2.36,0.91,,,,,,
Isoc2a,plex_1,1.09,0.31,0.7,0.23,1.36,0.38,,,,,,
Lpp,plex_1,1.11,,1.41,,1.81,0.63,,,,,,
Dst,plex_1,1.44,0.22,0.87,0.3,1.56,0.44,,,,,,
Dst,plex_1,1.44,0.22,0.87,0.3,1.56,0.44,,,,,,
Dst,plex_1,1.44,0.22,0.87,0.3,1.56,0.44,,,,,,
Bzw2,plex_1,1.49,0.23,0.66,0.29,1.61,0.49,,,,,,
Ube2v2,plex_1,0.45,0.25,0.69,0.23,1.34,0.32,,,,,,
Sec24c,plex_1,0.37,0.07,0.63,,0.91,0.32,,,,,,
Sec24c,plex_1,0.37,0.07,0.63,,0.91,0.32,,,,,,
Sec24c,plex_1,0.37,0.07,0.63,,0.91,0.32,,,,,,
Sec24c,plex_1,0.37,0.07,0.63,,0.91,0.32,,,,,,
Ldha,plex_1,0.53,0.28,0.86,0.2,1.34,0.42,,,,,,
Ldha,plex_1,0.53,0.28,0.86,0.2,1.34,0.42,,,,,,
Rnf114,plex_1,1.9,0.34,1.03,0.28,1.88,0.41,,,,,,
Rnf114,plex_1,1.9,0.34,1.03,0.28,1.88,0.41,,,,,,
Grpel1,plex_1,0.42,,0.65,0.22,1.28,0.49,,,,,,
Grpel1,plex_1,0.42,,0.65,0.22,1.28,0.49,,,,,,
Picalm,plex_1,0.71,0.15,0.65,0.27,1.47,0.45,,,,,,
Picalm,plex_1,0.71,0.15,0.65,0.27,1.47,0.45,,,,,,
Picalm,plex_1,0.71,0.15,0.65,0.27,1.47,0.45,,,,,,
Picalm,plex_1,0.71,0.15,0.65,0.27,1.47,0.45,,,,,,
Picalm,plex_1,0.71,0.15,0.65,0.27,1.47,0.45,,,,,,
Picalm,plex_1,0.71,0.15,0.65,0.27,1.47,0.45,,,,,,
Picalm,plex_1,0.71,0.15,0.65,0.27,1.47,0.45,,,,,,
Mlycd,plex_1,4.08,0.22,1.31,0.18,2.16,0.7,,,,,,
Grb2,plex_1,1.42,0.27,0.9,0.15,1.57,0.3,,,,,,
Mpp6,plex_1,0.61,0.3,0.84,0.38,1.43,0.41,,,,,,
Mpp6,plex_1,0.61,0.3,0.84,0.38,1.43,0.41,,,,,,
Myl1,plex_1,0.75,,1.22,0.29,0.91,0.44,,,,,,
Arpc4,plex_1,,,,,,,,,,,,
Ssbp1,plex_1,0.86,,1.61,,1.26,,,,,,,
Ssbp1,plex_1,0.86,,1.61,,1.26,,,,,,,
Snrnp200,plex_1,,,,,,,,,,,,
Rpl27,plex_1,0.86,0.29,0.83,0.29,1.54,0.5,,,,,,
Mrpl16,plex_1,0.84,0.26,0.72,0.23,1.4,0.55,,,,,,
Mrpl16,plex_1,0.84,0.26,0.72,0.23,1.4,0.55,,,,,,
Cotl1,plex_1,1.0,0.22,0.48,0.12,1.27,0.37,,,,,,
Sorbs2,plex_1,1.15,0.3,0.96,0.2,1.26,0.41,,,,,,
Sorbs2,plex_1,1.15,0.3,0.96,0.2,1.26,0.41,,,,,,
Gga1,plex_1,0.94,,1.18,,2.19,,,,,,,
Sec61a2,plex_1,,,,,,,,,,,,
Sec61a2,plex_1,,,,,,,,,,,,
Pycrl,plex_1,2.22,0.56,0.89,0.19,1.84,0.66,,,,,,
Ddx17,plex_1,1.05,0.32,,,1.29,,,,,,,
Ddx17,plex_1,1.05,0.32,,,1.29,,,,,,,
Agpat3,plex_1,0.65,0.18,0.86,0.13,1.66,0.45,,,,,,
Lpin1,plex_1,1.06,0.33,0.84,0.31,1.55,0.52,,,,,,
Lpin1,plex_1,1.06,0.33,0.84,0.31,1.55,0.52,,,,,,
Arpc1a,plex_1,0.43,0.17,0.56,0.21,1.06,0.33,,,,,,
Tnnt3,plex_1,0.56,0.58,0.63,0.3,1.1,0.5,,,,,,
Tnnt3,plex_1,0.56,0.58,0.63,0.3,1.1,0.5,,,,,,
Tnnt3,plex_1,0.56,0.58,0.63,0.3,1.1,0.5,,,,,,
Tnnt3,plex_1,0.56,0.58,0.63,0.3,1.1,0.5,,,,,,
Tnnt3,plex_1,0.56,0.58,0.63,0.3,1.1,0.5,,,,,,
Tnnt3,plex_1,0.56,0.58,0.63,0.3,1.1,0.5,,,,,,
Tnnt3,plex_1,0.56,0.58,0.63,0.3,1.1,0.5,,,,,,
Tnnt3,plex_1,0.56,0.58,0.63,0.3,1.1,0.5,,,,,,
Tnnt3,plex_1,0.56,0.58,0.63,0.3,1.1,0.5,,,,,,
Lsm4,plex_1,1.24,,0.64,0.3,1.31,0.61,,,,,,
Lsm4,plex_1,1.24,,0.64,0.3,1.31,0.61,,,,,,
Sec22b,plex_1,0.82,0.37,1.0,0.15,1.87,0.65,,,,,,
Sec22b,plex_1,0.82,0.37,1.0,0.15,1.87,0.65,,,,,,
Sec22b,plex_1,0.82,0.37,1.0,0.15,1.87,0.65,,,,,,
Mfap5,plex_1,1.03,0.23,0.79,0.18,1.17,0.42,,,,,,
Mfap5,plex_1,1.03,0.23,0.79,0.18,1.17,0.42,,,,,,
Mfap5,plex_1,1.03,0.23,0.79,0.18,1.17,0.42,,,,,,
Mfap5,plex_1,1.03,0.23,0.79,0.18,1.17,0.42,,,,,,
Atp6v1e1,plex_1,0.72,0.15,0.64,0.27,1.42,0.45,,,,,,
Ttn,plex_1,2.72,0.39,1.22,0.16,1.53,0.47,,,,,,
Eif6,plex_1,2.6,,,,2.15,,,,,,,
Eif6,plex_1,2.6,,,,2.15,,,,,,,
Eif6,plex_1,2.6,,,,2.15,,,,,,,
Eif6,plex_1,2.6,,,,2.15,,,,,,,
Eif6,plex_1,2.6,,,,2.15,,,,,,,
Eif6,plex_1,2.6,,,,2.15,,,,,,,
Prkcq,plex_1,4.85,0.57,2.51,,4.37,0.9,,,,,,
Hrsp12,plex_1,0.95,,1.51,,2.46,0.42,,,,,,
,plex_1,,,,,,,,,,,,
Il12rb2,plex_1,2.06,0.28,0.7,,1.69,0.46,,,,,,
Mrps23,plex_1,0.43,0.09,0.96,0.29,1.46,0.73,,,,,,
Mrps23,plex_1,0.43,0.09,0.96,0.29,1.46,0.73,,,,,,
Mrps23,plex_1,0.43,0.09,0.96,0.29,1.46,0.73,,,,,,
Mrps23,plex_1,0.43,0.09,0.96,0.29,1.46,0.73,,,,,,
Mrps23,plex_1,0.43,0.09,0.96,0.29,1.46,0.73,,,,,,
Sec23a,plex_1,45.03,0.28,4.94,0.19,6.2,1.41,,,,,,
Ogfr,plex_1,8.04,0.51,1.35,,1.62,1.13,,,,,,
Slit2,plex_1,0.48,0.2,0.52,0.3,2.13,0.51,,,,,,
,plex_1,0.88,0.33,0.75,0.22,1.46,0.34,,,,,,
Csnk2a1,plex_1,0.88,0.33,0.75,0.22,1.46,0.34,,,,,,
,plex_1,0.88,0.33,0.75,0.22,1.46,0.34,,,,,,
Csnk2a1,plex_1,0.88,0.33,0.75,0.22,1.46,0.34,,,,,,
Timm10,plex_1,0.57,0.3,0.82,,0.98,0.29,,,,,,
Adrm1,plex_1,7.12,,2.39,,3.01,1.92,,,,,,
Gm9774,plex_1,7.12,,2.39,,3.01,1.92,,,,,,
Dctn2,plex_1,2.18,0.62,1.29,,2.74,0.33,,,,,,
Tmem43,plex_1,0.75,0.3,0.77,0.24,1.74,0.41,,,,,,
Ak4,plex_1,2.51,0.21,1.43,,1.46,0.58,,,,,,
Tmem126a,plex_1,0.28,0.21,0.76,0.21,1.07,0.26,,,,,,
Tmem126a,plex_1,0.28,0.21,0.76,0.21,1.07,0.26,,,,,,
Tmc7,plex_1,24.08,0.4,2.06,,6.82,1.01,,,,,,
Tmc7,plex_1,24.08,0.4,2.06,,6.82,1.01,,,,,,
Tmem109,plex_1,0.55,0.06,0.63,0.15,1.12,0.2,,,,,,
Tmem109,plex_1,0.55,0.06,0.63,0.15,1.12,0.2,,,,,,
Tmem109,plex_1,0.55,0.06,0.63,0.15,1.12,0.2,,,,,,
Tmem109,plex_1,0.55,0.06,0.63,0.15,1.12,0.2,,,,,,
Tmem109,plex_1,0.55,0.06,0.63,0.15,1.12,0.2,,,,,,
Txndc9,plex_1,0.49,,0.91,,2.24,0.49,,,,,,
Yif1b,plex_1,0.71,0.28,0.81,0.15,1.58,0.5,,,,,,
Yif1b,plex_1,0.71,0.28,0.81,0.15,1.58,0.5,,,,,,
Rpl39,plex_1,0.23,0.28,0.41,0.26,1.42,0.46,,,,,,
Abca5,plex_1,,,,,,,,,,,,
Tbc1d1,plex_1,22.2,0.23,2.3,0.4,3.69,0.7,,,,,,
Pitrm1,plex_1,11.53,0.39,0.97,0.22,3.2,0.57,,,,,,
Rpia,plex_1,0.6,0.26,0.8,0.16,1.32,0.46,,,,,,
Actn4,plex_1,7.23,0.4,1.29,0.21,3.25,0.68,,,,,,
Rnf14,plex_1,0.43,0.17,0.7,,0.98,0.45,,,,,,
Plcl1,plex_1,0.6,0.23,0.71,0.18,1.34,0.68,,,,,,
Ciapin1,plex_1,1.09,0.22,0.77,0.31,1.65,0.53,,,,,,
Ciapin1,plex_1,1.09,0.22,0.77,0.31,1.65,0.53,,,,,,
Ciapin1,plex_1,1.09,0.22,0.77,0.31,1.65,0.53,,,,,,
Tmem33,plex_1,0.67,0.3,0.68,0.15,1.47,0.56,,,,,,
Tmem33,plex_1,0.67,0.3,0.68,0.15,1.47,0.56,,,,,,
Tmem33,plex_1,0.67,0.3,0.68,0.15,1.47,0.56,,,,,,
,plex_1,1.79,0.5,1.01,0.19,1.88,0.43,,,,,,
Minos1,plex_1,0.39,0.27,0.61,0.28,0.97,0.14,,,,,,
Timm9,plex_1,0.8,,0.98,,0.77,,,,,,,
Apoa2,plex_1,,,,,1.69,,,,,,,
Ndufs1,plex_1,0.9,0.23,0.66,0.29,2.71,0.32,,,,,,
Ppp6r3,plex_1,4.72,0.3,1.68,0.27,2.7,0.67,,,,,,
Ppp6r3,plex_1,4.72,0.3,1.68,0.27,2.7,0.67,,,,,,
Ppp6r3,plex_1,4.72,0.3,1.68,0.27,2.7,0.67,,,,,,
Clpp,plex_1,0.59,0.42,0.94,0.24,1.57,0.47,,,,,,
Uqcc1,plex_1,0.69,0.29,0.75,0.09,1.53,0.25,,,,,,
Uqcc1,plex_1,0.69,0.29,0.75,0.09,1.53,0.25,,,,,,
Uqcc1,plex_1,0.69,0.29,0.75,0.09,1.53,0.25,,,,,,
S100a6,plex_1,0.89,0.43,0.69,0.12,1.58,0.4,,,,,,
Oxsm,plex_1,0.76,0.26,0.8,0.34,1.18,0.66,,,,,,
Oxsm,plex_1,0.76,0.26,0.8,0.34,1.18,0.66,,,,,,
Tmem261,plex_1,0.71,,0.84,,1.95,0.96,,,,,,
Cdk5,plex_1,0.55,0.41,0.54,0.26,1.54,0.58,,,,,,
Eif4a1,plex_1,1.57,,1.08,,2.38,,,,,,,
Eif4a1,plex_1,1.57,,1.08,,2.38,,,,,,,
Eif4a1,plex_1,1.57,,1.08,,2.38,,,,,,,
Eif4a1,plex_1,1.57,,1.08,,2.38,,,,,,,
Eif4a1,plex_1,1.57,,1.08,,2.38,,,,,,,
Ubap2,plex_1,0.97,0.3,0.88,0.32,1.59,0.36,,,,,,
Erp44,plex_1,0.63,0.26,0.6,0.27,1.43,0.36,,,,,,
Erp44,plex_1,0.63,0.26,0.6,0.27,1.43,0.36,,,,,,
Fbp1,plex_1,1.53,0.85,0.77,2.36,2.19,2.28,,,,,,
Ap2b1,plex_1,1.26,0.28,0.84,0.16,1.52,0.49,,,,,,
Ap2b1,plex_1,1.26,0.28,0.84,0.16,1.52,0.49,,,,,,
Obsl1,plex_1,0.61,0.24,0.44,0.1,1.17,0.29,,,,,,
Ptp4a1,plex_1,,,,,,,,,,,,
Ptp4a2,plex_1,,,,,,,,,,,,
Thsd1,plex_1,10.6,0.4,1.47,0.15,3.77,0.88,,,,,,
Thsd1,plex_1,10.6,0.4,1.47,0.15,3.77,0.88,,,,,,
Thsd1,plex_1,10.6,0.4,1.47,0.15,3.77,0.88,,,,,,
Hist1h1d,plex_1,0.97,0.2,0.63,0.25,1.24,0.48,,,,,,
Pitpna,plex_1,1.63,0.35,0.86,0.2,1.84,0.53,,,,,,
Rps15a,plex_1,0.52,0.25,0.85,0.16,1.38,0.44,,,,,,
Rps15a,plex_1,0.52,0.25,0.85,0.16,1.38,0.44,,,,,,
Sypl,plex_1,0.43,0.38,0.85,,0.77,0.16,,,,,,
Rps29,plex_1,0.8,0.27,0.76,0.21,1.62,0.43,,,,,,
Myh14,plex_1,3.16,0.35,1.31,0.34,1.97,0.47,,,,,,
Myh14,plex_1,3.16,0.35,1.31,0.34,1.97,0.47,,,,,,
Myh14,plex_1,3.16,0.35,1.31,0.34,1.97,0.47,,,,,,
Gaa,plex_1,0.23,,0.54,,1.19,0.57,,,,,,
Mtfp1,plex_1,0.67,0.58,1.01,0.1,1.62,0.74,,,,,,
Mtfp1,plex_1,0.67,0.58,1.01,0.1,1.62,0.74,,,,,,
Tmsb4x,plex_1,0.46,0.27,0.46,0.18,1.29,0.4,,,,,,
Pak1,plex_1,1.35,0.59,0.76,,2.25,,,,,,,
Arih1,plex_1,1.33,0.3,1.06,0.24,1.59,0.46,,,,,,
Cnpy2,plex_1,,,,,,,,,,,,
Fscn1,plex_1,0.71,0.45,1.09,0.24,1.8,0.57,,,,,,
Arl8b,plex_1,0.98,0.16,0.67,0.17,1.47,0.39,,,,,,
Lrba,plex_1,1.04,0.2,0.79,0.55,1.47,0.75,,,,,,
Lrba,plex_1,1.04,0.2,0.79,0.55,1.47,0.75,,,,,,
Lrba,plex_1,1.04,0.2,0.79,0.55,1.47,0.75,,,,,,
Hbb-bh1,plex_1,,,0.6,,0.93,,,,,,,
Hbb-bh0,plex_1,,,0.6,,0.93,,,,,,,
Hbb-bh1,plex_1,,,0.6,,0.93,,,,,,,
Hbb-bh1,plex_1,,,0.6,,0.93,,,,,,,
Lrch1,plex_1,35.32,,4.12,0.21,5.03,0.94,,,,,,
Tgfb1i1,plex_1,0.18,0.34,0.54,0.23,1.05,0.28,,,,,,
Herc4,plex_1,7.81,0.14,1.1,0.23,1.82,0.21,,,,,,
Herc4,plex_1,7.81,0.14,1.1,0.23,1.82,0.21,,,,,,
Col24a1,plex_1,1.27,0.39,0.7,0.32,2.0,0.52,,,,,,
Mrpl14,plex_1,0.25,0.31,0.55,0.13,1.43,0.42,,,,,,
Rraga,plex_1,1.06,0.24,0.86,,1.27,0.12,,,,,,
Hook2,plex_1,1.49,0.29,0.85,0.21,1.32,0.63,,,,,,
Itih5,plex_1,1.59,0.67,1.11,0.29,1.92,0.6,,,,,,
Gsk3a,plex_1,,,,,,,,,,,,
Copb2,plex_1,0.87,0.29,0.88,0.16,1.3,0.48,,,,,,
Cct4,plex_1,0.65,0.27,0.7,0.23,1.48,0.42,,,,,,
Cct4,plex_1,0.65,0.27,0.7,0.23,1.48,0.42,,,,,,
Cct4,plex_1,0.65,0.27,0.7,0.23,1.48,0.42,,,,,,
Cct4,plex_1,0.65,0.27,0.7,0.23,1.48,0.42,,,,,,
Mapk1,plex_1,0.94,0.25,0.73,0.18,1.59,0.41,,,,,,
Ppp1r12b,plex_1,0.32,0.35,0.8,0.16,1.15,0.34,,,,,,
Rpl28,plex_1,1.15,0.33,0.78,0.29,1.27,0.57,,,,,,
Ubr3,plex_1,2.41,0.28,1.69,,3.15,1.29,,,,,,
Ubr3,plex_1,2.41,0.28,1.69,,3.15,1.29,,,,,,
Ubr3,plex_1,2.41,0.28,1.69,,3.15,1.29,,,,,,
Ppp1r14c,plex_1,0.56,,0.33,0.28,2.05,0.28,,,,,,
Trak2,plex_1,3.05,0.39,1.08,0.17,2.15,0.39,,,,,,
Xpo1,plex_1,0.32,0.42,0.41,0.13,0.89,0.39,,,,,,
Rfk,plex_1,0.7,0.19,0.66,0.24,1.37,0.42,,,,,,
Slirp,plex_1,1.03,0.3,0.97,0.28,1.63,0.49,,,,,,
Slirp,plex_1,1.03,0.3,0.97,0.28,1.63,0.49,,,,,,
Rpl27a,plex_1,0.89,0.31,0.74,0.23,1.8,0.4,,,,,,
Iqgap1,plex_1,0.53,0.38,0.68,0.28,1.62,0.54,,,,,,
Map2k2,plex_1,0.85,0.34,0.9,0.19,1.5,0.57,,,,,,
Map2k2,plex_1,0.85,0.34,0.9,0.19,1.5,0.57,,,,,,
Lrrk2,plex_1,4.24,0.15,2.09,,5.33,0.8,,,,,,
Cfd,plex_1,0.71,0.26,0.85,0.28,2.83,0.71,,,,,,
Cfd,plex_1,0.71,0.26,0.85,0.28,2.83,0.71,,,,,,
Abcf2,plex_1,31.01,0.24,2.46,0.26,6.6,0.93,,,,,,
Lamtor1,plex_1,2.33,0.24,1.35,0.06,2.51,0.48,,,,,,
Lamtor1,plex_1,2.33,0.24,1.35,0.06,2.51,0.48,,,,,,
Actg2,plex_1,0.43,0.18,0.56,0.21,1.3,0.23,,,,,,
Nsf,plex_1,1.06,0.36,1.06,0.12,1.5,0.52,,,,,,
Ufsp2,plex_1,0.87,0.18,0.75,0.25,1.49,0.3,,,,,,
Pdlim5,plex_1,,,,,,,,,,,,
Pdlim5,plex_1,,,,,,,,,,,,
Pdlim5,plex_1,,,,,,,,,,,,
Pdlim5,plex_1,,,,,,,,,,,,
Pdlim5,plex_1,,,,,,,,,,,,
Serpinb1a,plex_1,0.96,,1.24,0.13,2.28,0.71,,,,,,
Serpinb1a,plex_1,0.96,,1.24,0.13,2.28,0.71,,,,,,
Gvin1,plex_1,12.8,0.59,2.14,0.26,3.06,0.71,,,,,,
Safb,plex_1,,0.58,0.79,,1.81,,,,,,,
Usp13,plex_1,0.7,0.24,0.65,0.16,1.26,0.35,,,,,,
Dcaf8,plex_1,0.78,0.25,0.75,0.25,1.5,0.5,,,,,,
Lancl1,plex_1,1.02,0.46,0.93,0.22,1.74,0.36,,,,,,
Rsph10b,plex_1,7.86,,,,5.33,,,,,,,
Faf1,plex_1,0.87,0.31,0.9,0.25,1.08,0.42,,,,,,
Cep78,plex_1,1.07,0.39,0.78,0.06,2.26,0.54,,,,,,
Sp3,plex_1,1.63,0.3,0.43,0.22,1.67,0.36,,,,,,
Sp3,plex_1,1.63,0.3,0.43,0.22,1.67,0.36,,,,,,
Naa15,plex_1,1.36,0.22,0.79,0.19,1.28,0.35,,,,,,
Kl,plex_1,8.79,0.26,1.57,0.12,2.33,0.69,,,,,,
Pgk1,plex_1,0.71,0.29,0.81,0.25,1.64,0.38,,,,,,
Rala,plex_1,1.19,0.51,1.49,0.25,1.8,0.75,,,,,,
Rala,plex_1,1.19,0.51,1.49,0.25,1.8,0.75,,,,,,
Trmt1l,plex_1,2.3,0.19,1.01,0.16,1.84,0.59,,,,,,
Trmt1l,plex_1,2.3,0.19,1.01,0.16,1.84,0.59,,,,,,
Tpm1,plex_1,7.31,0.28,0.78,0.16,2.26,0.51,,,,,,
Ppp2r5d,plex_1,0.45,0.3,0.98,,1.78,0.35,,,,,,
ppp2r5d,plex_1,0.45,0.3,0.98,,1.78,0.35,,,,,,
Ppp2r5d,plex_1,0.45,0.3,0.98,,1.78,0.35,,,,,,
Ppp2r5d,plex_1,0.45,0.3,0.98,,1.78,0.35,,,,,,
Uqcc2,plex_1,1.14,0.06,0.21,0.04,7.97,,,,,,,
Myh15,plex_1,12.42,0.31,2.15,0.21,2.77,0.88,,,,,,
Myh7b,plex_1,26.41,0.66,1.9,0.69,3.73,0.92,,,,,,
Slc25a31,plex_1,0.44,0.17,0.59,0.18,1.09,0.35,,,,,,
Coa7,plex_1,2.24,,0.56,,1.0,0.23,,,,,,
Snrpn,plex_1,0.57,0.3,0.9,0.28,1.64,0.43,,,,,,
Snrpn,plex_1,0.57,0.3,0.9,0.28,1.64,0.43,,,,,,
Snrpb,plex_1,0.57,0.3,0.9,0.28,1.64,0.43,,,,,,
Pds5b,plex_1,10.9,0.18,1.75,0.16,3.41,0.79,,,,,,
Pds5b,plex_1,10.9,0.18,1.75,0.16,3.41,0.79,,,,,,
Pdap1,plex_1,0.46,0.41,0.87,0.25,2.02,0.41,,,,,,
Pdap1,plex_1,0.46,0.41,0.87,0.25,2.02,0.41,,,,,,
Asph,plex_1,0.48,0.21,0.69,0.24,1.53,0.34,,,,,,
Asph,plex_1,0.48,0.21,0.69,0.24,1.53,0.34,,,,,,
Asph,plex_1,0.48,0.21,0.69,0.24,1.53,0.34,,,,,,
Dnah14,plex_1,2.5,0.22,1.51,0.35,2.44,0.48,,,,,,
Crocc,plex_1,1.31,0.4,0.78,0.09,2.08,0.95,,,,,,
Mroh2a,plex_1,38.07,0.76,3.79,0.27,8.55,1.04,,,,,,
Hkdc1,plex_1,1.46,0.46,1.05,0.29,1.72,0.51,,,,,,
Cald1,plex_1,1.23,0.25,0.86,0.2,1.75,0.54,,,,,,
Zfp128,plex_1,16.74,0.68,3.12,,4.2,1.11,,,,,,
Zfp128,plex_1,16.74,0.68,3.12,,4.2,1.11,,,,,,
Zfp128,plex_1,16.74,0.68,3.12,,4.2,1.11,,,,,,
Dek,plex_1,0.41,0.21,0.67,0.23,1.44,0.46,,,,,,
,plex_1,0.8,0.24,0.68,0.18,1.73,0.4,,,,,,
Ndufaf1,plex_1,,0.61,0.72,0.43,1.91,,,,,,,
Khdrbs3,plex_1,0.74,0.3,0.73,0.19,1.55,0.45,,,,,,
Ppox,plex_1,0.89,0.17,0.8,0.35,1.35,0.36,,,,,,
Ppox,plex_1,0.89,0.17,0.8,0.35,1.35,0.36,,,,,,
Serhl,plex_1,1.11,0.31,1.03,0.16,1.28,0.56,,,,,,
Serhl,plex_1,1.11,0.31,1.03,0.16,1.28,0.56,,,,,,
Eif3e,plex_1,0.43,0.21,0.55,0.25,1.41,0.27,,,,,,
Kpna7,plex_1,0.5,0.32,0.54,0.2,1.16,0.48,,,,,,
Kpna7,plex_1,0.5,0.32,0.54,0.2,1.16,0.48,,,,,,
Kpna7,plex_1,0.5,0.32,0.54,0.2,1.16,0.48,,,,,,
Ndufaf2,plex_1,1.4,,1.49,,2.63,,,,,,,
Neu2,plex_1,3.38,0.38,1.58,0.27,1.82,0.45,,,,,,
Neu2,plex_1,3.38,0.38,1.58,0.27,1.82,0.45,,,,,,
Neu2,plex_1,3.38,0.38,1.58,0.27,1.82,0.45,,,,,,
Neu2,plex_1,3.38,0.38,1.58,0.27,1.82,0.45,,,,,,
Ogt,plex_1,0.92,0.19,0.79,0.24,0.99,0.38,,,,,,
Ogt,plex_1,0.92,0.19,0.79,0.24,0.99,0.38,,,,,,
Rpl31,plex_1,1.13,0.71,0.69,0.35,1.48,0.46,,,,,,
Rpl31,plex_1,1.13,0.71,0.69,0.35,1.48,0.46,,,,,,
Rpl31,plex_1,1.13,0.71,0.69,0.35,1.48,0.46,,,,,,
Jhy,plex_1,0.69,0.32,0.7,0.2,1.4,0.45,,,,,,
,plex_1,2.83,0.22,1.19,0.21,1.79,0.55,,,,,,
Itgad,plex_1,0.67,0.28,0.73,0.24,1.19,0.35,,,,,,
Lrrk2,plex_1,7.42,0.22,1.17,0.13,1.16,0.54,,,,,,
Rpl34,plex_1,0.84,0.26,0.74,0.24,1.48,0.47,,,,,,
Rpl34,plex_1,0.84,0.26,0.74,0.24,1.48,0.47,,,,,,
Rpl34,plex_1,0.84,0.26,0.74,0.24,1.48,0.47,,,,,,
Tor1b,plex_1,0.96,0.14,0.7,0.25,1.63,0.45,,,,,,
Plk1,plex_1,4.88,,1.21,0.3,1.5,0.6,,,,,,
mt-Atp6,plex_1,0.42,0.15,0.64,0.22,1.07,0.23,,,,,,
Asap2,plex_1,6.5,0.26,1.57,0.07,3.36,1.05,,,,,,
Sec61a1,plex_1,0.96,0.5,0.98,,1.61,0.58,,,,,,
Sec61a1,plex_1,0.96,0.5,0.98,,1.61,0.58,,,,,,
Bag6,plex_1,0.5,0.25,0.78,0.2,1.23,0.42,,,,,,
Snx12,plex_1,0.45,0.15,0.54,0.15,1.17,0.21,,,,,,
Snx12,plex_1,0.45,0.15,0.54,0.15,1.17,0.21,,,,,,
Snx12,plex_1,0.45,0.15,0.54,0.15,1.17,0.21,,,,,,
Snx12,plex_1,0.45,0.15,0.54,0.15,1.17,0.21,,,,,,
Hydin,plex_1,40.66,0.23,2.96,0.23,9.27,1.39,,,,,,
Cuedc1,plex_1,0.85,0.32,0.83,0.26,1.87,0.56,,,,,,
Gfer,plex_1,0.38,0.32,0.77,0.19,1.16,0.52,,,,,,
,plex_1,,,,,,,,,,,,
Pld2,plex_1,,,,,,,,,,,,
Pld2,plex_1,,,,,,,,,,,,
Atp6v1b2,plex_1,0.82,0.3,0.67,0.22,2.11,0.51,,,,,,
Enpp4,plex_1,2.29,0.16,0.93,0.26,1.57,0.43,,,,,,
Enpp4,plex_1,2.29,0.16,0.93,0.26,1.57,0.43,,,,,,
Smc6,plex_1,4.29,0.39,1.37,0.18,2.2,0.69,,,,,,
Aspm,plex_1,0.94,0.32,0.76,0.23,1.44,0.33,,,,,,
Maoa,plex_1,0.68,0.24,0.97,,1.83,0.44,,,,,,
Ogfod1,plex_1,2.29,0.26,1.11,0.15,1.49,0.37,,,,,,
Prkca,plex_1,0.93,0.27,0.92,0.17,1.57,0.42,,,,,,
Actc1,plex_1,,,,,,,,,,,,
Acaca,plex_1,8.51,0.42,1.4,0.22,2.81,0.74,,,,,,
F2,plex_1,,,,,,,,,,,,
F2,plex_1,,,,,,,,,,,,
Kmt2b,plex_1,1.72,0.46,1.03,0.2,1.49,0.54,,,,,,
Mical3,plex_1,1.98,0.3,0.96,0.2,1.55,0.35,,,,,,
Rad21,plex_1,0.42,0.07,0.44,0.26,1.3,0.52,,,,,,
Rad21,plex_1,0.42,0.07,0.44,0.26,1.3,0.52,,,,,,
Tbc1d9b,plex_1,0.33,0.32,1.09,0.09,2.17,0.37,,,,,,
Tbc1d9b,plex_1,0.33,0.32,1.09,0.09,2.17,0.37,,,,,,
Itga1,plex_1,2.31,0.34,0.85,0.24,1.52,0.53,,,,,,
Vps28,plex_1,,,,,1.4,,,,,,,
,plex_1,,,,,1.4,,,,,,,
Gdpd1,plex_1,0.62,,0.5,0.23,0.92,0.52,,,,,,
Ncam2,plex_1,,,,,,,,,,,,
Cecr5,plex_1,,,0.22,,0.99,0.43,,,,,,
Mrpl39,plex_1,0.92,0.26,0.71,0.18,1.67,0.61,,,,,,
Mrpl39,plex_1,0.92,0.26,0.71,0.18,1.67,0.61,,,,,,
Ap4e1,plex_1,7.91,0.28,1.78,,2.53,0.61,,,,,,
Cep290,plex_1,3.35,0.32,1.0,0.17,2.08,0.54,,,,,,
Slc41a3,plex_1,1.92,0.26,0.8,0.28,1.82,0.33,,,,,,
Slc41a3,plex_1,1.92,0.26,0.8,0.28,1.82,0.33,,,,,,
Gucy2e,plex_1,1.72,0.5,0.89,0.19,1.47,0.25,,,,,,
Anpep,plex_1,,,,,,,,,,,,
Rab21,plex_1,0.58,0.13,0.66,0.08,1.61,0.32,,,,,,
Rab21,plex_1,0.58,0.13,0.66,0.08,1.61,0.32,,,,,,
Phka2,plex_1,0.76,0.32,0.77,0.17,0.99,0.44,,,,,,
Tubb6,plex_1,0.57,,0.55,0.26,1.6,,,,,,,
Cep295,plex_1,1.68,0.35,0.9,0.28,1.92,0.45,,,,,,
Cep295,plex_1,1.68,0.35,0.9,0.28,1.92,0.45,,,,,,
Cep295,plex_1,1.68,0.35,0.9,0.28,1.92,0.45,,,,,,
Myo9a,plex_1,1.57,0.3,1.1,0.18,1.68,0.52,,,,,,
Myo9a,plex_1,1.57,0.3,1.1,0.18,1.68,0.52,,,,,,
Npc2,plex_1,0.84,0.3,0.62,0.11,1.15,0.34,,,,,,
Npc2,plex_1,0.84,0.3,0.62,0.11,1.15,0.34,,,,,,
Npc2,plex_1,0.84,0.3,0.62,0.11,1.15,0.34,,,,,,
Npc2,plex_1,0.84,0.3,0.62,0.11,1.15,0.34,,,,,,
Tma7,plex_1,1.04,0.43,1.09,0.32,1.89,0.64,,,,,,
Pikfyve,plex_1,1.31,0.21,0.87,0.26,1.38,0.38,,,,,,
Ttn,plex_2,,,,,,,0.71,0.71,0.71,0.31,0.17,1.31
Neb,plex_2,,,,,,,0.71,0.73,0.74,0.31,0.17,1.36
Myh4,plex_2,,,,,,,0.8,0.76,0.68,0.31,0.17,1.32
Ryr1,plex_2,,,,,,,0.76,0.73,0.69,0.32,0.18,1.42
Plec,plex_2,,,,,,,0.61,0.66,0.83,0.31,0.17,1.48
Plec,plex_2,,,,,,,0.61,0.66,0.83,0.31,0.17,1.48
Plec,plex_2,,,,,,,0.61,0.66,0.83,0.31,0.17,1.48
Obscn,plex_2,,,,,,,0.61,0.67,0.76,0.33,0.18,1.39
Myom2,plex_2,,,,,,,0.76,0.77,0.68,0.32,0.18,1.28
Flnc,plex_2,,,,,,,0.63,0.66,1.06,0.32,0.2,1.38
Flnc,plex_2,,,,,,,0.63,0.66,1.06,0.32,0.2,1.38
Myom1,plex_2,,,,,,,0.75,0.76,0.71,0.31,0.18,1.29
Myh1,plex_2,,,,,,,0.48,0.57,0.98,0.29,0.22,1.3
Mybpc2,plex_2,,,,,,,0.79,0.78,0.61,0.32,0.14,1.25
Actn3,plex_2,,,,,,,0.76,0.77,0.73,0.3,0.17,1.33
Mybpc1,plex_2,,,,,,,0.67,0.69,0.82,0.3,0.2,1.45
Naca,plex_2,,,,,,,0.51,0.68,0.79,0.32,0.15,1.47
Atp2a1,plex_2,,,,,,,0.71,0.75,0.64,0.32,0.19,1.42
Col6a3,plex_2,,,,,,,1.01,0.56,0.56,0.35,0.19,1.22
Pygm,plex_2,,,,,,,0.72,0.77,0.67,0.3,0.17,1.37
Agl,plex_2,,,,,,,0.81,0.82,0.68,0.33,0.19,1.34
Acta1,plex_2,,,,,,,0.76,0.74,0.69,0.33,0.19,1.45
Pfkm,plex_2,,,,,,,0.68,0.74,0.74,0.28,0.16,1.28
Pfkm,plex_2,,,,,,,0.68,0.74,0.74,0.28,0.16,1.28
Pkm,plex_2,,,,,,,0.75,0.75,0.66,0.32,0.16,1.42
Actn2,plex_2,,,,,,,0.48,0.61,1.06,0.36,0.24,1.39
Atp5b,plex_2,,,,,,,0.51,0.72,0.86,0.33,0.19,1.32
Ogdh,plex_2,,,,,,,0.6,0.71,0.74,0.33,0.2,1.38
Alb,plex_2,,,,,,,0.58,0.51,0.66,0.27,0.26,1.38
Hspg2,plex_2,,,,,,,0.57,0.65,0.81,0.34,0.18,1.44
Srl,plex_2,,,,,,,0.67,0.69,0.7,0.32,0.19,1.31
Ckm,plex_2,,,,,,,0.77,0.72,0.66,0.32,0.16,1.48
Aldoa,plex_2,,,,,,,0.73,0.78,0.73,0.3,0.16,1.44
Myh2,plex_2,,,,,,,0.3,0.51,1.46,0.34,0.26,1.45
Aco2,plex_2,,,,,,,0.59,0.68,0.9,0.38,0.23,1.44
Myl1,plex_2,,,,,,,0.66,0.7,0.72,0.29,0.16,1.31
Ldb3,plex_2,,,,,,,0.76,0.69,0.81,0.31,0.21,1.28
Eno3,plex_2,,,,,,,0.63,0.71,0.77,0.29,0.14,1.26
Gapdh,plex_2,,,,,,,0.72,0.71,0.72,0.31,0.17,1.42
Gapdh,plex_2,,,,,,,0.72,0.71,0.72,0.31,0.17,1.42
Dmd,plex_2,,,,,,,0.67,0.69,0.73,0.31,0.2,1.29
Vcp,plex_2,,,,,,,0.72,0.73,0.67,0.35,0.19,1.76
Pgk1,plex_2,,,,,,,0.7,0.69,0.63,0.34,0.17,1.43
Sdha,plex_2,,,,,,,0.61,0.68,0.94,0.34,0.18,1.58
Atp1a2,plex_2,,,,,,,0.62,0.71,0.77,0.34,0.21,1.54
Eef2,plex_2,,,,,,,0.71,0.67,0.79,0.35,0.16,1.44
Slc25a12,plex_2,,,,,,,0.63,0.74,0.79,0.35,0.17,1.42
Ndufs1,plex_2,,,,,,,0.52,0.59,0.79,0.33,0.2,1.47
Synpo2,plex_2,,,,,,,0.66,0.74,0.87,0.32,0.22,1.31
Pgm2,plex_2,,,,,,,0.7,0.72,0.67,0.35,0.18,1.21
Hadha,plex_2,,,,,,,0.65,0.62,0.87,0.35,0.22,1.47
Atp5a1,plex_2,,,,,,,0.52,0.63,0.84,0.32,0.21,1.42
Acadvl,plex_2,,,,,,,0.56,0.67,0.98,0.32,0.22,1.35
Fbn1,plex_2,,,,,,,0.79,0.41,0.57,0.43,0.28,1.37
Gpi,plex_2,,,,,,,0.65,0.69,0.7,0.28,0.16,1.41
Anxa6,plex_2,,,,,,,0.69,0.66,0.71,0.32,0.17,1.42
Des,plex_2,,,,,,,0.42,0.71,0.95,0.39,0.22,1.19
Ldha,plex_2,,,,,,,0.82,0.72,0.7,0.33,0.16,1.25
Ldha,plex_2,,,,,,,0.82,0.72,0.7,0.33,0.16,1.25
Lama2,plex_2,,,,,,,0.77,0.81,0.97,0.36,0.25,1.87
Myot,plex_2,,,,,,,0.54,0.69,0.96,0.3,0.18,1.22
Mdh2,plex_2,,,,,,,0.61,0.68,0.94,0.32,0.2,1.52
Tf,plex_2,,,,,,,0.6,0.52,0.55,0.27,0.32,1.22
Ampd1,plex_2,,,,,,,0.75,0.62,0.58,0.35,0.15,1.13
Eef1a2,plex_2,,,,,,,0.59,0.66,0.67,0.33,0.14,1.27
Hspa8,plex_2,,,,,,,0.61,0.68,0.77,0.33,0.19,1.4
Hspa8,plex_2,,,,,,,0.61,0.68,0.77,0.33,0.19,1.4
Hspa8,plex_2,,,,,,,0.61,0.68,0.77,0.33,0.19,1.4
Got1,plex_2,,,,,,,0.44,0.64,0.82,0.31,0.2,1.47
Fh,plex_2,,,,,,,0.57,0.6,0.9,0.33,0.21,1.51
Tubb4b,plex_2,,,,,,,0.62,0.67,0.68,0.32,0.22,1.56
Gpd1,plex_2,,,,,,,0.69,0.72,0.62,0.3,0.12,1.52
Phka1,plex_2,,,,,,,0.9,0.85,0.76,0.35,0.18,1.52
Phka1,plex_2,,,,,,,0.9,0.85,0.76,0.35,0.18,1.52
Vdac1,plex_2,,,,,,,0.71,0.73,0.97,0.33,0.2,1.32
Vdac1,plex_2,,,,,,,0.71,0.73,0.97,0.33,0.2,1.32
Mylpf,plex_2,,,,,,,0.66,0.74,0.78,0.36,0.17,1.21
Dlat,plex_2,,,,,,,0.57,0.71,0.9,0.32,0.18,1.8
Hsp90ab1,plex_2,,,,,,,0.54,0.63,0.67,0.36,0.16,1.33
Cs,plex_2,,,,,,,0.62,0.68,0.86,0.3,0.2,1.64
Uqcrc2,plex_2,,,,,,,0.62,0.73,0.74,0.35,0.18,1.78
Uba1,plex_2,,,,,,,0.69,0.65,0.83,0.32,0.17,1.26
Got2,plex_2,,,,,,,0.48,0.6,0.99,0.32,0.17,1.15
Cacna2d1,plex_2,,,,,,,0.86,0.84,0.68,0.33,0.22,1.34
Tpm1,plex_2,,,,,,,0.63,0.68,0.78,0.32,0.16,1.35
Mybph,plex_2,,,,,,,0.74,0.87,0.61,0.28,0.13,1.24
Gys1,plex_2,,,,,,,0.6,0.72,0.68,0.36,0.26,1.38
Ca3,plex_2,,,,,,,0.98,0.73,0.63,0.32,0.15,1.39
Dync1h1,plex_2,,,,,,,0.71,0.68,0.75,0.37,0.23,1.5
Tnnt3,plex_2,,,,,,,0.7,0.75,0.75,0.3,0.16,1.44
Tnnt3,plex_2,,,,,,,0.7,0.75,0.75,0.3,0.16,1.44
Tnnt3,plex_2,,,,,,,0.7,0.75,0.75,0.3,0.16,1.44
Tnnt3,plex_2,,,,,,,0.7,0.75,0.75,0.3,0.16,1.44
Tnnt3,plex_2,,,,,,,0.7,0.75,0.75,0.3,0.16,1.44
Immt,plex_2,,,,,,,1.26,0.76,0.85,0.38,0.18,6.33
Tpi1,plex_2,,,,,,,0.6,0.73,0.75,0.31,0.15,1.34
Hspd1,plex_2,,,,,,,0.6,0.66,0.89,0.33,0.18,1.51
Hk2,plex_2,,,,,,,0.55,0.79,1.13,0.34,0.22,1.32
Ckmt2,plex_2,,,,,,,0.52,0.67,0.92,0.33,0.2,1.67
Gpd2,plex_2,,,,,,,0.72,0.71,0.7,0.35,0.18,1.42
Sptan1,plex_2,,,,,,,0.8,0.58,0.75,0.43,0.19,1.41
Sptan1,plex_2,,,,,,,0.8,0.58,0.75,0.43,0.19,1.41
EG433182,plex_2,,,,,,,0.49,0.66,0.71,0.35,0.18,1.19
Ugp2,plex_2,,,,,,,0.56,0.65,0.81,0.27,0.19,1.39
Lamc1,plex_2,,,,,,,0.64,0.66,0.82,0.31,0.18,1.21
Speg,plex_2,,,,,,,0.73,0.72,0.77,0.35,0.13,1.57
Speg,plex_2,,,,,,,0.73,0.72,0.77,0.35,0.13,1.57
Myoz1,plex_2,,,,,,,0.61,0.7,0.74,0.33,0.19,1.2
Klhl41,plex_2,,,,,,,0.68,0.59,0.74,0.32,0.16,1.56
Acaa2,plex_2,,,,,,,0.62,0.64,0.8,0.36,0.23,1.55
Slc25a4,plex_2,,,,,,,0.62,0.69,0.81,0.34,0.19,1.51
Hadhb,plex_2,,,,,,,0.57,0.55,0.75,0.31,0.19,1.5
Ndrg2,plex_2,,,,,,,0.57,0.65,0.75,0.32,0.13,1.61
Etfdh,plex_2,,,,,,,0.59,0.72,0.8,0.39,0.25,1.47
Cpt1b,plex_2,,,,,,,0.57,0.66,0.88,0.36,0.22,1.2
Myh7,plex_2,,,,,,,0.49,0.37,0.19,0.15,0.67,0.51
Sucla2,plex_2,,,,,,,0.57,0.63,0.81,0.39,0.15,1.65
Etfa,plex_2,,,,,,,0.51,0.55,0.74,0.41,0.22,1.69
Pdhb,plex_2,,,,,,,0.51,0.7,0.87,0.31,0.17,1.61
Pgam2,plex_2,,,,,,,0.68,0.71,0.68,0.31,0.17,1.32
Lmna,plex_2,,,,,,,0.64,0.58,0.7,0.33,0.18,1.75
Ak1,plex_2,,,,,,,0.52,0.68,0.91,0.32,0.15,1.45
Ppp2r1a,plex_2,,,,,,,0.52,0.69,0.73,0.35,0.2,1.45
Trim72,plex_2,,,,,,,0.61,0.57,0.76,0.36,0.19,1.39
Smyd1,plex_2,,,,,,,0.81,0.82,0.7,0.3,0.16,1.63
Aldh6a1,plex_2,,,,,,,0.6,0.77,1.0,0.33,0.17,1.73
Phkb,plex_2,,,,,,,0.7,0.74,0.66,0.3,0.18,1.3
Col12a1,plex_2,,,,,,,1.24,0.58,0.33,0.42,0.16,1.08
Col12a1,plex_2,,,,,,,1.24,0.58,0.33,0.42,0.16,1.08
Col12a1,plex_2,,,,,,,1.24,0.58,0.33,0.42,0.16,1.08
Col12a1,plex_2,,,,,,,1.24,0.58,0.33,0.42,0.16,1.08
Neb,plex_2,,,,,,,0.76,0.73,0.76,0.3,0.16,1.61
Myl3,plex_2,,,,,,,0.26,0.39,1.05,0.24,0.27,1.55
Hspa9,plex_2,,,,,,,0.48,0.51,0.79,0.36,0.15,1.46
Casq1,plex_2,,,,,,,0.8,0.69,0.67,0.32,0.19,1.51
Uqcrc1,plex_2,,,,,,,0.56,0.66,0.88,0.36,0.19,1.35
Acat1,plex_2,,,,,,,0.54,0.62,0.88,0.34,0.21,1.43
Ivd,plex_2,,,,,,,0.49,0.56,0.69,0.31,0.22,1.64
Cacnb1,plex_2,,,,,,,0.59,0.65,0.62,0.28,0.18,1.44
Lrpprc,plex_2,,,,,,,0.49,0.6,0.78,0.36,0.17,1.54
Adssl1,plex_2,,,,,,,0.53,0.7,0.64,0.29,0.21,1.49
Adssl1,plex_2,,,,,,,0.53,0.7,0.64,0.29,0.21,1.49
Adssl1,plex_2,,,,,,,0.53,0.7,0.64,0.29,0.21,1.49
Idh2,plex_2,,,,,,,0.43,0.51,0.84,0.38,0.23,2.08
Park7,plex_2,,,,,,,0.77,0.76,0.65,0.32,0.18,1.55
Plin4,plex_2,,,,,,,0.5,0.67,0.69,0.37,0.22,1.19
Plin4,plex_2,,,,,,,0.5,0.67,0.69,0.37,0.22,1.19
Cand2,plex_2,,,,,,,0.95,0.92,0.79,0.27,0.15,1.63
Acsl1,plex_2,,,,,,,0.63,0.55,0.88,0.3,0.21,1.82
Ahnak,plex_2,,,,,,,0.72,0.5,0.68,0.35,0.14,1.35
Hbbt1,plex_2,,,,,,,0.49,0.44,0.45,0.2,0.38,1.79
Tufm,plex_2,,,,,,,0.56,0.76,0.89,0.35,0.18,1.65
Mdh1,plex_2,,,,,,,0.47,0.6,0.74,0.27,0.18,1.42
Acads,plex_2,,,,,,,0.73,0.65,0.92,0.42,0.22,1.61
Crat,plex_2,,,,,,,0.56,0.62,0.81,0.34,0.2,1.52
Crat,plex_2,,,,,,,0.56,0.62,0.81,0.34,0.2,1.52
Myom3,plex_2,,,,,,,0.46,0.44,1.21,0.4,0.28,1.8
Idh3b,plex_2,,,,,,,0.51,0.68,0.89,0.32,0.16,1.57
Ndufv1,plex_2,,,,,,,0.55,0.57,0.86,0.36,0.18,1.57
Nid1,plex_2,,,,,,,0.65,0.62,0.83,0.29,0.19,1.51
Idh3g,plex_2,,,,,,,0.59,0.7,0.79,0.34,0.17,1.19
Pdha1,plex_2,,,,,,,0.62,0.65,0.74,0.36,0.21,1.6
Cltc,plex_2,,,,,,,0.69,0.57,0.82,0.37,0.16,1.24
Acadl,plex_2,,,,,,,0.79,0.73,1.0,0.29,0.17,2.03
Padi2,plex_2,,,,,,,0.56,0.64,0.83,0.31,0.22,1.3
Ndufa9,plex_2,,,,,,,0.61,0.68,0.81,0.37,0.18,1.53
Ndufa9,plex_2,,,,,,,0.61,0.68,0.81,0.37,0.18,1.53
Col1a2,plex_2,,,,,,,1.01,0.32,0.33,0.42,0.21,1.11
Eprs,plex_2,,,,,,,0.67,0.74,0.82,0.33,0.13,1.15
Synpo2l,plex_2,,,,,,,0.68,0.71,0.77,0.27,0.2,1.38
Gstp1,plex_2,,,,,,,0.54,0.7,0.77,0.33,0.2,1.8
Vim,plex_2,,,,,,,0.76,0.31,0.8,0.47,0.1,1.56
Vim,plex_2,,,,,,,0.76,0.31,0.8,0.47,0.1,1.56
Vcl,plex_2,,,,,,,0.56,0.56,0.59,0.34,0.18,1.51
Uqcrfs1,plex_2,,,,,,,0.47,0.62,0.79,0.3,0.23,1.36
Pdlim5,plex_2,,,,,,,0.69,0.6,0.75,0.32,0.2,1.66
Myh9,plex_2,,,,,,,0.73,0.61,0.92,0.37,0.17,1.46
Mb,plex_2,,,,,,,0.42,0.52,0.91,0.31,0.21,1.47
Aifm1,plex_2,,,,,,,0.64,0.69,0.74,0.36,0.17,1.51
Ldhb,plex_2,,,,,,,0.19,0.35,0.68,0.41,0.23,2.01
Tuba4a,plex_2,,,,,,,0.53,0.62,0.69,0.31,0.15,1.55
Tuba4a,plex_2,,,,,,,0.53,0.62,0.69,0.31,0.15,1.55
Cmya5,plex_2,,,,,,,0.64,0.73,0.73,0.33,0.2,1.51
Gbas,plex_2,,,,,,,0.53,0.64,0.77,0.34,0.16,1.39
Gbas,plex_2,,,,,,,0.53,0.64,0.77,0.34,0.16,1.39
Tnni2,plex_2,,,,,,,0.66,0.67,0.69,0.33,0.18,1.2
Tmod4,plex_2,,,,,,,0.49,0.63,0.77,0.31,0.14,1.15
Ndufa10,plex_2,,,,,,,0.48,0.59,0.73,0.31,0.19,1.41
Synm,plex_2,,,,,,,0.66,0.67,0.82,0.33,0.14,1.61
Synm,plex_2,,,,,,,0.66,0.67,0.82,0.33,0.14,1.61
Tnnc2,plex_2,,,,,,,0.8,0.63,0.84,0.25,0.13,1.08
Adck3,plex_2,,,,,,,0.62,0.73,0.92,0.27,0.19,1.18
Mylk2,plex_2,,,,,,,0.84,0.82,0.59,0.36,0.2,1.2
Mylk2,plex_2,,,,,,,0.84,0.82,0.59,0.36,0.2,1.2
Cyc1,plex_2,,,,,,,0.77,0.63,0.82,0.36,0.26,1.41
Cyc1,plex_2,,,,,,,0.77,0.63,0.82,0.36,0.26,1.41
Phb,plex_2,,,,,,,0.66,0.72,0.69,0.28,0.18,1.87
Atp5o,plex_2,,,,,,,0.48,0.62,0.66,0.29,0.16,1.42
Npepps,plex_2,,,,,,,0.66,0.61,0.66,0.35,0.21,1.51
Dld,plex_2,,,,,,,0.6,0.59,0.82,0.28,0.14,1.64
Lmcd1,plex_2,,,,,,,0.47,0.62,0.98,0.3,0.15,1.5
Selenbp1,plex_2,,,,,,,0.49,0.59,0.71,0.25,0.18,1.59
Ptrf,plex_2,,,,,,,0.79,0.64,0.78,0.3,0.19,3.08
Pzp,plex_2,,,,,,,0.58,0.53,0.52,0.24,0.28,1.44
Hspb7,plex_2,,,,,,,0.42,0.6,1.64,0.22,0.2,1.68
Sptb,plex_2,,,,,,,0.77,0.64,0.63,0.35,0.24,1.48
Sptb,plex_2,,,,,,,0.77,0.64,0.63,0.35,0.24,1.48
Sptb,plex_2,,,,,,,0.77,0.64,0.63,0.35,0.24,1.48
Aldh2,plex_2,,,,,,,0.47,0.59,0.86,0.32,0.16,1.56
Ywhag,plex_2,,,,,,,0.75,0.78,0.83,0.32,0.2,1.46
Col1a1,plex_2,,,,,,,1.04,0.34,0.35,0.36,0.25,1.13
Dnm1l,plex_2,,,,,,,0.53,0.68,0.69,0.31,0.17,1.37
Col6a1,plex_2,,,,,,,1.37,0.49,0.5,0.39,0.31,1.31
Slc25a3,plex_2,,,,,,,0.52,0.67,0.89,0.35,0.18,1.49
Oxct1,plex_2,,,,,,,0.43,0.58,0.75,0.36,0.22,1.68
Hba-a1,plex_2,,,,,,,0.45,0.44,0.55,0.23,0.45,1.69
,plex_2,,,,,,,0.45,0.44,0.55,0.23,0.45,1.69
Ndufs2,plex_2,,,,,,,0.53,0.71,0.9,0.33,0.2,1.49
Prdx6,plex_2,,,,,,,0.61,0.6,0.79,0.33,0.18,1.44
Prdx6,plex_2,,,,,,,0.61,0.6,0.79,0.33,0.18,1.44
P4hb,plex_2,,,,,,,0.62,0.61,0.74,0.37,0.15,1.47
P4hb,plex_2,,,,,,,0.62,0.61,0.74,0.37,0.15,1.47
P4hb,plex_2,,,,,,,0.62,0.61,0.74,0.37,0.15,1.47
P4hb,plex_2,,,,,,,0.62,0.61,0.74,0.37,0.15,1.47
P4hb,plex_2,,,,,,,0.62,0.61,0.74,0.37,0.15,1.47
P4hb,plex_2,,,,,,,0.62,0.61,0.74,0.37,0.15,1.47
Hspa4,plex_2,,,,,,,0.83,0.7,1.01,0.27,0.22,1.63
Gart,plex_2,,,,,,,0.79,0.71,0.85,0.31,0.13,2.52
Prelp,plex_2,,,,,,,1.31,0.38,0.45,0.44,0.31,0.93
Prelp,plex_2,,,,,,,1.31,0.38,0.45,0.44,0.31,0.93
Me1,plex_2,,,,,,,1.06,0.87,0.7,0.42,0.14,1.81
Prdx5,plex_2,,,,,,,0.49,0.63,0.84,0.32,0.21,1.28
Prdx5,plex_2,,,,,,,0.49,0.63,0.84,0.32,0.21,1.28
Prdx5,plex_2,,,,,,,0.49,0.63,0.84,0.32,0.21,1.28
Prdx5,plex_2,,,,,,,0.49,0.63,0.84,0.32,0.21,1.28
Tpm2,plex_2,,,,,,,0.63,0.66,0.95,0.31,0.18,1.32
Bin1,plex_2,,,,,,,0.62,0.59,0.73,0.3,0.14,1.6
Adsl,plex_2,,,,,,,0.63,0.72,0.8,0.32,0.18,1.41
Adsl,plex_2,,,,,,,0.63,0.72,0.8,0.32,0.18,1.41
Eci1,plex_2,,,,,,,0.59,0.57,0.89,0.35,0.19,1.46
Me3,plex_2,,,,,,,0.84,0.72,0.71,0.4,0.19,2.02
Hibadh,plex_2,,,,,,,0.62,0.7,0.9,0.33,0.15,1.51
Pdlim3,plex_2,,,,,,,0.59,0.69,0.89,0.26,0.2,1.18
Gdi2,plex_2,,,,,,,0.74,0.74,0.63,0.32,0.21,1.46
Gdi2,plex_2,,,,,,,0.74,0.74,0.63,0.32,0.21,1.46
Lonp1,plex_2,,,,,,,0.55,0.68,0.75,0.3,0.19,1.41
Lonp1,plex_2,,,,,,,0.55,0.68,0.75,0.3,0.19,1.41
Pcca,plex_2,,,,,,,0.8,0.76,0.93,0.33,0.27,1.65
Mpi,plex_2,,,,,,,0.79,0.61,0.66,0.48,0.17,1.31
Cox4i1,plex_2,,,,,,,0.62,0.74,0.87,0.36,0.2,1.77
Gbe1,plex_2,,,,,,,0.55,0.87,1.27,0.38,0.24,1.62
Gbe1,plex_2,,,,,,,0.55,0.87,1.27,0.38,0.24,1.62
Myoz3,plex_2,,,,,,,0.63,0.68,0.76,0.29,0.21,1.26
Myoz3,plex_2,,,,,,,0.63,0.68,0.76,0.29,0.21,1.26
D10Jhu81e,plex_2,,,,,,,0.55,0.65,0.72,0.32,0.18,1.63
Etfb,plex_2,,,,,,,0.6,0.71,0.78,0.42,0.17,2.13
Fhl1,plex_2,,,,,,,0.45,0.63,1.23,0.27,0.19,1.21
Dcn,plex_2,,,,,,,1.0,0.41,0.47,0.34,0.19,1.12
,plex_2,,,,,,,0.28,1.49,0.2,0.25,0.09,1.37
Hadh,plex_2,,,,,,,0.38,0.59,0.86,0.34,0.17,1.91
Vdac3,plex_2,,,,,,,0.66,0.74,0.75,0.32,0.2,1.34
Vdac3-ps1,plex_2,,,,,,,0.66,0.74,0.75,0.32,0.2,1.34
Vdac3,plex_2,,,,,,,0.66,0.74,0.75,0.32,0.2,1.34
Vdac3,plex_2,,,,,,,0.66,0.74,0.75,0.32,0.2,1.34
Uggt1,plex_2,,,,,,,1.06,0.85,1.0,0.34,0.2,4.68
Decr1,plex_2,,,,,,,0.74,0.69,0.98,0.28,0.28,1.25
Gstm1,plex_2,,,,,,,0.59,0.66,0.54,0.3,0.19,1.44
Prdx1,plex_2,,,,,,,0.57,0.6,0.72,0.28,0.16,1.34
Jph1,plex_2,,,,,,,0.59,0.65,0.82,0.31,0.16,1.23
Anxa2,plex_2,,,,,,,1.25,0.52,0.75,0.46,0.19,1.5
Myh11,plex_2,,,,,,,0.75,0.6,0.78,0.36,0.19,1.4
Akr1b1,plex_2,,,,,,,0.74,0.68,0.58,0.3,0.16,1.48
Ppp1r3a,plex_2,,,,,,,0.6,0.68,0.76,0.28,0.17,1.28
Capza2,plex_2,,,,,,,0.76,0.79,0.67,0.31,0.17,1.4
Dlst,plex_2,,,,,,,0.51,0.58,0.83,0.31,0.2,1.26
Bag3,plex_2,,,,,,,0.55,0.68,0.91,0.32,0.19,1.79
Hspa5,plex_2,,,,,,,0.61,0.59,0.72,0.36,0.19,1.32
Pvalb,plex_2,,,,,,,1.02,0.63,0.38,0.28,0.18,1.23
Vdac2,plex_2,,,,,,,0.84,0.96,0.85,0.3,0.18,1.47
Atp5h,plex_2,,,,,,,0.41,0.65,1.07,0.33,0.13,1.32
Rnh1,plex_2,,,,,,,0.78,0.54,0.79,0.37,0.24,1.34
Tmod1,plex_2,,,,,,,0.85,0.95,0.69,0.26,0.15,1.1
Camk2g,plex_2,,,,,,,0.8,0.74,0.85,0.36,0.32,1.1
Camk2g,plex_2,,,,,,,0.8,0.74,0.85,0.36,0.32,1.1
Camk2g,plex_2,,,,,,,0.8,0.74,0.85,0.36,0.32,1.1
Serpina1c,plex_2,,,,,,,0.7,0.61,0.65,0.26,0.31,1.6
Hsd17b10,plex_2,,,,,,,0.82,0.85,0.74,0.36,0.29,1.8
Hsd17b10,plex_2,,,,,,,0.82,0.85,0.74,0.36,0.29,1.8
Hspb1,plex_2,,,,,,,0.81,0.95,1.28,0.31,0.26,1.66
Rdx,plex_2,,,,,,,0.67,0.59,0.64,0.27,0.18,1.46
Rdx,plex_2,,,,,,,0.67,0.59,0.64,0.27,0.18,1.46
Rdx,plex_2,,,,,,,0.67,0.59,0.64,0.27,0.18,1.46
Mthfd1,plex_2,,,,,,,0.59,0.71,0.81,0.28,0.18,1.57
Dhrs7c,plex_2,,,,,,,0.75,0.68,0.57,0.3,0.18,1.19
Sh3bgr,plex_2,,,,,,,0.87,1.01,0.81,0.26,0.14,1.46
Ywhae,plex_2,,,,,,,0.62,0.68,0.74,0.33,0.17,1.5
Snta1,plex_2,,,,,,,0.72,0.71,0.66,0.31,0.18,1.52
Gm20390,plex_2,,,,,,,0.55,0.56,0.58,0.32,0.13,1.57
Cacna1s,plex_2,,,,,,,0.71,0.8,0.64,0.41,0.2,1.46
Cacna1s,plex_2,,,,,,,0.71,0.8,0.64,0.41,0.2,1.46
Thbs4,plex_2,,,,,,,1.09,0.36,0.48,0.51,0.24,1.57
Tln1,plex_2,,,,,,,0.75,4.07,0.72,0.56,0.21,1.49
Tln1,plex_2,,,,,,,0.75,4.07,0.72,0.56,0.21,1.49
Slc25a11,plex_2,,,,,,,0.75,0.75,0.85,0.35,0.21,1.49
Letm1,plex_2,,,,,,,0.5,0.78,1.09,0.29,0.18,1.74
,plex_2,,,,,,,0.25,1.7,0.21,0.33,0.14,1.11
Pcbp1,plex_2,,,,,,,0.61,0.69,0.73,0.35,0.17,1.31
Map4,plex_2,,,,,,,0.4,0.56,0.91,0.42,0.13,1.59
Map4,plex_2,,,,,,,0.4,0.56,0.91,0.42,0.13,1.59
Map4,plex_2,,,,,,,0.4,0.56,0.91,0.42,0.13,1.59
Atl2,plex_2,,,,,,,0.66,0.67,0.97,0.47,0.22,1.4
Aldh1a1,plex_2,,,,,,,0.54,0.73,0.82,0.43,0.27,1.23
Cox5a,plex_2,,,,,,,0.51,0.68,1.02,0.33,0.22,1.34
Ces1d,plex_2,,,,,,,0.81,0.87,0.7,0.26,0.15,1.86
Suclg1,plex_2,,,,,,,0.51,0.76,0.98,0.38,0.18,1.52
Gyg,plex_2,,,,,,,0.68,0.75,1.07,0.34,0.19,1.56
Gyg1,plex_2,,,,,,,0.68,0.75,1.07,0.34,0.19,1.56
Phb2,plex_2,,,,,,,0.62,0.77,0.82,0.36,0.21,2.04
Pdlim7,plex_2,,,,,,,0.74,0.76,0.68,0.33,0.15,1.31
Pdlim7,plex_2,,,,,,,0.74,0.76,0.68,0.33,0.15,1.31
Pdhx,plex_2,,,,,,,0.46,0.67,0.79,0.28,0.15,1.42
Samm50,plex_2,,,,,,,0.53,0.59,0.68,0.38,0.16,1.15
Actb,plex_2,,,,,,,0.72,0.6,0.62,0.58,0.28,1.57
Actg1,plex_2,,,,,,,0.72,0.6,0.62,0.58,0.28,1.57
Col6a2,plex_2,,,,,,,1.17,0.52,0.57,0.36,0.21,1.11
Camk2a,plex_2,,,,,,,0.68,0.77,0.71,0.31,0.16,1.29
Glud1,plex_2,,,,,,,0.54,0.51,0.74,0.31,0.17,1.27
Capn1,plex_2,,,,,,,0.8,0.68,0.95,0.32,0.16,1.68
Hspb6,plex_2,,,,,,,0.61,0.72,1.12,0.33,0.32,1.51
Trdn,plex_2,,,,,,,0.61,0.72,0.62,0.32,0.22,1.15
Apobec2,plex_2,,,,,,,0.64,0.77,0.66,0.31,0.17,1.49
Pebp1,plex_2,,,,,,,0.72,0.57,0.71,0.3,0.23,1.3
Pebp1,plex_2,,,,,,,0.72,0.57,0.71,0.3,0.23,1.3
Idh3a,plex_2,,,,,,,0.55,0.66,0.95,0.34,0.19,1.3
Lum,plex_2,,,,,,,0.92,0.52,0.57,0.37,0.19,1.51
Pbxip1,plex_2,,,,,,,0.6,0.71,0.8,0.38,0.16,1.69
Ankrd2,plex_2,,,,,,,0.4,0.88,2.28,0.21,0.22,1.62
Prkar2a,plex_2,,,,,,,0.63,0.63,0.65,0.28,0.16,1.21
Prkar2a,plex_2,,,,,,,0.63,0.63,0.65,0.28,0.16,1.21
Prdx3,plex_2,,,,,,,0.62,0.71,1.0,0.34,0.19,1.85
Atp5c1,plex_2,,,,,,,0.71,0.73,0.88,0.32,0.19,1.72
Synpo,plex_2,,,,,,,0.58,0.56,0.89,0.37,0.26,1.23
Synpo,plex_2,,,,,,,0.58,0.56,0.89,0.37,0.26,1.23
Synpo,plex_2,,,,,,,0.58,0.56,0.89,0.37,0.26,1.23
Acadm,plex_2,,,,,,,0.51,0.56,0.79,0.31,0.2,1.73
Qdpr,plex_2,,,,,,,0.7,0.7,0.77,0.26,0.16,1.72
Ola1,plex_2,,,,,,,0.6,0.65,0.6,0.28,0.14,1.66
Macrod1,plex_2,,,,,,,0.71,0.64,0.66,0.32,0.18,1.59
Pabpc4,plex_2,,,,,,,0.78,0.72,1.09,0.42,0.31,1.71
Pabpc4,plex_2,,,,,,,0.78,0.72,1.09,0.42,0.31,1.71
Pabpc4,plex_2,,,,,,,0.78,0.72,1.09,0.42,0.31,1.71
Pabpc4,plex_2,,,,,,,0.78,0.72,1.09,0.42,0.31,1.71
Gm10110,plex_2,,,,,,,0.78,0.72,1.09,0.42,0.31,1.71
Pabpc4,plex_2,,,,,,,0.78,0.72,1.09,0.42,0.31,1.71
Prdx2,plex_2,,,,,,,0.47,0.54,0.77,0.23,0.22,1.2
Eef1g,plex_2,,,,,,,0.55,0.52,0.64,0.31,0.18,1.5
Acot2,plex_2,,,,,,,0.79,0.71,0.98,0.3,0.2,2.11
Fabp4,plex_2,,,,,,,0.63,0.49,1.0,0.25,0.14,1.13
Pcx,plex_2,,,,,,,0.59,0.49,0.63,0.41,0.17,1.74
Pc,plex_2,,,,,,,0.59,0.49,0.63,0.41,0.17,1.74
Pcx,plex_2,,,,,,,0.59,0.49,0.63,0.41,0.17,1.74
Pcx,plex_2,,,,,,,0.59,0.49,0.63,0.41,0.17,1.74
Pcx,plex_2,,,,,,,0.59,0.49,0.63,0.41,0.17,1.74
Pcx,plex_2,,,,,,,0.59,0.49,0.63,0.41,0.17,1.74
Capzb,plex_2,,,,,,,0.51,0.68,0.71,0.31,0.18,1.28
Rtn2,plex_2,,,,,,,0.49,0.66,0.78,0.26,0.11,1.28
Jph2,plex_2,,,,,,,0.66,0.84,0.66,0.34,0.16,1.39
Sdhb,plex_2,,,,,,,0.49,0.62,0.81,0.36,0.18,1.27
Ctsd,plex_2,,,,,,,0.84,1.0,0.75,0.46,0.44,1.43
Cpt2,plex_2,,,,,,,0.55,0.66,0.74,0.34,0.16,1.62
Eif4a2,plex_2,,,,,,,0.67,0.59,0.75,0.33,0.15,1.63
Ehd2,plex_2,,,,,,,0.87,0.86,0.87,0.35,0.25,1.51
Ndufs3,plex_2,,,,,,,0.56,0.6,1.23,0.33,0.24,1.34
Stac3,plex_2,,,,,,,0.62,0.64,1.04,0.34,0.14,1.37
Ppia,plex_2,,,,,,,0.96,0.87,0.68,0.37,0.34,2.24
Ppia,plex_2,,,,,,,0.96,0.87,0.68,0.37,0.34,2.24
Jsrp1,plex_2,,,,,,,0.68,0.68,0.89,0.26,0.27,1.22
Jsrp1,plex_2,,,,,,,0.68,0.68,0.89,0.26,0.27,1.22
Jsrp1,plex_2,,,,,,,0.68,0.68,0.89,0.26,0.27,1.22
Idh1,plex_2,,,,,,,0.47,0.52,0.74,0.37,0.19,1.65
Idh1,plex_2,,,,,,,0.47,0.52,0.74,0.37,0.19,1.65
Idh1,plex_2,,,,,,,0.47,0.52,0.74,0.37,0.19,1.65
Idh1,plex_2,,,,,,,0.47,0.52,0.74,0.37,0.19,1.65
Aspn,plex_2,,,,,,,1.33,0.53,0.55,0.33,0.18,1.62
Lamb2,plex_2,,,,,,,0.61,0.64,0.63,0.23,0.21,1.3
Dpysl2,plex_2,,,,,,,0.55,0.39,0.56,0.31,0.15,1.34
Esd,plex_2,,,,,,,0.68,0.73,0.8,0.31,0.28,1.37
Esd,plex_2,,,,,,,0.68,0.73,0.8,0.31,0.28,1.37
Psmd2,plex_2,,,,,,,0.67,0.8,0.78,0.31,0.27,1.32
Psmd2,plex_2,,,,,,,0.67,0.8,0.78,0.31,0.27,1.32
Psmd2,plex_2,,,,,,,0.67,0.8,0.78,0.31,0.27,1.32
Psmd2,plex_2,,,,,,,0.67,0.8,0.78,0.31,0.27,1.32
Psmd2,plex_2,,,,,,,0.67,0.8,0.78,0.31,0.27,1.32
Psmd2,plex_2,,,,,,,0.67,0.8,0.78,0.31,0.27,1.32
Nrap,plex_2,,,,,,,1.28,1.27,1.5,1.29,0.99,2.06
Atic,plex_2,,,,,,,0.61,0.71,0.71,0.37,0.25,1.37
Cryab,plex_2,,,,,,,0.57,0.73,1.53,0.24,0.19,1.19
Ndufa7,plex_2,,,,,,,0.35,0.57,0.71,0.34,0.17,1.41
Grhpr,plex_2,,,,,,,0.76,0.67,0.71,0.39,0.21,1.23
,plex_2,,,,,,,1.17,0.85,0.53,0.34,0.17,1.54
Bgn,plex_2,,,,,,,1.36,0.37,0.51,0.43,0.23,1.39
Usp5,plex_2,,,,,,,0.86,0.62,0.79,0.51,0.31,1.52
Usp5,plex_2,,,,,,,0.86,0.62,0.79,0.51,0.31,1.52
Pacsin3,plex_2,,,,,,,0.78,0.7,0.7,0.33,0.18,1.81
Clybl,plex_2,,,,,,,0.48,0.66,0.8,0.31,0.12,1.3
Unc45b,plex_2,,,,,,,0.65,0.61,0.83,0.29,0.28,1.44
Unc45b,plex_2,,,,,,,0.65,0.61,0.83,0.29,0.28,1.44
Fbp2,plex_2,,,,,,,1.11,0.63,0.76,0.4,0.21,1.21
Fbp2,plex_2,,,,,,,1.11,0.63,0.76,0.4,0.21,1.21
Adh5,plex_2,,,,,,,0.68,0.53,0.56,0.23,0.18,1.27
Tln2,plex_2,,,,,,,1.0,0.84,0.67,0.3,,1.63
Ncl,plex_2,,,,,,,0.52,0.66,0.65,0.31,0.18,1.45
Ncl,plex_2,,,,,,,0.52,0.66,0.65,0.31,0.18,1.45
Ncl,plex_2,,,,,,,0.52,0.66,0.65,0.31,0.18,1.45
Iars2,plex_2,,,,,,,0.62,0.62,0.71,0.27,0.14,1.35
Pdpr,plex_2,,,,,,,0.58,0.63,0.75,0.31,0.17,1.29
Sptbn1,plex_2,,,,,,,0.82,0.72,0.79,0.39,0.2,1.53
Scrn3,plex_2,,,,,,,0.79,0.82,0.7,0.39,0.22,1.63
Ube2n,plex_2,,,,,,,0.72,0.68,0.7,0.42,0.18,1.48
Mlip,plex_2,,,,,,,0.65,0.68,0.77,0.27,0.18,1.08
Mlip,plex_2,,,,,,,0.65,0.68,0.77,0.27,0.18,1.08
Psmd1,plex_2,,,,,,,0.74,0.61,0.74,0.32,0.22,1.84
Cycs,plex_2,,,,,,,0.47,0.53,0.76,0.3,0.19,1.44
Cse1l,plex_2,,,,,,,0.86,0.77,0.48,0.37,0.19,1.29
COX2,plex_2,,,,,,,0.66,0.67,0.88,0.34,0.2,1.79
Mtco2,plex_2,,,,,,,0.66,0.67,0.88,0.34,0.2,1.79
Pccb,plex_2,,,,,,,0.51,0.69,0.8,0.39,0.16,1.43
Cd36,plex_2,,,,,,,0.7,0.63,0.88,0.34,0.21,1.56
Gars,plex_2,,,,,,,0.53,0.56,0.69,0.33,0.32,1.46
Atp5d,plex_2,,,,,,,0.6,0.6,0.88,0.39,0.18,2.03
Fabp3,plex_2,,,,,,,0.58,0.47,0.96,0.31,0.18,1.47
Echs1,plex_2,,,,,,,0.48,0.64,0.8,0.28,0.24,1.59
Gstm2,plex_2,,,,,,,0.77,0.75,0.58,0.33,0.18,1.28
Dbt,plex_2,,,,,,,0.89,0.69,0.58,0.38,0.21,1.91
Dbt,plex_2,,,,,,,0.89,0.69,0.58,0.38,0.21,1.91
Ndufv2,plex_2,,,,,,,0.51,0.82,1.37,0.31,0.19,1.71
Xirp1,plex_2,,,,,,,0.61,0.56,1.18,0.38,0.2,1.44
Tnxb,plex_2,,,,,,,1.27,0.5,0.53,0.18,0.18,1.21
Ndufb9,plex_2,,,,,,,0.62,0.89,1.21,0.55,0.17,1.94
Pfn1,plex_2,,,,,,,0.61,0.57,0.77,0.53,0.23,0.9
Rpsa,plex_2,,,,,,,0.76,0.64,0.68,0.45,0.2,1.63
Nap1l4,plex_2,,,,,,,0.72,0.63,0.93,0.38,0.32,1.69
Nap1l4,plex_2,,,,,,,0.72,0.63,0.93,0.38,0.32,1.69
Obscn,plex_2,,,,,,,0.66,0.71,0.8,0.35,0.26,1.3
Serpina3k,plex_2,,,,,,,0.83,0.43,0.38,0.32,0.41,1.06
Rpl4,plex_2,,,,,,,0.58,0.62,0.67,0.37,0.23,1.29
Mypn,plex_2,,,,,,,0.69,0.74,0.77,0.29,0.14,1.56
Col6a5,plex_2,,,,,,,2.85,0.6,0.88,0.51,0.37,1.41
Txnrd1,plex_2,,,,,,,0.74,0.73,0.71,0.27,0.21,2.13
Aldh4a1,plex_2,,,,,,,0.55,0.67,0.74,0.28,0.25,2.05
Mccc2,plex_2,,,,,,,0.82,0.85,0.67,0.32,0.16,1.92
Eif5a,plex_2,,,,,,,0.64,0.69,0.68,0.28,0.17,1.56
Bsg,plex_2,,,,,,,0.7,0.77,0.77,0.33,0.18,1.68
Bsg,plex_2,,,,,,,0.7,0.77,0.77,0.33,0.18,1.68
Bsg,plex_2,,,,,,,0.7,0.77,0.77,0.33,0.18,1.68
Bsg,plex_2,,,,,,,0.7,0.77,0.77,0.33,0.18,1.68
Bsg,plex_2,,,,,,,0.7,0.77,0.77,0.33,0.18,1.68
Sypl2,plex_2,,,,,,,1.17,0.98,0.46,0.26,0.18,1.97
Hibch,plex_2,,,,,,,0.66,0.69,0.84,0.37,0.19,1.67
Psmc6,plex_2,,,,,,,0.71,0.73,0.82,0.31,0.18,1.48
Stip1,plex_2,,,,,,,0.64,0.67,0.77,0.26,0.15,1.31
Stip1,plex_2,,,,,,,0.64,0.67,0.77,0.26,0.15,1.31
Atp1b1,plex_2,,,,,,,0.55,0.64,0.79,0.45,0.22,1.69
Hdhd2,plex_2,,,,,,,0.55,0.67,0.69,0.35,0.27,1.28
Ank1,plex_2,,,,,,,0.79,0.73,0.66,0.31,0.18,1.78
Sod2,plex_2,,,,,,,0.45,0.62,0.96,0.32,0.17,1.39
Psmc2,plex_2,,,,,,,0.7,0.58,0.64,0.28,0.18,1.63
Ran,plex_2,,,,,,,0.58,0.81,0.64,0.3,0.23,1.4
Ndufs4,plex_2,,,,,,,0.47,0.57,0.77,0.35,0.18,1.28
Ndufs4,plex_2,,,,,,,0.47,0.57,0.77,0.35,0.18,1.28
Gdi1,plex_2,,,,,,,0.57,0.69,0.92,0.32,0.22,1.56
Ephx2,plex_2,,,,,,,0.6,0.77,0.9,0.84,0.17,1.96
Dysf,plex_2,,,,,,,0.69,0.93,0.56,0.28,0.25,1.66
Suclg2,plex_2,,,,,,,0.71,0.76,0.82,0.28,0.16,1.77
Suclg2,plex_2,,,,,,,0.71,0.76,0.82,0.28,0.16,1.77
Asrgl1,plex_2,,,,,,,0.84,0.69,0.76,0.42,0.22,1.82
Anxa5,plex_2,,,,,,,0.59,0.42,0.52,0.45,0.19,1.31
Lypla1,plex_2,,,,,,,0.61,0.64,0.75,0.28,0.19,2.33
Ndufa12,plex_2,,,,,,,0.59,0.66,0.84,0.37,0.27,1.43
Ndufa12,plex_2,,,,,,,0.59,0.66,0.84,0.37,0.27,1.43
Ndufa12,plex_2,,,,,,,0.59,0.66,0.84,0.37,0.27,1.43
Hhatl,plex_2,,,,,,,0.97,0.98,0.7,0.4,0.24,1.62
Rpn2,plex_2,,,,,,,0.81,0.67,0.63,0.36,0.21,1.15
Hnrnpk,plex_2,,,,,,,0.83,0.58,0.76,0.46,0.14,1.76
Hnrnpk,plex_2,,,,,,,0.83,0.58,0.76,0.46,0.14,1.76
Hnrnpk,plex_2,,,,,,,0.83,0.58,0.76,0.46,0.14,1.76
Hnrnpk,plex_2,,,,,,,0.83,0.58,0.76,0.46,0.14,1.76
Hnrnpk,plex_2,,,,,,,0.83,0.58,0.76,0.46,0.14,1.76
Hnrnpk,plex_2,,,,,,,0.83,0.58,0.76,0.46,0.14,1.76
Hnrnpk,plex_2,,,,,,,0.83,0.58,0.76,0.46,0.14,1.76
Dars,plex_2,,,,,,,0.78,0.73,0.7,0.32,0.19,1.73
Lamb1,plex_2,,,,,,,1.34,0.64,0.75,0.27,0.16,2.44
Rack1,plex_2,,,,,,,0.75,0.7,0.57,0.4,0.28,1.68
Hrc,plex_2,,,,,,,0.68,0.81,0.91,0.34,0.14,1.93
Spr,plex_2,,,,,,,0.76,0.53,0.7,0.35,0.13,1.4
Spr,plex_2,,,,,,,0.76,0.53,0.7,0.35,0.13,1.4
Spr,plex_2,,,,,,,0.76,0.53,0.7,0.35,0.13,1.4
Prr33,plex_2,,,,,,,0.56,0.72,1.0,0.23,0.17,1.07
Glo1,plex_2,,,,,,,0.81,0.74,0.83,0.27,0.16,1.41
Flna,plex_2,,,,,,,0.71,0.53,0.56,0.34,0.25,1.57
Hist2h4,plex_2,,,,,,,0.64,0.48,0.89,0.4,0.21,1.29
Aldh7a1,plex_2,,,,,,,0.67,0.85,0.67,0.35,0.07,1.42
Aldh7a1,plex_2,,,,,,,0.67,0.85,0.67,0.35,0.07,1.42
Vapa,plex_2,,,,,,,0.62,0.62,0.67,0.33,0.15,1.29
Ndufs8,plex_2,,,,,,,0.61,0.55,0.82,0.35,0.2,2.21
Tcap,plex_2,,,,,,,0.73,0.66,0.75,0.31,0.18,1.57
Fmod,plex_2,,,,,,,1.18,0.31,0.28,0.35,0.23,0.85
Psmc5,plex_2,,,,,,,0.73,0.54,0.61,0.31,0.12,1.39
Atp5l,plex_2,,,,,,,0.44,0.43,0.69,0.33,0.12,2.13
Atp5l,plex_2,,,,,,,0.44,0.43,0.69,0.33,0.12,2.13
Atp5l,plex_2,,,,,,,0.44,0.43,0.69,0.33,0.12,2.13
Ahsg,plex_2,,,,,,,0.64,0.51,0.59,0.2,0.23,1.2
Ahsg,plex_2,,,,,,,0.64,0.51,0.59,0.2,0.23,1.2
Ahsg,plex_2,,,,,,,0.64,0.51,0.59,0.2,0.23,1.2
Mapk12,plex_2,,,,,,,0.58,0.7,0.76,0.22,0.13,1.24
,plex_2,,,,,,,0.58,2.02,0.45,0.47,,1.87
,plex_2,,,,,,,,13.08,,,,0.71
Cmbl,plex_2,,,,,,,0.79,0.66,0.67,0.3,0.18,1.4
HC,plex_2,,,,,,,0.78,0.57,0.66,0.23,0.3,1.93
Ighg2b,plex_2,,,,,,,0.78,0.57,0.66,0.23,0.3,1.93
HC,plex_2,,,,,,,0.78,0.57,0.66,0.23,0.3,1.93
Arhgdia,plex_2,,,,,,,0.66,0.6,0.66,0.38,0.16,1.31
Serpinb6a,plex_2,,,,,,,0.78,0.76,0.67,0.31,0.2,2.56
Eif4g1,plex_2,,,,,,,0.98,0.81,0.71,0.41,0.18,1.81
Dhdh,plex_2,,,,,,,0.87,0.78,0.69,0.18,0.19,1.45
Dhdh,plex_2,,,,,,,0.87,0.78,0.69,0.18,0.19,1.45
Mybpc1,plex_2,,,,,,,0.64,0.82,1.04,0.37,0.21,2.2
Ndufa13,plex_2,,,,,,,0.67,0.73,0.71,0.31,0.2,1.83
Ca2,plex_2,,,,,,,0.37,0.51,0.51,0.21,0.32,1.76
Bcat2,plex_2,,,,,,,0.51,0.64,0.69,0.3,0.16,1.73
Phkg1,plex_2,,,,,,,0.85,0.78,0.81,0.29,0.16,1.42
Eef1d,plex_2,,,,,,,0.96,0.61,0.86,0.31,0.17,1.45
Ube2l3,plex_2,,,,,,,0.57,0.69,0.61,0.3,0.09,1.7
Hist1h2bb,plex_2,,,,,,,0.7,0.63,0.58,0.34,0.11,1.43
Psma7,plex_2,,,,,,,0.75,0.68,0.94,0.35,0.15,1.89
Atp5f1,plex_2,,,,,,,0.61,0.68,0.74,0.36,0.19,1.41
Calm1,plex_2,,,,,,,0.48,0.64,0.76,0.35,0.11,1.41
Calm1,plex_2,,,,,,,0.48,0.64,0.76,0.35,0.11,1.41
Pdia3,plex_2,,,,,,,0.74,0.6,0.75,0.47,0.17,2.55
Ank3,plex_2,,,,,,,0.72,0.74,0.78,0.57,0.18,1.27
Pgp,plex_2,,,,,,,1.12,1.04,0.87,0.27,0.27,3.77
Actc1,plex_2,,,,,,,0.7,0.84,0.57,0.26,0.15,1.26
Ddx3x,plex_2,,,,,,,0.58,0.57,0.68,0.38,0.16,1.22
Ddx3x,plex_2,,,,,,,0.58,0.57,0.68,0.38,0.16,1.22
Ddx3x,plex_2,,,,,,,0.58,0.57,0.68,0.38,0.16,1.22
Ogn,plex_2,,,,,,,1.23,0.43,0.62,0.38,0.22,1.28
Eml1,plex_2,,,,,,,0.81,0.62,1.34,0.26,0.15,1.46
Ppp1cb,plex_2,,,,,,,0.68,0.77,0.88,0.32,0.17,1.73
,plex_2,,,,,,,0.17,1.72,0.24,0.18,0.1,1.54
Sar1b,plex_2,,,,,,,0.82,0.78,0.66,0.38,0.2,1.31
Taco1,plex_2,,,,,,,0.72,0.82,0.77,0.26,0.18,2.72
Mif,plex_2,,,,,,,0.76,0.48,0.62,0.41,0.15,1.25
Ywhaz,plex_2,,,,,,,0.68,0.56,0.65,0.41,0.17,1.35
Pcmt1,plex_2,,,,,,,0.75,0.82,0.76,0.31,0.16,1.72
Pcmt1,plex_2,,,,,,,0.75,0.82,0.76,0.31,0.16,1.72
Pcmt1,plex_2,,,,,,,0.75,0.82,0.76,0.31,0.16,1.72
Pcmt1,plex_2,,,,,,,0.75,0.82,0.76,0.31,0.16,1.72
Pcmt1,plex_2,,,,,,,0.75,0.82,0.76,0.31,0.16,1.72
Uba52,plex_2,,,,,,,0.71,0.64,0.54,0.31,0.19,1.13
Afg3l2,plex_2,,,,,,,0.39,0.93,0.55,0.22,0.18,1.69
Akr1b10,plex_2,,,,,,,0.59,0.71,0.54,0.38,0.21,1.41
Akr1b10,plex_2,,,,,,,0.59,0.71,0.54,0.38,0.21,1.41
Aimp1,plex_2,,,,,,,0.47,0.77,0.72,0.4,0.18,1.61
Gmpr,plex_2,,,,,,,0.7,0.67,0.79,0.31,0.2,1.3
Wdr1,plex_2,,,,,,,0.87,0.76,0.78,0.41,0.21,2.0
Apoo,plex_2,,,,,,,0.65,0.82,0.7,0.38,0.22,1.45
Apoo,plex_2,,,,,,,0.65,0.82,0.7,0.38,0.22,1.45
Apoo,plex_2,,,,,,,0.65,0.82,0.7,0.38,0.22,1.45
Lta4h,plex_2,,,,,,,0.72,0.63,0.59,0.34,0.15,1.37
Apoa1,plex_2,,,,,,,0.57,0.52,0.59,0.28,0.32,1.09
Vapb,plex_2,,,,,,,0.47,0.8,0.77,0.42,0.13,1.57
Vapb,plex_2,,,,,,,0.47,0.8,0.77,0.42,0.13,1.57
Cfl2,plex_2,,,,,,,0.66,0.61,0.8,0.32,0.21,1.54
Ddb1,plex_2,,,,,,,0.65,0.73,0.87,0.43,0.25,2.22
Hist1h1c,plex_2,,,,,,,0.74,0.67,1.09,0.38,0.23,1.83
Psma1,plex_2,,,,,,,0.41,0.57,0.7,0.38,0.18,1.07
Psma1,plex_2,,,,,,,0.41,0.57,0.7,0.38,0.18,1.07
Capns1,plex_2,,,,,,,1.0,0.84,0.69,0.22,,1.59
Eif3a,plex_2,,,,,,,1.57,1.06,0.75,0.4,0.3,4.52
Mcpt4,plex_2,,,,,,,1.16,0.65,0.67,0.5,0.26,1.07
Ipo5,plex_2,,,,,,,0.85,0.61,0.66,0.45,0.17,1.48
Opa1,plex_2,,,,,,,0.98,0.81,0.81,0.31,0.19,3.1
Opa1,plex_2,,,,,,,0.98,0.81,0.81,0.31,0.19,3.1
Opa1,plex_2,,,,,,,0.98,0.81,0.81,0.31,0.19,3.1
Cct3,plex_2,,,,,,,0.78,0.79,0.68,0.33,0.17,2.0
Lgals1,plex_2,,,,,,,0.77,0.67,0.63,0.34,0.15,1.67
Acad12,plex_2,,,,,,,1.04,1.44,1.38,1.52,0.32,3.07
Ndufb8,plex_2,,,,,,,0.55,0.58,0.57,0.25,0.16,1.94
Ndufa4,plex_2,,,,,,,0.9,0.8,0.78,0.29,0.2,1.78
Smpx,plex_2,,,,,,,0.57,1.79,0.95,0.26,0.11,3.68
Mpst,plex_2,,,,,,,0.83,0.82,1.0,0.38,0.27,1.72
Mpst,plex_2,,,,,,,0.83,0.82,1.0,0.38,0.27,1.72
Mpst,plex_2,,,,,,,0.83,0.82,1.0,0.38,0.27,1.72
Atp5i,plex_2,,,,,,,0.64,0.79,0.79,0.38,0.12,2.54
Atp5k,plex_2,,,,,,,0.64,0.79,0.79,0.38,0.12,2.54
Oxsr1,plex_2,,,,,,,0.8,0.75,0.71,0.24,0.07,1.35
Myoz2,plex_2,,,,,,,0.3,0.51,1.61,0.45,0.43,1.36
Coq9,plex_2,,,,,,,0.46,0.63,0.78,0.27,0.15,1.12
C1qbp,plex_2,,,,,,,0.74,0.74,0.75,0.56,0.14,2.03
Ptgr2,plex_2,,,,,,,0.6,0.78,0.74,0.3,0.21,1.62
Hspe1,plex_2,,,,,,,0.48,0.57,0.86,0.31,0.15,1.65
Rplp0,plex_2,,,,,,,0.71,0.67,0.76,0.42,0.31,1.63
Rplp0,plex_2,,,,,,,0.71,0.67,0.76,0.42,0.31,1.63
Gm8730,plex_2,,,,,,,0.71,0.67,0.76,0.42,0.31,1.63
Bpgm,plex_2,,,,,,,0.67,0.65,0.73,0.29,0.25,1.57
Eci2,plex_2,,,,,,,0.61,0.56,0.83,0.32,0.24,1.7
Eci2,plex_2,,,,,,,0.61,0.56,0.83,0.32,0.24,1.7
Eci2,plex_2,,,,,,,0.61,0.56,0.83,0.32,0.24,1.7
Ndufa3,plex_2,,,,,,,0.67,0.68,0.75,0.45,0.32,1.67
Gsn,plex_2,,,,,,,0.59,0.49,0.72,0.29,0.23,1.32
Gsn,plex_2,,,,,,,0.59,0.49,0.72,0.29,0.23,1.32
Pdp1,plex_2,,,,,,,0.55,0.75,1.13,0.36,0.16,1.33
Pdp1,plex_2,,,,,,,0.55,0.75,1.13,0.36,0.16,1.33
Pdp1,plex_2,,,,,,,0.55,0.75,1.13,0.36,0.16,1.33
Pdp1,plex_2,,,,,,,0.55,0.75,1.13,0.36,0.16,1.33
Pdp1,plex_2,,,,,,,0.55,0.75,1.13,0.36,0.16,1.33
Abce1,plex_2,,,,,,,0.99,0.65,0.69,0.31,0.16,1.19
Fhl3,plex_2,,,,,,,0.63,0.75,0.81,0.52,0.22,2.28
Ecm29,plex_2,,,,,,,0.95,0.65,0.56,0.34,0.12,1.89
Ecm29,plex_2,,,,,,,0.95,0.65,0.56,0.34,0.12,1.89
Dpt,plex_2,,,,,,,0.98,0.55,0.5,0.39,0.15,1.21
Mtch2,plex_2,,,,,,,0.95,0.77,1.08,0.28,0.33,2.17
Mtch2,plex_2,,,,,,,0.95,0.77,1.08,0.28,0.33,2.17
Myl12b,plex_2,,,,,,,1.05,0.47,1.32,0.43,0.15,1.74
Myl12a,plex_2,,,,,,,1.05,0.47,1.32,0.43,0.15,1.74
Cox6b1,plex_2,,,,,,,0.44,0.71,0.92,0.25,0.22,1.11
Banf1,plex_2,,,,,,,0.94,0.77,1.07,0.32,0.24,2.05
Tuba1a,plex_2,,,,,,,0.76,0.65,0.6,0.44,0.19,2.19
Tigar,plex_2,,,,,,,0.6,0.71,0.91,0.3,0.21,1.0
Hpx,plex_2,,,,,,,0.61,0.39,0.56,0.25,0.18,1.22
Carnmt1,plex_2,,,,,,,0.77,0.81,0.84,0.37,0.13,1.44
Rpl6,plex_2,,,,,,,0.77,0.58,0.72,0.4,0.13,2.02
Oat,plex_2,,,,,,,0.61,0.67,0.77,0.38,0.23,1.43
Apool,plex_2,,,,,,,0.75,0.51,1.16,0.45,0.15,1.53
Cox5b,plex_2,,,,,,,0.47,0.52,0.95,0.32,0.17,1.78
Cox5b,plex_2,,,,,,,0.47,0.52,0.95,0.32,0.17,1.78
Ndufb11,plex_2,,,,,,,0.49,0.56,0.82,0.29,0.16,1.92
Ndufb11,plex_2,,,,,,,0.49,0.56,0.82,0.29,0.16,1.92
Ehd4,plex_2,,,,,,,0.79,0.64,1.06,0.41,0.31,1.64
Uqcrh,plex_2,,,,,,,0.53,0.69,0.8,0.38,0.26,1.51
Hsd17b8,plex_2,,,,,,,0.72,0.68,0.59,0.26,0.27,1.39
Hsd17b8,plex_2,,,,,,,0.72,0.68,0.59,0.26,0.27,1.39
Sod1,plex_2,,,,,,,0.57,0.63,1.08,0.27,0.16,1.48
Fga,plex_2,,,,,,,0.6,0.66,0.72,0.26,0.29,1.24
Psmc3,plex_2,,,,,,,0.69,0.55,0.78,0.31,0.2,1.59
Psmc3,plex_2,,,,,,,0.69,0.55,0.78,0.31,0.2,1.59
Psmc3,plex_2,,,,,,,0.69,0.55,0.78,0.31,0.2,1.59
Calr,plex_2,,,,,,,0.63,0.59,0.63,0.32,0.22,1.6
Prune,plex_2,,,,,,,0.72,0.86,1.02,0.17,0.17,1.37
Cap2,plex_2,,,,,,,1.09,0.87,0.93,0.31,0.28,2.25
Coq6,plex_2,,,,,,,0.84,0.72,0.76,0.38,0.26,2.42
Ttr,plex_2,,,,,,,0.43,0.47,0.63,0.24,0.17,1.15
Glrx3,plex_2,,,,,,,0.57,0.6,0.58,0.37,0.17,1.45
Trap1,plex_2,,,,,,,0.41,0.45,0.74,0.16,0.17,1.29
Rplp2,plex_2,,,,,,,0.71,0.74,0.82,0.38,0.13,1.63
Rars,plex_2,,,,,,,0.7,0.52,0.63,0.41,0.27,0.99
Ndufa6,plex_2,,,,,,,0.4,0.58,0.74,0.31,0.17,1.49
Ndufs6,plex_2,,,,,,,0.49,0.53,0.63,0.27,0.14,1.24
Lap3,plex_2,,,,,,,0.55,0.61,0.71,0.28,0.23,1.81
Lap3,plex_2,,,,,,,0.55,0.61,0.71,0.28,0.23,1.81
Psma4,plex_2,,,,,,,0.87,0.6,0.67,0.42,0.42,1.37
Psma4,plex_2,,,,,,,0.87,0.6,0.67,0.42,0.42,1.37
Ptges2,plex_2,,,,,,,0.58,0.76,0.53,0.39,,1.73
Cenpv,plex_2,,,,,,,0.21,0.64,0.63,0.41,0.17,1.37
Ybx3,plex_2,,,,,,,0.47,0.59,0.85,0.37,0.25,1.75
Ybx3,plex_2,,,,,,,0.47,0.59,0.85,0.37,0.25,1.75
Ybx3,plex_2,,,,,,,0.47,0.59,0.85,0.37,0.25,1.75
Ndufb10,plex_2,,,,,,,0.59,0.71,0.83,0.37,0.18,1.73
Uqcrb,plex_2,,,,,,,0.51,0.6,0.91,0.31,0.19,1.67
Uqcrb,plex_2,,,,,,,0.51,0.6,0.91,0.31,0.19,1.67
Hnrnpm,plex_2,,,,,,,1.09,0.64,0.8,0.4,0.2,1.95
Gnas,plex_2,,,,,,,1.33,0.69,0.66,0.27,0.15,5.01
Rab7a,plex_2,,,,,,,0.98,1.17,0.67,0.3,0.23,1.89
Adk,plex_2,,,,,,,0.56,0.58,0.8,0.31,0.19,1.47
Adk,plex_2,,,,,,,0.56,0.58,0.8,0.31,0.19,1.47
Eif4h,plex_2,,,,,,,0.43,0.51,0.5,0.36,0.23,0.98
Ndufa8,plex_2,,,,,,,0.52,0.6,0.81,0.32,0.14,1.19
Mcts1,plex_2,,,,,,,0.61,0.5,0.65,0.29,,1.38
Mcts1,plex_2,,,,,,,0.61,0.5,0.65,0.29,,1.38
Klhl31,plex_2,,,,,,,0.86,0.82,1.05,0.37,,1.67
Ide,plex_2,,,,,,,1.01,0.63,0.69,0.32,0.16,4.55
Nampt,plex_2,,,,,,,0.82,0.62,0.73,0.34,0.2,1.66
Apoa4,plex_2,,,,,,,0.96,0.46,0.83,0.31,0.27,1.51
Apoa4,plex_2,,,,,,,0.96,0.46,0.83,0.31,0.27,1.51
Myl4,plex_2,,,,,,,0.83,0.63,0.85,0.33,0.23,1.65
Gpd1l,plex_2,,,,,,,0.72,0.62,0.82,0.24,0.04,1.62
Gpd1l,plex_2,,,,,,,0.72,0.62,0.82,0.24,0.04,1.62
Acot13,plex_2,,,,,,,0.6,0.66,1.28,0.33,0.21,1.52
Ighm,plex_2,,,,,,,0.7,0.22,0.56,0.09,0.37,1.91
Ighm,plex_2,,,,,,,0.7,0.22,0.56,0.09,0.37,1.91
Mug1,plex_2,,,,,,,0.38,0.53,0.67,0.3,0.24,0.6
Gpt,plex_2,,,,,,,0.5,0.66,0.63,0.28,0.16,1.46
Anxa11,plex_2,,,,,,,0.71,0.83,0.81,0.29,0.29,1.46
Ppp3ca,plex_2,,,,,,,0.65,0.74,0.47,0.39,0.24,1.39
Ppp3ca,plex_2,,,,,,,0.65,0.74,0.47,0.39,0.24,1.39
Ak3,plex_2,,,,,,,0.72,0.6,0.83,0.31,0.19,1.76
Ak3,plex_2,,,,,,,0.72,0.6,0.83,0.31,0.19,1.76
,plex_2,,,,,,,0.75,0.66,0.8,0.3,0.24,1.39
,plex_2,,,,,,,0.75,0.66,0.8,0.3,0.24,1.39
Akr7a2,plex_2,,,,,,,0.58,1.05,0.67,0.44,0.09,1.32
Aco1,plex_2,,,,,,,0.63,0.68,0.83,0.43,0.27,0.8
Ndufab1,plex_2,,,,,,,0.59,0.59,0.91,0.35,0.19,1.7
Ndufab1,plex_2,,,,,,,0.59,0.59,0.91,0.35,0.19,1.7
Ndufab1,plex_2,,,,,,,0.59,0.59,0.91,0.35,0.19,1.7
Ndufab1,plex_2,,,,,,,0.59,0.59,0.91,0.35,0.19,1.7
Wars,plex_2,,,,,,,0.63,0.58,0.86,0.33,0.16,1.34
Wars,plex_2,,,,,,,0.63,0.58,0.86,0.33,0.16,1.34
Wars,plex_2,,,,,,,0.63,0.58,0.86,0.33,0.16,1.34
Wars,plex_2,,,,,,,0.63,0.58,0.86,0.33,0.16,1.34
Cct4,plex_2,,,,,,,0.85,0.69,0.62,0.35,0.09,1.57
Cct4,plex_2,,,,,,,0.85,0.69,0.62,0.35,0.09,1.57
Rab10,plex_2,,,,,,,0.68,0.53,0.58,0.31,0.2,1.46
Vwa8,plex_2,,,,,,,0.77,0.75,0.88,0.34,0.18,1.32
Psap,plex_2,,,,,,,0.95,0.62,0.84,0.4,0.12,1.29
Psap,plex_2,,,,,,,0.95,0.62,0.84,0.4,0.12,1.29
Psap,plex_2,,,,,,,0.95,0.62,0.84,0.4,0.12,1.29
Psap,plex_2,,,,,,,0.95,0.62,0.84,0.4,0.12,1.29
Psap,plex_2,,,,,,,0.95,0.62,0.84,0.4,0.12,1.29
Psap,plex_2,,,,,,,0.95,0.62,0.84,0.4,0.12,1.29
Psap,plex_2,,,,,,,0.95,0.62,0.84,0.4,0.12,1.29
Psap,plex_2,,,,,,,0.95,0.62,0.84,0.4,0.12,1.29
Psap,plex_2,,,,,,,0.95,0.62,0.84,0.4,0.12,1.29
Psap,plex_2,,,,,,,0.95,0.62,0.84,0.4,0.12,1.29
Psap,plex_2,,,,,,,0.95,0.62,0.84,0.4,0.12,1.29
Psap,plex_2,,,,,,,0.95,0.62,0.84,0.4,0.12,1.29
Psap,plex_2,,,,,,,0.95,0.62,0.84,0.4,0.12,1.29
Psap,plex_2,,,,,,,0.95,0.62,0.84,0.4,0.12,1.29
Psap,plex_2,,,,,,,0.95,0.62,0.84,0.4,0.12,1.29
Psap,plex_2,,,,,,,0.95,0.62,0.84,0.4,0.12,1.29
Psap,plex_2,,,,,,,0.95,0.62,0.84,0.4,0.12,1.29
Psap,plex_2,,,,,,,0.95,0.62,0.84,0.4,0.12,1.29
Psap,plex_2,,,,,,,0.95,0.62,0.84,0.4,0.12,1.29
Canx,plex_2,,,,,,,0.54,0.93,0.73,0.48,0.35,1.65
Kpnb1,plex_2,,,,,,,0.85,0.94,0.62,0.34,0.21,2.0
Kpnb1,plex_2,,,,,,,0.85,0.94,0.62,0.34,0.21,2.0
Kpnb1,plex_2,,,,,,,0.85,0.94,0.62,0.34,0.21,2.0
Ndufs7,plex_2,,,,,,,0.58,0.56,0.61,0.33,0.16,1.51
Abhd11,plex_2,,,,,,,0.82,0.61,0.8,0.25,0.3,1.45
Cryz,plex_2,,,,,,,0.59,0.59,0.59,0.31,0.12,1.44
Fitm1,plex_2,,,,,,,0.8,0.89,0.57,0.35,0.17,1.8
Mecr,plex_2,,,,,,,0.85,0.61,1.12,0.33,,1.33
Tns1,plex_2,,,,,,,0.85,0.78,0.84,0.42,0.22,1.73
Tns1,plex_2,,,,,,,0.85,0.78,0.84,0.42,0.22,1.73
Tns1,plex_2,,,,,,,0.85,0.78,0.84,0.42,0.22,1.73
Tns1,plex_2,,,,,,,0.85,0.78,0.84,0.42,0.22,1.73
Tns1,plex_2,,,,,,,0.85,0.78,0.84,0.42,0.22,1.73
Hint1,plex_2,,,,,,,0.73,0.65,0.67,0.33,0.18,1.78
Ca1,plex_2,,,,,,,0.54,0.47,0.41,0.18,0.25,1.37
Rpl12,plex_2,,,,,,,0.55,0.57,0.65,0.32,0.2,1.48
Rpl12,plex_2,,,,,,,0.55,0.57,0.65,0.32,0.2,1.48
Ndufa5,plex_2,,,,,,,0.55,0.63,0.69,0.35,0.21,1.38
Atp5j2,plex_2,,,,,,,0.59,0.56,1.01,0.29,0.14,1.58
Gstk1,plex_2,,,,,,,0.57,0.53,0.77,0.28,0.16,1.58
Acadsb,plex_2,,,,,,,0.64,0.56,0.6,0.43,0.21,3.5
Pmpca,plex_2,,,,,,,0.68,0.63,0.53,0.3,0.17,1.37
Rad23b,plex_2,,,,,,,0.57,0.56,0.89,0.25,0.2,1.61
Cobl,plex_2,,,,,,,0.53,0.64,0.82,0.38,0.13,2.35
Cobl,plex_2,,,,,,,0.53,0.64,0.82,0.38,0.13,2.35
Smtnl2,plex_2,,,,,,,0.55,0.59,0.58,0.29,0.11,1.07
Mavs,plex_2,,,,,,,0.85,0.65,2.01,0.07,0.31,1.41
Ddt,plex_2,,,,,,,0.51,0.49,0.77,0.29,0.17,1.54
Tagln2,plex_2,,,,,,,0.66,0.72,1.08,0.47,0.23,1.74
Klhl40,plex_2,,,,,,,0.64,0.89,0.99,0.29,0.3,1.93
Pura,plex_2,,,,,,,1.7,0.6,0.58,0.26,0.16,2.22
Pura,plex_2,,,,,,,1.7,0.6,0.58,0.26,0.16,2.22
Hsp90b1,plex_2,,,,,,,0.62,0.89,1.18,0.35,0.23,2.94
Emc1,plex_2,,,,,,,0.79,0.74,0.77,0.44,0.22,2.29
Rplp1,plex_2,,,,,,,0.71,0.63,0.51,0.45,0.25,1.83
Cdv3,plex_2,,,,,,,0.38,0.73,1.11,0.42,0.15,1.13
Cdv3,plex_2,,,,,,,0.38,0.73,1.11,0.42,0.15,1.13
Cdv3,plex_2,,,,,,,0.38,0.73,1.11,0.42,0.15,1.13
Ndufc2,plex_2,,,,,,,0.59,0.52,0.72,0.32,0.22,1.59
Casq2,plex_2,,,,,,,0.62,0.65,0.85,0.34,0.19,1.65
Cct2,plex_2,,,,,,,0.97,0.71,0.7,0.35,0.18,1.63
Murc,plex_2,,,,,,,0.83,0.67,0.77,0.34,0.21,1.69
Tgm2,plex_2,,,,,,,0.91,0.66,0.77,0.29,0.28,1.56
Aprt,plex_2,,,,,,,,,,,,
Psma5,plex_2,,,,,,,0.63,0.65,0.66,0.29,0.23,1.24
Psma5,plex_2,,,,,,,0.63,0.65,0.66,0.29,0.23,1.24
Psma5,plex_2,,,,,,,0.63,0.65,0.66,0.29,0.23,1.24
Eif2s2,plex_2,,,,,,,0.76,0.66,0.52,0.49,0.21,1.71
Prkaa2,plex_2,,,,,,,0.95,0.79,0.65,0.35,0.23,1.8
Ndufa2,plex_2,,,,,,,0.5,0.65,0.79,0.36,0.15,1.47
Ndufb5,plex_2,,,,,,,0.59,0.7,0.72,0.35,0.16,1.37
Ndufb5,plex_2,,,,,,,0.59,0.7,0.72,0.35,0.16,1.37
Myh3,plex_2,,,,,,,0.78,0.66,0.5,0.3,0.15,0.9
Tmem38a,plex_2,,,,,,,1.26,0.83,0.59,0.4,0.15,2.44
Arf3,plex_2,,,,,,,0.76,0.72,0.67,0.43,0.27,0.9
Acad8,plex_2,,,,,,,0.85,0.79,0.7,0.31,,1.44
Blmh,plex_2,,,,,,,0.63,0.61,0.68,0.4,0.21,1.11
Psmb1,plex_2,,,,,,,0.72,0.6,0.54,0.19,,1.34
Mpc1,plex_2,,,,,,,0.74,0.45,0.64,0.27,0.33,1.09
Mpc1,plex_2,,,,,,,0.74,0.45,0.64,0.27,0.33,1.09
Rab11b,plex_2,,,,,,,0.8,0.6,0.69,0.29,0.16,1.54
Rab11b,plex_2,,,,,,,0.8,0.6,0.69,0.29,0.16,1.54
Cbr1,plex_2,,,,,,,0.66,0.65,0.68,0.37,0.11,1.29
Impa1,plex_2,,,,,,,1.28,0.84,0.86,0.34,0.12,2.13
Impa1,plex_2,,,,,,,1.28,0.84,0.86,0.34,0.12,2.13
Impa1,plex_2,,,,,,,1.28,0.84,0.86,0.34,0.12,2.13
Nars,plex_2,,,,,,,0.8,0.82,0.62,0.3,0.12,1.77
Tecr,plex_2,,,,,,,1.0,0.71,0.56,0.36,0.14,1.43
Rab5b,plex_2,,,,,,,0.56,0.73,0.65,0.39,0.3,1.34
Rab5b,plex_2,,,,,,,0.56,0.73,0.65,0.39,0.3,1.34
Stim1,plex_2,,,,,,,0.89,0.63,0.66,0.37,0.22,1.73
Mtdh,plex_2,,,,,,,0.85,1.14,0.77,0.36,0.22,1.36
Scp2,plex_2,,,,,,,0.72,0.56,0.78,0.33,0.16,1.37
Rps2,plex_2,,,,,,,0.88,0.55,0.54,0.33,0.21,1.63
Rps2,plex_2,,,,,,,0.88,0.55,0.54,0.33,0.21,1.63
Gm5786,plex_2,,,,,,,0.88,0.55,0.54,0.33,0.21,1.63
Rps2,plex_2,,,,,,,0.88,0.55,0.54,0.33,0.21,1.63
Uchl3,plex_2,,,,,,,0.95,0.68,0.84,0.23,,1.39
Fis1,plex_2,,,,,,,0.64,0.72,0.64,0.32,0.18,2.15
Rps5,plex_2,,,,,,,0.42,0.58,0.84,0.27,0.26,1.25
Rps5,plex_2,,,,,,,0.42,0.58,0.84,0.27,0.26,1.25
Ndufb6,plex_2,,,,,,,0.66,0.72,0.69,0.35,0.23,1.69
Ndufb4,plex_2,,,,,,,0.58,0.58,0.82,0.34,0.16,1.53
Hist1h3e,plex_2,,,,,,,0.57,0.57,0.67,0.41,0.19,1.38
Hist1h3b,plex_2,,,,,,,0.57,0.57,0.67,0.41,0.19,1.38
Hist1h3a,plex_2,,,,,,,0.57,0.57,0.67,0.41,0.19,1.38
Sccpdh,plex_2,,,,,,,0.64,0.68,0.85,0.32,0.19,1.5
Lmnb1,plex_2,,,,,,,0.68,0.72,0.55,0.3,0.17,1.41
Lmnb1,plex_2,,,,,,,0.68,0.72,0.55,0.3,0.17,1.41
Rpl7,plex_2,,,,,,,0.6,0.7,0.71,0.36,0.18,1.53
Gsto1,plex_2,,,,,,,0.94,0.74,0.67,0.16,0.14,2.11
Cct8,plex_2,,,,,,,0.69,0.6,0.74,0.28,0.15,1.48
Myl6,plex_2,,,,,,,1.05,0.71,0.75,0.27,0.15,2.66
Myl6,plex_2,,,,,,,1.05,0.71,0.75,0.27,0.15,2.66
Ppa1,plex_2,,,,,,,1.03,1.24,0.86,0.33,,2.48
Cct5,plex_2,,,,,,,0.96,0.75,1.1,0.4,0.22,2.19
Gphn,plex_2,,,,,,,0.62,0.64,0.75,0.3,0.17,1.36
Gphn,plex_2,,,,,,,0.62,0.64,0.75,0.3,0.17,1.36
Mrps36,plex_2,,,,,,,0.5,0.65,0.89,0.29,0.16,1.25
Actn1,plex_2,,,,,,,0.66,0.6,0.96,0.28,0.18,1.71
Rpl18,plex_2,,,,,,,0.63,0.64,0.74,0.33,0.18,1.49
Rpl18,plex_2,,,,,,,0.63,0.64,0.74,0.33,0.18,1.49
Acyp1,plex_2,,,,,,,0.81,0.69,0.92,0.32,0.19,1.32
Acyp1,plex_2,,,,,,,0.81,0.69,0.92,0.32,0.19,1.32
Acyp1,plex_2,,,,,,,0.81,0.69,0.92,0.32,0.19,1.32
Gpx3,plex_2,,,,,,,0.91,0.65,0.63,0.37,0.25,1.28
Ttn,plex_2,,,,,,,0.77,0.64,0.95,0.37,0.23,1.63
Rpl13,plex_2,,,,,,,0.82,0.64,0.97,0.47,0.18,1.41
Atp5j,plex_2,,,,,,,0.5,0.51,0.86,0.32,0.14,2.05
Cdh13,plex_2,,,,,,,0.7,0.74,0.62,0.25,0.16,1.29
Phpt1,plex_2,,,,,,,0.69,0.81,0.87,0.28,0.19,1.54
Ndufs5,plex_2,,,,,,,0.52,0.5,1.05,0.31,0.18,1.07
Pfn2,plex_2,,,,,,,0.83,0.76,0.94,0.24,0.19,1.39
Pfn2,plex_2,,,,,,,0.83,0.76,0.94,0.24,0.19,1.39
L2hgdh,plex_2,,,,,,,0.63,0.7,0.96,0.39,,2.03
Nefl,plex_2,,,,,,,0.21,0.36,0.91,0.31,0.24,1.95
Nefl,plex_2,,,,,,,0.21,0.36,0.91,0.31,0.24,1.95
Cisd1,plex_2,,,,,,,0.56,0.59,0.8,0.27,0.16,1.74
Map2k3,plex_2,,,,,,,0.64,0.85,0.94,0.23,0.16,2.15
Map2k3,plex_2,,,,,,,0.64,0.85,0.94,0.23,0.16,2.15
Map2k3,plex_2,,,,,,,0.64,0.85,0.94,0.23,0.16,2.15
Tmed2,plex_2,,,,,,,1.27,0.49,0.73,0.35,0.16,7.5
Ppp2ca,plex_2,,,,,,,0.78,0.51,0.99,0.25,0.25,1.7
Fech,plex_2,,,,,,,0.84,0.72,0.74,0.23,0.12,1.47
Cfl1,plex_2,,,,,,,0.57,0.56,0.74,0.38,0.14,1.16
Sgca,plex_2,,,,,,,0.7,0.77,0.8,0.31,0.15,2.4
Nol3,plex_2,,,,,,,0.95,0.8,0.95,0.36,0.13,2.63
Nol3,plex_2,,,,,,,0.95,0.8,0.95,0.36,0.13,2.63
Nol3,plex_2,,,,,,,0.95,0.8,0.95,0.36,0.13,2.63
Psmd13,plex_2,,,,,,,1.29,0.92,0.95,0.55,,2.29
Cand1,plex_2,,,,,,,0.72,0.73,1.03,0.34,0.25,1.01
Gsr,plex_2,,,,,,,1.03,0.89,1.02,0.3,0.38,2.43
Gsr,plex_2,,,,,,,1.03,0.89,1.02,0.3,0.38,2.43
Gsr,plex_2,,,,,,,1.03,0.89,1.02,0.3,0.38,2.43
Gsr,plex_2,,,,,,,1.03,0.89,1.02,0.3,0.38,2.43
Gsr,plex_2,,,,,,,1.03,0.89,1.02,0.3,0.38,2.43
Gsr,plex_2,,,,,,,1.03,0.89,1.02,0.3,0.38,2.43
Tpt1,plex_2,,,,,,,0.55,0.64,0.7,0.3,0.14,1.67
Ech1,plex_2,,,,,,,0.7,0.56,1.01,0.4,0.24,1.81
Hsd17b4,plex_2,,,,,,,0.42,0.51,0.98,0.29,0.21,1.65
Hsd17b4,plex_2,,,,,,,0.42,0.51,0.98,0.29,0.21,1.65
Hsd17b4,plex_2,,,,,,,0.42,0.51,0.98,0.29,0.21,1.65
Myo18a,plex_2,,,,,,,0.66,0.6,0.99,0.31,0.16,1.45
Psmc1,plex_2,,,,,,,0.53,0.68,0.64,0.39,0.23,1.45
Dag1,plex_2,,,,,,,0.74,0.75,0.64,0.26,0.24,2.06
Atp1a1,plex_2,,,,,,,0.6,0.97,0.61,0.46,,1.39
Psmd7,plex_2,,,,,,,0.63,0.81,0.78,0.33,0.18,1.66
Mapt,plex_2,,,,,,,1.26,0.89,0.89,0.28,0.14,1.79
Nit2,plex_2,,,,,,,0.6,0.83,0.67,0.31,0.16,1.38
C3,plex_2,,,,,,,0.73,1.24,1.38,0.3,0.32,2.1
Metap2,plex_2,,,,,,,0.82,0.6,0.68,0.32,0.25,1.42
Metap2,plex_2,,,,,,,0.82,0.6,0.68,0.32,0.25,1.42
Metap2,plex_2,,,,,,,0.82,0.6,0.68,0.32,0.25,1.42
Ube2d3,plex_2,,,,,,,0.56,0.63,0.65,0.3,0.18,1.56
Ube2d3,plex_2,,,,,,,0.56,0.63,0.65,0.3,0.18,1.56
Ube2d3,plex_2,,,,,,,0.56,0.63,0.65,0.3,0.18,1.56
Ube2d3,plex_2,,,,,,,0.56,0.63,0.65,0.3,0.18,1.56
Ube2d3,plex_2,,,,,,,0.56,0.63,0.65,0.3,0.18,1.56
Ube2d3,plex_2,,,,,,,0.56,0.63,0.65,0.3,0.18,1.56
Psmd4,plex_2,,,,,,,0.5,0.46,0.5,0.24,0.16,0.92
Rps3a1,plex_2,,,,,,,0.6,0.57,0.83,0.26,0.16,1.51
Rps3a1,plex_2,,,,,,,0.6,0.57,0.83,0.26,0.16,1.51
Rps3a,plex_2,,,,,,,0.6,0.57,0.83,0.26,0.16,1.51
Rps13,plex_2,,,,,,,1.07,0.61,0.73,0.38,0.22,1.68
Rps13,plex_2,,,,,,,1.07,0.61,0.73,0.38,0.22,1.68
Tagln,plex_2,,,,,,,0.81,0.44,0.99,0.32,0.16,2.0
Ube2k,plex_2,,,,,,,0.83,0.81,0.81,0.3,,1.89
Fkbp1a,plex_2,,,,,,,0.88,0.78,0.98,0.36,0.29,1.65
Fkbp1a,plex_2,,,,,,,0.88,0.78,0.98,0.36,0.29,1.65
Fahd2a,plex_2,,,,,,,0.55,0.66,0.84,0.41,0.12,1.06
Fahd2,plex_2,,,,,,,0.55,0.66,0.84,0.41,0.12,1.06
Rps3,plex_2,,,,,,,0.71,0.52,0.72,0.36,0.16,1.34
Rps3,plex_2,,,,,,,0.71,0.52,0.72,0.36,0.16,1.34
Rps3,plex_2,,,,,,,0.71,0.52,0.72,0.36,0.16,1.34
Camk2b,plex_2,,,,,,,0.82,0.94,1.12,0.24,,1.55
Gmfb,plex_2,,,,,,,0.67,0.67,0.59,0.26,,1.37
Gmfb,plex_2,,,,,,,0.67,0.67,0.59,0.26,,1.37
Gmfb,plex_2,,,,,,,0.67,0.67,0.59,0.26,,1.37
Ak2,plex_2,,,,,,,0.62,0.63,0.73,0.38,0.16,2.22
Ak2,plex_2,,,,,,,0.62,0.63,0.73,0.38,0.16,2.22
,plex_2,,,,,,,0.67,0.74,0.75,0.39,0.19,1.53
Ahcy,plex_2,,,,,,,0.67,0.74,0.75,0.39,0.19,1.53
Mtap,plex_2,,,,,,,0.72,0.93,1.25,0.5,0.18,2.57
Prkacb,plex_2,,,,,,,0.61,0.65,0.61,0.32,0.19,0.93
Rps6,plex_2,,,,,,,0.75,0.5,1.0,0.35,0.2,1.94
Pdia6,plex_2,,,,,,,0.97,0.67,0.79,0.44,0.31,1.47
Pdia6,plex_2,,,,,,,0.97,0.67,0.79,0.44,0.31,1.47
Pdia6,plex_2,,,,,,,0.97,0.67,0.79,0.44,0.31,1.47
Pdia6,plex_2,,,,,,,0.97,0.67,0.79,0.44,0.31,1.47
Sdr39u1,plex_2,,,,,,,0.57,0.6,0.57,0.31,0.18,1.36
Sdr39u1,plex_2,,,,,,,0.57,0.6,0.57,0.31,0.18,1.36
Fsd2,plex_2,,,,,,,0.5,0.75,0.68,0.15,1.12,1.43
Fsd2,plex_2,,,,,,,0.5,0.75,0.68,0.15,1.12,1.43
Taldo1,plex_2,,,,,,,0.88,0.68,0.61,0.28,0.18,1.77
Ddx1,plex_2,,,,,,,1.29,1.61,0.84,0.37,0.17,2.74
Eef1b,plex_2,,,,,,,0.61,0.76,0.84,0.24,0.18,1.21
Cpa3,plex_2,,,,,,,1.15,0.7,0.52,0.26,0.17,1.33
Gstm5,plex_2,,,,,,,0.87,0.65,0.65,0.39,0.25,1.6
Prps1,plex_2,,,,,,,0.73,0.89,0.65,0.25,0.22,1.55
Prps1,plex_2,,,,,,,0.73,0.89,0.65,0.25,0.22,1.55
Prps1l3,plex_2,,,,,,,0.73,0.89,0.65,0.25,0.22,1.55
Prps1,plex_2,,,,,,,0.73,0.89,0.65,0.25,0.22,1.55
Cul5,plex_2,,,,,,,1.02,0.85,0.78,0.3,0.23,1.98
Rps10,plex_2,,,,,,,0.52,0.63,0.66,0.26,0.15,2.22
Bckdha,plex_2,,,,,,,0.69,0.73,0.62,0.44,0.27,2.0
Bckdha,plex_2,,,,,,,0.69,0.73,0.62,0.44,0.27,2.0
Tardbp,plex_2,,,,,,,1.85,1.11,0.78,0.26,0.18,3.05
Atad1,plex_2,,,,,,,0.67,0.9,1.36,0.29,0.14,1.22
Rpn1,plex_2,,,,,,,0.95,0.6,0.52,0.34,0.16,2.25
Eif3j2,plex_2,,,,,,,0.92,0.73,1.23,0.36,0.13,1.88
Eif3j1,plex_2,,,,,,,0.92,0.73,1.23,0.36,0.13,1.88
Mtnd5,plex_2,,,,,,,0.63,0.74,0.67,0.51,0.12,1.28
Vps35,plex_2,,,,,,,0.92,0.74,0.92,0.47,0.77,1.1
Vps35,plex_2,,,,,,,0.92,0.74,0.92,0.47,0.77,1.1
Tpm3,plex_2,,,,,,,0.72,0.79,0.7,0.25,0.17,0.79
Ucp3,plex_2,,,,,,,0.98,1.03,0.63,0.34,0.2,1.35
Mvp,plex_2,,,,,,,0.86,0.85,0.51,0.22,,2.85
Mut,plex_2,,,,,,,0.45,0.54,0.73,0.33,0.18,1.72
Maob,plex_2,,,,,,,0.78,0.69,0.71,0.27,0.17,1.61
Pa2g4,plex_2,,,,,,,0.75,0.91,1.12,0.44,0.25,2.53
Pa2g4,plex_2,,,,,,,0.75,0.91,1.12,0.44,0.25,2.53
Pa2g4,plex_2,,,,,,,0.75,0.91,1.12,0.44,0.25,2.53
Pa2g4,plex_2,,,,,,,0.75,0.91,1.12,0.44,0.25,2.53
Ppm1a,plex_2,,,,,,,1.0,0.82,0.67,0.46,0.16,1.97
Ppm1a,plex_2,,,,,,,1.0,0.82,0.67,0.46,0.16,1.97
Ppm1a,plex_2,,,,,,,1.0,0.82,0.67,0.46,0.16,1.97
Ppm1a,plex_2,,,,,,,1.0,0.82,0.67,0.46,0.16,1.97
Fkbp3,plex_2,,,,,,,0.46,0.66,0.8,0.31,0.11,1.29
Carkd,plex_2,,,,,,,0.4,0.53,0.6,0.4,0.22,1.21
Carkd,plex_2,,,,,,,0.4,0.53,0.6,0.4,0.22,1.21
Carkd,plex_2,,,,,,,0.4,0.53,0.6,0.4,0.22,1.21
Carkd,plex_2,,,,,,,0.4,0.53,0.6,0.4,0.22,1.21
Carkd,plex_2,,,,,,,0.4,0.53,0.6,0.4,0.22,1.21
Fhod1,plex_2,,,,,,,1.87,1.45,0.54,0.23,0.21,9.34
Txlnb,plex_2,,,,,,,0.79,0.8,0.64,0.31,0.11,1.59
Dhrs4,plex_2,,,,,,,0.55,0.75,0.68,0.27,0.23,1.76
Dhrs4,plex_2,,,,,,,0.55,0.75,0.68,0.27,0.23,1.76
Timm44,plex_2,,,,,,,0.94,0.9,0.35,0.44,,1.74
Timm44,plex_2,,,,,,,0.94,0.9,0.35,0.44,,1.74
Psmd11,plex_2,,,,,,,0.83,0.85,0.42,0.35,0.16,1.58
Psmd11,plex_2,,,,,,,0.83,0.85,0.42,0.35,0.16,1.58
Psmd11,plex_2,,,,,,,0.83,0.85,0.42,0.35,0.16,1.58
Psmd11,plex_2,,,,,,,0.83,0.85,0.42,0.35,0.16,1.58
Psmd11,plex_2,,,,,,,0.83,0.85,0.42,0.35,0.16,1.58
Psmd11,plex_2,,,,,,,0.83,0.85,0.42,0.35,0.16,1.58
Psmd11,plex_2,,,,,,,0.83,0.85,0.42,0.35,0.16,1.58
Psmd11,plex_2,,,,,,,0.83,0.85,0.42,0.35,0.16,1.58
Coq7,plex_2,,,,,,,0.47,0.61,0.83,0.38,0.22,1.06
Minos1,plex_2,,,,,,,0.5,0.74,0.69,0.37,0.26,1.06
Mpc2,plex_2,,,,,,,0.65,0.61,0.8,0.34,0.2,1.36
Pdk2,plex_2,,,,,,,0.61,0.7,0.83,0.3,0.14,1.24
Chchd3,plex_2,,,,,,,0.46,0.73,0.8,0.3,0.16,1.4
Coq10a,plex_2,,,,,,,1.41,0.91,0.67,0.45,0.17,3.28
Cox6c,plex_2,,,,,,,0.47,0.64,0.79,0.37,0.19,1.28
Plin3,plex_2,,,,,,,1.12,0.53,0.48,0.38,0.17,1.17
Tceb2,plex_2,,,,,,,0.65,0.8,0.73,0.38,0.16,1.66
Hist2h2aa1,plex_2,,,,,,,0.91,0.45,0.59,0.66,0.25,7.74
Hist2h2ac,plex_2,,,,,,,0.91,0.45,0.59,0.66,0.25,7.74
Igk,plex_2,,,,,,,0.89,,1.81,,,
Cmpk1,plex_2,,,,,,,0.75,0.79,0.89,0.29,0.14,1.51
Cmpk1,plex_2,,,,,,,0.75,0.79,0.89,0.29,0.14,1.51
Tapt1,plex_2,,,,,,,0.6,0.57,0.58,0.28,0.11,1.43
Hspb2,plex_2,,,,,,,1.0,0.77,0.78,0.2,0.17,2.74
Cops2,plex_2,,,,,,,0.61,0.68,0.9,0.22,0.19,1.4
Cops2,plex_2,,,,,,,0.61,0.68,0.9,0.22,0.19,1.4
Cops2,plex_2,,,,,,,0.61,0.68,0.9,0.22,0.19,1.4
Tuba8,plex_2,,,,,,,0.54,0.84,1.07,0.41,0.09,1.99
Ufd1l,plex_2,,,,,,,0.75,0.62,0.76,0.34,0.18,1.42
Ufd1l,plex_2,,,,,,,0.75,0.62,0.76,0.34,0.18,1.42
Ufd1l,plex_2,,,,,,,0.75,0.62,0.76,0.34,0.18,1.42
Aamdc,plex_2,,,,,,,0.6,0.65,0.64,0.32,0.16,1.48
Aamdc,plex_2,,,,,,,0.6,0.65,0.64,0.32,0.16,1.48
Aamdc,plex_2,,,,,,,0.6,0.65,0.64,0.32,0.16,1.48
Aamdc,plex_2,,,,,,,0.6,0.65,0.64,0.32,0.16,1.48
Ppp1r7,plex_2,,,,,,,0.71,0.61,0.79,0.33,0.08,1.28
Hsph1,plex_2,,,,,,,0.76,0.55,0.57,0.34,0.18,1.25
Hsph1,plex_2,,,,,,,0.76,0.55,0.57,0.34,0.18,1.25
Rac1,plex_2,,,,,,,0.72,0.92,0.66,0.22,0.16,1.52
Rac1,plex_2,,,,,,,0.72,0.92,0.66,0.22,0.16,1.52
Rac1,plex_2,,,,,,,0.72,0.92,0.66,0.22,0.16,1.52
Rac1,plex_2,,,,,,,0.72,0.92,0.66,0.22,0.16,1.52
Bcl2l13,plex_2,,,,,,,0.66,0.62,0.82,0.46,0.4,1.52
Bcl2l13,plex_2,,,,,,,0.66,0.62,0.82,0.46,0.4,1.52
Bcl2l13,plex_2,,,,,,,0.66,0.62,0.82,0.46,0.4,1.52
Ube2v2,plex_2,,,,,,,0.74,0.67,0.66,0.32,0.16,1.57
Pdcd6ip,plex_2,,,,,,,1.12,0.76,0.41,0.32,0.19,1.5
Pdcd6ip,plex_2,,,,,,,1.12,0.76,0.41,0.32,0.19,1.5
Pdcd6ip,plex_2,,,,,,,1.12,0.76,0.41,0.32,0.19,1.5
Uso1,plex_2,,,,,,,0.73,0.78,0.59,,,1.3
Uso1,plex_2,,,,,,,0.73,0.78,0.59,,,1.3
Ces1c,plex_2,,,,,,,0.52,0.7,0.67,0.21,0.39,0.91
F13a1,plex_2,,,,,,,1.46,0.36,0.43,0.36,0.14,1.0
Tceb1,plex_2,,,,,,,1.73,1.0,0.86,0.36,,5.73
Tceb1,plex_2,,,,,,,1.73,1.0,0.86,0.36,,5.73
Tceb1,plex_2,,,,,,,1.73,1.0,0.86,0.36,,5.73
Atp1b2,plex_2,,,,,,,0.65,0.82,0.54,0.27,0.15,1.02
Pgd,plex_2,,,,,,,0.77,0.6,0.54,0.35,0.21,1.93
Pdk4,plex_2,,,,,,,1.13,1.01,1.02,0.38,0.33,1.64
Rpl8,plex_2,,,,,,,0.52,0.55,0.79,0.26,0.16,1.58
Rpl8,plex_2,,,,,,,0.52,0.55,0.79,0.26,0.16,1.58
Mtco1,plex_2,,,,,,,0.98,0.73,0.58,0.45,0.12,1.93
COI,plex_2,,,,,,,0.98,0.73,0.58,0.45,0.12,1.93
Uqcr10,plex_2,,,,,,,0.82,0.78,0.56,0.37,0.21,1.6
Tcp1,plex_2,,,,,,,0.71,0.77,0.78,0.35,0.11,1.51
Psmb2,plex_2,,,,,,,1.01,0.83,0.62,0.4,0.25,2.11
Psmb2,plex_2,,,,,,,1.01,0.83,0.62,0.4,0.25,2.11
Aimp2,plex_2,,,,,,,0.72,0.69,0.64,0.33,0.26,0.94
Gstz1,plex_2,,,,,,,,,0.66,0.34,,1.17
Psma2,plex_2,,,,,,,0.59,0.47,0.6,0.28,0.18,1.69
Psma2,plex_2,,,,,,,0.59,0.47,0.6,0.28,0.18,1.69
Cbr4,plex_2,,,,,,,0.59,0.51,0.53,0.26,0.25,0.94
Prep,plex_2,,,,,,,0.81,0.68,0.78,0.35,0.33,1.29
Prep,plex_2,,,,,,,0.81,0.68,0.78,0.35,0.33,1.29
Prep,plex_2,,,,,,,0.81,0.68,0.78,0.35,0.33,1.29
Ndufb7,plex_2,,,,,,,0.95,0.84,0.89,0.29,0.24,1.5
Plg,plex_2,,,,,,,0.95,0.69,0.78,0.29,0.5,5.46
Plg,plex_2,,,,,,,0.95,0.69,0.78,0.29,0.5,5.46
Cyb5b,plex_2,,,,,,,0.44,0.44,0.57,0.2,0.04,1.25
Cyb5b,plex_2,,,,,,,0.44,0.44,0.57,0.2,0.04,1.25
Cyb5b,plex_2,,,,,,,0.44,0.44,0.57,0.2,0.04,1.25
Cyb5b,plex_2,,,,,,,0.44,0.44,0.57,0.2,0.04,1.25
Aars,plex_2,,,,,,,0.89,0.85,0.84,0.24,0.19,1.48
Aars,plex_2,,,,,,,0.89,0.85,0.84,0.24,0.19,1.48
Aars,plex_2,,,,,,,0.89,0.85,0.84,0.24,0.19,1.48
Aars,plex_2,,,,,,,0.89,0.85,0.84,0.24,0.19,1.48
Timm13,plex_2,,,,,,,0.69,0.6,1.01,0.51,0.36,1.43
Usmg5,plex_2,,,,,,,0.83,0.68,0.87,0.43,0.26,1.24
Yars,plex_2,,,,,,,0.65,0.57,0.54,0.31,0.21,1.28
Yars,plex_2,,,,,,,0.65,0.57,0.54,0.31,0.21,1.28
Rtn4,plex_2,,,,,,,0.88,0.77,0.59,0.36,0.2,1.69
Dusp3,plex_2,,,,,,,0.81,0.74,0.7,0.31,0.07,1.52
Dusp3,plex_2,,,,,,,0.81,0.74,0.7,0.31,0.07,1.52
Hook3,plex_2,,,,,,,0.67,0.76,0.98,,,1.65
Bdh1,plex_2,,,,,,,0.2,0.26,0.72,0.43,0.19,1.81
Fam213b,plex_2,,,,,,,0.57,0.38,0.5,0.4,,1.03
Rpl23,plex_2,,,,,,,0.43,0.42,0.43,0.36,0.22,1.33
Asna1,plex_2,,,,,,,0.58,0.52,0.77,0.34,0.22,1.84
Rpl17,plex_2,,,,,,,0.51,0.59,0.66,0.44,0.19,1.3
Rpl17,plex_2,,,,,,,0.51,0.59,0.66,0.44,0.19,1.3
Gm28062,plex_2,,,,,,,0.7,0.74,0.82,0.32,0.18,2.52
Hnrnpu,plex_2,,,,,,,0.7,0.74,0.82,0.32,0.18,2.52
Hnrnpu,plex_2,,,,,,,0.7,0.74,0.82,0.32,0.18,2.52
Hnrnpu,plex_2,,,,,,,0.7,0.74,0.82,0.32,0.18,2.52
Hnrnpu,plex_2,,,,,,,0.7,0.74,0.82,0.32,0.18,2.52
Hnrnpu,plex_2,,,,,,,0.7,0.74,0.82,0.32,0.18,2.52
Hnrnpu,plex_2,,,,,,,0.7,0.74,0.82,0.32,0.18,2.52
Fahd1,plex_2,,,,,,,0.51,0.72,0.8,0.27,0.13,1.25
Txnl1,plex_2,,,,,,,0.89,0.61,0.72,0.33,0.27,1.91
Txnl1,plex_2,,,,,,,0.89,0.61,0.72,0.33,0.27,1.91
Cav1,plex_2,,,,,,,0.7,0.64,0.67,0.3,0.15,1.31
Ppif,plex_2,,,,,,,0.65,0.71,0.7,0.16,0.18,1.21
Eif4a1,plex_2,,,,,,,1.13,0.71,0.6,0.62,0.48,2.04
Capn3,plex_2,,,,,,,1.29,0.72,0.68,0.33,0.18,4.06
Slc4a1,plex_2,,,,,,,0.27,0.46,0.55,0.22,0.3,1.14
Mtatp8,plex_2,,,,,,,0.47,0.59,0.69,0.36,0.19,1.24
Acyp2,plex_2,,,,,,,0.85,0.78,0.78,0.3,0.23,5.0
Rps14,plex_2,,,,,,,0.71,0.38,0.75,0.56,0.11,1.84
Rps14,plex_2,,,,,,,0.71,0.38,0.75,0.56,0.11,1.84
rps14,plex_2,,,,,,,0.71,0.38,0.75,0.56,0.11,1.84
Hnrnpd,plex_2,,,,,,,0.98,0.82,0.87,0.4,0.31,2.1
Hnrnpd,plex_2,,,,,,,0.98,0.82,0.87,0.4,0.31,2.1
Hnrnpd,plex_2,,,,,,,0.98,0.82,0.87,0.4,0.31,2.1
Hnrnpd,plex_2,,,,,,,0.98,0.82,0.87,0.4,0.31,2.1
Csrp3,plex_2,,,,,,,0.32,0.76,1.95,0.24,0.16,1.64
Rps16,plex_2,,,,,,,0.79,0.6,0.53,0.31,0.18,1.95
Rps16,plex_2,,,,,,,0.79,0.6,0.53,0.31,0.18,1.95
Rps16,plex_2,,,,,,,0.79,0.6,0.53,0.31,0.18,1.95
Txn,plex_2,,,,,,,0.68,0.68,0.8,0.42,0.16,1.41
Ddost,plex_2,,,,,,,0.66,0.55,0.52,0.28,0.2,0.95
Ddost,plex_2,,,,,,,0.66,0.55,0.52,0.28,0.2,0.95
Ddost,plex_2,,,,,,,0.66,0.55,0.52,0.28,0.2,0.95
Kera,plex_2,,,,,,,0.89,0.12,0.21,0.54,0.29,0.95
Kera,plex_2,,,,,,,0.89,0.12,0.21,0.54,0.29,0.95
Rps9,plex_2,,,,,,,0.81,0.67,0.66,0.4,0.23,1.37
Hmgcl,plex_2,,,,,,,0.97,1.27,0.53,0.3,0.22,2.95
Hmgcl,plex_2,,,,,,,0.97,1.27,0.53,0.3,0.22,2.95
Serpinh1,plex_2,,,,,,,0.52,0.31,0.72,0.43,0.09,1.22
Serpinh1,plex_2,,,,,,,0.52,0.31,0.72,0.43,0.09,1.22
Serpinh1,plex_2,,,,,,,0.52,0.31,0.72,0.43,0.09,1.22
Serpinh1,plex_2,,,,,,,0.52,0.31,0.72,0.43,0.09,1.22
Serpinh1,plex_2,,,,,,,0.52,0.31,0.72,0.43,0.09,1.22
Serpinh1,plex_2,,,,,,,0.52,0.31,0.72,0.43,0.09,1.22
Isoc2a,plex_2,,,,,,,0.71,0.84,0.42,,,1.59
Isoc2a,plex_2,,,,,,,0.71,0.84,0.42,,,1.59
Sirt2,plex_2,,,,,,,,0.47,0.48,,,0.92
Sirt2,plex_2,,,,,,,,0.47,0.48,,,0.92
Sirt2,plex_2,,,,,,,,0.47,0.48,,,0.92
,plex_2,,,,,,,0.56,2.75,0.24,0.15,,0.79
Rpl7a,plex_2,,,,,,,0.66,0.54,0.54,0.28,0.18,1.31
Hnrnph1,plex_2,,,,,,,0.63,0.39,0.67,0.39,0.22,1.59
Hnrnph1,plex_2,,,,,,,0.63,0.39,0.67,0.39,0.22,1.59
Ap1b1,plex_2,,,,,,,1.4,0.86,1.05,0.28,0.13,6.0
Ywhab,plex_2,,,,,,,0.39,0.6,0.66,0.37,0.03,1.84
Ywhab,plex_2,,,,,,,0.39,0.6,0.66,0.37,0.03,1.84
Ldb3,plex_2,,,,,,,,,,,,1.51
Acp1,plex_2,,,,,,,0.45,0.81,1.61,0.12,0.36,1.29
Apmap,plex_2,,,,,,,0.8,0.63,0.7,0.14,,1.62
Fundc2,plex_2,,,,,,,0.92,0.85,1.14,0.38,0.26,1.91
Ppp2r4,plex_2,,,,,,,0.71,0.47,0.6,0.32,0.06,1.42
Cct6a,plex_2,,,,,,,0.61,0.67,0.73,0.33,0.2,1.87
Cct6a,plex_2,,,,,,,0.61,0.67,0.73,0.33,0.2,1.87
Cct6a,plex_2,,,,,,,0.61,0.67,0.73,0.33,0.2,1.87
Cct6a,plex_2,,,,,,,0.61,0.67,0.73,0.33,0.2,1.87
Cct6a,plex_2,,,,,,,0.61,0.67,0.73,0.33,0.2,1.87
Tpp2,plex_2,,,,,,,0.88,0.98,0.55,0.38,0.22,2.46
Tpp2,plex_2,,,,,,,0.88,0.98,0.55,0.38,0.22,2.46
Tpp2,plex_2,,,,,,,0.88,0.98,0.55,0.38,0.22,2.46
Thop1,plex_2,,,,,,,0.68,0.52,0.67,0.32,0.19,1.56
Scrn2,plex_2,,,,,,,0.78,0.73,0.53,0.31,0.17,1.31
Rad23a,plex_2,,,,,,,0.65,0.7,0.61,0.28,,2.32
Rad23a,plex_2,,,,,,,0.65,0.7,0.61,0.28,,2.32
Rad23a,plex_2,,,,,,,0.65,0.7,0.61,0.28,,2.32
Rad23a,plex_2,,,,,,,0.65,0.7,0.61,0.28,,2.32
Capn2,plex_2,,,,,,,1.0,0.79,0.58,0.38,0.2,1.89
Rps4x,plex_2,,,,,,,0.81,0.76,0.9,0.36,0.22,1.36
Rps4x,plex_2,,,,,,,0.81,0.76,0.9,0.36,0.22,1.36
Msn,plex_2,,,,,,,0.7,0.75,0.56,0.26,0.1,1.48
Msn,plex_2,,,,,,,0.7,0.75,0.56,0.26,0.1,1.48
Mic13,plex_2,,,,,,,0.85,0.85,0.87,0.52,0.35,1.61
Mbp,plex_2,,,,,,,0.38,0.46,1.68,0.39,0.18,1.77
Cops3,plex_2,,,,,,,0.62,0.65,0.64,0.24,0.11,0.87
Zak,plex_2,,,,,,,1.24,0.78,0.91,0.36,0.29,2.54
Napa,plex_2,,,,,,,,,,,,
Napa,plex_2,,,,,,,,,,,,
Glrx,plex_2,,,,,,,0.74,0.99,1.21,0.28,,1.34
Iars,plex_2,,,,,,,0.77,0.75,0.69,0.31,0.28,1.35
Akr1a1,plex_2,,,,,,,1.05,0.97,0.85,0.41,0.2,2.39
Akr1a1,plex_2,,,,,,,1.05,0.97,0.85,0.41,0.2,2.39
Fn3k,plex_2,,,,,,,0.57,0.5,0.61,0.26,0.14,1.26
Fn3k,plex_2,,,,,,,0.57,0.5,0.61,0.26,0.14,1.26
Fn3k,plex_2,,,,,,,0.57,0.5,0.61,0.26,0.14,1.26
Txndc5,plex_2,,,,,,,0.91,0.74,1.19,0.48,0.22,1.64
Tubb5,plex_2,,,,,,,0.73,0.57,1.1,0.29,,1.8
Glod4,plex_2,,,,,,,0.78,0.59,0.96,0.33,0.22,1.3
Glod4,plex_2,,,,,,,0.78,0.59,0.96,0.33,0.22,1.3
Rsu1,plex_2,,,,,,,2.33,0.82,0.71,0.29,0.17,1.86
Rsu1,plex_2,,,,,,,2.33,0.82,0.71,0.29,0.17,1.86
Rsu1,plex_2,,,,,,,2.33,0.82,0.71,0.29,0.17,1.86
Tgfbi,plex_2,,,,,,,1.0,0.79,0.9,0.18,0.22,1.21
Tgfbi,plex_2,,,,,,,1.0,0.79,0.9,0.18,0.22,1.21
Cox6a2,plex_2,,,,,,,0.57,0.65,0.87,0.33,0.16,1.79
Cox6a2,plex_2,,,,,,,0.57,0.65,0.87,0.33,0.16,1.79
Hp1bp3,plex_2,,,,,,,1.01,0.77,0.7,0.52,0.47,2.8
Col3a1,plex_2,,,,,,,0.96,0.53,0.61,0.26,0.21,2.39
Rap1a,plex_2,,,,,,,1.07,0.75,0.78,0.44,0.2,1.67
Gm9392,plex_2,,,,,,,1.07,0.75,0.78,0.44,0.2,1.67
Rap1a,plex_2,,,,,,,1.07,0.75,0.78,0.44,0.2,1.67
Vwa5a,plex_2,,,,,,,0.55,0.57,0.59,0.21,0.1,1.14
Rpl10a,plex_2,,,,,,,0.55,0.52,0.69,0.3,0.2,1.48
Rpl10a,plex_2,,,,,,,0.55,0.52,0.69,0.3,0.2,1.48
Alad,plex_2,,,,,,,0.64,1.08,0.41,,,0.76
Alad,plex_2,,,,,,,0.64,1.08,0.41,,,0.76
Kpna3,plex_2,,,,,,,0.8,0.96,0.7,0.43,0.35,1.04
Kpna3,plex_2,,,,,,,0.8,0.96,0.7,0.43,0.35,1.04
Psmd6,plex_2,,,,,,,0.8,0.99,0.76,0.34,0.17,2.34
Rps28,plex_2,,,,,,,0.64,0.71,0.65,0.33,0.14,1.63
Rps28,plex_2,,,,,,,0.64,0.71,0.65,0.33,0.14,1.63
Lamp1,plex_2,,,,,,,1.01,0.68,0.31,0.34,0.2,1.19
Cluh,plex_2,,,,,,,0.85,1.28,0.9,0.61,0.49,2.12
As3mt,plex_2,,,,,,,0.62,0.66,0.83,0.3,0.16,1.56
Xdh,plex_2,,,,,,,0.44,,0.81,,,1.17
Xdh,plex_2,,,,,,,0.44,,0.81,,,1.17
Apoa1bp,plex_2,,,,,,,0.57,0.57,0.74,0.29,0.15,1.42
Col6a6,plex_2,,,,,,,1.34,0.75,0.44,0.57,0.36,4.46
Usp15,plex_2,,,,,,,0.96,0.93,0.84,0.44,0.22,1.32
Usp15,plex_2,,,,,,,0.96,0.93,0.84,0.44,0.22,1.32
Usp15,plex_2,,,,,,,0.96,0.93,0.84,0.44,0.22,1.32
Fam213a,plex_2,,,,,,,0.61,0.74,0.41,0.19,0.24,1.46
Fam213a,plex_2,,,,,,,0.61,0.74,0.41,0.19,0.24,1.46
Fermt2,plex_2,,,,,,,0.56,0.59,1.19,0.33,0.24,1.06
Rhoa,plex_2,,,,,,,0.81,0.66,0.69,0.4,0.25,1.2
Rhoa,plex_2,,,,,,,0.81,0.66,0.69,0.4,0.25,1.2
Rhoa,plex_2,,,,,,,0.81,0.66,0.69,0.4,0.25,1.2
Mtx2,plex_2,,,,,,,1.02,0.77,0.89,0.37,0.19,2.42
Myh8,plex_2,,,,,,,0.5,0.66,0.89,0.32,0.14,1.43
Actr2,plex_2,,,,,,,0.43,0.38,0.62,0.32,0.13,1.23
Prkab2,plex_2,,,,,,,0.89,0.75,0.67,0.34,0.44,1.79
Asph,plex_2,,,,,,,1.01,0.93,0.5,0.3,0.12,5.77
Spryd4,plex_2,,,,,,,0.91,0.74,0.76,0.94,,1.76
Cilp2,plex_2,,,,,,,0.92,0.26,0.37,0.34,0.19,1.26
Nedd4,plex_2,,,,,,,1.14,0.88,1.4,0.32,0.2,2.26
Bckdk,plex_2,,,,,,,0.86,0.69,0.81,0.39,0.13,1.66
Ndufv3,plex_2,,,,,,,0.43,0.46,0.69,0.35,0.19,1.33
Fxr1,plex_2,,,,,,,1.1,1.16,0.93,0.41,0.16,2.52
Ubac1,plex_2,,,,,,,1.08,0.58,0.79,0.51,0.2,1.26
Atp2a3,plex_2,,,,,,,2.19,0.74,0.31,0.25,,11.21
Ilk,plex_2,,,,,,,0.91,1.23,1.43,0.33,0.16,1.93
Cyb5r1,plex_2,,,,,,,0.83,0.59,0.83,0.26,0.18,1.4
Anxa7,plex_2,,,,,,,1.04,0.66,0.93,0.14,,0.85
Rtcb,plex_2,,,,,,,0.57,0.61,0.68,0.31,0.17,1.38
Cops4,plex_2,,,,,,,0.62,0.84,0.78,0.38,0.16,1.81
Cops4,plex_2,,,,,,,0.62,0.84,0.78,0.38,0.16,1.81
Cops4,plex_2,,,,,,,0.62,0.84,0.78,0.38,0.16,1.81
Endog,plex_2,,,,,,,1.11,1.6,1.41,0.22,0.08,1.85
Map2k4,plex_2,,,,,,,0.53,0.6,0.57,0.36,0.14,0.95
Tmco1,plex_2,,,,,,,0.51,1.07,1.1,0.39,0.44,1.46
Tmco1,plex_2,,,,,,,0.51,1.07,1.1,0.39,0.44,1.46
Tmco1,plex_2,,,,,,,0.51,1.07,1.1,0.39,0.44,1.46
Eif2s1,plex_2,,,,,,,0.55,0.51,0.7,0.29,0.09,1.51
Eif2s1,plex_2,,,,,,,0.55,0.51,0.7,0.29,0.09,1.51
Adprh,plex_2,,,,,,,0.81,0.7,0.68,0.33,0.16,1.27
Mtfp1,plex_2,,,,,,,0.88,0.7,0.98,0.24,0.4,1.91
Mtfp1,plex_2,,,,,,,0.88,0.7,0.98,0.24,0.4,1.91
Mccc1,plex_2,,,,,,,0.66,0.76,0.8,0.43,0.2,1.5
Cox7a1,plex_2,,,,,,,0.59,0.57,0.92,0.5,0.34,1.64
Cox7a1,plex_2,,,,,,,0.59,0.57,0.92,0.5,0.34,1.64
Stat5b,plex_2,,,,,,,0.68,0.6,0.63,0.34,0.2,0.86
Clip1,plex_2,,,,,,,0.67,0.67,0.71,0.32,0.2,1.6
Dnajb4,plex_2,,,,,,,0.84,0.57,0.79,0.27,0.33,1.48
Atpaf1,plex_2,,,,,,,0.82,0.51,0.89,0.39,0.25,1.68
Atpaf1,plex_2,,,,,,,0.82,0.51,0.89,0.39,0.25,1.68
Atpaf1,plex_2,,,,,,,0.82,0.51,0.89,0.39,0.25,1.68
Cst3,plex_2,,,,,,,,0.39,0.97,,0.5,1.68
Cst3,plex_2,,,,,,,,0.39,0.97,,0.5,1.68
Cst3,plex_2,,,,,,,,0.39,0.97,,0.5,1.68
S100a11,plex_2,,,,,,,1.05,,0.85,,,1.33
Dnpep,plex_2,,,,,,,0.8,0.82,0.82,0.36,0.2,1.31
,plex_2,,,,,,,0.8,0.82,0.82,0.36,0.2,1.31
Dnpep,plex_2,,,,,,,0.8,0.82,0.82,0.36,0.2,1.31
Dnpep,plex_2,,,,,,,0.8,0.82,0.82,0.36,0.2,1.31
Tarsl2,plex_2,,,,,,,1.02,0.75,1.25,0.26,0.24,1.76
Rps12,plex_2,,,,,,,0.71,0.63,0.91,0.38,0.21,1.65
Rps12-ps3,plex_2,,,,,,,0.71,0.63,0.91,0.38,0.21,1.65
Mfap4,plex_2,,,,,,,0.88,0.76,0.75,0.36,0.14,2.61
Ppp1r12b,plex_2,,,,,,,0.8,0.88,0.97,0.39,0.22,1.61
Sdhc,plex_2,,,,,,,0.76,0.91,0.91,0.39,0.28,1.54
mt-Nd1,plex_2,,,,,,,0.79,0.79,0.73,0.29,0.13,1.83
mt-Nd1,plex_2,,,,,,,0.79,0.79,0.73,0.29,0.13,1.83
ND1,plex_2,,,,,,,0.79,0.79,0.73,0.29,0.13,1.83
ND1,plex_2,,,,,,,0.79,0.79,0.73,0.29,0.13,1.83
Tpd52l2,plex_2,,,,,,,1.5,0.82,1.13,,,1.41
Tpd52l2,plex_2,,,,,,,1.5,0.82,1.13,,,1.41
Tpd52l2,plex_2,,,,,,,1.5,0.82,1.13,,,1.41
Tpd52l2,plex_2,,,,,,,1.5,0.82,1.13,,,1.41
Tpd52l2,plex_2,,,,,,,1.5,0.82,1.13,,,1.41
Tpd52l2,plex_2,,,,,,,1.5,0.82,1.13,,,1.41
Tpd52l2,plex_2,,,,,,,1.5,0.82,1.13,,,1.41
Tpd52l2,plex_2,,,,,,,1.5,0.82,1.13,,,1.41
Serpina1d,plex_2,,,,,,,0.59,0.56,0.61,0.29,0.33,1.51
Psmb3,plex_2,,,,,,,,,,,,
Mybpc1,plex_2,,,,,,,,,,,,
Ddx39b,plex_2,,,,,,,0.52,0.53,0.66,0.23,0.09,1.38
Slc25a5,plex_2,,,,,,,0.55,0.58,0.64,0.24,0.13,1.03
Qars,plex_2,,,,,,,0.94,0.81,0.71,0.41,,1.38
Qars,plex_2,,,,,,,0.94,0.81,0.71,0.41,,1.38
Qars,plex_2,,,,,,,0.94,0.81,0.71,0.41,,1.38
Qars,plex_2,,,,,,,0.94,0.81,0.71,0.41,,1.38
Qars,plex_2,,,,,,,0.94,0.81,0.71,0.41,,1.38
Tpm4,plex_2,,,,,,,0.67,,0.52,,,1.56
Prkar1a,plex_2,,,,,,,0.64,0.54,0.66,0.49,0.29,2.15
,plex_2,,,,,,,0.52,0.39,0.66,0.1,0.18,1.41
Cstb,plex_2,,,,,,,0.83,0.53,0.6,0.23,0.31,1.09
Fam49b,plex_2,,,,,,,0.74,0.39,0.46,,0.21,1.93
Pfdn5,plex_2,,,,,,,,1.07,0.9,,,1.04
Rpl10,plex_2,,,,,,,0.64,0.55,0.64,0.32,0.16,1.66
Rpl13a,plex_2,,,,,,,0.74,0.63,0.57,0.44,0.24,1.21
Map2k1,plex_2,,,,,,,0.8,0.9,0.81,0.4,0.2,1.33
St13,plex_2,,,,,,,0.59,0.58,0.89,0.25,0.15,1.08
St13,plex_2,,,,,,,0.59,0.58,0.89,0.25,0.15,1.08
St13,plex_2,,,,,,,0.59,0.58,0.89,0.25,0.15,1.08
St13,plex_2,,,,,,,0.59,0.58,0.89,0.25,0.15,1.08
St13,plex_2,,,,,,,0.59,0.58,0.89,0.25,0.15,1.08
St13,plex_2,,,,,,,0.59,0.58,0.89,0.25,0.15,1.08
Psmd3,plex_2,,,,,,,0.9,0.75,1.1,0.39,0.22,1.43
Map4,plex_2,,,,,,,0.62,0.82,1.05,0.42,0.02,2.16
Hnrnpa2b1,plex_2,,,,,,,0.59,0.48,0.7,0.39,0.18,1.53
Hnrnpa2b1,plex_2,,,,,,,0.59,0.48,0.7,0.39,0.18,1.53
Hnrnpa2b1,plex_2,,,,,,,0.59,0.48,0.7,0.39,0.18,1.53
Tkt,plex_2,,,,,,,0.69,0.47,0.74,0.21,0.2,1.88
Pdcd5,plex_2,,,,,,,0.6,0.52,0.84,0.36,,1.36
Ccbl1,plex_2,,,,,,,0.71,0.77,0.79,0.32,0.19,1.29
Gpcpd1,plex_2,,,,,,,0.73,0.65,0.53,,,0.97
Gpcpd1,plex_2,,,,,,,0.73,0.65,0.53,,,0.97
Rps7,plex_2,,,,,,,0.49,0.62,0.58,0.34,0.17,1.34
Slc37a4,plex_2,,,,,,,1.71,1.14,1.04,0.91,1.04,2.41
Slc37a4,plex_2,,,,,,,1.71,1.14,1.04,0.91,1.04,2.41
Hagh,plex_2,,,,,,,0.57,0.72,0.67,0.29,0.17,1.22
Hagh,plex_2,,,,,,,0.57,0.72,0.67,0.29,0.17,1.22
Hagh,plex_2,,,,,,,0.57,0.72,0.67,0.29,0.17,1.22
Hagh,plex_2,,,,,,,0.57,0.72,0.67,0.29,0.17,1.22
Hagh,plex_2,,,,,,,0.57,0.72,0.67,0.29,0.17,1.22
Slmap,plex_2,,,,,,,0.68,0.42,0.77,0.35,0.37,1.66
Bpnt1,plex_2,,,,,,,0.24,0.83,0.56,0.12,0.19,1.49
Farsa,plex_2,,,,,,,0.92,0.93,0.38,0.39,0.18,1.53
Farsa,plex_2,,,,,,,0.92,0.93,0.38,0.39,0.18,1.53
Denr,plex_2,,,,,,,,,,,,
,plex_2,,,,,,,0.6,0.94,0.81,0.41,0.16,1.71
Hmgb1,plex_2,,,,,,,0.6,0.94,0.81,0.41,0.16,1.71
Hmgb1,plex_2,,,,,,,0.6,0.94,0.81,0.41,0.16,1.71
,plex_2,,,,,,,0.6,0.94,0.81,0.41,0.16,1.71
Hmgb1,plex_2,,,,,,,0.6,0.94,0.81,0.41,0.16,1.71
,plex_2,,,,,,,0.6,0.94,0.81,0.41,0.16,1.71
,plex_2,,,,,,,0.6,0.94,0.81,0.41,0.16,1.71
,plex_2,,,,,,,0.6,0.94,0.81,0.41,0.16,1.71
Hmgb1,plex_2,,,,,,,0.6,0.94,0.81,0.41,0.16,1.71
Dbi,plex_2,,,,,,,0.6,0.64,1.16,0.33,0.21,1.34
Ywhah,plex_2,,,,,,,0.85,0.87,0.87,0.32,0.45,1.62
Serbp1,plex_2,,,,,,,0.64,0.68,0.74,0.46,0.16,1.51
Serbp1,plex_2,,,,,,,0.64,0.68,0.74,0.46,0.16,1.51
Psmc4,plex_2,,,,,,,0.71,0.62,0.71,0.35,0.19,1.57
Psmc4,plex_2,,,,,,,0.71,0.62,0.71,0.35,0.19,1.57
Psmc4,plex_2,,,,,,,0.71,0.62,0.71,0.35,0.19,1.57
Psmc4,plex_2,,,,,,,0.71,0.62,0.71,0.35,0.19,1.57
Psmc4,plex_2,,,,,,,0.71,0.62,0.71,0.35,0.19,1.57
Psmc4,plex_2,,,,,,,0.71,0.62,0.71,0.35,0.19,1.57
Slc16a3,plex_2,,,,,,,1.06,0.99,0.54,0.37,0.15,1.61
Slc16a3,plex_2,,,,,,,1.06,0.99,0.54,0.37,0.15,1.61
Rab1a,plex_2,,,,,,,0.67,0.61,0.82,0.43,0.29,1.13
Ttc38,plex_2,,,,,,,0.78,0.34,,,,1.77
Col15a1,plex_2,,,,,,,0.8,0.64,0.86,0.27,0.19,1.67
Col15a1,plex_2,,,,,,,0.8,0.64,0.86,0.27,0.19,1.67
Ap2m1,plex_2,,,,,,,1.34,0.86,0.64,0.31,,3.35
Ap2m1,plex_2,,,,,,,1.34,0.86,0.64,0.31,,3.35
Usp9x,plex_2,,,,,,,0.76,0.74,0.8,0.24,0.2,1.41
Psma3,plex_2,,,,,,,0.85,0.81,1.02,0.53,0.27,1.62
Psma3,plex_2,,,,,,,0.85,0.81,1.02,0.53,0.27,1.62
Usp47,plex_2,,,,,,,0.91,0.68,0.92,0.24,0.24,1.5
Usp47,plex_2,,,,,,,0.91,0.68,0.92,0.24,0.24,1.5
Prx,plex_2,,,,,,,0.45,0.54,0.74,0.28,0.23,1.88
Prx,plex_2,,,,,,,0.45,0.54,0.74,0.28,0.23,1.88
Prx,plex_2,,,,,,,0.45,0.54,0.74,0.28,0.23,1.88
Prx,plex_2,,,,,,,0.45,0.54,0.74,0.28,0.23,1.88
Fth1,plex_2,,,,,,,0.51,0.65,0.89,0.3,0.2,1.44
Hars,plex_2,,,,,,,0.78,0.67,0.62,0.19,0.3,1.23
Hars,plex_2,,,,,,,0.78,0.67,0.62,0.19,0.3,1.23
Hars,plex_2,,,,,,,0.78,0.67,0.62,0.19,0.3,1.23
Hars,plex_2,,,,,,,0.78,0.67,0.62,0.19,0.3,1.23
Hars,plex_2,,,,,,,0.78,0.67,0.62,0.19,0.3,1.23
Nsfl1c,plex_2,,,,,,,0.75,0.66,0.88,0.31,0.15,1.5
Nsfl1c,plex_2,,,,,,,0.75,0.66,0.88,0.31,0.15,1.5
Hectd1,plex_2,,,,,,,1.82,1.6,0.43,,0.18,2.62
Nefm,plex_2,,,,,,,1.26,1.66,3.29,0.14,0.33,4.17
Nefm,plex_2,,,,,,,1.26,1.66,3.29,0.14,0.33,4.17
Rnf123,plex_2,,,,,,,0.86,0.9,0.7,0.32,0.2,1.79
Rnf123,plex_2,,,,,,,0.86,0.9,0.7,0.32,0.2,1.79
Cul4b,plex_2,,,,,,,0.79,0.74,0.62,0.4,0.22,1.37
Cul4b,plex_2,,,,,,,0.79,0.74,0.62,0.4,0.22,1.37
Rps15a,plex_2,,,,,,,0.63,0.59,0.68,0.35,0.23,1.1
Rps15a,plex_2,,,,,,,0.63,0.59,0.68,0.35,0.23,1.1
Ppib,plex_2,,,,,,,0.91,0.72,0.59,0.3,0.24,2.01
Ndufb3,plex_2,,,,,,,0.72,0.43,0.63,0.28,0.21,2.57
Ndufb3,plex_2,,,,,,,0.72,0.43,0.63,0.28,0.21,2.57
Cap1,plex_2,,,,,,,0.51,0.57,0.85,0.34,0.21,1.13
Hsdl2,plex_2,,,,,,,0.89,0.75,0.79,0.34,0.21,2.18
Eri3,plex_2,,,,,,,1.16,0.58,0.4,0.26,0.18,1.84
Eri3,plex_2,,,,,,,1.16,0.58,0.4,0.26,0.18,1.84
Eri3,plex_2,,,,,,,1.16,0.58,0.4,0.26,0.18,1.84
Psmb4,plex_2,,,,,,,0.59,1.54,2.68,0.39,0.16,2.49
Ufm1,plex_2,,,,,,,1.02,,0.8,,,
Acaa1b,plex_2,,,,,,,0.71,0.52,0.74,,,1.99
Acaa1b,plex_2,,,,,,,0.71,0.52,0.74,,,1.99
Mcu,plex_2,,,,,,,0.99,0.77,0.63,0.22,0.18,2.82
Pcyox1,plex_2,,,,,,,0.52,1.0,0.75,0.34,0.16,5.37
Lnp,plex_2,,,,,,,,,,,,
Lnp,plex_2,,,,,,,,,,,,
Ipo7,plex_2,,,,,,,0.75,0.79,0.87,0.22,0.15,1.81
Gpt2,plex_2,,,,,,,1.37,1.16,0.78,0.5,0.13,4.2
Rps8,plex_2,,,,,,,0.74,0.71,0.71,0.34,0.1,1.76
Sept2,plex_2,,,,,,,,,,,,
Dhrs11,plex_2,,,,,,,0.41,0.49,0.53,0.28,0.23,1.48
Ppp5c,plex_2,,,,,,,0.95,0.72,0.68,0.26,0.17,2.35
Neb,plex_2,,,,,,,0.58,0.77,0.98,0.33,0.12,1.72
Abcb8,plex_2,,,,,,,1.2,1.13,1.35,0.35,0.3,1.45
Slc25a13,plex_2,,,,,,,0.44,0.55,0.63,0.21,0.24,3.95
Dync1li1,plex_2,,,,,,,0.94,0.75,0.54,,,1.4
Dnaja4,plex_2,,,,,,,0.46,0.8,0.87,0.36,0.14,1.48
Rps6ka3,plex_2,,,,,,,0.43,0.1,0.35,,0.35,1.13
Rps6ka3,plex_2,,,,,,,0.43,0.1,0.35,,0.35,1.13
Rps6ka3,plex_2,,,,,,,0.43,0.1,0.35,,0.35,1.13
Sec22b,plex_2,,,,,,,0.62,0.53,0.67,,,1.06
Sec22b,plex_2,,,,,,,0.62,0.53,0.67,,,1.06
Sec22b,plex_2,,,,,,,0.62,0.53,0.67,,,1.06
Ddx19a,plex_2,,,,,,,0.85,0.4,0.59,0.53,,1.11
Lypla2,plex_2,,,,,,,0.52,0.72,0.82,0.39,0.21,1.47
H1f0,plex_2,,,,,,,0.68,0.79,0.69,0.33,0.17,2.26
Cab39,plex_2,,,,,,,0.63,0.61,0.73,0.22,0.19,1.41
1110002E22Rik,plex_2,,,,,,,0.46,0.27,0.56,,,1.72
Lactb,plex_2,,,,,,,0.65,0.73,0.81,0.41,,1.18
Lactb,plex_2,,,,,,,0.65,0.73,0.81,0.41,,1.18
Actg1,plex_2,,,,,,,,,,,,
Strap,plex_2,,,,,,,0.91,0.81,0.65,0.38,0.18,1.78
Slc12a2,plex_2,,,,,,,1.21,0.92,0.8,0.26,,1.49
Neb,plex_2,,,,,,,0.77,0.87,0.78,0.4,0.09,1.0
Uqcrq,plex_2,,,,,,,0.69,0.75,0.98,0.34,0.25,2.07
Psma6,plex_2,,,,,,,0.62,0.51,0.71,0.24,0.16,1.71
Psma6,plex_2,,,,,,,0.62,0.51,0.71,0.24,0.16,1.71
Sar1a,plex_2,,,,,,,0.62,0.62,0.79,0.38,0.15,0.92
Sar1a,plex_2,,,,,,,0.62,0.62,0.79,0.38,0.15,0.92
Col4a2,plex_2,,,,,,,0.96,1.02,0.82,0.29,0.26,1.7
Actn4,plex_2,,,,,,,,,,,,
Actn4,plex_2,,,,,,,,,,,,
Emc7,plex_2,,,,,,,0.65,0.59,0.65,0.19,0.19,1.65
Psme1,plex_2,,,,,,,0.76,0.59,0.89,0.4,0.23,1.45
Psme1,plex_2,,,,,,,0.76,0.59,0.89,0.4,0.23,1.45
Eif4b,plex_2,,,,,,,0.41,0.6,0.99,0.28,0.18,1.8
Kars,plex_2,,,,,,,0.64,0.64,0.85,0.55,0.18,1.23
Kars,plex_2,,,,,,,0.64,0.64,0.85,0.55,0.18,1.23
Kars,plex_2,,,,,,,0.64,0.64,0.85,0.55,0.18,1.23
Cma1,plex_2,,,,,,,1.52,0.54,0.43,0.35,0.18,1.12
Cma1,plex_2,,,,,,,1.52,0.54,0.43,0.35,0.18,1.12
Sdpr,plex_2,,,,,,,0.84,0.64,0.81,0.47,0.22,1.73
Picalm,plex_2,,,,,,,,,,,,
Picalm,plex_2,,,,,,,,,,,,
Picalm,plex_2,,,,,,,,,,,,
Picalm,plex_2,,,,,,,,,,,,
Picalm,plex_2,,,,,,,,,,,,
Picalm,plex_2,,,,,,,,,,,,
Picalm,plex_2,,,,,,,,,,,,
Picalm,plex_2,,,,,,,,,,,,
Gm27029,plex_2,,,,,,,0.49,0.51,0.51,0.26,0.09,0.72
Psmb7,plex_2,,,,,,,,,,,,
Psmb7,plex_2,,,,,,,,,,,,
Mylpf,plex_2,,,,,,,2.02,0.78,0.6,0.54,0.17,1.58
Isca2,plex_2,,,,,,,0.91,0.51,0.87,,0.19,0.75
Arl1,plex_2,,,,,,,0.65,0.68,0.58,0.32,0.2,1.79
Cnbp,plex_2,,,,,,,0.77,0.5,0.63,0.3,0.3,1.26
Cnbp,plex_2,,,,,,,0.77,0.5,0.63,0.3,0.3,1.26
Map2k6,plex_2,,,,,,,,,0.81,,,
Map2k6,plex_2,,,,,,,,,0.81,,,
Dusp23,plex_2,,,,,,,0.81,0.68,0.73,0.3,0.1,1.68
Fn1,plex_2,,,,,,,0.66,0.93,0.52,0.61,0.64,1.38
Katnal2,plex_2,,,,,,,,,,,,
Npm1,plex_2,,,,,,,0.64,0.67,0.67,0.35,0.16,1.2
Npm1,plex_2,,,,,,,0.64,0.67,0.67,0.35,0.16,1.2
Sms,plex_2,,,,,,,0.71,0.72,0.71,0.31,0.17,1.66
Sh3bgrl,plex_2,,,,,,,1.29,0.5,0.38,,,2.23
Sh3bgrl,plex_2,,,,,,,1.29,0.5,0.38,,,2.23
,plex_2,,,,,,,1.21,0.32,0.59,0.27,0.16,1.89
Hint2,plex_2,,,,,,,,,,,,3.52
Ncln,plex_2,,,,,,,0.47,0.56,0.62,0.31,0.29,1.07
Ncln,plex_2,,,,,,,0.47,0.56,0.62,0.31,0.29,1.07
Lrrc20,plex_2,,,,,,,0.86,0.81,0.79,0.34,0.11,1.48
Snd1,plex_2,,,,,,,0.39,0.85,0.55,,,0.95
Snd1,plex_2,,,,,,,0.39,0.85,0.55,,,0.95
Snd1,plex_2,,,,,,,0.39,0.85,0.55,,,0.95
Capza1,plex_2,,,,,,,0.71,1.29,0.81,,0.32,0.9
Rtn4ip1,plex_2,,,,,,,0.76,1.16,1.05,0.34,,3.4
Rtn4ip1,plex_2,,,,,,,0.76,1.16,1.05,0.34,,3.4
Mybbp1a,plex_2,,,,,,,1.08,0.57,1.01,0.21,0.2,3.33
Vars,plex_2,,,,,,,0.84,0.62,0.63,0.37,0.2,1.16
Vars,plex_2,,,,,,,0.84,0.62,0.63,0.37,0.2,1.16
Vars,plex_2,,,,,,,0.84,0.62,0.63,0.37,0.2,1.16
Vars,plex_2,,,,,,,0.84,0.62,0.63,0.37,0.2,1.16
Hspa12b,plex_2,,,,,,,,,,,,1.37
Mapre3,plex_2,,,,,,,0.87,0.72,0.71,0.44,0.15,1.32
Ttn,plex_2,,,,,,,0.6,0.66,0.72,0.29,0.09,1.49
Rab18,plex_2,,,,,,,0.58,0.4,0.59,0.3,0.06,1.12
Itpa,plex_2,,,,,,,0.96,0.79,0.6,0.5,0.17,2.07
Hnrnpa3,plex_2,,,,,,,0.74,0.74,0.76,0.36,0.34,1.6
Auh,plex_2,,,,,,,0.93,0.71,0.75,0.29,0.18,1.7
Mpz,plex_2,,,,,,,0.42,0.51,1.02,0.3,0.22,2.04
Adprhl1,plex_2,,,,,,,0.56,0.65,0.65,0.27,0.08,1.77
Art3,plex_2,,,,,,,1.56,1.29,0.62,0.4,0.29,1.23
Kif5b,plex_2,,,,,,,0.59,0.69,0.55,0.28,0.24,1.37
,plex_2,,,,,,,0.43,0.47,0.63,0.22,0.15,2.05
Skp1a,plex_2,,,,,,,,,,,,0.62
Cars,plex_2,,,,,,,0.39,0.84,0.57,0.12,,1.1
Cars,plex_2,,,,,,,0.39,0.84,0.57,0.12,,1.1
Cct7,plex_2,,,,,,,0.72,0.67,0.68,0.28,0.2,1.46
Cct7,plex_2,,,,,,,0.72,0.67,0.68,0.28,0.2,1.46
Cct7,plex_2,,,,,,,0.72,0.67,0.68,0.28,0.2,1.46
Cct7,plex_2,,,,,,,0.72,0.67,0.68,0.28,0.2,1.46
Cct7,plex_2,,,,,,,0.72,0.67,0.68,0.28,0.2,1.46
Cct7,plex_2,,,,,,,0.72,0.67,0.68,0.28,0.2,1.46
Aldh5a1,plex_2,,,,,,,0.55,0.66,0.48,,0.09,1.69
Chmp4b,plex_2,,,,,,,,,,,,
Obscn,plex_2,,,,,,,0.84,0.9,1.13,0.5,0.35,1.62
Vps13a,plex_2,,,,,,,0.72,1.01,0.84,0.46,0.04,1.73
Vps13a,plex_2,,,,,,,0.72,1.01,0.84,0.46,0.04,1.73
Rpl22,plex_2,,,,,,,0.47,0.53,0.57,0.37,0.16,1.16
Eif4e,plex_2,,,,,,,0.82,0.72,0.79,0.27,0.12,1.51
Eif4e,plex_2,,,,,,,0.82,0.72,0.79,0.27,0.12,1.51
Eif4e,plex_2,,,,,,,0.82,0.72,0.79,0.27,0.12,1.51
Sbk2,plex_2,,,,,,,0.5,0.63,0.52,0.36,0.17,1.42
Abcc9,plex_2,,,,,,,0.35,0.42,0.57,0.23,0.05,0.73
Abcc9,plex_2,,,,,,,0.35,0.42,0.57,0.23,0.05,0.73
Abcc9,plex_2,,,,,,,0.35,0.42,0.57,0.23,0.05,0.73
Ank1,plex_2,,,,,,,0.66,0.42,1.04,0.12,0.14,3.25
Rbm3,plex_2,,,,,,,,,,,,
Rbm3,plex_2,,,,,,,,,,,,
Rbm3,plex_2,,,,,,,,,,,,
Rbm3,plex_2,,,,,,,,,,,,
Myh13,plex_2,,,,,,,,,,,,
Abhd16a,plex_2,,,,,,,0.88,0.54,0.74,0.22,0.18,2.13
Tppp3,plex_2,,,,,,,,,,,,
Tppp3,plex_2,,,,,,,,,,,,
Psmd9,plex_2,,,,,,,,,,,,
Mrrf,plex_2,,,,,,,0.88,0.88,0.94,0.28,0.19,1.56
Mgst3,plex_2,,,,,,,0.8,0.84,0.86,,0.19,1.02
Nt5c3a,plex_2,,,,,,,0.93,0.76,0.57,0.26,0.21,1.0
Sumo3,plex_2,,,,,,,0.79,0.64,0.6,0.41,0.47,0.99
Sumo3,plex_2,,,,,,,0.79,0.64,0.6,0.41,0.47,0.99
Sumo2,plex_2,,,,,,,0.79,0.64,0.6,0.41,0.47,0.99
Rps20,plex_2,,,,,,,0.81,0.71,0.67,0.28,0.26,1.63
Msi2,plex_2,,,,,,,0.72,,0.86,,0.25,1.15
,plex_2,,,,,,,0.72,,0.86,,0.25,1.15
Msi2,plex_2,,,,,,,0.72,,0.86,,0.25,1.15
Msi2,plex_2,,,,,,,0.72,,0.86,,0.25,1.15
Rab14,plex_2,,,,,,,,,,,,
Arl6ip5,plex_2,,,,,,,0.72,0.75,0.72,0.34,0.17,1.47
Rps25,plex_2,,,,,,,0.89,0.57,0.55,0.44,,1.09
Hist1h1b,plex_2,,,,,,,0.79,0.58,0.57,0.41,0.13,1.77
Ethe1,plex_2,,,,,,,0.35,1.02,1.32,0.41,0.11,1.49
Acad9,plex_2,,,,,,,0.92,0.58,0.85,,0.35,0.92
Ctsb,plex_2,,,,,,,,0.6,1.01,0.26,,
Ctsb,plex_2,,,,,,,,0.6,1.01,0.26,,
Ctsb,plex_2,,,,,,,,0.6,1.01,0.26,,
Ube2d1,plex_2,,,,,,,1.0,0.63,0.48,0.47,0.18,1.28
Msrb3,plex_2,,,,,,,0.78,0.78,0.82,0.5,,1.98
Msrb3,plex_2,,,,,,,0.78,0.78,0.82,0.5,,1.98
Hspb8,plex_2,,,,,,,0.7,0.62,1.36,0.31,0.39,1.17
Eif2a,plex_2,,,,,,,1.25,0.82,0.64,0.26,0.17,6.64
Mettl7a1,plex_2,,,,,,,0.81,0.68,0.54,0.4,0.19,1.72
Mettl7a1,plex_2,,,,,,,0.81,0.68,0.54,0.4,0.19,1.72
Mettl7a1,plex_2,,,,,,,0.81,0.68,0.54,0.4,0.19,1.72
Pgam1,plex_2,,,,,,,,,1.08,,,3.88
Pon3,plex_2,,,,,,,0.99,0.96,0.99,0.67,0.41,1.57
Grb2,plex_2,,,,,,,0.88,1.01,1.01,0.34,0.16,1.53
Grb2,plex_2,,,,,,,0.88,1.01,1.01,0.34,0.16,1.53
Grb2,plex_2,,,,,,,0.88,1.01,1.01,0.34,0.16,1.53
Grb2,plex_2,,,,,,,0.88,1.01,1.01,0.34,0.16,1.53
Mcat,plex_2,,,,,,,0.83,0.86,0.74,0.38,0.24,1.61
Pnp,plex_2,,,,,,,0.37,0.35,0.27,0.22,0.19,1.46
Glrx5,plex_2,,,,,,,,0.73,,,,0.81
Actr3,plex_2,,,,,,,0.75,0.55,0.88,0.37,0.32,1.22
Ank2,plex_2,,,,,,,0.61,0.65,0.9,0.22,0.19,1.22
Dnaja2,plex_2,,,,,,,0.54,0.7,0.56,0.31,0.15,0.94
Dnaja2,plex_2,,,,,,,0.54,0.7,0.56,0.31,0.15,0.94
Tmem182,plex_2,,,,,,,0.84,0.76,0.33,0.41,0.13,0.99
Tmem65,plex_2,,,,,,,0.6,0.88,1.07,0.33,0.25,1.49
Itgb1,plex_2,,,,,,,0.49,0.53,0.6,0.3,0.21,1.13
Mrpl12,plex_2,,,,,,,0.38,0.45,0.7,0.28,0.1,1.68
Isoc1,plex_2,,,,,,,0.62,0.69,0.58,0.31,0.19,0.91
Isoc1,plex_2,,,,,,,0.62,0.69,0.58,0.31,0.19,0.91
Mars,plex_2,,,,,,,1.04,1.06,1.0,0.45,,1.27
Epdr1,plex_2,,,,,,,1.06,0.79,0.88,0.28,0.21,1.49
Myh4,plex_2,,,,,,,,,,,,
Sept7,plex_2,,,,,,,0.73,0.58,0.77,0.48,0.2,1.31
Pcbp2,plex_2,,,,,,,0.76,0.51,0.45,0.3,0.17,1.41
Sgcb,plex_2,,,,,,,0.35,1.21,0.63,0.29,,1.08
Btf3,plex_2,,,,,,,0.4,0.56,,0.28,,1.52
Cast,plex_2,,,,,,,0.57,0.58,0.44,0.37,0.18,1.38
Cast,plex_2,,,,,,,0.57,0.58,0.44,0.37,0.18,1.38
Cast,plex_2,,,,,,,0.57,0.58,0.44,0.37,0.18,1.38
Ndufa11,plex_2,,,,,,,0.71,0.55,0.71,0.36,0.21,1.36
Ndufa11,plex_2,,,,,,,0.71,0.55,0.71,0.36,0.21,1.36
Ppa2,plex_2,,,,,,,0.72,0.86,0.87,0.42,0.48,1.83
Atp6v1a,plex_2,,,,,,,0.8,0.55,0.78,0.23,0.09,1.41
Atp6v1a,plex_2,,,,,,,0.8,0.55,0.78,0.23,0.09,1.41
Cyb5r3,plex_2,,,,,,,,,,,,
Cyb5r3,plex_2,,,,,,,,,,,,
Huwe1,plex_2,,,,,,,1.24,0.63,0.68,0.33,0.25,1.87
Huwe1,plex_2,,,,,,,1.24,0.63,0.68,0.33,0.25,1.87
Huwe1,plex_2,,,,,,,1.24,0.63,0.68,0.33,0.25,1.87
Myl2,plex_2,,,,,,,0.28,0.32,0.91,0.29,0.49,1.12
Bphl,plex_2,,,,,,,0.85,0.77,0.78,0.27,0.27,1.44
Bphl,plex_2,,,,,,,0.85,0.77,0.78,0.27,0.27,1.44
Cuta,plex_2,,,,,,,0.64,0.81,0.57,0.41,0.24,1.17
Cuta,plex_2,,,,,,,0.64,0.81,0.57,0.41,0.24,1.17
Gfm1,plex_2,,,,,,,0.81,0.7,0.76,0.7,0.35,1.79
Dtna,plex_2,,,,,,,0.74,0.88,0.62,0.34,0.28,1.22
Dtna,plex_2,,,,,,,0.74,0.88,0.62,0.34,0.28,1.22
Pdxk,plex_2,,,,,,,0.57,0.96,1.07,0.2,0.16,1.5
Pdxk,plex_2,,,,,,,0.57,0.96,1.07,0.2,0.16,1.5
Rpl32,plex_2,,,,,,,0.39,0.58,0.49,0.27,0.11,1.39
Rpl32,plex_2,,,,,,,0.39,0.58,0.49,0.27,0.11,1.39
Comt,plex_2,,,,,,,0.61,0.53,0.63,0.12,0.27,1.2
Comt,plex_2,,,,,,,0.61,0.53,0.63,0.12,0.27,1.2
Ldb3,plex_2,,,,,,,1.09,1.11,0.89,0.39,0.17,1.46
Vps4b,plex_2,,,,,,,,,,,,
Vps4b,plex_2,,,,,,,,,,,,
Vps29,plex_2,,,,,,,0.71,0.68,0.91,0.35,0.12,1.59
Vps29,plex_2,,,,,,,0.71,0.68,0.91,0.35,0.12,1.59
Serpina1b,plex_2,,,,,,,0.57,0.56,0.61,0.26,0.25,1.33
Perm1,plex_2,,,,,,,0.92,1.21,1.06,0.33,0.23,2.41
Rpl23a,plex_2,,,,,,,0.4,0.52,0.71,0.15,0.12,1.28
Rpl23a,plex_2,,,,,,,0.4,0.52,0.71,0.15,0.12,1.28
Rpl23a-ps3,plex_2,,,,,,,0.4,0.52,0.71,0.15,0.12,1.28
Rpl23a,plex_2,,,,,,,0.4,0.52,0.71,0.15,0.12,1.28
Nqo2,plex_2,,,,,,,0.62,0.53,0.52,0.26,0.07,1.22
Nqo2,plex_2,,,,,,,0.62,0.53,0.52,0.26,0.07,1.22
Nqo2,plex_2,,,,,,,0.62,0.53,0.52,0.26,0.07,1.22
Vps25,plex_2,,,,,,,0.97,0.99,0.95,,,2.46
Vps25,plex_2,,,,,,,0.97,0.99,0.95,,,2.46
Vps25,plex_2,,,,,,,0.97,0.99,0.95,,,2.46
Vps25,plex_2,,,,,,,0.97,0.99,0.95,,,2.46
Armt1,plex_2,,,,,,,1.9,,,,,0.8
Rab12,plex_2,,,,,,,0.57,0.78,1.03,0.34,0.13,1.32
Nek7,plex_2,,,,,,,0.74,0.84,0.72,0.3,0.15,1.8
Nek7,plex_2,,,,,,,0.74,0.84,0.72,0.3,0.15,1.8
,plex_2,,,,,,,0.74,0.84,0.72,0.3,0.15,1.8
Hsp90aa1,plex_2,,,,,,,0.46,1.01,0.5,0.19,,0.8
Eif3m,plex_2,,,,,,,0.98,0.64,0.74,0.34,0.18,2.08
Eif3m,plex_2,,,,,,,0.98,0.64,0.74,0.34,0.18,2.08
Gmps,plex_2,,,,,,,0.73,0.79,0.67,0.3,0.31,1.69
Homer1,plex_2,,,,,,,0.98,1.02,1.1,0.9,,1.07
Homer1,plex_2,,,,,,,0.98,1.02,1.1,0.9,,1.07
Homer1,plex_2,,,,,,,0.98,1.02,1.1,0.9,,1.07
Clptm1,plex_2,,,,,,,,0.92,0.7,0.44,,1.03
Apoa2,plex_2,,,,,,,,,,,,
Apoa2,plex_2,,,,,,,,,,,,
Apoa2,plex_2,,,,,,,,,,,,
Atox1,plex_2,,,,,,,0.71,0.83,0.74,0.43,0.13,1.53
Nexn,plex_2,,,,,,,0.89,0.77,0.83,0.33,0.18,2.56
Sars,plex_2,,,,,,,1.46,1.2,0.54,0.25,0.1,1.33
Sars,plex_2,,,,,,,1.46,1.2,0.54,0.25,0.1,1.33
Nid2,plex_2,,,,,,,0.42,0.89,0.81,0.41,,1.94
Nid2,plex_2,,,,,,,0.42,0.89,0.81,0.41,,1.94
Nid2,plex_2,,,,,,,0.42,0.89,0.81,0.41,,1.94
Nid2,plex_2,,,,,,,0.42,0.89,0.81,0.41,,1.94
NID-2,plex_2,,,,,,,0.42,0.89,0.81,0.41,,1.94
Marc2,plex_2,,,,,,,0.96,0.73,0.97,0.43,0.17,1.88
Cops5,plex_2,,,,,,,0.61,0.67,0.5,0.21,0.12,0.84
Gps1,plex_2,,,,,,,0.51,0.74,0.64,,,1.64
Eml2,plex_2,,,,,,,0.95,0.95,0.96,0.3,0.23,1.82
Eml2,plex_2,,,,,,,0.95,0.95,0.96,0.3,0.23,1.82
Etf1,plex_2,,,,,,,0.64,0.71,0.75,0.43,0.18,1.66
Sfpq,plex_2,,,,,,,0.54,0.6,0.9,0.21,0.23,1.32
Eno1,plex_2,,,,,,,0.73,0.77,1.05,0.48,0.25,1.37
Tmed10,plex_2,,,,,,,0.81,0.56,0.63,0.36,0.14,1.5
Nit1,plex_2,,,,,,,0.57,0.75,0.8,0.4,0.22,1.62
Nit1,plex_2,,,,,,,0.57,0.75,0.8,0.4,0.22,1.62
Cat,plex_2,,,,,,,0.6,0.43,0.61,0.39,0.22,1.36
Timm8a1,plex_2,,,,,,,0.31,0.48,1.04,0.29,0.21,1.67
Tfam,plex_2,,,,,,,0.69,0.82,0.73,0.33,0.22,1.46
Tfam,plex_2,,,,,,,0.69,0.82,0.73,0.33,0.22,1.46
Tfam,plex_2,,,,,,,0.69,0.82,0.73,0.33,0.22,1.46
Tfam,plex_2,,,,,,,0.69,0.82,0.73,0.33,0.22,1.46
Eif2s3y,plex_2,,,,,,,0.59,0.68,0.51,0.3,0.2,1.5
Gc,plex_2,,,,,,,0.71,0.57,0.87,0.2,0.23,1.36
Tubb2a,plex_2,,,,,,,0.35,0.19,0.5,0.45,,1.56
Cbfb,plex_2,,,,,,,0.97,0.95,1.1,0.61,0.16,2.19
Cbfb,plex_2,,,,,,,0.97,0.95,1.1,0.61,0.16,2.19
Cbfb,plex_2,,,,,,,0.97,0.95,1.1,0.61,0.16,2.19
Gpx1,plex_2,,,,,,,0.98,0.64,0.99,0.2,0.2,2.75
Ybx1,plex_2,,,,,,,,,,,,
Lcmt1,plex_2,,,,,,,0.75,0.73,0.57,0.32,0.23,1.14
Lcmt1,plex_2,,,,,,,0.75,0.73,0.57,0.32,0.23,1.14
Hist1h1e,plex_2,,,,,,,0.52,0.52,0.92,0.3,0.05,0.82
Matr3,plex_2,,,,,,,,,2.01,,,
Matr3,plex_2,,,,,,,,,2.01,,,
Matr3,plex_2,,,,,,,,,2.01,,,
Matr3,plex_2,,,,,,,,,2.01,,,
Purb,plex_2,,,,,,,,,,,,
,plex_2,,,,,,,1.19,1.01,0.71,0.53,,2.24
,plex_2,,,,,,,0.94,0.48,0.12,0.14,0.19,1.66
Mapk14,plex_2,,,,,,,0.81,0.69,0.64,0.37,0.15,1.13
Mapk14,plex_2,,,,,,,0.81,0.69,0.64,0.37,0.15,1.13
Mapk14,plex_2,,,,,,,0.81,0.69,0.64,0.37,0.15,1.13
Nedd8,plex_2,,,,,,,0.4,0.54,0.56,0.28,0.13,1.5
Lancl1,plex_2,,,,,,,0.95,,0.64,0.26,,1.65
Fam210a,plex_2,,,,,,,0.51,0.9,0.69,,,2.78
Rab6a,plex_2,,,,,,,0.72,0.91,0.88,0.31,0.19,0.86
Rab6a,plex_2,,,,,,,0.72,0.91,0.88,0.31,0.19,0.86
Hnrnpc,plex_2,,,,,,,0.75,0.81,1.12,,0.41,1.97
Hnrnpc,plex_2,,,,,,,0.75,0.81,1.12,,0.41,1.97
Hnrnpc,plex_2,,,,,,,0.75,0.81,1.12,,0.41,1.97
Hnrnpc,plex_2,,,,,,,0.75,0.81,1.12,,0.41,1.97
Hnrnpc,plex_2,,,,,,,0.75,0.81,1.12,,0.41,1.97
Gpx4,plex_2,,,,,,,0.67,0.64,0.53,0.31,0.18,1.29
Gpx4,plex_2,,,,,,,0.67,0.64,0.53,0.31,0.18,1.29
Rcsd1,plex_2,,,,,,,,,,,,
Rcsd1,plex_2,,,,,,,,,,,,
Lmnb2,plex_2,,,,,,,0.67,0.88,0.81,0.44,0.12,1.59
Lmnb2,plex_2,,,,,,,0.67,0.88,0.81,0.44,0.12,1.59
Marcks,plex_2,,,,,,,0.59,0.35,0.47,0.36,0.38,1.83
Marcks,plex_2,,,,,,,0.59,0.35,0.47,0.36,0.38,1.83
Vmp1,plex_2,,,,,,,,,,,,
Psmd14,plex_2,,,,,,,0.66,0.68,0.71,0.28,,2.12
Psmd14,plex_2,,,,,,,0.66,0.68,0.71,0.28,,2.12
Ptcd3,plex_2,,,,,,,0.49,0.59,0.91,0.5,0.34,1.3
Dnm2,plex_2,,,,,,,1.25,1.16,0.71,0.23,0.21,3.13
Dnm2,plex_2,,,,,,,1.25,1.16,0.71,0.23,0.21,3.13
Rabggta,plex_2,,,,,,,,,,,,
Rabggta,plex_2,,,,,,,,,,,,
Tmx4,plex_2,,,,,,,1.0,0.76,1.11,0.32,,1.53
Tmx4,plex_2,,,,,,,1.0,0.76,1.11,0.32,,1.53
ND3,plex_2,,,,,,,,,,,,
mt-Nd3,plex_2,,,,,,,,,,,,
Psmd12,plex_2,,,,,,,0.71,0.68,0.96,0.18,0.27,1.37
Apoh,plex_2,,,,,,,0.56,0.77,1.07,0.23,0.41,0.81
,plex_2,,,,,,,0.97,,,,,1.3
G8(anti-MRBC),plex_2,,,,,,,0.97,,,,,1.3
Igkv12-46,plex_2,,,,,,,0.97,,,,,1.3
,plex_2,,,,,,,0.97,,,,,1.3
Igkv12-41,plex_2,,,,,,,0.97,,,,,1.3
,plex_2,,,,,,,0.97,,,,,1.3
Nudt2,plex_2,,,,,,,0.57,0.72,0.93,0.32,0.31,1.93
Nudt2,plex_2,,,,,,,0.57,0.72,0.93,0.32,0.31,1.93
Nucb1,plex_2,,,,,,,1.61,0.64,2.19,0.17,,2.91
Slc27a1,plex_2,,,,,,,0.63,0.72,0.84,0.29,0.22,1.45
Slc27a1,plex_2,,,,,,,0.63,0.72,0.84,0.29,0.22,1.45
Slc27a1,plex_2,,,,,,,0.63,0.72,0.84,0.29,0.22,1.45
Ociad1,plex_2,,,,,,,,,,,,
Ociad1,plex_2,,,,,,,,,,,,
Ociad1,plex_2,,,,,,,,,,,,
Ociad1,plex_2,,,,,,,,,,,,
Rps27l,plex_2,,,,,,,,,1.19,0.37,0.68,1.08
Isca1,plex_2,,,,,,,0.48,0.77,0.44,0.3,0.17,0.84
AK157302,plex_2,,,,,,,0.48,0.77,0.44,0.3,0.17,0.84
Rmdn1,plex_2,,,,,,,0.83,0.93,1.21,0.33,0.23,1.49
Postn,plex_2,,,,,,,0.73,0.67,0.77,0.4,0.27,1.53
Postn,plex_2,,,,,,,0.73,0.67,0.77,0.4,0.27,1.53
Postn,plex_2,,,,,,,0.73,0.67,0.77,0.4,0.27,1.53
Postn,plex_2,,,,,,,0.73,0.67,0.77,0.4,0.27,1.53
Ddx6,plex_2,,,,,,,0.56,0.86,1.0,,0.22,1.96
Svil,plex_2,,,,,,,0.99,0.68,0.56,0.41,0.31,2.14
Ndufb1,plex_2,,,,,,,0.8,0.76,0.72,0.28,0.09,1.36
Hnrnpa1,plex_2,,,,,,,0.93,0.72,0.89,0.49,1.21,1.52
Vwa1,plex_2,,,,,,,,,,,,
Rps19,plex_2,,,,,,,0.7,0.56,0.63,0.3,0.2,1.54
Rps19,plex_2,,,,,,,0.7,0.56,0.63,0.3,0.2,1.54
Lpp,plex_2,,,,,,,0.53,0.26,0.26,0.44,,1.36
Lpp,plex_2,,,,,,,0.53,0.26,0.26,0.44,,1.36
Lpp,plex_2,,,,,,,0.53,0.26,0.26,0.44,,1.36
Hnrnph2,plex_2,,,,,,,,,,,,
Tmem256,plex_2,,,,,,,,,,,,
Sqrdl,plex_2,,,,,,,0.85,1.4,0.76,,0.26,1.65
Sqrdl,plex_2,,,,,,,0.85,1.4,0.76,,0.26,1.65
Sqrdl,plex_2,,,,,,,0.85,1.4,0.76,,0.26,1.65
Kng1,plex_2,,,,,,,0.57,0.5,0.8,0.44,0.15,1.82
Kng1,plex_2,,,,,,,0.57,0.5,0.8,0.44,0.15,1.82
Man2a2,plex_2,,,,,,,0.89,0.57,0.73,0.34,0.16,1.77
Rtca,plex_2,,,,,,,1.01,0.58,0.68,0.3,0.23,1.7
Rtca,plex_2,,,,,,,1.01,0.58,0.68,0.3,0.23,1.7
RtcA,plex_2,,,,,,,1.01,0.58,0.68,0.3,0.23,1.7
Rtca,plex_2,,,,,,,1.01,0.58,0.68,0.3,0.23,1.7
Rtca,plex_2,,,,,,,1.01,0.58,0.68,0.3,0.23,1.7
Uap1l1,plex_2,,,,,,,1.01,0.76,0.61,0.34,0.15,1.52
Uap1l1,plex_2,,,,,,,1.01,0.76,0.61,0.34,0.15,1.52
Gfm2,plex_2,,,,,,,,,,,,
Ccbl2,plex_2,,,,,,,0.76,0.86,0.81,0.42,0.22,1.94
Ccbl2,plex_2,,,,,,,0.76,0.86,0.81,0.42,0.22,1.94
Aqp1,plex_2,,,,,,,0.57,0.97,0.84,0.44,0.25,0.97
Aqp1,plex_2,,,,,,,0.57,0.97,0.84,0.44,0.25,0.97
Ranbp1,plex_2,,,,,,,0.47,1.05,0.91,0.36,,1.83
Ranbp1,plex_2,,,,,,,0.47,1.05,0.91,0.36,,1.83
Cops8,plex_2,,,,,,,0.6,0.53,0.57,0.33,0.25,1.77
Cops8,plex_2,,,,,,,0.6,0.53,0.57,0.33,0.25,1.77
Napg,plex_2,,,,,,,0.57,0.66,0.91,0.28,0.21,1.32
Mtm1,plex_2,,,,,,,0.47,0.59,0.52,0.39,0.18,1.01
Ndufaf3,plex_2,,,,,,,0.81,0.64,0.8,,,1.9
Eif3h,plex_2,,,,,,,0.88,0.81,0.48,0.46,0.15,1.41
Ptges3,plex_2,,,,,,,,,,,,
Ptges3,plex_2,,,,,,,,,,,,
Ptges3,plex_2,,,,,,,,,,,,
Ptges3,plex_2,,,,,,,,,,,,
Zadh2,plex_2,,,,,,,0.57,0.58,0.81,0.22,0.15,1.75
Zadh2,plex_2,,,,,,,0.57,0.58,0.81,0.22,0.15,1.75
Rps17,plex_2,,,,,,,1.26,0.83,0.45,0.27,0.28,1.58
Gsta4,plex_2,,,,,,,0.53,0.46,0.61,0.31,0.17,1.3
Nfu1,plex_2,,,,,,,1.12,0.91,1.35,0.44,,1.05
Nfu1,plex_2,,,,,,,1.12,0.91,1.35,0.44,,1.05
Nfu1,plex_2,,,,,,,1.12,0.91,1.35,0.44,,1.05
Grpel1,plex_2,,,,,,,0.71,0.78,0.79,0.16,0.16,1.75
Grpel1,plex_2,,,,,,,0.71,0.78,0.79,0.16,0.16,1.75
Smtn,plex_2,,,,,,,,0.63,0.56,,,1.05
Smtn,plex_2,,,,,,,,0.63,0.56,,,1.05
Calu,plex_2,,,,,,,0.88,0.84,0.9,0.4,0.25,1.59
Calu,plex_2,,,,,,,0.88,0.84,0.9,0.4,0.25,1.59
Ehd1,plex_2,,,,,,,0.71,0.52,0.47,0.33,0.18,1.43
Ehd1,plex_2,,,,,,,0.71,0.52,0.47,0.33,0.18,1.43
Ehd1,plex_2,,,,,,,0.71,0.52,0.47,0.33,0.18,1.43
Ehd1,plex_2,,,,,,,0.71,0.52,0.47,0.33,0.18,1.43
Ehd1,plex_2,,,,,,,0.71,0.52,0.47,0.33,0.18,1.43
Mlec,plex_2,,,,,,,0.58,0.67,0.59,0.35,0.19,1.35
Twf2,plex_2,,,,,,,,,,,,
Twf2,plex_2,,,,,,,,,,,,
Dynll2,plex_2,,,,,,,0.44,0.75,1.18,0.51,0.18,1.18
Dynll2,plex_2,,,,,,,0.44,0.75,1.18,0.51,0.18,1.18
Lrrc59,plex_2,,,,,,,0.78,1.09,1.55,0.54,,1.95
Vbp1,plex_2,,,,,,,1.0,1.6,1.39,,,3.77
Vbp1,plex_2,,,,,,,1.0,1.6,1.39,,,3.77
Mtx1,plex_2,,,,,,,0.46,0.53,0.75,0.42,0.2,2.11
Mtx1,plex_2,,,,,,,0.46,0.53,0.75,0.42,0.2,2.11
Mtx1,plex_2,,,,,,,0.46,0.53,0.75,0.42,0.2,2.11
Mtx1,plex_2,,,,,,,0.46,0.53,0.75,0.42,0.2,2.11
Wbp2,plex_2,,,,,,,0.82,0.8,0.57,0.29,0.25,4.47
Wbp2,plex_2,,,,,,,0.82,0.8,0.57,0.29,0.25,4.47
Wbp2,plex_2,,,,,,,0.82,0.8,0.57,0.29,0.25,4.47
Rpl15,plex_2,,,,,,,0.58,0.57,0.81,0.33,0.11,1.33
Gm10020,plex_2,,,,,,,0.58,0.57,0.81,0.33,0.11,1.33
Rpl15,plex_2,,,,,,,0.58,0.57,0.81,0.33,0.11,1.33
Rap2c,plex_2,,,,,,,0.64,0.58,0.54,0.56,0.15,1.41
Rap2a,plex_2,,,,,,,0.64,0.58,0.54,0.56,0.15,1.41
Rap2a,plex_2,,,,,,,0.64,0.58,0.54,0.56,0.15,1.41
Rap2b,plex_2,,,,,,,0.64,0.58,0.54,0.56,0.15,1.41
Coq5,plex_2,,,,,,,1.0,0.81,1.06,0.39,,1.61
Derl1,plex_2,,,,,,,0.68,0.74,0.84,0.36,0.21,1.37
Derl1,plex_2,,,,,,,0.68,0.74,0.84,0.36,0.21,1.37
Eif3f,plex_2,,,,,,,0.58,1.21,0.63,,,2.85
Eif3f,plex_2,,,,,,,0.58,1.21,0.63,,,2.85
Eif3f,plex_2,,,,,,,0.58,1.21,0.63,,,2.85
Eif3f,plex_2,,,,,,,0.58,1.21,0.63,,,2.85
Eif3f,plex_2,,,,,,,0.58,1.21,0.63,,,2.85
Mcee,plex_2,,,,,,,1.53,0.87,0.6,0.37,0.32,2.57
Farsb,plex_2,,,,,,,1.2,0.92,0.68,0.42,0.29,1.0
Dync1i2,plex_2,,,,,,,0.65,0.68,0.66,0.26,0.12,2.43
Fgb,plex_2,,,,,,,0.43,0.54,0.79,0.31,0.27,1.46
Pdap1,plex_2,,,,,,,0.45,0.63,0.7,0.17,0.14,1.5
Serpinc1,plex_2,,,,,,,0.66,0.75,0.59,0.28,0.2,1.03
Mfn1,plex_2,,,,,,,,0.76,0.36,,,2.33
Mfn1,plex_2,,,,,,,,0.76,0.36,,,2.33
Hnrnpdl,plex_2,,,,,,,0.52,0.47,0.92,,0.37,1.46
Ralb,plex_2,,,,,,,0.77,0.54,0.62,0.34,0.16,1.38
Ralb,plex_2,,,,,,,0.77,0.54,0.62,0.34,0.16,1.38
Rala,plex_2,,,,,,,0.77,0.54,0.62,0.34,0.16,1.38
Rala,plex_2,,,,,,,0.77,0.54,0.62,0.34,0.16,1.38
Col5a1,plex_2,,,,,,,1.09,0.52,0.56,0.4,0.23,1.93
Alpk3,plex_2,,,,,,,0.53,0.43,0.7,0.41,0.22,0.99
G3bp1,plex_2,,,,,,,0.46,0.6,0.6,0.26,0.26,0.8
Aup1,plex_2,,,,,,,,,,,,
Aup1,plex_2,,,,,,,,,,,,
,plex_2,,,,,,,,,,,,
Hspa1a,plex_2,,,,,,,0.77,0.72,1.15,0.25,0.37,1.36
Fus,plex_2,,,,,,,0.64,0.42,0.65,0.28,0.23,2.38
Fus,plex_2,,,,,,,0.64,0.42,0.65,0.28,0.23,2.38
Fus,plex_2,,,,,,,0.64,0.42,0.65,0.28,0.23,2.38
Fus,plex_2,,,,,,,0.64,0.42,0.65,0.28,0.23,2.38
Stoml2,plex_2,,,,,,,0.57,0.82,0.9,0.45,0.49,0.86
Lbr,plex_2,,,,,,,,,,,,
Uqcr11,plex_2,,,,,,,0.57,0.69,0.69,0.37,0.15,1.74
Esam,plex_2,,,,,,,0.68,1.01,0.71,0.22,0.15,1.84
Abi3bp,plex_2,,,,,,,1.03,0.43,1.01,0.41,0.16,0.86
Abi3bp,plex_2,,,,,,,1.03,0.43,1.01,0.41,0.16,0.86
Abi3bp,plex_2,,,,,,,1.03,0.43,1.01,0.41,0.16,0.86
Abi3bp,plex_2,,,,,,,1.03,0.43,1.01,0.41,0.16,0.86
Dhrs7b,plex_2,,,,,,,0.98,0.35,0.59,,,1.05
Myh13,plex_2,,,,,,,1.65,0.82,0.42,0.51,0.24,1.38
Sri,plex_2,,,,,,,,,0.61,,0.33,1.66
Sri,plex_2,,,,,,,,,0.61,,0.33,1.66
Rpl38,plex_2,,,,,,,0.37,0.51,1.27,0.2,0.17,1.32
Mrpl10,plex_2,,,,,,,,,,,,
Cox7c,plex_2,,,,,,,0.95,0.84,0.94,0.61,0.33,1.08
Ahnak2,plex_2,,,,,,,1.95,0.95,1.59,,0.98,21.85
Prmt1,plex_2,,,,,,,0.7,0.58,0.57,0.3,,0.63
Prmt1,plex_2,,,,,,,0.7,0.58,0.57,0.3,,0.63
Prmt1,plex_2,,,,,,,0.7,0.58,0.57,0.3,,0.63
Prmt1,plex_2,,,,,,,0.7,0.58,0.57,0.3,,0.63
Prmt1,plex_2,,,,,,,0.7,0.58,0.57,0.3,,0.63
Prmt1,plex_2,,,,,,,0.7,0.58,0.57,0.3,,0.63
Prmt1,plex_2,,,,,,,0.7,0.58,0.57,0.3,,0.63
Prmt1,plex_2,,,,,,,0.7,0.58,0.57,0.3,,0.63
Cald1,plex_2,,,,,,,1.08,0.9,0.77,0.29,0.25,4.53
Lama4,plex_2,,,,,,,0.57,0.23,1.02,0.22,0.28,0.73
Bzw2,plex_2,,,,,,,1.34,0.82,0.65,0.46,0.26,2.1
Mospd1,plex_2,,,,,,,0.65,0.62,0.45,0.34,0.16,1.6
Mospd1,plex_2,,,,,,,0.65,0.62,0.45,0.34,0.16,1.6
Mospd1,plex_2,,,,,,,0.65,0.62,0.45,0.34,0.16,1.6
Ap1m1,plex_2,,,,,,,0.69,,0.69,,,0.86
Hnrnpab,plex_2,,,,,,,1.44,1.01,0.77,0.57,,3.0
Hnrnpab,plex_2,,,,,,,1.44,1.01,0.77,0.57,,3.0
Hnrnpab,plex_2,,,,,,,1.44,1.01,0.77,0.57,,3.0
Hnrnpab,plex_2,,,,,,,1.44,1.01,0.77,0.57,,3.0
Hnrnpab,plex_2,,,,,,,1.44,1.01,0.77,0.57,,3.0
Pgls,plex_2,,,,,,,0.66,0.56,0.63,0.33,0.17,1.0
Pfkfb1,plex_2,,,,,,,1.19,0.65,0.45,0.26,,4.58
PSME2b,plex_2,,,,,,,,,,,,
Psme2,plex_2,,,,,,,,,,,,
Fam162a,plex_2,,,,,,,0.69,0.76,0.97,0.36,0.1,1.78
Cox7a2,plex_2,,,,,,,0.78,1.03,0.77,0.4,0.19,2.44
Pm20d2,plex_2,,,,,,,0.72,0.89,0.62,0.37,0.26,1.25
Rpl19,plex_2,,,,,,,0.61,0.73,0.73,0.42,0.18,1.38
Rpl19,plex_2,,,,,,,0.61,0.73,0.73,0.42,0.18,1.38
Usp14,plex_2,,,,,,,0.39,0.61,0.8,0.25,0.16,1.11
Usp14,plex_2,,,,,,,0.39,0.61,0.8,0.25,0.16,1.11
Usp14,plex_2,,,,,,,0.39,0.61,0.8,0.25,0.16,1.11
H2-Q7,plex_2,,,,,,,0.64,0.75,0.53,0.4,0.21,1.35
H2-Q7,plex_2,,,,,,,0.64,0.75,0.53,0.4,0.21,1.35
H2-Q9,plex_2,,,,,,,0.64,0.75,0.53,0.4,0.21,1.35
Sec23a,plex_2,,,,,,,1.17,1.19,0.92,0.43,0.37,1.93
Ddx5,plex_2,,,,,,,1.36,1.13,0.57,0.6,,2.09
Cbx3,plex_2,,,,,,,0.89,0.66,0.38,0.44,,1.37
Cbx3,plex_2,,,,,,,0.89,0.66,0.38,0.44,,1.37
Cbx3,plex_2,,,,,,,0.89,0.66,0.38,0.44,,1.37
Cbx3,plex_2,,,,,,,0.89,0.66,0.38,0.44,,1.37
Stbd1,plex_2,,,,,,,0.8,0.71,0.59,0.24,0.17,1.81
Stbd1,plex_2,,,,,,,0.8,0.71,0.59,0.24,0.17,1.81
Adh1,plex_2,,,,,,,0.74,0.56,0.69,0.3,0.19,1.36
Apeh,plex_2,,,,,,,0.7,0.45,0.75,0.26,0.25,1.3
Apeh,plex_2,,,,,,,0.7,0.45,0.75,0.26,0.25,1.3
Ppp3cb,plex_2,,,,,,,0.98,1.0,0.54,0.54,,2.1
Ppp3cb,plex_2,,,,,,,0.98,1.0,0.54,0.54,,2.1
Ppp3cb,plex_2,,,,,,,0.98,1.0,0.54,0.54,,2.1
Ppp3cb,plex_2,,,,,,,0.98,1.0,0.54,0.54,,2.1
Ppp3cb,plex_2,,,,,,,0.98,1.0,0.54,0.54,,2.1
Rpl3l,plex_2,,,,,,,0.52,0.54,0.53,0.28,0.11,1.62
Dpp3,plex_2,,,,,,,0.8,0.52,0.56,0.32,0.19,1.28
Dpp3,plex_2,,,,,,,0.8,0.52,0.56,0.32,0.19,1.28
Dpp3,plex_2,,,,,,,0.8,0.52,0.56,0.32,0.19,1.28
Tmed9,plex_2,,,,,,,,,,,,
Gnb1,plex_2,,,,,,,0.73,0.61,0.73,0.27,0.21,1.59
Bag2,plex_2,,,,,,,,,,,,
Mrpl49,plex_2,,,,,,,1.5,0.89,0.74,0.22,0.17,5.19
Fscn1,plex_2,,,,,,,0.81,0.94,1.26,0.23,0.14,1.96
Atp6v1e1,plex_2,,,,,,,0.53,1.02,0.69,0.29,0.2,1.71
Rpl24,plex_2,,,,,,,,,,,,1.56
Gcdh,plex_2,,,,,,,0.6,0.62,0.9,0.32,0.24,1.21
Gcdh,plex_2,,,,,,,0.6,0.62,0.9,0.32,0.24,1.21
Col5a2,plex_2,,,,,,,1.06,0.87,0.61,0.49,0.19,2.53
Kpna6,plex_2,,,,,,,1.48,0.65,0.58,0.45,,2.47
Kpna6,plex_2,,,,,,,1.48,0.65,0.58,0.45,,2.47
Vps36,plex_2,,,,,,,,,,,,
Ighg1,plex_2,,,,,,,1.42,,1.68,0.53,0.45,2.05
Srpra,plex_2,,,,,,,1.91,0.78,0.44,0.51,0.18,2.45
Kpna4,plex_2,,,,,,,0.43,0.79,0.8,0.32,,0.75
Kpna4,plex_2,,,,,,,0.43,0.79,0.8,0.32,,0.75
Kpna4,plex_2,,,,,,,0.43,0.79,0.8,0.32,,0.75
Prkag1,plex_2,,,,,,,0.88,1.11,0.92,0.84,0.41,1.42
Surf4,plex_2,,,,,,,,,,,,
Mylk,plex_2,,,,,,,0.77,0.54,0.57,0.32,0.15,3.27
Csde1,plex_2,,,,,,,0.76,0.73,1.03,0.32,0.29,1.65
Csde1,plex_2,,,,,,,0.76,0.73,1.03,0.32,0.29,1.65
Csde1,plex_2,,,,,,,0.76,0.73,1.03,0.32,0.29,1.65
Csde1,plex_2,,,,,,,0.76,0.73,1.03,0.32,0.29,1.65
Csde1,plex_2,,,,,,,0.76,0.73,1.03,0.32,0.29,1.65
Slc25a20,plex_2,,,,,,,0.66,0.94,1.24,0.35,0.2,1.07
Slc25a20,plex_2,,,,,,,0.66,0.94,1.24,0.35,0.2,1.07
Akt1s1,plex_2,,,,,,,0.89,0.61,0.44,0.23,,0.92
Akr1b7,plex_2,,,,,,,,,,,,
Acsl6,plex_2,,,,,,,0.73,0.75,0.87,0.34,0.15,1.56
Acsl6,plex_2,,,,,,,0.73,0.75,0.87,0.34,0.15,1.56
Pank4,plex_2,,,,,,,0.65,0.76,0.73,0.16,0.13,1.6
Pank4,plex_2,,,,,,,0.65,0.76,0.73,0.16,0.13,1.6
Lars,plex_2,,,,,,,0.92,0.56,0.71,0.42,0.05,1.4
Srp19,plex_2,,,,,,,0.57,0.64,1.75,,,1.73
Srp19,plex_2,,,,,,,0.57,0.64,1.75,,,1.73
Srp19,plex_2,,,,,,,0.57,0.64,1.75,,,1.73
Srp19,plex_2,,,,,,,0.57,0.64,1.75,,,1.73
Bckdhb,plex_2,,,,,,,0.39,0.4,0.61,0.36,0.12,1.83
Bckdhb,plex_2,,,,,,,0.39,0.4,0.61,0.36,0.12,1.83
Metap1,plex_2,,,,,,,0.6,0.57,0.54,0.27,0.1,1.2
Abcf3,plex_2,,,,,,,1.08,1.45,,,,1.64
Arpc5,plex_2,,,,,,,1.81,0.49,0.54,,,3.18
Arpc5,plex_2,,,,,,,1.81,0.49,0.54,,,3.18
Arpc5,plex_2,,,,,,,1.81,0.49,0.54,,,3.18
Arpc5,plex_2,,,,,,,1.81,0.49,0.54,,,3.18
Mdp1,plex_2,,,,,,,0.7,0.86,0.29,0.5,,1.6
Cul2,plex_2,,,,,,,0.78,0.68,0.52,0.3,0.21,1.19
Snx3,plex_2,,,,,,,0.75,0.63,0.66,0.32,0.18,1.61
Snx3,plex_2,,,,,,,0.75,0.63,0.66,0.32,0.18,1.61
Snx3,plex_2,,,,,,,0.75,0.63,0.66,0.32,0.18,1.61
Snx3,plex_2,,,,,,,0.75,0.63,0.66,0.32,0.18,1.61
Snx3,plex_2,,,,,,,0.75,0.63,0.66,0.32,0.18,1.61
Dctn2,plex_2,,,,,,,0.33,,0.46,,,0.93
Mmab,plex_2,,,,,,,,,,,,
Mmab,plex_2,,,,,,,,,,,,
Mmab,plex_2,,,,,,,,,,,,
Anxa1,plex_2,,,,,,,1.13,0.46,0.7,0.5,0.16,1.64
Cacng6,plex_2,,,,,,,,,,,,
Cacng6,plex_2,,,,,,,,,,,,
Cacng6,plex_2,,,,,,,,,,,,
Srsf1,plex_2,,,,,,,1.42,0.72,0.65,0.46,,9.03
Srsf1,plex_2,,,,,,,1.42,0.72,0.65,0.46,,9.03
Coq3,plex_2,,,,,,,0.59,0.65,1.01,0.33,0.19,1.51
Pgm5,plex_2,,,,,,,,1.09,0.43,,,1.51
Rab5c,plex_2,,,,,,,0.67,0.69,0.66,0.49,0.27,0.7
Rab5c,plex_2,,,,,,,0.67,0.69,0.66,0.49,0.27,0.7
Rab5c,plex_2,,,,,,,0.67,0.69,0.66,0.49,0.27,0.7
H2afv,plex_2,,,,,,,0.71,0.4,0.5,0.33,0.09,2.1
H2afz,plex_2,,,,,,,0.71,0.4,0.5,0.33,0.09,2.1
Fgg,plex_2,,,,,,,0.55,0.47,0.46,0.3,0.45,1.06
Fgg,plex_2,,,,,,,0.55,0.47,0.46,0.3,0.45,1.06
Pepd,plex_2,,,,,,,0.46,0.48,0.55,0.25,0.1,1.28
Nme1,plex_2,,,,,,,,,,,,
Pdk1,plex_2,,,,,,,1.58,,2.24,,,3.0
Pdk1,plex_2,,,,,,,1.58,,2.24,,,3.0
Pptc7,plex_2,,,,,,,0.44,0.86,1.24,0.5,0.31,0.76
Vps13c,plex_2,,,,,,,1.37,0.62,1.34,0.14,0.09,2.41
Anxa3,plex_2,,,,,,,0.8,0.55,0.59,0.13,,1.57
Sephs1,plex_2,,,,,,,1.2,0.73,0.16,0.46,,1.97
Sephs1,plex_2,,,,,,,1.2,0.73,0.16,0.46,,1.97
Sephs1,plex_2,,,,,,,1.2,0.73,0.16,0.46,,1.97
Ube4a,plex_2,,,,,,,0.61,0.6,0.64,0.28,0.23,0.56
Ube4a,plex_2,,,,,,,0.61,0.6,0.64,0.28,0.23,0.56
Mp68,plex_2,,,,,,,0.51,0.48,0.81,0.41,0.25,0.88
Nap1l1,plex_2,,,,,,,0.99,,0.87,0.33,,2.65
Nap1l1,plex_2,,,,,,,0.99,,0.87,0.33,,2.65
Armc1,plex_2,,,,,,,0.68,0.81,0.22,,,1.33
Acly,plex_2,,,,,,,1.17,1.02,,,,5.02
Pfdn2,plex_2,,,,,,,0.93,0.86,0.91,0.47,0.21,1.91
Dctn3,plex_2,,,,,,,0.91,0.95,0.72,0.36,0.13,0.88
Dctn3,plex_2,,,,,,,0.91,0.95,0.72,0.36,0.13,0.88
Lancl2,plex_2,,,,,,,,,,,,
Prkcq,plex_2,,,,,,,0.5,0.69,0.72,0.47,,1.18
Mrpl24,plex_2,,,,,,,0.77,1.14,1.47,0.79,,1.91
Rpl14-ps1,plex_2,,,,,,,0.92,0.65,0.84,0.29,0.15,2.48
Rpl14,plex_2,,,,,,,0.92,0.65,0.84,0.29,0.15,2.48
Tgfb1i1,plex_2,,,,,,,0.49,0.49,0.64,0.35,0.29,1.6
Arpc3,plex_2,,,,,,,0.99,0.7,0.57,0.55,0.34,1.09
Ppp6r3,plex_2,,,,,,,0.54,0.66,0.45,0.29,0.19,1.64
Ppp6r3,plex_2,,,,,,,0.54,0.66,0.45,0.29,0.19,1.64
Ppp6r3,plex_2,,,,,,,0.54,0.66,0.45,0.29,0.19,1.64
Ppp6r3,plex_2,,,,,,,0.54,0.66,0.45,0.29,0.19,1.64
Ppp6r3,plex_2,,,,,,,0.54,0.66,0.45,0.29,0.19,1.64
Arl8b,plex_2,,,,,,,1.45,0.57,1.27,0.3,0.27,0.76
Timm50,plex_2,,,,,,,0.59,0.63,1.12,0.45,0.23,2.17
Rpl5,plex_2,,,,,,,1.04,0.69,0.84,0.35,0.11,1.17
Rpl5,plex_2,,,,,,,1.04,0.69,0.84,0.35,0.11,1.17
Neb,plex_2,,,,,,,0.94,1.01,0.66,0.26,0.16,1.74
Prg2,plex_2,,,,,,,1.21,,0.15,1.48,,0.69
Pter,plex_2,,,,,,,0.39,0.65,0.72,0.4,0.27,0.99
Gna14,plex_2,,,,,,,0.91,0.41,0.44,0.27,0.21,0.98
Gna14,plex_2,,,,,,,0.91,0.41,0.44,0.27,0.21,0.98
Rps11,plex_2,,,,,,,0.66,0.89,0.73,0.35,,1.26
Rps11,plex_2,,,,,,,0.66,0.89,0.73,0.35,,1.26
Ppcs,plex_2,,,,,,,0.49,0.28,0.54,0.21,0.21,1.1
Mrps27,plex_2,,,,,,,0.5,0.55,0.78,0.27,0.1,1.52
Rpl31,plex_2,,,,,,,0.93,1.2,0.23,,,0.79
Rpl31,plex_2,,,,,,,0.93,1.2,0.23,,,0.79
Fxn,plex_2,,,,,,,0.49,0.48,0.43,0.29,0.42,0.79
Fxn,plex_2,,,,,,,0.49,0.48,0.43,0.29,0.42,0.79
Fxn,plex_2,,,,,,,0.49,0.48,0.43,0.29,0.42,0.79
Dpysl3,plex_2,,,,,,,1.0,0.71,0.79,0.26,0.19,2.07
Aspscr1,plex_2,,,,,,,1.03,0.65,0.25,0.25,0.08,2.74
Aspscr1,plex_2,,,,,,,1.03,0.65,0.25,0.25,0.08,2.74
Aspscr1,plex_2,,,,,,,1.03,0.65,0.25,0.25,0.08,2.74
Eif5,plex_2,,,,,,,1.7,,1.07,,,2.85
Mrpl19,plex_2,,,,,,,0.7,0.88,0.87,0.26,0.13,1.47
Mapre2,plex_2,,,,,,,0.51,0.65,0.74,0.37,0.29,1.25
Mapre2,plex_2,,,,,,,0.51,0.65,0.74,0.37,0.29,1.25
Mapre2,plex_2,,,,,,,0.51,0.65,0.74,0.37,0.29,1.25
Mapre2,plex_2,,,,,,,0.51,0.65,0.74,0.37,0.29,1.25
Tomm22,plex_2,,,,,,,0.74,1.22,1.31,0.35,,0.94
Sirt5,plex_2,,,,,,,0.78,1.04,0.96,0.34,,1.56
Ttn,plex_2,,,,,,,0.33,0.65,1.14,0.14,0.09,1.28
Snrpe,plex_2,,,,,,,0.44,0.33,0.62,0.29,0.35,1.96
Snrpe,plex_2,,,,,,,0.44,0.33,0.62,0.29,0.35,1.96
Snrpe,plex_2,,,,,,,0.44,0.33,0.62,0.29,0.35,1.96
Cyp4f39,plex_2,,,,,,,0.82,1.05,0.83,0.32,0.11,1.93
Cyp4f39,plex_2,,,,,,,0.82,1.05,0.83,0.32,0.11,1.93
Acacb,plex_2,,,,,,,0.7,0.78,0.95,0.38,0.22,1.47
Hras,plex_2,,,,,,,0.62,0.6,0.52,0.33,0.1,1.31
Rbm38,plex_2,,,,,,,1.09,0.81,1.38,0.82,,2.37
Copg2,plex_2,,,,,,,,1.28,,,,1.73
Copg2,plex_2,,,,,,,,1.28,,,,1.73
Ovos,plex_2,,,,,,,0.59,0.91,0.88,0.36,,2.6
Prdx4,plex_2,,,,,,,,,,,,
Prdx4,plex_2,,,,,,,,,,,,
Eif3e,plex_2,,,,,,,0.87,0.94,0.45,0.28,,1.15
Thy1,plex_2,,,,,,,0.42,0.61,0.63,0.47,,1.33
Thy1,plex_2,,,,,,,0.42,0.61,0.63,0.47,,1.33
Micu3,plex_2,,,,,,,0.82,0.8,0.82,,0.35,2.26
Trim63,plex_2,,,,,,,0.49,,1.41,,,
Trim63,plex_2,,,,,,,0.49,,1.41,,,
Trim63,plex_2,,,,,,,0.49,,1.41,,,
Trim63,plex_2,,,,,,,0.49,,1.41,,,
Trim63,plex_2,,,,,,,0.49,,1.41,,,
Prosc,plex_2,,,,,,,0.5,0.59,0.82,0.28,0.2,1.11
Prosc,plex_2,,,,,,,0.5,0.59,0.82,0.28,0.2,1.11
Tsr2,plex_2,,,,,,,0.78,1.32,1.06,0.22,0.59,1.9
Tsr2,plex_2,,,,,,,0.78,1.32,1.06,0.22,0.59,1.9
Tsr2,plex_2,,,,,,,0.78,1.32,1.06,0.22,0.59,1.9
Dynlrb1,plex_2,,,,,,,,,,,,
Dynlrb1,plex_2,,,,,,,,,,,,
Mpp6,plex_2,,,,,,,0.7,0.74,0.93,,0.47,1.47
Mpp6,plex_2,,,,,,,0.7,0.74,0.93,,0.47,1.47
Bcap31,plex_2,,,,,,,0.76,0.52,0.54,0.44,0.68,1.32
Gcsh,plex_2,,,,,,,0.16,0.7,0.57,,,1.02
Lrpap1,plex_2,,,,,,,0.94,0.86,0.99,0.5,0.24,2.02
Ruvbl1,plex_2,,,,,,,0.99,0.68,0.59,0.37,0.3,2.41
Lemd2,plex_2,,,,,,,0.76,0.66,,0.34,,1.34
Tnc,plex_2,,,,,,,2.96,,,,,2.2
Tnc,plex_2,,,,,,,2.96,,,,,2.2
Gcn1,plex_2,,,,,,,1.03,1.07,0.99,0.41,0.1,1.73
Mat2b,plex_2,,,,,,,,,,,,
Mat2b,plex_2,,,,,,,,,,,,
Mat2b,plex_2,,,,,,,,,,,,
Atp5e,plex_2,,,,,,,0.42,0.61,1.09,0.36,0.24,1.16
Atp5e,plex_2,,,,,,,0.42,0.61,1.09,0.36,0.24,1.16
Cul3,plex_2,,,,,,,0.62,0.7,0.59,0.25,0.16,1.26
,plex_2,,,,,,,0.7,0.61,0.76,0.27,0.17,1.52
Nutf2,plex_2,,,,,,,0.7,0.61,0.76,0.27,0.17,1.52
Osbp,plex_2,,,,,,,1.13,1.07,1.29,0.44,,2.6
Cndp2,plex_2,,,,,,,0.6,0.53,0.54,0.26,0.16,1.42
Rpl30,plex_2,,,,,,,0.88,0.73,0.84,,,1.73
Ufc1,plex_2,,,,,,,0.77,0.82,0.54,0.23,0.34,1.44
C2cd2,plex_2,,,,,,,1.53,0.81,0.77,0.18,,3.3
C2cd2,plex_2,,,,,,,1.53,0.81,0.77,0.18,,3.3
C2cd2,plex_2,,,,,,,1.53,0.81,0.77,0.18,,3.3
C2cd2,plex_2,,,,,,,1.53,0.81,0.77,0.18,,3.3
C2cd2,plex_2,,,,,,,1.53,0.81,0.77,0.18,,3.3
Agpat3,plex_2,,,,,,,0.63,0.26,0.92,,0.4,1.75
Agpat3,plex_2,,,,,,,0.63,0.26,0.92,,0.4,1.75
Man2c1,plex_2,,,,,,,1.37,0.86,0.62,0.23,,5.23
Ap2a2,plex_2,,,,,,,1.27,0.49,0.71,0.32,0.12,2.27
Sypl1,plex_2,,,,,,,0.57,0.6,0.61,0.44,0.23,0.55
Sypl1,plex_2,,,,,,,0.57,0.6,0.61,0.44,0.23,0.55
Sypl,plex_2,,,,,,,0.57,0.6,0.61,0.44,0.23,0.55
Sypl,plex_2,,,,,,,0.57,0.6,0.61,0.44,0.23,0.55
Cyb5a,plex_2,,,,,,,0.56,0.46,0.62,0.27,0.1,1.62
Cyb5a,plex_2,,,,,,,0.56,0.46,0.62,0.27,0.1,1.62
Hnrnpa0,plex_2,,,,,,,,,,,,
Mief2,plex_2,,,,,,,,,,,,
Hnrnpf,plex_2,,,,,,,0.95,0.57,0.61,0.42,0.16,1.61
Hnrnpf,plex_2,,,,,,,0.95,0.57,0.61,0.42,0.16,1.61
Ppid,plex_2,,,,,,,0.49,0.5,0.68,0.3,0.13,1.4
Ppid,plex_2,,,,,,,0.49,0.5,0.68,0.3,0.13,1.4
Ubap2l,plex_2,,,,,,,0.74,0.74,0.77,,,1.27
Ubap2l,plex_2,,,,,,,0.74,0.74,0.77,,,1.27
Ubap2l,plex_2,,,,,,,0.74,0.74,0.77,,,1.27
Ubap2l,plex_2,,,,,,,0.74,0.74,0.77,,,1.27
lig-2a,plex_2,,,,,,,0.74,0.74,0.77,,,1.27
Ubap2l,plex_2,,,,,,,0.74,0.74,0.77,,,1.27
Ubap2l,plex_2,,,,,,,0.74,0.74,0.77,,,1.27
Ubap2l,plex_2,,,,,,,0.74,0.74,0.77,,,1.27
Ubap2l,plex_2,,,,,,,0.74,0.74,0.77,,,1.27
Ubap2l,plex_2,,,,,,,0.74,0.74,0.77,,,1.27
Ndufa1,plex_2,,,,,,,0.66,1.0,,,,1.49
Capns1,plex_2,,,,,,,,,,,,
Kcnj11,plex_2,,,,,,,0.91,1.3,1.04,0.44,,2.75
Kcnj11,plex_2,,,,,,,0.91,1.3,1.04,0.44,,2.75
Rpl18a,plex_2,,,,,,,0.86,0.66,0.87,0.34,0.19,1.69
Rpl18a,plex_2,,,,,,,0.86,0.66,0.87,0.34,0.19,1.69
H2afy,plex_2,,,,,,,0.79,0.71,0.87,0.34,0.32,1.25
H2afy,plex_2,,,,,,,0.79,0.71,0.87,0.34,0.32,1.25
Hnrnpl,plex_2,,,,,,,0.65,0.69,0.69,0.38,0.16,1.25
Hnrnpl,plex_2,,,,,,,0.65,0.69,0.69,0.38,0.16,1.25
Hnrnpl,plex_2,,,,,,,0.65,0.69,0.69,0.38,0.16,1.25
Hnrnpl,plex_2,,,,,,,0.65,0.69,0.69,0.38,0.16,1.25
Chordc1,plex_2,,,,,,,0.98,0.82,0.63,0.37,0.2,1.84
Acta1,plex_2,,,,,,,0.81,0.9,0.77,0.49,0.32,0.99
Gspt1,plex_2,,,,,,,0.68,0.55,0.59,,,1.52
Gspt2,plex_2,,,,,,,0.68,0.55,0.59,,,1.52
Gspt1,plex_2,,,,,,,0.68,0.55,0.59,,,1.52
Sugt1,plex_2,,,,,,,,,,,,
Psmd8,plex_2,,,,,,,0.75,0.75,0.58,0.4,0.29,1.64
Stk26,plex_2,,,,,,,0.62,0.48,0.58,0.27,,1.03
Stk26,plex_2,,,,,,,0.62,0.48,0.58,0.27,,1.03
Snx2,plex_2,,,,,,,,,,,,
Pitpna,plex_2,,,,,,,0.56,0.82,0.54,0.29,0.14,1.48
Pitpna,plex_2,,,,,,,0.56,0.82,0.54,0.29,0.14,1.48
Nos1,plex_2,,,,,,,0.78,0.71,0.73,0.48,0.23,1.38
Nos1,plex_2,,,,,,,0.78,0.71,0.73,0.48,0.23,1.38
Nos1,plex_2,,,,,,,0.78,0.71,0.73,0.48,0.23,1.38
Nos1,plex_2,,,,,,,0.78,0.71,0.73,0.48,0.23,1.38
Itih4,plex_2,,,,,,,3.53,1.17,1.01,,,0.83
Itih4,plex_2,,,,,,,3.53,1.17,1.01,,,0.83
Itih4,plex_2,,,,,,,3.53,1.17,1.01,,,0.83
Map4,plex_2,,,,,,,0.73,0.69,0.37,0.42,0.2,1.41
Pdlim1,plex_2,,,,,,,0.99,0.7,0.52,,,0.82
Pdlim1,plex_2,,,,,,,0.99,0.7,0.52,,,0.82
Pdlim1,plex_2,,,,,,,0.99,0.7,0.52,,,0.82
Irgm1,plex_2,,,,,,,1.26,0.74,0.97,0.77,0.29,1.52
Irgm1,plex_2,,,,,,,1.26,0.74,0.97,0.77,0.29,1.52
Glul,plex_2,,,,,,,0.64,0.8,0.65,0.29,0.11,2.59
,plex_2,,,,,,,0.64,0.8,0.65,0.29,0.11,2.59
Glul,plex_2,,,,,,,0.64,0.8,0.65,0.29,0.11,2.59
,plex_2,,,,,,,0.64,0.8,0.65,0.29,0.11,2.59
Sorbs2,plex_2,,,,,,,1.12,0.62,0.75,0.27,0.15,3.04
Sorbs2,plex_2,,,,,,,1.12,0.62,0.75,0.27,0.15,3.04
Sec61b,plex_2,,,,,,,0.29,0.42,1.07,0.33,0.12,0.51
Mapre1,plex_2,,,,,,,,,,,,1.24
Ggct,plex_2,,,,,,,0.57,0.68,0.52,0.27,0.07,1.16
Adrm1,plex_2,,,,,,,0.64,0.38,0.09,,,0.93
L7rn6,plex_2,,,,,,,0.73,0.69,0.53,0.29,,0.88
L7rn6,plex_2,,,,,,,0.73,0.69,0.53,0.29,,0.88
l7Rn6,plex_2,,,,,,,0.73,0.69,0.53,0.29,,0.88
Txndc17,plex_2,,,,,,,0.53,0.56,0.65,0.33,0.12,0.98
Psmb5,plex_2,,,,,,,0.59,0.63,0.71,,,0.88
Oplah,plex_2,,,,,,,0.79,0.99,1.16,0.32,0.2,3.8
Tbcb,plex_2,,,,,,,,,,,,
Nif3l1,plex_2,,,,,,,,,,,,
Atp6v1b2,plex_2,,,,,,,1.26,1.01,0.79,0.77,0.35,1.65
Emc10,plex_2,,,,,,,2.63,1.13,0.66,0.21,,8.57
Emc10,plex_2,,,,,,,2.63,1.13,0.66,0.21,,8.57
Emc10,plex_2,,,,,,,2.63,1.13,0.66,0.21,,8.57
Slirp,plex_2,,,,,,,0.56,0.57,0.82,0.35,0.19,2.04
Art1,plex_2,,,,,,,0.91,0.92,1.13,0.55,0.49,1.06
Cisd2,plex_2,,,,,,,0.7,0.67,0.75,0.39,0.21,1.4
Sept9,plex_2,,,,,,,0.52,0.44,1.06,0.21,,1.01
Sept9,plex_2,,,,,,,0.52,0.44,1.06,0.21,,1.01
Sept9,plex_2,,,,,,,0.52,0.44,1.06,0.21,,1.01
Sept9,plex_2,,,,,,,0.52,0.44,1.06,0.21,,1.01
Sept9,plex_2,,,,,,,0.52,0.44,1.06,0.21,,1.01
Sept9,plex_2,,,,,,,0.52,0.44,1.06,0.21,,1.01
Pnpt1,plex_2,,,,,,,0.7,0.84,0.89,0.35,0.18,1.14
Pnpt1,plex_2,,,,,,,0.7,0.84,0.89,0.35,0.18,1.14
Pnpt1,plex_2,,,,,,,0.7,0.84,0.89,0.35,0.18,1.14
Txn2,plex_2,,,,,,,0.57,0.76,0.79,0.25,,1.09
Txn2,plex_2,,,,,,,0.57,0.76,0.79,0.25,,1.09
Cacnb3,plex_2,,,,,,,2.33,,1.92,,,9.38
Tomm70,plex_2,,,,,,,0.7,0.55,0.55,0.28,0.12,1.31
Nomo1,plex_2,,,,,,,0.78,0.74,0.65,0.4,,1.28
Actr1b,plex_2,,,,,,,0.63,0.57,1.05,0.21,0.21,1.29
Memo1,plex_2,,,,,,,1.56,0.95,0.73,0.3,0.3,1.72
Pmpcb,plex_2,,,,,,,0.72,1.03,0.69,0.12,,1.72
Pmpcb,plex_2,,,,,,,0.72,1.03,0.69,0.12,,1.72
Mlycd,plex_2,,,,,,,0.53,0.56,0.73,0.07,0.15,1.3
Cops6,plex_2,,,,,,,0.76,0.52,0.76,,0.24,1.2
Cops6,plex_2,,,,,,,0.76,0.52,0.76,,0.24,1.2
Tnnc1,plex_2,,,,,,,0.17,0.57,0.7,0.23,0.14,1.41
Itih2,plex_2,,,,,,,0.56,0.45,0.61,0.23,0.27,1.23
Ptms,plex_2,,,,,,,0.75,0.67,0.73,0.39,,1.2
Tbc1d1,plex_2,,,,,,,1.44,0.41,1.51,,,1.27
Ngly1,plex_2,,,,,,,,,,,,
Coa3,plex_2,,,,,,,,,,,,
Lace1,plex_2,,,,,,,2.1,1.57,0.93,0.29,,7.99
Rps21,plex_2,,,,,,,0.92,0.4,0.74,0.36,0.13,1.35
mCG_6739,plex_2,,,,,,,0.92,0.4,0.74,0.36,0.13,1.35
Wfs1,plex_2,,,,,,,0.65,0.72,0.5,0.28,0.15,1.33
Wfs1,plex_2,,,,,,,0.65,0.72,0.5,0.28,0.15,1.33
Wfs1,plex_2,,,,,,,0.65,0.72,0.5,0.28,0.15,1.33
Dstn,plex_2,,,,,,,0.9,0.67,0.72,0.3,0.11,1.16
Tpm1,plex_2,,,,,,,0.54,0.4,1.38,0.3,0.19,2.01
Tmem143,plex_2,,,,,,,,,,,,
Tmem143,plex_2,,,,,,,,,,,,
Tmem143,plex_2,,,,,,,,,,,,
,plex_2,,,,,,,,,,,,
Igkv12-44,plex_2,,,,,,,,,,,,
,plex_2,,,,,,,,,,,,
Cutc,plex_2,,,,,,,0.94,0.93,1.37,0.62,0.26,2.1
Cutc,plex_2,,,,,,,0.94,0.93,1.37,0.62,0.26,2.1
Khsrp,plex_2,,,,,,,1.0,1.34,0.98,0.26,,3.79
Tst,plex_2,,,,,,,,,,,,
Crk,plex_2,,,,,,,,0.58,0.45,,,0.89
Pdcd6,plex_2,,,,,,,,,,,,
Pdcd6,plex_2,,,,,,,,,,,,
Pdcd6,plex_2,,,,,,,,,,,,
Pdcd6,plex_2,,,,,,,,,,,,
Tnmd,plex_2,,,,,,,1.4,,0.57,,,1.06
Dhx15,plex_2,,,,,,,1.01,0.65,0.4,0.32,0.22,0.84
Arcn1,plex_2,,,,,,,0.24,0.54,0.52,0.24,0.11,1.05
Arcn1,plex_2,,,,,,,0.24,0.54,0.52,0.24,0.11,1.05
Edf1,plex_2,,,,,,,0.65,0.39,0.53,0.27,0.14,1.47
Nudt21,plex_2,,,,,,,,,,,,
Rhog,plex_2,,,,,,,,0.62,,,,2.13
Blvrb,plex_2,,,,,,,0.55,0.46,0.53,0.24,0.42,1.12
Eef1a1,plex_2,,,,,,,,,,,,
fau,plex_2,,,,,,,0.08,1.24,0.33,0.56,,0.65
,plex_2,,,,,,,0.08,1.24,0.33,0.56,,0.65
Fau,plex_2,,,,,,,0.08,1.24,0.33,0.56,,0.65
fau,plex_2,,,,,,,0.08,1.24,0.33,0.56,,0.65
Fau,plex_2,,,,,,,0.08,1.24,0.33,0.56,,0.65
Dffa,plex_2,,,,,,,0.27,0.54,0.61,0.32,0.21,0.82
Tor1aip1,plex_2,,,,,,,0.62,0.69,0.54,0.39,0.13,1.71
Tor1aip1,plex_2,,,,,,,0.62,0.69,0.54,0.39,0.13,1.71
Snrpd3,plex_2,,,,,,,0.49,0.67,0.68,0.2,0.19,1.39
Snrpd3,plex_2,,,,,,,0.49,0.67,0.68,0.2,0.19,1.39
Arhgap1,plex_2,,,,,,,0.68,0.62,0.5,0.3,0.15,1.91
Krt76,plex_2,,,,,,,0.21,2.22,0.3,0.32,0.06,2.16
Otub1,plex_2,,,,,,,0.83,0.7,0.73,0.35,0.21,1.37
Otub1,plex_2,,,,,,,0.83,0.7,0.73,0.35,0.21,1.37
Tmc7,plex_2,,,,,,,1.17,1.07,0.88,0.15,0.22,7.61
Tmc7,plex_2,,,,,,,1.17,1.07,0.88,0.15,0.22,7.61
Tacc2,plex_2,,,,,,,0.99,0.78,0.77,0.41,0.29,1.1
Pxn,plex_2,,,,,,,1.54,0.87,0.84,,,2.63
Pxn,plex_2,,,,,,,1.54,0.87,0.84,,,2.63
Pxn,plex_2,,,,,,,1.54,0.87,0.84,,,2.63
Pxn,plex_2,,,,,,,1.54,0.87,0.84,,,2.63
Pxn,plex_2,,,,,,,1.54,0.87,0.84,,,2.63
Pxn,plex_2,,,,,,,1.54,0.87,0.84,,,2.63
Tspan8,plex_2,,,,,,,0.9,0.57,0.58,0.24,,1.88
Anp32e,plex_2,,,,,,,0.47,0.48,0.95,0.3,0.06,1.24
Anp32e,plex_2,,,,,,,0.47,0.48,0.95,0.3,0.06,1.24
2210016F16Rik,plex_2,,,,,,,1.3,0.76,1.1,0.22,,1.79
Eif3l,plex_2,,,,,,,0.96,0.62,0.51,0.38,0.16,1.07
Tbrg4,plex_2,,,,,,,,,,,,
Tbrg4,plex_2,,,,,,,,,,,,
Prph,plex_2,,,,,,,,,,,,
Clic5,plex_2,,,,,,,0.37,0.45,0.81,0.33,,0.79
Copb1,plex_2,,,,,,,1.21,0.56,0.82,0.4,0.1,1.46
Gkn2,plex_2,,,,,,,0.63,0.98,,,,3.22
Myl6b,plex_2,,,,,,,0.22,0.54,1.91,0.16,0.13,1.39
Coro6,plex_2,,,,,,,0.62,0.46,0.69,0.22,0.29,1.4
Coro6,plex_2,,,,,,,0.62,0.46,0.69,0.22,0.29,1.4
Pafah1b2,plex_2,,,,,,,1.34,0.7,0.84,,0.42,1.77
Pafah1b2,plex_2,,,,,,,1.34,0.7,0.84,,0.42,1.77
Pfkm,plex_2,,,,,,,1.82,0.76,,,,2.55
Snx12,plex_2,,,,,,,0.68,0.52,0.69,0.29,0.15,1.43
Snx12,plex_2,,,,,,,0.68,0.52,0.69,0.29,0.15,1.43
Snx12,plex_2,,,,,,,0.68,0.52,0.69,0.29,0.15,1.43
Syncrip,plex_2,,,,,,,0.8,0.55,0.67,0.22,0.15,1.38
Syncrip,plex_2,,,,,,,0.8,0.55,0.67,0.22,0.15,1.38
Syncrip,plex_2,,,,,,,0.8,0.55,0.67,0.22,0.15,1.38
Syncrip,plex_2,,,,,,,0.8,0.55,0.67,0.22,0.15,1.38
Syncrip,plex_2,,,,,,,0.8,0.55,0.67,0.22,0.15,1.38
Ndufs1,plex_2,,,,,,,0.79,0.6,,0.53,0.26,1.29
Ago2,plex_2,,,,,,,0.91,0.78,0.69,0.3,0.17,3.21
Lrrc57,plex_2,,,,,,,0.69,0.75,5.01,0.24,0.24,1.25
Alyref,plex_2,,,,,,,0.67,1.11,0.49,,,1.84
Tmem230,plex_2,,,,,,,,1.06,,,,1.21
Fetub,plex_2,,,,,,,0.6,0.4,0.58,0.11,0.18,1.45
Fetub,plex_2,,,,,,,0.6,0.4,0.58,0.11,0.18,1.45
Fetub,plex_2,,,,,,,0.6,0.4,0.58,0.11,0.18,1.45
Fetub,plex_2,,,,,,,0.6,0.4,0.58,0.11,0.18,1.45
Oxsm,plex_2,,,,,,,,,,,,
Oxsm,plex_2,,,,,,,,,,,,
Oxsm,plex_2,,,,,,,,,,,,
Rdh11,plex_2,,,,,,,,0.48,,,,
Rdh11,plex_2,,,,,,,,0.48,,,,
Serpinf1,plex_2,,,,,,,0.81,0.79,0.4,0.4,,1.51
Gaa,plex_2,,,,,,,1.58,,1.13,,,1.24
Gaa,plex_2,,,,,,,1.58,,1.13,,,1.24
Cops7a,plex_2,,,,,,,,,,,,
Cops7a,plex_2,,,,,,,,,,,,
,plex_2,,,,,,,0.3,0.59,0.65,0.38,0.2,0.82
Rap1gds1,plex_2,,,,,,,0.3,0.59,0.65,0.38,0.2,0.82
Trmt1l,plex_2,,,,,,,0.86,0.88,0.65,0.26,0.2,1.81
Trmt1l,plex_2,,,,,,,0.86,0.88,0.65,0.26,0.2,1.81
2210010C04Rik,plex_2,,,,,,,1.72,0.72,0.82,0.24,0.08,1.14
2210010C04Rik,plex_2,,,,,,,1.72,0.72,0.82,0.24,0.08,1.14
Sfn,plex_2,,,,,,,,,,,,
Pef1,plex_2,,,,,,,,,,,,
Ckap5,plex_2,,,,,,,0.53,0.59,0.68,0.22,0.15,1.95
Slc44a2,plex_2,,,,,,,0.91,0.52,0.63,0.36,,0.99
Slc44a2,plex_2,,,,,,,0.91,0.52,0.63,0.36,,0.99
Vat1,plex_2,,,,,,,1.38,0.88,0.75,0.46,0.08,3.9
Vat1,plex_2,,,,,,,1.38,0.88,0.75,0.46,0.08,3.9
Vat1,plex_2,,,,,,,1.38,0.88,0.75,0.46,0.08,3.9
Vat1,plex_2,,,,,,,1.38,0.88,0.75,0.46,0.08,3.9
Cotl1,plex_2,,,,,,,,,,,,
Plk1,plex_2,,,,,,,0.67,0.72,0.62,0.27,0.11,1.74
Npc2,plex_2,,,,,,,,,,,,
Npc2,plex_2,,,,,,,,,,,,
Npc2,plex_2,,,,,,,,,,,,
Npc2,plex_2,,,,,,,,,,,,
Pfdn6,plex_2,,,,,,,0.65,0.55,0.78,0.31,0.21,1.61
Pfdn6,plex_2,,,,,,,0.65,0.55,0.78,0.31,0.21,1.61
,plex_2,,,,,,,0.53,0.85,0.61,0.31,0.11,1.36
0610037L13Rik,plex_2,,,,,,,0.53,0.85,0.61,0.31,0.11,1.36
,plex_2,,,,,,,0.53,0.85,0.61,0.31,0.11,1.36
Sh3kbp1,plex_2,,,,,,,0.85,0.54,0.96,0.22,0.07,1.43
Sh3kbp1,plex_2,,,,,,,0.85,0.54,0.96,0.22,0.07,1.43
Sh3kbp1,plex_2,,,,,,,0.85,0.54,0.96,0.22,0.07,1.43
Sh3kbp1,plex_2,,,,,,,0.85,0.54,0.96,0.22,0.07,1.43
Sh3kbp1,plex_2,,,,,,,0.85,0.54,0.96,0.22,0.07,1.43
Sh3kbp1,plex_2,,,,,,,0.85,0.54,0.96,0.22,0.07,1.43
Ywhaq,plex_2,,,,,,,,0.61,0.65,,,0.76
Ywhaq,plex_2,,,,,,,,0.61,0.65,,,0.76
Ptrh2,plex_2,,,,,,,,,,,,
Ciapin1,plex_2,,,,,,,,,,,,
Ciapin1,plex_2,,,,,,,,,,,,
Ruvbl2,plex_2,,,,,,,0.86,0.61,0.59,0.41,0.35,2.63
Ruvbl2,plex_2,,,,,,,0.86,0.61,0.59,0.41,0.35,2.63
Dst,plex_2,,,,,,,1.15,0.71,0.85,0.4,0.19,2.21
Col2a1,plex_2,,,,,,,1.76,0.54,0.36,0.31,0.24,1.69
Col2a1,plex_2,,,,,,,1.76,0.54,0.36,0.31,0.24,1.69
Col2a1,plex_2,,,,,,,1.76,0.54,0.36,0.31,0.24,1.69
Col2a1,plex_2,,,,,,,1.76,0.54,0.36,0.31,0.24,1.69
Col2a1,plex_2,,,,,,,1.76,0.54,0.36,0.31,0.24,1.69
Col2a1,plex_2,,,,,,,1.76,0.54,0.36,0.31,0.24,1.69
Col2a1,plex_2,,,,,,,1.76,0.54,0.36,0.31,0.24,1.69
Cdc42,plex_2,,,,,,,1.04,0.64,0.65,0.62,0.23,1.34
Cdc42,plex_2,,,,,,,1.04,0.64,0.65,0.62,0.23,1.34
Pld2,plex_2,,,,,,,,,,,,
Pld2,plex_2,,,,,,,,,,,,
Tollip,plex_2,,,,,,,1.03,1.32,1.81,0.35,,1.93
Tollip,plex_2,,,,,,,1.03,1.32,1.81,0.35,,1.93
Tollip,plex_2,,,,,,,1.03,1.32,1.81,0.35,,1.93
Tollip,plex_2,,,,,,,1.03,1.32,1.81,0.35,,1.93
Ptbp1,plex_2,,,,,,,0.71,0.45,0.68,0.39,0.13,1.56
Ptbp1,plex_2,,,,,,,0.71,0.45,0.68,0.39,0.13,1.56
Ptbp1,plex_2,,,,,,,0.71,0.45,0.68,0.39,0.13,1.56
Ptbp1,plex_2,,,,,,,0.71,0.45,0.68,0.39,0.13,1.56
Ptbp1,plex_2,,,,,,,0.71,0.45,0.68,0.39,0.13,1.56
Ptbp1,plex_2,,,,,,,0.71,0.45,0.68,0.39,0.13,1.56
Ptbp1,plex_2,,,,,,,0.71,0.45,0.68,0.39,0.13,1.56
Ptbp1,plex_2,,,,,,,0.71,0.45,0.68,0.39,0.13,1.56
Ptbp1,plex_2,,,,,,,0.71,0.45,0.68,0.39,0.13,1.56
Ptbp1,plex_2,,,,,,,0.71,0.45,0.68,0.39,0.13,1.56
Ptbp1,plex_2,,,,,,,0.71,0.45,0.68,0.39,0.13,1.56
Ptbp1,plex_2,,,,,,,0.71,0.45,0.68,0.39,0.13,1.56
Ptbp1,plex_2,,,,,,,0.71,0.45,0.68,0.39,0.13,1.56
Abcb7,plex_2,,,,,,,0.48,0.52,0.71,0.33,0.06,1.67
Sgcd,plex_2,,,,,,,0.56,0.68,0.77,0.26,0.17,1.2
Phospho1,plex_2,,,,,,,0.79,0.99,0.74,0.35,,1.9
Phospho1,plex_2,,,,,,,0.79,0.99,0.74,0.35,,1.9
Bola3,plex_2,,,,,,,0.53,0.47,0.89,0.43,0.13,1.47
Bola3,plex_2,,,,,,,0.53,0.47,0.89,0.43,0.13,1.47
Bola3,plex_2,,,,,,,0.53,0.47,0.89,0.43,0.13,1.47
Bola3,plex_2,,,,,,,0.53,0.47,0.89,0.43,0.13,1.47
Vps18,plex_2,,,,,,,1.03,0.75,0.53,0.39,0.26,1.62
Vps18,plex_2,,,,,,,1.03,0.75,0.53,0.39,0.26,1.62
Cecr5,plex_2,,,,,,,1.09,0.9,0.89,0.7,,2.16
Txndc12,plex_2,,,,,,,0.39,0.43,0.67,0.29,0.14,1.4
Nedd4l,plex_2,,,,,,,,,,,,
Nedd4l,plex_2,,,,,,,,,,,,
Amy2,plex_2,,,,,,,1.43,,1.01,0.69,,1.02
Hook2,plex_2,,,,,,,,,,,,
Serac1,plex_2,,,,,,,1.07,0.87,1.44,0.15,,1.21
Serac1,plex_2,,,,,,,1.07,0.87,1.44,0.15,,1.21
Ptrf,plex_2,,,,,,,0.73,0.66,0.6,0.39,0.17,1.64
Parva,plex_2,,,,,,,0.77,0.68,0.73,0.45,0.13,1.03
Parva,plex_2,,,,,,,0.77,0.68,0.73,0.45,0.13,1.03
Obsl1,plex_2,,,,,,,0.69,0.81,0.71,,,1.49
Adhfe1,plex_2,,,,,,,,,,,,
Adhfe1,plex_2,,,,,,,,,,,,
Adhfe1,plex_2,,,,,,,,,,,,
Mtfr1l,plex_2,,,,,,,,,2.35,,,3.62
Mtif2,plex_2,,,,,,,0.42,0.71,1.25,0.19,0.15,0.84
Ckb,plex_2,,,,,,,0.96,0.63,0.8,0.36,0.13,1.93
Ppp2r5a,plex_2,,,,,,,0.58,0.75,0.77,0.44,0.15,1.08
Abca5,plex_2,,,,,,,,,,,,
Smyd2,plex_2,,,,,,,0.76,0.61,0.56,0.29,0.11,1.59
Tnni1,plex_2,,,,,,,0.85,0.52,0.74,,,0.9
Tnni1,plex_2,,,,,,,0.85,0.52,0.74,,,0.9
Tnni1,plex_2,,,,,,,0.85,0.52,0.74,,,0.9
Carns1,plex_2,,,,,,,0.84,,0.58,,,1.61
Carns1,plex_2,,,,,,,0.84,,0.58,,,1.61
Carns1,plex_2,,,,,,,0.84,,0.58,,,1.61
Kiaa1161,plex_2,,,,,,,1.27,0.93,0.92,,,5.03
DXS254E,plex_2,,,,,,,,,,,,
,plex_2,,,,,,,,,,,,
Tu11,plex_2,,,,,,,,,,,,
Ubl4a,plex_2,,,,,,,,,,,,
Ap2b1,plex_2,,,,,,,1.09,0.52,0.41,0.08,0.14,1.31
Ap2b1,plex_2,,,,,,,1.09,0.52,0.41,0.08,0.14,1.31
Shmt2,plex_2,,,,,,,0.63,0.64,0.61,0.37,0.19,1.81
Shmt2,plex_2,,,,,,,0.63,0.64,0.61,0.37,0.19,1.81
Shmt2,plex_2,,,,,,,0.63,0.64,0.61,0.37,0.19,1.81
Ccdc58,plex_2,,,,,,,0.51,0.67,0.62,,,1.11
Ccdc58,plex_2,,,,,,,0.51,0.67,0.62,,,1.11
Ccdc58,plex_2,,,,,,,0.51,0.67,0.62,,,1.11
Rbmxl1,plex_2,,,,,,,0.64,0.42,0.77,0.19,0.25,1.74
Pygb,plex_2,,,,,,,,1.02,,,,1.13
Pls1,plex_2,,,,,,,0.5,0.38,0.57,0.2,0.07,1.43
Pak2,plex_2,,,,,,,1.17,0.7,1.05,0.47,,1.12
Tpp1,plex_2,,,,,,,,,,,,
Tpp1,plex_2,,,,,,,,,,,,
Tpp1,plex_2,,,,,,,,,,,,
Rab21,plex_2,,,,,,,,,,,,
Rab21,plex_2,,,,,,,,,,,,
Cnpy2,plex_2,,,,,,,,1.0,,,,4.39
Usp7,plex_2,,,,,,,0.95,0.98,0.56,0.55,0.1,1.02
Usp7,plex_2,,,,,,,0.95,0.98,0.56,0.55,0.1,1.02
Usp7,plex_2,,,,,,,0.95,0.98,0.56,0.55,0.1,1.02
Usp7,plex_2,,,,,,,0.95,0.98,0.56,0.55,0.1,1.02
Nucks1,plex_2,,,,,,,0.53,1.07,0.43,0.54,,2.16
Nucks1,plex_2,,,,,,,0.53,1.07,0.43,0.54,,2.16
Mrc1,plex_2,,,,,,,2.15,0.9,,0.28,,1.69
Tmem177,plex_2,,,,,,,,,,,,
Nenf,plex_2,,,,,,,,,,,,
Tppp,plex_2,,,,,,,0.53,0.88,1.08,,,2.42
Bcs1l,plex_2,,,,,,,2.59,3.5,7.91,,0.9,4.74
Prkaca,plex_2,,,,,,,0.74,,0.81,,,1.09
Prkaca,plex_2,,,,,,,0.74,,0.81,,,1.09
Rcn2,plex_2,,,,,,,1.27,3.08,3.57,0.38,0.33,2.11
Rcn2,plex_2,,,,,,,1.27,3.08,3.57,0.38,0.33,2.11
Myh14,plex_2,,,,,,,,,,,,
Myh14,plex_2,,,,,,,,,,,,
Myh14,plex_2,,,,,,,,,,,,
Tpm1,plex_2,,,,,,,0.52,0.47,0.88,0.29,0.15,2.08
Epm2a,plex_2,,,,,,,0.86,0.71,0.98,0.3,0.17,1.73
Acad11,plex_2,,,,,,,0.91,0.82,0.67,0.28,0.35,1.95
Nploc4,plex_2,,,,,,,0.68,0.73,0.91,0.32,0.16,0.9
Nploc4,plex_2,,,,,,,0.68,0.73,0.91,0.32,0.16,0.9
Nploc4,plex_2,,,,,,,0.68,0.73,0.91,0.32,0.16,0.9
Nploc4,plex_2,,,,,,,0.68,0.73,0.91,0.32,0.16,0.9
Nudt4,plex_2,,,,,,,0.88,0.9,0.84,0.38,,1.21
Armc3,plex_2,,,,,,,,,,,,
Tmem109,plex_2,,,,,,,0.59,0.78,0.62,0.31,0.18,1.53
H2afx,plex_2,,,,,,,1.01,0.41,0.72,,,1.72
Nfs1,plex_2,,,,,,,0.84,0.8,0.82,0.51,,1.64
Nfs1,plex_2,,,,,,,0.84,0.8,0.82,0.51,,1.64
Nfs1,plex_2,,,,,,,0.84,0.8,0.82,0.51,,1.64
Rab1b,plex_2,,,,,,,0.87,0.58,0.81,0.32,0.11,1.29
Mark3,plex_2,,,,,,,0.74,0.36,0.91,,,1.86
Mark3,plex_2,,,,,,,0.74,0.36,0.91,,,1.86
Mark3,plex_2,,,,,,,0.74,0.36,0.91,,,1.86
Sec23ip,plex_2,,,,,,,,,,,,0.5
Sec23ip,plex_2,,,,,,,,,,,,0.5
Sec23ip,plex_2,,,,,,,,,,,,0.5
Sec23ip,plex_2,,,,,,,,,,,,0.5
Anxa6,plex_2,,,,,,,,,,,,
Anxa6,plex_2,,,,,,,,,,,,
Gabarapl2,plex_2,,,,,,,0.51,0.7,0.38,0.3,,1.71
Dupd1,plex_2,,,,,,,0.93,0.48,0.62,,,1.04
Sep15,plex_2,,,,,,,,,,,,
Sep15,plex_2,,,,,,,,,,,,
Tmem43,plex_2,,,,,,,0.87,0.95,0.34,0.48,0.31,1.97
Ampd1,plex_2,,,,,,,1.17,0.81,0.6,0.2,,1.24
Ganab,plex_2,,,,,,,1.11,0.51,0.74,0.3,0.31,2.84
Rpl27,plex_2,,,,,,,0.81,0.64,0.74,0.34,0.16,1.84
Cnn2,plex_2,,,,,,,,,,,,
Cnn2,plex_2,,,,,,,,,,,,
Ykt6,plex_2,,,,,,,0.69,0.42,0.65,0.28,,0.79
S100a6,plex_2,,,,,,,0.65,0.41,0.54,0.36,0.18,1.64
Paics,plex_2,,,,,,,0.87,0.65,0.62,0.5,0.44,1.38
Fnta,plex_2,,,,,,,0.73,0.94,0.47,0.25,,2.01
Serpinf2,plex_2,,,,,,,0.97,0.44,0.67,0.23,0.21,1.87
Cltb,plex_2,,,,,,,0.7,0.81,0.67,0.46,0.14,1.69
Cltb,plex_2,,,,,,,0.7,0.81,0.67,0.46,0.14,1.69
Cltb,plex_2,,,,,,,0.7,0.81,0.67,0.46,0.14,1.69
Neu2,plex_2,,,,,,,1.34,0.93,1.14,0.86,0.08,2.34
Neu2,plex_2,,,,,,,1.34,0.93,1.14,0.86,0.08,2.34
Neu2,plex_2,,,,,,,1.34,0.93,1.14,0.86,0.08,2.34
Neu2,plex_2,,,,,,,1.34,0.93,1.14,0.86,0.08,2.34
G6pdx,plex_2,,,,,,,0.71,0.6,0.5,0.38,0.13,1.76
G6pdx,plex_2,,,,,,,0.71,0.6,0.5,0.38,0.13,1.76
COX3,plex_2,,,,,,,0.7,0.56,0.79,0.36,0.1,1.73
COXIII,plex_2,,,,,,,0.7,0.56,0.79,0.36,0.1,1.73
COX3,plex_2,,,,,,,0.7,0.56,0.79,0.36,0.1,1.73
mt-Co3,plex_2,,,,,,,0.7,0.56,0.79,0.36,0.1,1.73
COX3,plex_2,,,,,,,0.7,0.56,0.79,0.36,0.1,1.73
Plaa,plex_2,,,,,,,1.11,0.42,0.98,0.22,0.12,1.5
Tpm1,plex_2,,,,,,,0.44,0.48,0.76,0.29,0.17,2.53
Ube2h,plex_2,,,,,,,0.87,0.82,0.49,,0.25,1.9
Fam114a2,plex_2,,,,,,,0.83,0.87,1.77,,,0.8
Fam114a2,plex_2,,,,,,,0.83,0.87,1.77,,,0.8
Sgcg,plex_2,,,,,,,0.42,1.03,1.23,0.81,,2.14
Sgcg,plex_2,,,,,,,0.42,1.03,1.23,0.81,,2.14
Enpp4,plex_2,,,,,,,0.97,0.52,0.61,0.43,0.44,2.3
Enpp4,plex_2,,,,,,,0.97,0.52,0.61,0.43,0.44,2.3
Lsm4,plex_2,,,,,,,,,,,,
Lsm4,plex_2,,,,,,,,,,,,
Tcaf1,plex_2,,,,,,,0.66,0.61,0.58,0.19,,0.73
Tcaf1,plex_2,,,,,,,0.66,0.61,0.58,0.19,,0.73
Asb2,plex_2,,,,,,,,,,,,
Asb2,plex_2,,,,,,,,,,,,
Serpina1a,plex_2,,,,,,,0.69,1.28,1.04,,0.22,1.62
Rpl26,plex_2,,,,,,,0.76,0.61,0.54,0.34,0.18,1.62
Spag9,plex_2,,,,,,,1.24,2.66,1.19,1.68,0.29,3.01
Actbl2,plex_2,,,,,,,0.91,0.72,0.55,0.32,0.12,2.13
Ctsl,plex_2,,,,,,,0.79,0.75,0.74,0.39,0.24,1.18
Ctsl,plex_2,,,,,,,0.79,0.75,0.74,0.39,0.24,1.18
Ctsl,plex_2,,,,,,,0.79,0.75,0.74,0.39,0.24,1.18
Ctsl,plex_2,,,,,,,0.79,0.75,0.74,0.39,0.24,1.18
Ctsl,plex_2,,,,,,,0.79,0.75,0.74,0.39,0.24,1.18
Ctsl,plex_2,,,,,,,0.79,0.75,0.74,0.39,0.24,1.18
Ctsl,plex_2,,,,,,,0.79,0.75,0.74,0.39,0.24,1.18
Ctsl,plex_2,,,,,,,0.79,0.75,0.74,0.39,0.24,1.18
Mroh8,plex_2,,,,,,,0.43,0.55,0.51,0.25,0.18,1.02
Mroh8,plex_2,,,,,,,0.43,0.55,0.51,0.25,0.18,1.02
Mroh8,plex_2,,,,,,,0.43,0.55,0.51,0.25,0.18,1.02
Alkbh3,plex_2,,,,,,,0.6,0.25,0.97,0.5,,1.07
Ubqln2,plex_2,,,,,,,,,,,,
Ubqln1,plex_2,,,,,,,,,,,,
Emc2,plex_2,,,,,,,,,,,,
Capg,plex_2,,,,,,,0.97,0.51,0.79,0.53,0.17,1.27
Capg,plex_2,,,,,,,0.97,0.51,0.79,0.53,0.17,1.27
Capg,plex_2,,,,,,,0.97,0.51,0.79,0.53,0.17,1.27
Gpx7,plex_2,,,,,,,0.93,0.99,0.45,,,2.22
Apip,plex_2,,,,,,,0.99,0.61,0.94,0.27,0.18,1.71
Cpped1,plex_2,,,,,,,,,,,,
Vtn,plex_2,,,,,,,0.35,0.5,0.61,0.27,0.17,1.67
Snrpn,plex_2,,,,,,,0.67,0.53,0.82,0.35,0.17,1.66
Snrpb,plex_2,,,,,,,0.67,0.53,0.82,0.35,0.17,1.66
Zmpste24,plex_2,,,,,,,,,,,,
Zmpste24,plex_2,,,,,,,,,,,,
Gmppa,plex_2,,,,,,,,,,,,
Gmppa,plex_2,,,,,,,,,,,,
Tinagl1,plex_2,,,,,,,,0.98,0.94,,0.29,1.32
Tinagl1,plex_2,,,,,,,,0.98,0.94,,0.29,1.32
Tinagl1,plex_2,,,,,,,,0.98,0.94,,0.29,1.32
Col24a1,plex_2,,,,,,,1.09,0.59,0.26,0.34,0.27,2.04
Cfh,plex_2,,,,,,,0.5,0.66,0.89,0.4,0.44,1.03
Znf512,plex_2,,,,,,,,,,,,
Zfp512,plex_2,,,,,,,,,,,,
Coro1c,plex_2,,,,,,,,,,,,
Rras2,plex_2,,,,,,,,,,,,
Rras2,plex_2,,,,,,,,,,,,
Tmed5,plex_2,,,,,,,0.82,0.71,0.76,0.31,0.18,2.06
Tmed5,plex_2,,,,,,,0.82,0.71,0.76,0.31,0.18,2.06
Tmed5,plex_2,,,,,,,0.82,0.71,0.76,0.31,0.18,2.06
Mapk1,plex_2,,,,,,,0.62,0.7,0.68,0.31,0.16,1.44
Sec31b,plex_2,,,,,,,0.79,0.71,0.67,,,1.65
Sec31b,plex_2,,,,,,,0.79,0.71,0.67,,,1.65
Ssr1,plex_2,,,,,,,0.56,0.6,0.52,0.34,0.14,1.08
Ssr1,plex_2,,,,,,,0.56,0.6,0.52,0.34,0.14,1.08
Ssr1,plex_2,,,,,,,0.56,0.6,0.52,0.34,0.14,1.08
Mrps23,plex_2,,,,,,,1.24,0.86,,1.01,,2.61
Mrps23,plex_2,,,,,,,1.24,0.86,,1.01,,2.61
Mrps23,plex_2,,,,,,,1.24,0.86,,1.01,,2.61
Mrps23,plex_2,,,,,,,1.24,0.86,,1.01,,2.61
Mrps23,plex_2,,,,,,,1.24,0.86,,1.01,,2.61
Mrps23,plex_2,,,,,,,1.24,0.86,,1.01,,2.61
Adprhl2,plex_2,,,,,,,1.38,0.29,0.53,,,1.69
Adprhl2,plex_2,,,,,,,1.38,0.29,0.53,,,1.69
Bag6,plex_2,,,,,,,,1.77,,,,0.81
Copb2,plex_2,,,,,,,0.67,2.0,3.68,0.33,0.13,2.09
Rpl21,plex_2,,,,,,,0.88,0.74,0.56,0.36,0.22,1.79
Rpl21,plex_2,,,,,,,0.88,0.74,0.56,0.36,0.22,1.79
Palld,plex_2,,,,,,,0.67,,0.62,,,1.09
Palld,plex_2,,,,,,,0.67,,0.62,,,1.09
Palld,plex_2,,,,,,,0.67,,0.62,,,1.09
Palld,plex_2,,,,,,,0.67,,0.62,,,1.09
Mrpl3,plex_2,,,,,,,,0.27,,,,
Mrpl3,plex_2,,,,,,,,0.27,,,,
Ppp1ca,plex_2,,,,,,,0.58,0.68,1.13,0.51,0.17,2.53
Cept1,plex_2,,,,,,,0.75,0.87,0.68,,,2.15
Cept1,plex_2,,,,,,,0.75,0.87,0.68,,,2.15
Cept1,plex_2,,,,,,,0.75,0.87,0.68,,,2.15
Cept1,plex_2,,,,,,,0.75,0.87,0.68,,,2.15
Cept1,plex_2,,,,,,,0.75,0.87,0.68,,,2.15
Ppm1b,plex_2,,,,,,,0.6,0.76,0.62,0.25,0.22,0.88
Ppm1b,plex_2,,,,,,,0.6,0.76,0.62,0.25,0.22,0.88
Ppm1b,plex_2,,,,,,,0.6,0.76,0.62,0.25,0.22,0.88
Ppm1b,plex_2,,,,,,,0.6,0.76,0.62,0.25,0.22,0.88
Ppm1b,plex_2,,,,,,,0.6,0.76,0.62,0.25,0.22,0.88
Ppm1b,plex_2,,,,,,,0.6,0.76,0.62,0.25,0.22,0.88
Ppm1b,plex_2,,,,,,,0.6,0.76,0.62,0.25,0.22,0.88
Tff1,plex_2,,,,,,,,0.42,,,,8.44
Asph,plex_2,,,,,,,0.92,0.97,0.52,0.22,0.19,1.62
Suox,plex_2,,,,,,,0.42,0.61,0.63,0.26,0.2,0.96
Msra,plex_2,,,,,,,0.47,0.78,0.61,0.26,0.12,1.84
Msra,plex_2,,,,,,,0.47,0.78,0.61,0.26,0.12,1.84
Rpl28,plex_2,,,,,,,0.93,0.84,0.84,0.58,0.2,1.8
Rpl28,plex_2,,,,,,,0.93,0.84,0.84,0.58,0.2,1.8
Pgrmc2,plex_2,,,,,,,0.67,0.75,1.16,0.35,0.27,1.68
Ctbp1,plex_2,,,,,,,0.94,0.67,1.19,,,1.76
Mfap5,plex_2,,,,,,,0.96,0.57,0.97,0.54,0.3,1.37
Mfap5,plex_2,,,,,,,0.96,0.57,0.97,0.54,0.3,1.37
Mfap5,plex_2,,,,,,,0.96,0.57,0.97,0.54,0.3,1.37
Mfap5,plex_2,,,,,,,0.96,0.57,0.97,0.54,0.3,1.37
,plex_2,,,,,,,1.06,0.66,0.42,0.29,0.16,1.57
Nf1,plex_2,,,,,,,1.03,0.49,0.44,0.22,,2.05
Nf1,plex_2,,,,,,,1.03,0.49,0.44,0.22,,2.05
Klc2,plex_2,,,,,,,0.68,0.49,0.52,0.34,0.2,1.0
Dctn1,plex_2,,,,,,,0.99,0.4,0.62,0.17,0.06,2.48
Rp1l1,plex_2,,,,,,,0.7,0.9,0.91,0.38,0.13,1.34
,plex_2,,,,,,,0.58,4.37,1.61,,,0.74
Hydin,plex_2,,,,,,,0.74,0.87,0.53,0.3,,2.84
Akt2,plex_2,,,,,,,0.55,0.52,0.57,0.38,0.3,1.11
Cdc37,plex_2,,,,,,,0.52,0.47,0.83,0.35,0.15,1.89
Hyou1,plex_2,,,,,,,0.71,0.6,1.14,0.25,,1.45
Rsph10b,plex_2,,,,,,,,,,,,
Ttn,plex_2,,,,,,,0.18,0.82,1.46,0.23,0.14,1.99
Ensa,plex_2,,,,,,,0.32,0.5,1.08,0.15,0.15,0.68
Crocc,plex_2,,,,,,,0.27,0.77,0.81,0.48,0.32,2.94
Ogfr,plex_2,,,,,,,0.89,0.89,0.87,0.25,,4.06
Rps15,plex_2,,,,,,,0.53,0.49,0.47,0.38,0.08,0.68
Sept11,plex_2,,,,,,,1.19,0.76,0.42,0.15,0.47,3.25
Sept11,plex_2,,,,,,,1.19,0.76,0.42,0.15,0.47,3.25
Sept11,plex_2,,,,,,,1.19,0.76,0.42,0.15,0.47,3.25
Sept11,plex_2,,,,,,,1.19,0.76,0.42,0.15,0.47,3.25
Sept11,plex_2,,,,,,,1.19,0.76,0.42,0.15,0.47,3.25
Mtpn,plex_2,,,,,,,0.54,,,0.2,,1.05
Ehbp1l1,plex_2,,,,,,,0.44,0.31,0.77,,0.32,0.69
Ehbp1l1,plex_2,,,,,,,0.44,0.31,0.77,,0.32,0.69
Deptor,plex_2,,,,,,,0.94,0.76,0.61,,,1.52
Deptor,plex_2,,,,,,,0.94,0.76,0.61,,,1.52
Depdc6,plex_2,,,,,,,0.94,0.76,0.61,,,1.52
Deptor,plex_2,,,,,,,0.94,0.76,0.61,,,1.52
Depdc6,plex_2,,,,,,,0.94,0.76,0.61,,,1.52
Deptor,plex_2,,,,,,,0.94,0.76,0.61,,,1.52
Lrrc47,plex_2,,,,,,,0.8,0.84,0.68,0.31,0.11,1.57
Acot9,plex_2,,,,,,,0.83,1.23,0.8,0.34,0.26,2.37
Gfer,plex_2,,,,,,,0.94,,0.65,,0.36,4.74
Cox17,plex_2,,,,,,,0.43,0.65,0.87,0.29,0.12,1.72
Rpl11,plex_2,,,,,,,0.53,0.73,0.56,0.32,0.14,1.69
Rpl11,plex_2,,,,,,,0.53,0.73,0.56,0.32,0.14,1.69
Actrt1,plex_2,,,,,,,0.84,0.55,0.66,0.27,0.18,1.16
Muc16,plex_2,,,,,,,,,,,,
Col4a1,plex_2,,,,,,,0.66,0.61,0.43,0.31,0.18,1.79
Ube2r2,plex_2,,,,,,,0.61,0.83,0.9,,0.21,2.81
Xpnpep1,plex_2,,,,,,,0.66,0.58,0.81,0.34,0.24,1.07
Xpnpep1,plex_2,,,,,,,0.66,0.58,0.81,0.34,0.24,1.07
Xpnpep1,plex_2,,,,,,,0.66,0.58,0.81,0.34,0.24,1.07
Xpnpep1,plex_2,,,,,,,0.66,0.58,0.81,0.34,0.24,1.07
Tmem126a,plex_2,,,,,,,0.74,0.72,1.22,,,1.32
Tmem126a,plex_2,,,,,,,0.74,0.72,1.22,,,1.32
Tmem126a,plex_2,,,,,,,0.74,0.72,1.22,,,1.32
Ly6c1,plex_2,,,,,,,0.54,0.61,0.9,0.31,0.31,0.82
Ly6c1,plex_2,,,,,,,0.54,0.61,0.9,0.31,0.31,0.82
Ly6c1,plex_2,,,,,,,0.54,0.61,0.9,0.31,0.31,0.82
Pkn2,plex_2,,,,,,,0.86,1.75,1.6,0.35,,1.63
Pkn2,plex_2,,,,,,,0.86,1.75,1.6,0.35,,1.63
Pkn2,plex_2,,,,,,,0.86,1.75,1.6,0.35,,1.63
Pkn2,plex_2,,,,,,,0.86,1.75,1.6,0.35,,1.63
Jhy,plex_2,,,,,,,0.54,0.7,0.59,0.39,0.12,1.27
Clpp,plex_2,,,,,,,0.62,0.61,0.79,0.34,0.15,1.43
Clpp,plex_2,,,,,,,0.62,0.61,0.79,0.34,0.15,1.43
Clpp,plex_2,,,,,,,0.62,0.61,0.79,0.34,0.15,1.43
Asph,plex_2,,,,,,,1.11,0.81,0.63,0.44,0.18,1.55
Asph,plex_2,,,,,,,1.11,0.81,0.63,0.44,0.18,1.55
Asph,plex_2,,,,,,,1.11,0.81,0.63,0.44,0.18,1.55
Fxr2,plex_2,,,,,,,0.72,0.65,0.55,0.28,0.08,1.31
Rpl36,plex_2,,,,,,,1.06,0.5,0.91,0.47,,1.23
Rpl36,plex_2,,,,,,,1.06,0.5,0.91,0.47,,1.23
Rpl36-ps3,plex_2,,,,,,,1.06,0.5,0.91,0.47,,1.23
Gm8973,plex_2,,,,,,,1.06,0.5,0.91,0.47,,1.23
Rpl36,plex_2,,,,,,,1.06,0.5,0.91,0.47,,1.23
Thsd1,plex_2,,,,,,,1.94,0.99,0.83,0.18,,10.68
Thsd1,plex_2,,,,,,,1.94,0.99,0.83,0.18,,10.68
Thsd1,plex_2,,,,,,,1.94,0.99,0.83,0.18,,10.68
Aldh9a1,plex_2,,,,,,,0.92,0.58,0.66,0.36,,2.62
Cdk5,plex_2,,,,,,,,,,,,
Palm,plex_2,,,,,,,0.45,0.59,0.57,,0.21,1.02
Gm5580,plex_2,,,,,,,0.81,0.55,0.61,0.37,0.3,1.43
Sdhd,plex_2,,,,,,,0.55,0.59,0.86,0.32,0.23,2.19
Sdhd,plex_2,,,,,,,0.55,0.59,0.86,0.32,0.23,2.19
Rpl39,plex_2,,,,,,,0.88,0.77,1.06,0.3,0.18,1.57
Cbwd1,plex_2,,,,,,,0.59,0.76,0.74,0.23,,0.98
Ptp4a3,plex_2,,,,,,,,,,,,
Ptp4a3,plex_2,,,,,,,,,,,,
Ptp4a3,plex_2,,,,,,,,,,,,
Inppl1,plex_2,,,,,,,0.65,0.79,0.86,0.31,0.24,2.23
Sacm1l,plex_2,,,,,,,0.46,0.57,0.6,,,0.92
Gapd,plex_2,,,,,,,1.01,0.44,0.39,,0.12,1.36
Rims2,plex_2,,,,,,,0.6,0.85,0.62,0.31,0.16,0.87
Bcam,plex_2,,,,,,,0.57,0.48,0.76,,,1.53
Tnnt3,plex_2,,,,,,,0.66,0.91,0.7,0.47,0.15,1.31
Tnnt3,plex_2,,,,,,,0.66,0.91,0.7,0.47,0.15,1.31
Tnnt3,plex_2,,,,,,,0.66,0.91,0.7,0.47,0.15,1.31
Tnnt3,plex_2,,,,,,,0.66,0.91,0.7,0.47,0.15,1.31
Tnnt3,plex_2,,,,,,,0.66,0.91,0.7,0.47,0.15,1.31
Tnnt3,plex_2,,,,,,,0.66,0.91,0.7,0.47,0.15,1.31
Tnnt3,plex_2,,,,,,,0.66,0.91,0.7,0.47,0.15,1.31
Tnnt3,plex_2,,,,,,,0.66,0.91,0.7,0.47,0.15,1.31
Tnnt3,plex_2,,,,,,,0.66,0.91,0.7,0.47,0.15,1.31
Ano10,plex_2,,,,,,,,,,,,
Ano10,plex_2,,,,,,,,,,,,
Ano10,plex_2,,,,,,,,,,,,
Ano10,plex_2,,,,,,,,,,,,
,plex_2,,,,,,,0.83,0.79,0.49,0.43,0.06,1.64
Rfk,plex_2,,,,,,,1.83,1.24,1.65,,,2.21
Actg2,plex_2,,,,,,,1.22,0.87,0.48,0.4,0.16,0.91
Xirp2,plex_2,,,,,,,0.71,0.64,0.52,0.21,0.17,1.05
Btf3l4,plex_2,,,,,,,,,,,,
Btf3l4,plex_2,,,,,,,,,,,,
Pym1,plex_2,,,,,,,0.73,0.46,0.6,,,0.96
Pym1,plex_2,,,,,,,0.73,0.46,0.6,,,0.96
Apoc1,plex_2,,,,,,,0.54,0.4,0.47,,0.16,1.43
Ldha,plex_2,,,,,,,1.2,0.87,0.73,0.39,0.25,1.4
Ccdc88b,plex_2,,,,,,,0.8,0.83,0.61,0.3,0.15,2.57
Ccdc88b,plex_2,,,,,,,0.8,0.83,0.61,0.3,0.15,2.57
Ccser2,plex_2,,,,,,,0.73,0.58,0.46,0.3,0.15,1.65
Scn4b,plex_2,,,,,,,0.36,0.77,0.42,0.34,0.14,1.61
Nudt8,plex_2,,,,,,,,,,,,
Nudt8,plex_2,,,,,,,,,,,,
Ephx1,plex_2,,,,,,,,,,,,
Ephx1,plex_2,,,,,,,,,,,,
Ephx1,plex_2,,,,,,,,,,,,
Ephx1,plex_2,,,,,,,,,,,,
Ephx1,plex_2,,,,,,,,,,,,
Mterf2,plex_2,,,,,,,,,,0.48,,1.22
Gnpda1,plex_2,,,,,,,0.75,0.59,0.77,0.43,0.24,2.33
Arpc2,plex_2,,,,,,,2.22,1.14,1.04,0.83,,6.45
Arpc2,plex_2,,,,,,,2.22,1.14,1.04,0.83,,6.45
Arpc2,plex_2,,,,,,,2.22,1.14,1.04,0.83,,6.45
Arpc2,plex_2,,,,,,,2.22,1.14,1.04,0.83,,6.45
Snu13,plex_2,,,,,,,0.58,0.65,0.67,,,0.95
Dnaja3,plex_2,,,,,,,1.1,0.64,0.99,0.16,,2.87
Dnaja3,plex_2,,,,,,,1.1,0.64,0.99,0.16,,2.87
Zyx,plex_2,,,,,,,0.25,0.84,0.68,0.5,,1.3
Zyx,plex_2,,,,,,,0.25,0.84,0.68,0.5,,1.3
Zyx,plex_2,,,,,,,0.25,0.84,0.68,0.5,,1.3
Zyx,plex_2,,,,,,,0.25,0.84,0.68,0.5,,1.3
Zyx,plex_2,,,,,,,0.25,0.84,0.68,0.5,,1.3
Myo9b,plex_2,,,,,,,0.88,0.56,0.53,0.32,0.18,2.03
Akr1e2,plex_2,,,,,,,0.6,0.69,1.01,0.39,0.25,1.14
Pdcl3,plex_2,,,,,,,0.7,0.89,0.78,0.35,0.18,2.03
Lman2,plex_2,,,,,,,0.55,0.56,0.58,0.17,0.06,1.25
Faf1,plex_2,,,,,,,0.56,0.63,0.41,0.43,0.07,0.99
Ppp3r1,plex_2,,,,,,,,,,,,
Ppp3r1,plex_2,,,,,,,,,,,,
Pdlim5,plex_2,,,,,,,,,,,,
Pdlim5,plex_2,,,,,,,,,,,,
Pdlim5,plex_2,,,,,,,,,,,,
Pdlim5,plex_2,,,,,,,,,,,,
Pdlim5,plex_2,,,,,,,,,,,,
Arhgap17,plex_2,,,,,,,1.3,0.5,5.65,,,2.21
Arhgap17,plex_2,,,,,,,1.3,0.5,5.65,,,2.21
Fbf1,plex_2,,,,,,,1.02,0.78,0.62,0.46,0.12,3.54
Rps26,plex_2,,,,,,,0.66,0.64,0.67,0.36,0.18,0.98
Timm9,plex_2,,,,,,,0.3,0.59,0.99,0.3,0.2,1.74
Ublcp1,plex_2,,,,,,,1.13,0.7,0.5,,,2.1
Ublcp1,plex_2,,,,,,,1.13,0.7,0.5,,,2.1
Apob,plex_2,,,,,,,,,,,,
Ptpn11,plex_2,,,,,,,2.79,2.29,2.32,0.29,,2.76
Ptpn11,plex_2,,,,,,,2.79,2.29,2.32,0.29,,2.76
Ptpn11,plex_2,,,,,,,2.79,2.29,2.32,0.29,,2.76
Ptpn11,plex_2,,,,,,,2.79,2.29,2.32,0.29,,2.76
2310061I04Rik,plex_2,,,,,,,0.74,1.01,1.19,0.27,,3.19
Anpep,plex_2,,,,,,,1.21,0.18,0.35,0.53,0.22,2.19
Mecp2,plex_2,,,,,,,0.67,0.68,0.57,0.27,0.24,2.89
Mecp2,plex_2,,,,,,,0.67,0.68,0.57,0.27,0.24,2.89
Erap1,plex_2,,,,,,,1.19,1.0,0.83,0.35,,1.85
mt-Atp6,plex_2,,,,,,,0.87,0.76,0.8,0.37,0.17,1.32
Lactb2,plex_2,,,,,,,,,,,,
Ube2m,plex_2,,,,,,,0.82,0.51,0.61,0.37,0.14,1.53
Slit2,plex_2,,,,,,,0.65,0.46,0.58,0.33,0.38,1.42
Hacd1,plex_2,,,,,,,0.83,0.69,0.68,0.36,0.13,1.77
Hacd1,plex_2,,,,,,,0.83,0.69,0.68,0.36,0.13,1.77
Usp13,plex_2,,,,,,,0.49,0.43,0.85,0.3,,1.2
Ilf2,plex_2,,,,,,,,,,,,0.58
Ilf2,plex_2,,,,,,,,,,,,0.58
Iba57,plex_2,,,,,,,0.43,0.46,0.77,0.5,0.26,1.83
Slc41a3,plex_2,,,,,,,0.38,0.73,0.58,0.3,0.27,2.26
Slc41a3,plex_2,,,,,,,0.38,0.73,0.58,0.3,0.27,2.26
Arhgap29,plex_2,,,,,,,1.1,0.87,0.84,0.32,0.21,5.59
Tmem11,plex_2,,,,,,,0.63,0.94,0.8,0.46,0.35,1.11
Tmem11,plex_2,,,,,,,0.63,0.94,0.8,0.46,0.35,1.11
Tmem11,plex_2,,,,,,,0.63,0.94,0.8,0.46,0.35,1.11
Ldhd,plex_2,,,,,,,0.38,0.58,0.5,0.37,0.2,0.89
Ldhd,plex_2,,,,,,,0.38,0.58,0.5,0.37,0.2,0.89
Uchl5,plex_2,,,,,,,0.58,0.75,1.0,,,1.3
Uchl5,plex_2,,,,,,,0.58,0.75,1.0,,,1.3
4921513D11Rik,plex_2,,,,,,,0.69,0.88,0.78,0.33,0.2,1.6
4921513D11Rik,plex_2,,,,,,,0.69,0.88,0.78,0.33,0.2,1.6
Chmp2a,plex_2,,,,,,,,,,,,
Eif3b,plex_2,,,,,,,0.55,0.55,0.56,0.28,0.17,1.01
Eif3b,plex_2,,,,,,,0.55,0.55,0.56,0.28,0.17,1.01
Epn3,plex_2,,,,,,,,,,,,
Lmo7,plex_2,,,,,,,1.42,0.9,0.35,,,8.29
Lmo7,plex_2,,,,,,,1.42,0.9,0.35,,,8.29
Lmo7,plex_2,,,,,,,1.42,0.9,0.35,,,8.29
Lmo7,plex_2,,,,,,,1.42,0.9,0.35,,,8.29
Lmo7,plex_2,,,,,,,1.42,0.9,0.35,,,8.29
Ralgds,plex_2,,,,,,,0.86,0.78,0.97,0.43,0.26,1.22
Naa15,plex_2,,,,,,,1.0,0.62,0.68,0.42,0.17,2.31
Dcaf8,plex_2,,,,,,,0.57,0.43,0.5,0.25,,1.08
Dcaf8,plex_2,,,,,,,0.57,0.43,0.5,0.25,,1.08
Tespa1,plex_2,,,,,,,0.3,0.53,0.86,0.28,0.17,0.36
FAM120A,plex_2,,,,,,,0.51,0.85,,,,0.25
Cdh23,plex_2,,,,,,,0.59,0.73,0.96,0.33,0.25,0.97
Cdh23,plex_2,,,,,,,0.59,0.73,0.96,0.33,0.25,0.97
Atp2a2,plex_2,,,,,,,1.13,0.84,0.66,0.22,0.22,2.26
Atp2a2,plex_2,,,,,,,1.13,0.84,0.66,0.22,0.22,2.26
Casp8ap2,plex_2,,,,,,,0.94,0.61,0.56,0.28,0.11,1.81
Mycbp2,plex_2,,,,,,,1.37,0.9,0.77,0.41,0.19,5.51
Mycbp2,plex_2,,,,,,,1.37,0.9,0.77,0.41,0.19,5.51
Tmem233,plex_2,,,,,,,,,,,,
Ift81,plex_2,,,,,,,0.82,0.79,0.59,0.47,0.22,1.67
Diaph1,plex_2,,,,,,,0.73,0.72,0.77,0.31,0.21,2.52
Rnpep,plex_2,,,,,,,1.0,0.55,0.58,0.58,0.17,0.87
Plcl1,plex_2,,,,,,,0.58,0.54,0.72,0.36,0.19,1.26
Sp3,plex_2,,,,,,,1.52,0.52,0.31,0.29,0.27,1.71
Hkdc1,plex_2,,,,,,,,,,,,
Marf1,plex_2,,,,,,,0.53,0.78,0.7,0.38,0.16,0.86
Marf1,plex_2,,,,,,,0.53,0.78,0.7,0.38,0.16,0.86
Marf1,plex_2,,,,,,,0.53,0.78,0.7,0.38,0.16,0.86
Itgb6,plex_2,,,,,,,,,,,,
Itgb6,plex_2,,,,,,,,,,,,
Itgb6,plex_2,,,,,,,,,,,,
Itgb6,plex_2,,,,,,,,,,,,
Selt,plex_2,,,,,,,0.58,0.69,0.78,0.34,0.35,0.71
Sec31a,plex_2,,,,,,,1.07,0.79,0.58,0.3,0.18,4.47
Lzic,plex_2,,,,,,,0.98,0.81,0.77,0.35,0.48,1.85
Abcg2,plex_2,,,,,,,,,,,,
Arih1,plex_2,,,,,,,0.79,0.67,0.61,0.25,,1.53
Cdnf,plex_2,,,,,,,0.59,0.75,0.99,0.49,0.21,1.48
Rbmx,plex_2,,,,,,,2.38,,2.21,,,4.63
Rbmx,plex_2,,,,,,,2.38,,2.21,,,4.63
Rbmx,plex_2,,,,,,,2.38,,2.21,,,4.63
Vwde,plex_2,,,,,,,1.09,0.62,0.44,0.34,0.2,0.92
,plex_2,,,,,,,,,,,,
Atad3,plex_2,,,,,,,0.53,0.69,0.67,0.3,0.18,1.12
Rpl35a,plex_2,,,,,,,1.23,0.58,0.34,0.38,0.12,1.71
Rpl35a,plex_2,,,,,,,1.23,0.58,0.34,0.38,0.12,1.71
Rpl35a,plex_2,,,,,,,1.23,0.58,0.34,0.38,0.12,1.71
Ranbp3,plex_2,,,,,,,1.15,1.09,0.55,,,1.2
Gsk3a,plex_2,,,,,,,1.07,0.61,0.66,0.25,0.11,3.03
Pgk2,plex_2,,,,,,,0.57,0.47,0.81,0.43,0.11,1.25
Dap3,plex_2,,,,,,,,,,,,
Dap3,plex_2,,,,,,,,,,,,
ND4,plex_2,,,,,,,0.54,0.6,0.68,0.35,0.2,1.23
Ogfod1,plex_2,,,,,,,0.63,0.7,1.11,0.31,0.15,1.82
Ogfod1,plex_2,,,,,,,0.63,0.7,1.11,0.31,0.15,1.82
Ogfod1,plex_2,,,,,,,0.63,0.7,1.11,0.31,0.15,1.82
Ogfod1,plex_2,,,,,,,0.63,0.7,1.11,0.31,0.15,1.82
Cox7b,plex_2,,,,,,,0.76,0.78,0.74,0.4,0.26,1.51
Mustn1,plex_2,,,,,,,1.06,0.87,0.95,0.19,,0.98
Dnhd1,plex_2,,,,,,,0.41,0.56,0.57,0.34,0.32,1.23
Rpl37a,plex_2,,,,,,,,,,,,
Rpl37a,plex_2,,,,,,,,,,,,
Rpl37a,plex_2,,,,,,,,,,,,
Itih3,plex_2,,,,,,,0.73,0.66,0.68,0.66,0.16,1.31
Itih3,plex_2,,,,,,,0.73,0.66,0.68,0.66,0.16,1.31
Myl9,plex_2,,,,,,,1.22,0.86,1.2,,,1.2
Camk2d,plex_2,,,,,,,0.71,1.36,1.7,0.47,0.17,2.92
Camk2d,plex_2,,,,,,,0.71,1.36,1.7,0.47,0.17,2.92
Camk2d,plex_2,,,,,,,0.71,1.36,1.7,0.47,0.17,2.92
Camk2d,plex_2,,,,,,,0.71,1.36,1.7,0.47,0.17,2.92
Camk2d,plex_2,,,,,,,0.71,1.36,1.7,0.47,0.17,2.92
Camk2d,plex_2,,,,,,,0.71,1.36,1.7,0.47,0.17,2.92
Fbll1,plex_2,,,,,,,0.78,0.83,0.72,0.34,0.22,0.96
Zfp780b,plex_2,,,,,,,0.86,0.41,3.39,0.15,0.12,1.17
Ndufb2,plex_2,,,,,,,0.78,0.84,0.77,0.4,0.31,2.1
,plex_2,,,,,,,,,,,,
Timm10,plex_2,,,,,,,0.61,0.98,0.91,0.27,,2.32
Rps24,plex_2,,,,,,,1.1,0.79,0.93,0.73,,1.05
Rps24,plex_2,,,,,,,1.1,0.79,0.93,0.73,,1.05
Rps24,plex_2,,,,,,,1.1,0.79,0.93,0.73,,1.05
Myh7b,plex_2,,,,,,,0.51,0.55,0.61,0.29,0.15,0.96
Tmsb4x,plex_2,,,,,,,0.22,0.31,1.38,0.3,0.19,0.87
Tmsb4x,plex_2,,,,,,,0.22,0.31,1.38,0.3,0.19,0.87
Anxa4,plex_2,,,,,,,0.51,0.68,0.5,0.35,,0.96
Hist1h1d,plex_2,,,,,,,0.83,0.57,0.49,0.38,0.29,1.87
Sepsecs,plex_2,,,,,,,0.64,0.6,0.46,0.41,0.21,2.21
Sepsecs,plex_2,,,,,,,0.64,0.6,0.46,0.41,0.21,2.21
Sepsecs,plex_2,,,,,,,0.64,0.6,0.46,0.41,0.21,2.21
Spata31d1a,plex_2,,,,,,,,,,,,
Odr4,plex_2,,,,,,,0.97,0.34,0.26,0.39,0.18,0.91
Odr4,plex_2,,,,,,,0.97,0.34,0.26,0.39,0.18,0.91
Odr4,plex_2,,,,,,,0.97,0.34,0.26,0.39,0.18,0.91
Acp6,plex_2,,,,,,,0.56,0.46,0.76,,0.14,1.45
Stxbp3,plex_2,,,,,,,1.26,0.9,0.82,0.4,0.27,1.65
Stxbp3,plex_2,,,,,,,1.26,0.9,0.82,0.4,0.27,1.65
Rpl29,plex_2,,,,,,,0.49,0.55,0.67,0.24,0.15,1.42
Gm3550,plex_2,,,,,,,0.49,0.55,0.67,0.24,0.15,1.42
Gm10709,plex_2,,,,,,,0.49,0.55,0.67,0.24,0.15,1.42
