gene_symbol,tmt_plex,Mmus_C57-6J_KDN_FLT_Rep1_M23,Mmus_C57-6J_KDN_FLT_Rep2_M24,Mmus_C57-6J_KDN_FLT_Rep3_M25,Mmus_C57-6J_KDN_GC_Rep1_M33,Mmus_C57-6J_KDN_GC_Rep2_M34,Mmus_C57-6J_KDN_GC_Rep3_M35,Mmus_C57-6J_KDN_FLT_Rep4_M26,Mmus_C57-6J_KDN_FLT_Rep5_M27,Mmus_C57-6J_KDN_FLT_Rep6_M28,Mmus_C57-6J_KDN_GC_Rep4_M36,Mmus_C57-6J_KDN_GC_Rep5_M37,Mmus_C57-6J_KDN_GC_Rep6_M38
Lrp2,plex_1,1.41,1.21,1.22,0.82,0.74,0.56,,,,,,
Sptan1,plex_1,1.36,1.18,1.09,0.92,0.8,0.54,,,,,,
Dync1h1,plex_1,1.28,1.11,1.09,0.92,0.83,0.56,,,,,,
Sptbn1,plex_1,1.44,1.2,1.14,0.91,0.87,0.55,,,,,,
Myh9,plex_1,1.24,1.12,1.12,0.92,0.84,0.56,,,,,,
Flnb,plex_1,1.27,1.12,1.08,0.93,0.82,0.61,,,,,,
Tln1,plex_1,1.27,1.11,1.13,0.99,0.95,0.6,,,,,,
Hspg2,plex_1,1.21,1.12,0.96,1.03,0.89,0.52,,,,,,
Cltc,plex_1,1.34,1.21,1.18,0.9,0.91,0.56,,,,,,
Flna,plex_1,1.39,1.2,1.17,0.96,0.9,0.52,,,,,,
Fasn,plex_1,1.85,1.7,1.44,1.42,0.53,0.31,,,,,,
Ahnak,plex_1,1.38,1.08,0.98,1.07,0.85,0.48,,,,,,
Aldh1l1,plex_1,1.23,1.05,1.02,0.96,0.85,0.63,,,,,,
Actn4,plex_1,1.3,1.21,1.04,0.95,0.88,0.57,,,,,,
Cubn,plex_1,1.34,1.22,1.13,0.81,0.76,0.57,,,,,,
Atp1a1,plex_1,1.46,1.21,1.04,1.04,0.89,0.62,,,,,,
Atp5b,plex_1,1.37,1.19,1.11,0.89,0.88,0.64,,,,,,
Col6a3,plex_1,1.53,1.3,1.26,1.35,0.85,0.67,,,,,,
Alb,plex_1,1.29,1.14,1.07,1.03,0.89,0.54,,,,,,
Pcx,plex_1,1.5,1.22,1.18,0.92,0.76,0.59,,,,,,
Pcx,plex_1,1.5,1.22,1.18,0.92,0.76,0.59,,,,,,
Ogdh,plex_1,1.37,1.17,1.05,0.93,0.81,0.64,,,,,,
Myh10,plex_1,1.42,1.21,0.99,1.07,0.91,0.57,,,,,,
Myh10,plex_1,1.42,1.21,0.99,1.07,0.91,0.57,,,,,,
C3,plex_1,1.58,1.22,1.93,0.9,0.71,0.59,,,,,,
Vcl,plex_1,1.35,1.12,1.09,0.97,0.89,0.54,,,,,,
Lrpprc,plex_1,1.34,1.17,1.17,0.94,0.83,0.61,,,,,,
Ehhadh,plex_1,1.25,1.11,1.39,0.85,0.65,0.51,,,,,,
Pzp,plex_1,1.21,1.02,1.12,1.19,1.01,0.48,,,,,,
Myh11,plex_1,1.44,1.37,0.99,1.05,0.91,0.48,,,,,,
Iqgap1,plex_1,1.27,1.17,1.09,0.96,0.86,0.52,,,,,,
Vil1,plex_1,1.26,1.09,1.07,0.86,0.84,0.55,,,,,,
Hadha,plex_1,1.51,1.18,1.21,1.0,0.85,0.53,,,,,,
Aco2,plex_1,1.32,1.09,0.95,0.96,0.81,0.65,,,,,,
Vcp,plex_1,1.39,1.19,1.23,0.98,0.81,0.54,,,,,,
Plec,plex_1,1.33,1.07,1.07,0.94,0.9,0.55,,,,,,
Ndufs1,plex_1,1.28,1.13,1.12,0.86,0.8,0.56,,,,,,
Immt,plex_1,1.32,1.21,1.13,1.04,0.76,0.6,,,,,,
Mthfd1,plex_1,1.3,1.09,1.06,1.0,0.85,0.58,,,,,,
Ank3,plex_1,1.44,1.13,1.08,0.94,0.83,0.61,,,,,,
Hspd1,plex_1,1.46,1.19,1.11,0.86,0.78,0.59,,,,,,
Vwa8,plex_1,1.44,1.13,1.14,0.91,0.76,0.56,,,,,,
Eef2,plex_1,1.37,1.17,1.25,0.93,0.72,0.53,,,,,,
Sdha,plex_1,1.41,1.16,1.15,0.99,0.91,0.58,,,,,,
Sardh,plex_1,1.22,1.08,1.06,1.01,0.91,0.67,,,,,,
Sardh,plex_1,1.22,1.08,1.06,1.01,0.91,0.67,,,,,,
Tf,plex_1,1.42,1.11,1.68,0.9,0.78,0.47,,,,,,
Aadat,plex_1,1.4,1.02,1.18,0.7,0.85,0.44,,,,,,
Pdzk1,plex_1,1.44,1.22,1.21,0.97,0.79,0.56,,,,,,
Aldh6a1,plex_1,1.39,1.12,1.12,0.93,0.86,0.66,,,,,,
Fn1,plex_1,1.24,1.23,1.4,0.8,0.75,0.48,,,,,,
Slc27a2,plex_1,1.39,1.08,1.13,0.91,0.72,0.54,,,,,,
Uba1,plex_1,1.58,1.26,1.3,0.93,1.02,0.65,,,,,,
Myo6,plex_1,1.29,1.16,1.16,0.9,0.77,0.57,,,,,,
Myh4,plex_1,1.11,0.98,1.01,1.0,0.89,0.8,,,,,,
Aco1,plex_1,1.3,1.13,1.1,0.92,0.86,0.59,,,,,,
Tln2,plex_1,1.18,1.05,0.95,0.87,0.92,0.56,,,,,,
Tln2,plex_1,1.18,1.05,0.95,0.87,0.92,0.56,,,,,,
Spta1,plex_1,1.52,1.44,1.04,1.34,0.96,0.63,,,,,,
Acaa2,plex_1,1.35,1.14,0.99,0.85,0.84,0.62,,,,,,
Atp5a1,plex_1,1.34,1.14,1.02,0.82,0.81,0.56,,,,,,
Hsp90aa1,plex_1,1.3,1.18,1.15,0.87,0.83,0.47,,,,,,
Hk1,plex_1,1.41,1.06,0.99,0.99,0.79,0.55,,,,,,
Acox1,plex_1,1.2,1.08,1.16,0.96,0.89,0.53,,,,,,
Cdh16,plex_1,1.57,1.25,1.14,1.09,0.95,0.55,,,,,,
Gatm,plex_1,1.44,1.31,1.1,0.79,0.71,0.64,,,,,,
Pkm,plex_1,1.42,1.14,1.23,0.95,0.81,0.52,,,,,,
Acly,plex_1,1.47,1.41,1.16,1.11,0.57,0.39,,,,,,
Anpep,plex_1,1.53,0.59,1.38,0.86,0.79,0.5,,,,,,
Cat,plex_1,1.28,1.16,1.1,1.04,0.73,0.61,,,,,,
Hspa8,plex_1,1.34,1.15,1.04,0.92,0.65,0.51,,,,,,
Pcca,plex_1,1.47,1.55,1.1,0.96,0.87,0.73,,,,,,
Aldh9a1,plex_1,1.39,1.17,1.17,0.96,0.79,0.56,,,,,,
Glud1,plex_1,1.3,1.11,1.08,0.91,0.86,0.62,,,,,,
Abat,plex_1,1.29,1.07,1.13,0.88,0.77,0.69,,,,,,
Lonp1,plex_1,1.39,1.17,1.12,1.03,0.91,0.57,,,,,,
Hspa9,plex_1,1.26,1.14,1.06,0.83,0.7,0.56,,,,,,
Agrn,plex_1,1.2,1.21,1.04,0.94,0.63,0.54,,,,,,
Actg1,plex_1,1.33,1.14,1.11,1.0,0.82,0.6,,,,,,
Actb,plex_1,1.33,1.14,1.11,1.0,0.82,0.6,,,,,,
Hspa4,plex_1,1.31,1.24,1.06,1.12,0.75,0.62,,,,,,
Ctnna1,plex_1,1.28,1.05,1.02,0.85,0.79,0.57,,,,,,
Lrba,plex_1,1.41,1.23,1.08,0.91,0.83,0.57,,,,,,
Lrba,plex_1,1.41,1.23,1.08,0.91,0.83,0.57,,,,,,
Aldh2,plex_1,1.2,0.99,0.97,0.94,0.84,0.6,,,,,,
Pgk1,plex_1,1.25,1.11,1.24,0.93,0.78,0.56,,,,,,
Selenbp1,plex_1,1.18,1.02,0.97,0.84,0.78,0.55,,,,,,
Gapdh,plex_1,1.35,1.19,1.19,0.88,0.74,0.51,,,,,,
Atp6v1a,plex_1,1.31,1.08,1.01,0.83,0.86,0.65,,,,,,
Hsp90b1,plex_1,1.42,1.18,1.17,0.82,0.77,0.5,,,,,,
Acad10,plex_1,1.38,1.2,1.17,0.92,0.8,0.55,,,,,,
Ndrg1,plex_1,1.3,1.21,1.06,0.97,0.66,0.66,,,,,,
Acsm2,plex_1,1.61,1.42,1.23,0.73,0.87,0.7,,,,,,
Acsm2,plex_1,1.61,1.42,1.23,0.73,0.87,0.7,,,,,,
Acsm2,plex_1,1.61,1.42,1.23,0.73,0.87,0.7,,,,,,
Lap3,plex_1,1.49,1.19,1.2,0.89,0.77,0.46,,,,,,
Lap3,plex_1,1.49,1.19,1.2,0.89,0.77,0.46,,,,,,
Ganab,plex_1,1.42,1.2,1.22,0.87,0.89,0.49,,,,,,
Tkfc,plex_1,1.36,1.23,1.22,0.82,0.8,0.46,,,,,,
Tubb4b,plex_1,1.41,1.18,1.21,0.92,0.85,0.57,,,,,,
Acadvl,plex_1,1.24,0.99,1.03,0.84,0.82,0.52,,,,,,
Macf1,plex_1,1.13,1.13,1.1,0.88,0.84,0.52,,,,,,
Macf1,plex_1,1.13,1.13,1.1,0.88,0.84,0.52,,,,,,
EG433182,plex_1,1.35,1.08,1.17,0.91,0.8,0.57,,,,,,
Fh,plex_1,1.42,1.08,1.13,1.0,0.81,0.57,,,,,,
Cndp2,plex_1,1.28,1.17,1.1,0.95,0.63,0.44,,,,,,
Aass,plex_1,1.01,0.89,0.85,1.29,0.98,0.82,,,,,,
Slc25a12,plex_1,1.29,1.24,1.0,0.9,0.58,0.63,,,,,,
Hsd17b4,plex_1,1.23,1.17,1.16,0.92,0.84,0.55,,,,,,
Ap2a2,plex_1,1.35,1.17,1.21,0.9,0.83,0.6,,,,,,
Hspa5,plex_1,1.34,1.21,1.16,0.84,0.73,0.46,,,,,,
Oplah,plex_1,1.33,1.16,1.21,0.98,0.92,0.5,,,,,,
Aldob,plex_1,1.26,1.04,1.1,0.84,0.87,0.56,,,,,,
Gpi,plex_1,1.45,1.21,1.24,1.03,0.86,0.58,,,,,,
Trap1,plex_1,1.4,1.35,1.15,0.96,0.77,0.59,,,,,,
Pck1,plex_1,1.28,1.2,0.86,0.97,0.83,0.8,,,,,,
Pck1,plex_1,1.28,1.2,0.86,0.97,0.83,0.8,,,,,,
Cand1,plex_1,1.33,1.12,1.13,0.89,0.81,0.53,,,,,,
Aldh8a1,plex_1,1.27,1.1,1.2,0.94,0.74,0.58,,,,,,
Pccb,plex_1,1.31,1.24,1.09,0.95,0.74,0.63,,,,,,
Pdia3,plex_1,1.38,1.22,1.16,0.9,0.67,0.5,,,,,,
Tns1,plex_1,1.1,1.0,0.89,0.92,0.8,0.56,,,,,,
Tns1,plex_1,1.1,1.0,0.89,0.92,0.8,0.56,,,,,,
Anxa6,plex_1,1.24,1.04,1.06,0.91,0.84,0.49,,,,,,
Akr1a1,plex_1,1.28,1.15,1.02,0.9,0.82,0.62,,,,,,
Ace,plex_1,1.35,1.16,1.24,0.88,0.77,0.48,,,,,,
Actn1,plex_1,1.2,1.16,0.96,0.94,0.84,0.49,,,,,,
Sptb,plex_1,1.75,1.33,1.28,1.27,0.94,0.64,,,,,,
Aifm1,plex_1,1.2,1.01,1.08,0.93,0.84,0.54,,,,,,
Eef1a1,plex_1,1.18,1.16,1.17,0.89,0.93,0.57,,,,,,
Myo1c,plex_1,1.37,1.11,1.18,0.87,0.9,0.58,,,,,,
Myo1c,plex_1,1.37,1.11,1.18,0.87,0.9,0.58,,,,,,
Myo1c,plex_1,1.37,1.11,1.18,0.87,0.9,0.58,,,,,,
Vim,plex_1,1.29,1.15,1.04,0.94,0.75,0.43,,,,,,
Vim,plex_1,1.29,1.15,1.04,0.94,0.75,0.43,,,,,,
Nid1,plex_1,1.29,1.2,1.14,0.94,0.78,0.63,,,,,,
Hsp90ab1,plex_1,1.36,1.13,1.14,0.88,0.82,0.54,,,,,,
Wdr1,plex_1,1.54,1.3,1.47,0.98,0.84,0.49,,,,,,
Pls3,plex_1,1.25,1.12,1.02,0.9,0.79,0.47,,,,,,
Ass1,plex_1,1.27,1.08,0.91,0.88,0.83,0.66,,,,,,
Thnsl2,plex_1,1.33,1.23,1.0,0.78,0.69,0.58,,,,,,
Mccc2,plex_1,1.32,1.17,1.08,0.89,0.75,0.62,,,,,,
Atp2a2,plex_1,1.41,1.17,1.11,0.9,0.81,0.62,,,,,,
Mug1,plex_1,1.45,1.26,1.5,0.84,0.7,0.47,,,,,,
Got2,plex_1,1.31,1.09,0.94,0.86,0.85,0.56,,,,,,
Me1,plex_1,1.64,1.44,1.34,1.12,0.65,0.4,,,,,,
Dld,plex_1,1.35,1.17,1.14,0.91,0.69,0.52,,,,,,
Fbp1,plex_1,1.81,1.35,1.51,0.94,1.01,0.55,,,,,,
Tkt,plex_1,1.28,1.26,1.15,0.94,0.89,0.51,,,,,,
Acsm1,plex_1,1.44,1.3,1.32,0.93,0.78,0.49,,,,,,
Msn,plex_1,1.36,1.17,1.23,0.94,0.77,0.53,,,,,,
Ap2b1,plex_1,1.22,1.1,1.22,0.98,0.91,0.57,,,,,,
Lmna,plex_1,1.28,1.07,1.05,0.99,0.92,0.55,,,,,,
Cpt2,plex_1,1.3,1.11,0.95,0.93,0.86,0.58,,,,,,
Gk,plex_1,1.23,0.93,1.19,0.73,0.9,0.57,,,,,,
Utrn,plex_1,1.45,1.18,1.19,1.03,1.06,0.58,,,,,,
Mut,plex_1,1.29,1.2,1.32,0.99,1.04,0.59,,,,,,
Dpysl2,plex_1,1.37,1.22,1.24,0.96,0.9,0.54,,,,,,
Atp6v1b2,plex_1,1.58,1.33,1.18,1.06,1.01,0.72,,,,,,
Mccc1,plex_1,1.29,1.15,1.12,0.93,0.8,0.57,,,,,,
Tufm,plex_1,1.54,1.23,1.15,1.03,0.94,0.6,,,,,,
Mme,plex_1,1.38,1.16,1.24,0.86,0.71,0.43,,,,,,
Dmgdh,plex_1,1.12,1.02,0.93,0.96,0.84,0.64,,,,,,
Atp6v1h,plex_1,1.27,1.17,1.03,0.78,0.85,0.68,,,,,,
Vdac1,plex_1,1.23,1.13,1.06,0.92,0.62,0.62,,,,,,
Vdac1,plex_1,1.23,1.13,1.06,0.92,0.62,0.62,,,,,,
Gdi2,plex_1,1.24,1.05,1.11,0.86,0.77,0.54,,,,,,
Etfa,plex_1,1.34,1.15,0.99,0.96,0.97,0.44,,,,,,
Aldh4a1,plex_1,1.3,1.24,1.18,1.08,0.78,0.6,,,,,,
Acss1,plex_1,1.24,1.23,1.13,0.74,0.76,0.74,,,,,,
Aldoa,plex_1,1.15,0.99,1.16,0.99,0.88,0.53,,,,,,
Etfdh,plex_1,1.44,1.38,1.23,1.03,0.9,0.64,,,,,,
Pgm2,plex_1,1.36,1.24,1.15,0.97,0.88,0.54,,,,,,
Pgm1,plex_1,1.36,1.24,1.15,0.97,0.88,0.54,,,,,,
Pgm2,plex_1,1.36,1.24,1.15,0.97,0.88,0.54,,,,,,
Eprs,plex_1,1.25,1.07,1.21,0.82,0.71,0.52,,,,,,
Eprs,plex_1,1.25,1.07,1.21,0.82,0.71,0.52,,,,,,
Ldhb,plex_1,1.51,1.19,1.23,0.99,0.98,0.59,,,,,,
Mep1a,plex_1,1.33,1.17,1.14,0.95,0.77,0.48,,,,,,
Gsn,plex_1,1.2,1.07,1.09,1.09,0.93,0.59,,,,,,
Oxct1,plex_1,1.28,1.04,1.09,0.85,1.0,0.52,,,,,,
Cobll1,plex_1,1.22,1.03,0.99,0.83,0.78,0.56,,,,,,
Cobll1,plex_1,1.22,1.03,0.99,0.83,0.78,0.56,,,,,,
Scin,plex_1,1.33,1.0,1.01,0.96,1.03,0.55,,,,,,
Idh1,plex_1,1.22,1.16,0.98,0.93,0.74,0.58,,,,,,
Idh1,plex_1,1.22,1.16,0.98,0.93,0.74,0.58,,,,,,
Idh1,plex_1,1.22,1.16,0.98,0.93,0.74,0.58,,,,,,
Uqcrc1,plex_1,1.4,1.32,1.18,0.94,0.88,0.55,,,,,,
Uqcrc1,plex_1,1.4,1.32,1.18,0.94,0.88,0.55,,,,,,
Sucla2,plex_1,1.51,1.2,1.08,0.99,1.06,0.52,,,,,,
Idh2,plex_1,1.31,1.01,1.02,0.88,0.89,0.6,,,,,,
Hdlbp,plex_1,1.35,1.21,1.13,1.04,0.81,0.62,,,,,,
Acsl1,plex_1,1.43,1.1,1.05,0.93,0.69,0.63,,,,,,
Mep1b,plex_1,1.35,1.07,1.11,1.08,0.71,0.51,,,,,,
Mep1b,plex_1,1.35,1.07,1.11,1.08,0.71,0.51,,,,,,
P4hb,plex_1,1.35,1.18,1.06,0.83,0.76,0.52,,,,,,
Papss2,plex_1,1.44,1.15,1.21,0.9,0.67,0.59,,,,,,
Cct2,plex_1,1.4,1.14,1.19,0.94,0.86,0.54,,,,,,
Hadhb,plex_1,1.44,1.14,1.16,0.99,0.73,0.54,,,,,,
Slc9a3r1,plex_1,1.32,1.1,1.14,0.97,0.75,0.54,,,,,,
Gpd2,plex_1,1.33,1.16,1.22,0.63,0.56,0.36,,,,,,
Gpd2,plex_1,1.33,1.16,1.22,0.63,0.56,0.36,,,,,,
Suclg2,plex_1,1.42,1.14,1.2,0.95,0.84,0.69,,,,,,
Uqcrc2,plex_1,1.42,1.17,1.14,0.95,0.93,0.59,,,,,,
Ivd,plex_1,1.34,1.2,1.09,0.93,0.88,0.69,,,,,,
Sptbn2,plex_1,1.58,1.12,1.09,1.12,0.98,0.76,,,,,,
Ldhd,plex_1,1.59,1.27,1.43,0.9,0.73,0.44,,,,,,
Got1,plex_1,1.19,1.02,0.92,0.82,0.83,0.58,,,,,,
Usp5,plex_1,1.28,1.19,1.3,1.01,0.89,0.57,,,,,,
Hbbt1,plex_1,1.45,1.27,1.03,1.38,1.08,0.6,,,,,,
Ahcy,plex_1,1.47,1.09,1.12,1.04,0.9,0.59,,,,,,
Rrbp1,plex_1,1.34,1.22,1.2,1.06,0.8,0.59,,,,,,
Pdia4,plex_1,1.39,1.23,1.24,0.91,0.78,0.57,,,,,,
Pdia4,plex_1,1.39,1.23,1.24,0.91,0.78,0.57,,,,,,
Dctn1,plex_1,1.4,1.17,1.2,0.96,0.82,0.6,,,,,,
Copa,plex_1,1.45,1.33,1.28,1.04,0.76,0.63,,,,,,
Ppp2r1a,plex_1,1.12,1.0,0.99,0.71,0.76,0.51,,,,,,
Dhx9,plex_1,1.34,1.17,1.21,0.95,0.94,0.5,,,,,,
Hnrnpu,plex_1,1.28,1.07,1.03,0.83,0.68,0.57,,,,,,
Hnrnpu,plex_1,1.28,1.07,1.03,0.83,0.68,0.57,,,,,,
,plex_1,1.31,1.2,1.15,0.96,0.71,0.45,,,,,,
Slc25a13,plex_1,1.25,1.07,1.07,1.0,0.56,0.66,,,,,,
Slc25a13,plex_1,1.25,1.07,1.07,1.0,0.56,0.66,,,,,,
Pdcd6ip,plex_1,1.22,1.09,1.16,0.87,0.76,0.55,,,,,,
Cth,plex_1,1.44,1.07,1.23,1.04,0.87,0.67,,,,,,
Letm1,plex_1,1.4,1.23,1.13,0.82,0.73,0.54,,,,,,
Dlat,plex_1,1.68,1.28,1.02,1.06,1.0,0.55,,,,,,
Prodh,plex_1,1.34,1.13,0.89,0.8,0.94,0.83,,,,,,
Iars2,plex_1,1.55,1.23,1.15,0.92,0.81,0.57,,,,,,
Ggt1,plex_1,1.31,1.16,1.27,0.89,0.77,0.55,,,,,,
Acads,plex_1,1.31,1.05,1.07,0.87,0.83,0.57,,,,,,
Acat1,plex_1,1.25,1.04,1.11,0.96,0.76,0.63,,,,,,
,plex_1,1.58,1.29,1.38,0.86,0.69,0.54,,,,,,
Kif5b,plex_1,1.3,1.19,1.14,1.05,0.81,0.52,,,,,,
Enpep,plex_1,1.22,1.07,1.01,0.95,0.85,0.59,,,,,,
Cs,plex_1,1.45,1.29,1.31,0.89,1.01,0.54,,,,,,
Nudt19,plex_1,1.39,1.14,1.22,0.79,0.8,0.49,,,,,,
Cryz,plex_1,1.41,1.36,1.28,1.16,0.88,0.73,,,,,,
Rnh1,plex_1,1.49,1.27,1.42,1.01,0.98,0.45,,,,,,
Rnh1,plex_1,1.49,1.27,1.42,1.01,0.98,0.45,,,,,,
Sqrdl,plex_1,1.27,1.21,1.03,0.82,0.76,0.56,,,,,,
Sord,plex_1,1.4,1.14,1.07,1.07,0.89,0.59,,,,,,
Oat,plex_1,1.34,1.1,1.16,0.95,0.83,0.55,,,,,,
Pdhb,plex_1,1.35,1.17,1.11,0.9,0.84,0.61,,,,,,
Aldh7a1,plex_1,1.26,1.21,1.02,0.86,0.9,0.7,,,,,,
Psmd2,plex_1,1.18,1.15,1.21,0.86,0.8,0.55,,,,,,
Psmd2,plex_1,1.18,1.15,1.21,0.86,0.8,0.55,,,,,,
Hnrnpk,plex_1,1.26,1.12,1.21,0.94,0.95,0.6,,,,,,
Hnrnpk,plex_1,1.26,1.12,1.21,0.94,0.95,0.6,,,,,,
Hnrnpk,plex_1,1.26,1.12,1.21,0.94,0.95,0.6,,,,,,
Cct4,plex_1,1.36,1.21,1.19,0.93,0.82,0.58,,,,,,
Ldha,plex_1,1.58,1.24,1.44,0.94,0.96,0.53,,,,,,
Ldha,plex_1,1.58,1.24,1.44,0.94,0.96,0.53,,,,,,
Crot,plex_1,1.42,1.4,1.38,0.73,0.77,0.47,,,,,,
Dbt,plex_1,1.32,1.09,0.98,0.89,0.84,0.59,,,,,,
Dbt,plex_1,1.32,1.09,0.98,0.89,0.84,0.59,,,,,,
Npepps,plex_1,1.48,1.13,1.03,0.96,0.76,0.55,,,,,,
Dnajc13,plex_1,1.45,1.21,1.07,0.81,0.79,0.56,,,,,,
Dnajc13,plex_1,1.45,1.21,1.07,0.81,0.79,0.56,,,,,,
Gpd1,plex_1,1.4,1.3,1.29,0.87,0.77,0.48,,,,,,
Myh14,plex_1,1.7,1.49,1.58,1.25,1.1,0.74,,,,,,
Myh14,plex_1,1.7,1.49,1.58,1.25,1.1,0.74,,,,,,
Myh14,plex_1,1.7,1.49,1.58,1.25,1.1,0.74,,,,,,
Mdh2,plex_1,1.56,1.2,1.07,0.93,0.81,0.62,,,,,,
Pfkp,plex_1,1.48,1.21,1.34,0.85,0.81,0.58,,,,,,
Opa1,plex_1,1.34,1.14,1.02,0.98,0.83,0.64,,,,,,
Opa1,plex_1,1.34,1.14,1.02,0.98,0.83,0.64,,,,,,
Opa1,plex_1,1.34,1.14,1.02,0.98,0.83,0.64,,,,,,
Pdha1,plex_1,1.5,1.19,1.08,1.16,0.92,0.66,,,,,,
Copb1,plex_1,1.27,1.33,1.4,1.14,0.9,0.6,,,,,,
Dnm1l,plex_1,1.31,1.15,1.01,0.77,0.87,0.56,,,,,,
Hnrnpm,plex_1,1.24,1.12,1.09,0.89,0.83,0.6,,,,,,
Prdx6,plex_1,1.38,1.09,1.11,0.99,0.86,0.54,,,,,,
Ces1f,plex_1,1.38,1.11,1.39,0.96,0.84,0.46,,,,,,
Enpp3,plex_1,1.43,1.46,1.28,0.98,0.65,0.62,,,,,,
Lama5,plex_1,1.15,1.23,1.08,0.9,0.72,0.42,,,,,,
Eps8l2,plex_1,1.26,0.98,0.97,0.91,0.87,0.52,,,,,,
Nid2,plex_1,1.18,1.07,1.1,1.09,0.88,0.5,,,,,,
Nid2,plex_1,1.18,1.07,1.1,1.09,0.88,0.5,,,,,,
Snd1,plex_1,1.19,1.04,0.98,0.82,0.64,0.5,,,,,,
Snd1,plex_1,1.19,1.04,0.98,0.82,0.64,0.5,,,,,,
Snd1,plex_1,1.19,1.04,0.98,0.82,0.64,0.5,,,,,,
Ca2,plex_1,1.42,1.24,1.1,1.09,1.12,0.65,,,,,,
Pls1,plex_1,1.44,1.28,1.23,0.77,0.83,0.45,,,,,,
Ywhaz,plex_1,1.28,1.16,1.1,0.9,0.91,0.54,,,,,,
Cryl1,plex_1,1.31,1.2,1.05,0.96,0.8,0.59,,,,,,
Hyou1,plex_1,1.31,1.21,1.23,0.9,0.77,0.48,,,,,,
Apeh,plex_1,1.33,1.15,0.98,0.94,0.75,0.52,,,,,,
Apeh,plex_1,1.33,1.15,0.98,0.94,0.75,0.52,,,,,,
Gcn1,plex_1,1.53,1.26,1.32,0.9,1.0,0.64,,,,,,
Gcn1l1,plex_1,1.53,1.26,1.32,0.9,1.0,0.64,,,,,,
Gldc,plex_1,1.24,1.11,0.91,0.52,0.73,0.63,,,,,,
Ephx2,plex_1,1.26,1.36,1.31,0.98,0.67,0.53,,,,,,
Tuba1b,plex_1,1.23,1.07,1.12,0.82,0.84,0.53,,,,,,
Fgb,plex_1,1.1,0.94,1.8,0.9,1.01,0.56,,,,,,
Nampt,plex_1,1.42,1.18,1.02,0.92,0.91,0.54,,,,,,
Acadm,plex_1,1.44,1.17,1.4,0.7,0.63,0.41,,,,,,
Acaa1a,plex_1,1.2,1.1,1.11,1.11,0.64,0.57,,,,,,
Prpf8,plex_1,1.44,1.4,1.19,0.9,1.02,0.74,,,,,,
Paics,plex_1,1.4,1.2,1.13,1.06,0.71,0.58,,,,,,
Phb,plex_1,1.34,1.1,1.05,0.92,0.84,0.5,,,,,,
Tpi1,plex_1,1.26,1.1,1.1,0.81,0.7,0.57,,,,,,
Iqgap2,plex_1,1.27,1.13,1.0,0.89,0.86,0.62,,,,,,
Dpep1,plex_1,1.37,1.25,1.17,1.0,0.95,0.73,,,,,,
Slc12a1,plex_1,1.26,0.98,0.88,0.87,0.78,0.52,,,,,,
Slc12a1,plex_1,1.26,0.98,0.88,0.87,0.78,0.52,,,,,,
Slc12a1,plex_1,1.26,0.98,0.88,0.87,0.78,0.52,,,,,,
Pter,plex_1,1.13,1.17,1.12,0.89,0.73,0.5,,,,,,
Hnrnpa2b1,plex_1,1.45,1.13,1.17,1.1,0.99,0.54,,,,,,
Dab2,plex_1,1.5,1.21,1.2,0.98,0.77,0.64,,,,,,
Ezr,plex_1,1.33,1.11,1.15,0.9,0.66,0.53,,,,,,
Ehd1,plex_1,1.34,1.09,1.13,0.89,0.8,0.53,,,,,,
Ehd1,plex_1,1.34,1.09,1.13,0.89,0.8,0.53,,,,,,
Gls,plex_1,1.39,1.27,1.15,0.92,0.73,0.61,,,,,,
Cct3,plex_1,1.25,1.08,1.09,1.03,0.87,0.61,,,,,,
Kpnb1,plex_1,1.37,1.04,1.17,0.81,0.92,0.55,,,,,,
Acot2,plex_1,1.42,1.4,1.29,1.01,0.95,0.68,,,,,,
Ehd4,plex_1,1.41,1.27,1.05,1.1,0.94,0.64,,,,,,
Hibadh,plex_1,1.33,1.08,1.02,0.91,0.83,0.53,,,,,,
Mecr,plex_1,1.4,1.04,1.14,0.87,0.88,0.52,,,,,,
Hgd,plex_1,1.37,1.18,1.03,0.9,0.76,0.66,,,,,,
Gc,plex_1,1.35,1.04,1.07,0.73,0.71,0.4,,,,,,
Shmt1,plex_1,1.42,1.22,1.04,1.13,0.78,0.58,,,,,,
Shmt1,plex_1,1.42,1.22,1.04,1.13,0.78,0.58,,,,,,
Uroc1,plex_1,1.38,1.15,1.13,0.96,0.89,0.57,,,,,,
Tgm2,plex_1,1.4,1.32,1.34,0.95,0.68,0.56,,,,,,
Acad9,plex_1,1.47,1.17,1.2,0.85,1.01,0.61,,,,,,
Cbr1,plex_1,1.21,0.88,0.8,0.85,0.87,0.69,,,,,,
Gclc,plex_1,1.44,1.19,1.39,0.79,0.75,0.53,,,,,,
Hsd17b10,plex_1,1.26,1.0,1.05,0.93,0.85,0.63,,,,,,
Slc4a4,plex_1,1.38,1.26,1.18,0.8,0.77,0.75,,,,,,
Eea1,plex_1,1.39,1.23,1.2,0.93,0.88,0.58,,,,,,
Ndufa9,plex_1,1.35,1.19,1.06,0.89,0.91,0.58,,,,,,
Ndufa9,plex_1,1.35,1.19,1.06,0.89,0.91,0.58,,,,,,
Fah,plex_1,1.27,0.98,1.08,0.81,0.89,0.62,,,,,,
Map4,plex_1,1.32,1.11,1.05,1.16,0.78,0.57,,,,,,
Map4,plex_1,1.32,1.11,1.05,1.16,0.78,0.57,,,,,,
Lta4h,plex_1,1.65,1.25,1.27,1.15,0.99,0.6,,,,,,
Acadl,plex_1,1.39,1.17,1.18,0.99,0.74,0.52,,,,,,
Gstz1,plex_1,1.3,1.04,1.15,1.1,0.98,0.62,,,,,,
Plg,plex_1,1.15,1.13,1.45,0.86,0.8,0.65,,,,,,
Plg,plex_1,1.15,1.13,1.45,0.86,0.8,0.65,,,,,,
Dpp4,plex_1,1.21,1.18,1.04,0.83,0.74,0.53,,,,,,
Gpx1,plex_1,1.37,1.05,0.9,0.91,0.64,0.56,,,,,,
Calr,plex_1,1.39,1.31,1.32,0.99,0.81,0.54,,,,,,
Anxa2,plex_1,1.37,1.12,1.19,1.02,0.97,0.53,,,,,,
Hspa1b,plex_1,1.17,0.92,0.92,0.79,0.79,0.55,,,,,,
Hpx,plex_1,1.23,0.98,2.84,0.8,0.56,0.37,,,,,,
Sult1d1,plex_1,1.37,0.91,1.08,0.86,1.03,0.67,,,,,,
Cct8,plex_1,1.17,1.02,1.13,0.77,0.76,0.51,,,,,,
Cct8,plex_1,1.17,1.02,1.13,0.77,0.76,0.51,,,,,,
Cctq,plex_1,1.17,1.02,1.13,0.77,0.76,0.51,,,,,,
Acox2,plex_1,0.99,0.83,0.99,0.96,0.96,0.6,,,,,,
Chdh,plex_1,1.33,1.27,1.2,1.07,0.77,0.58,,,,,,
Dnm2,plex_1,1.28,1.07,1.0,0.84,0.75,0.55,,,,,,
Dnm2,plex_1,1.28,1.07,1.0,0.84,0.75,0.55,,,,,,
Lamc1,plex_1,1.18,1.04,1.04,1.0,0.65,0.49,,,,,,
Myo18a,plex_1,1.42,1.12,1.06,1.14,0.88,0.56,,,,,,
Myo18a,plex_1,1.42,1.12,1.06,1.14,0.88,0.56,,,,,,
Myo18a,plex_1,1.42,1.12,1.06,1.14,0.88,0.56,,,,,,
Psap,plex_1,1.56,1.17,1.42,0.71,0.69,0.44,,,,,,
Psap,plex_1,1.56,1.17,1.42,0.71,0.69,0.44,,,,,,
Psap,plex_1,1.56,1.17,1.42,0.71,0.69,0.44,,,,,,
Psap,plex_1,1.56,1.17,1.42,0.71,0.69,0.44,,,,,,
Psap,plex_1,1.56,1.17,1.42,0.71,0.69,0.44,,,,,,
Psap,plex_1,1.56,1.17,1.42,0.71,0.69,0.44,,,,,,
Psap,plex_1,1.56,1.17,1.42,0.71,0.69,0.44,,,,,,
Psap,plex_1,1.56,1.17,1.42,0.71,0.69,0.44,,,,,,
Psap,plex_1,1.56,1.17,1.42,0.71,0.69,0.44,,,,,,
Psap,plex_1,1.56,1.17,1.42,0.71,0.69,0.44,,,,,,
Lpp,plex_1,1.2,1.18,0.95,0.74,0.79,0.5,,,,,,
Clic1,plex_1,1.55,1.09,1.21,0.82,0.76,0.55,,,,,,
Tjp1,plex_1,1.33,1.1,1.14,1.0,0.86,0.54,,,,,,
Tjp1,plex_1,1.33,1.1,1.14,1.0,0.86,0.54,,,,,,
Ddb1,plex_1,1.2,1.15,1.21,0.91,0.87,0.52,,,,,,
Rars,plex_1,1.8,1.53,1.63,1.31,0.84,0.61,,,,,,
Abcd3,plex_1,1.66,1.45,1.26,0.9,0.83,0.68,,,,,,
Canx,plex_1,1.44,1.09,1.21,1.0,0.66,0.53,,,,,,
Cp,plex_1,1.25,1.15,1.3,0.98,0.91,0.51,,,,,,
Bpnt1,plex_1,1.38,1.16,0.89,0.73,0.84,0.52,,,,,,
Actr3,plex_1,1.26,1.09,1.02,0.87,0.85,0.59,,,,,,
Acy3,plex_1,1.29,1.27,1.22,0.86,0.67,0.42,,,,,,
Glg1,plex_1,1.31,1.13,1.19,0.9,0.8,0.51,,,,,,
Hacl1,plex_1,1.32,1.08,0.87,0.93,0.62,0.52,,,,,,
Hacl1,plex_1,1.32,1.08,0.87,0.93,0.62,0.52,,,,,,
Ap1b1,plex_1,2.02,1.27,1.62,1.16,0.89,0.73,,,,,,
Ddx3x,plex_1,1.25,1.08,1.16,0.85,0.78,0.57,,,,,,
Ppa2,plex_1,1.26,1.08,1.34,0.88,0.76,0.7,,,,,,
Ugdh,plex_1,1.35,1.05,1.13,1.02,0.86,0.65,,,,,,
Rpl4,plex_1,1.42,1.21,1.15,0.77,0.72,0.51,,,,,,
Pgam1,plex_1,1.38,1.12,1.14,0.79,0.62,0.53,,,,,,
Tcp1,plex_1,1.38,1.3,1.27,0.94,0.92,0.6,,,,,,
Eif4a1,plex_1,1.48,1.16,1.33,0.97,0.87,0.52,,,,,,
Eif4a1,plex_1,1.48,1.16,1.33,0.97,0.87,0.52,,,,,,
Eif4a1,plex_1,1.48,1.16,1.33,0.97,0.87,0.52,,,,,,
Eif4a1,plex_1,1.48,1.16,1.33,0.97,0.87,0.52,,,,,,
Vps35,plex_1,1.15,1.09,1.04,0.74,0.89,0.63,,,,,,
Sec31a,plex_1,1.25,1.06,1.05,0.83,1.07,0.5,,,,,,
Fga,plex_1,1.4,0.92,2.1,1.33,1.04,0.55,,,,,,
Add1,plex_1,1.27,1.09,1.09,0.99,0.76,0.63,,,,,,
Ncl,plex_1,1.15,1.16,0.96,0.97,0.76,0.54,,,,,,
Ncl,plex_1,1.15,1.16,0.96,0.97,0.76,0.54,,,,,,
Csad,plex_1,1.35,1.19,1.24,0.88,0.94,0.44,,,,,,
Calb1,plex_1,1.35,1.26,1.12,0.68,0.7,0.59,,,,,,
Hao2,plex_1,1.16,1.05,1.13,0.96,0.9,0.54,,,,,,
Phb2,plex_1,1.36,1.21,1.08,1.01,0.92,0.58,,,,,,
Pgd,plex_1,1.34,1.3,1.32,0.95,0.97,0.57,,,,,,
Anxa5,plex_1,1.56,1.16,1.2,1.01,0.89,0.5,,,,,,
Mdh1,plex_1,1.32,0.98,1.04,0.95,0.85,0.56,,,,,,
Fmo1,plex_1,1.14,1.31,0.8,0.92,0.81,0.65,,,,,,
Lad1,plex_1,1.18,0.93,0.68,1.01,0.72,0.64,,,,,,
Hsdl2,plex_1,1.29,1.13,1.11,0.75,0.8,0.57,,,,,,
Rpn1,plex_1,1.86,1.54,1.38,1.1,0.98,0.94,,,,,,
Rpn1,plex_1,1.86,1.54,1.38,1.1,0.98,0.94,,,,,,
Rpn1,plex_1,1.86,1.54,1.38,1.1,0.98,0.94,,,,,,
Sfpq,plex_1,1.19,1.1,0.98,0.85,0.74,0.5,,,,,,
Crat,plex_1,1.41,1.21,1.26,1.08,0.86,0.59,,,,,,
Ndufa10,plex_1,1.1,1.09,1.07,0.86,0.89,0.45,,,,,,
Ndufs2,plex_1,1.25,1.21,1.28,0.9,0.89,0.59,,,,,,
Copg1,plex_1,1.33,1.28,1.17,0.92,0.8,0.57,,,,,,
Gcdh,plex_1,1.34,1.12,1.09,1.03,0.89,0.7,,,,,,
Idh3b,plex_1,1.44,1.17,1.04,0.99,0.85,0.56,,,,,,
Ndufv1,plex_1,1.24,1.08,0.99,0.8,0.66,0.59,,,,,,
Keg1,plex_1,1.43,1.15,1.31,0.83,0.68,0.57,,,,,,
Psmc2,plex_1,1.35,1.2,1.18,0.91,0.75,0.54,,,,,,
Lmo7,plex_1,1.51,1.15,1.08,0.87,1.02,0.54,,,,,,
Ndufv2,plex_1,1.4,1.2,1.02,0.92,0.79,0.57,,,,,,
Glyat,plex_1,1.18,1.08,0.96,0.8,0.7,0.6,,,,,,
Pipox,plex_1,1.28,1.16,1.07,1.14,0.93,0.67,,,,,,
Esd,plex_1,1.34,1.12,1.1,0.8,0.92,0.63,,,,,,
Esd,plex_1,1.34,1.12,1.1,0.8,0.92,0.63,,,,,,
Txnrd1,plex_1,1.48,1.14,1.73,1.11,1.77,1.4,,,,,,
Txnrd1,plex_1,1.48,1.14,1.73,1.11,1.77,1.4,,,,,,
Ccbl2,plex_1,1.48,1.11,1.34,0.8,0.7,0.5,,,,,,
Ccbl2,plex_1,1.48,1.11,1.34,0.8,0.7,0.5,,,,,,
Ighm,plex_1,0.64,1.1,1.78,0.95,1.23,0.18,,,,,,
Ighm,plex_1,0.64,1.1,1.78,0.95,1.23,0.18,,,,,,
Ighm,plex_1,0.64,1.1,1.78,0.95,1.23,0.18,,,,,,
Ighm,plex_1,0.64,1.1,1.78,0.95,1.23,0.18,,,,,,
Eif3a,plex_1,1.2,1.03,1.03,0.89,0.73,0.54,,,,,,
Rack1,plex_1,1.25,1.26,1.2,0.73,0.8,0.58,,,,,,
Itgb1,plex_1,1.41,1.18,1.04,0.86,0.84,0.58,,,,,,
Ppia,plex_1,1.34,1.19,1.14,0.99,0.79,0.63,,,,,,
Ppia,plex_1,1.34,1.19,1.14,0.99,0.79,0.63,,,,,,
Pfkl,plex_1,1.31,1.12,1.06,0.7,0.86,0.51,,,,,,
Rpn2,plex_1,1.17,1.1,1.03,0.97,0.79,0.57,,,,,,
Rtcb,plex_1,1.14,1.08,1.03,0.82,0.7,0.49,,,,,,
Glod4,plex_1,1.31,1.05,1.1,1.03,0.73,0.64,,,,,,
Uqcrfs1,plex_1,1.61,1.2,1.26,1.07,0.95,0.68,,,,,,
Cct5,plex_1,1.41,1.12,1.28,0.91,0.86,0.69,,,,,,
Clybl,plex_1,1.41,1.31,1.26,0.98,0.86,0.69,,,,,,
Vars,plex_1,1.5,1.17,1.19,1.01,0.93,0.51,,,,,,
Snrnp200,plex_1,1.48,1.38,1.43,1.15,1.05,0.68,,,,,,
Idh3g,plex_1,1.36,1.1,1.09,0.86,0.93,0.62,,,,,,
Atp1b1,plex_1,1.49,1.15,1.11,1.04,0.9,0.61,,,,,,
Ak3,plex_1,3.38,1.58,2.44,2.98,1.5,0.57,,,,,,
Krt7,plex_1,1.41,1.17,1.02,0.82,0.84,0.6,,,,,,
Cluh,plex_1,1.22,1.35,1.13,1.04,0.92,0.69,,,,,,
Psmc1,plex_1,1.36,1.28,1.21,0.91,0.93,0.57,,,,,,
Cyp51a1,plex_1,1.25,1.15,1.12,0.92,0.77,0.42,,,,,,
Mpp1,plex_1,1.4,1.25,1.11,0.83,0.82,0.57,,,,,,
Mvp,plex_1,1.55,1.25,1.26,1.02,0.82,0.57,,,,,,
Mvp,plex_1,1.55,1.25,1.26,1.02,0.82,0.57,,,,,,
Gss,plex_1,1.32,1.07,1.15,0.88,0.79,0.46,,,,,,
Acy1,plex_1,1.4,0.88,1.41,0.91,0.99,0.55,,,,,,
Ckmt1,plex_1,1.35,1.27,1.16,1.13,1.11,0.53,,,,,,
Eef1d,plex_1,1.52,1.44,1.46,1.13,0.77,0.54,,,,,,
Eef1d,plex_1,1.52,1.44,1.46,1.13,0.77,0.54,,,,,,
Slc4a1,plex_1,1.61,1.44,1.1,1.28,0.85,0.52,,,,,,
Picalm,plex_1,1.4,1.09,1.21,0.99,1.05,0.65,,,,,,
Park7,plex_1,1.59,1.25,1.32,0.99,0.89,0.61,,,,,,
Shmt2,plex_1,1.56,1.25,1.39,1.02,0.94,0.66,,,,,,
Shmt2,plex_1,1.56,1.25,1.39,1.02,0.94,0.66,,,,,,
Acat2,plex_1,1.33,1.21,1.16,0.89,0.82,0.54,,,,,,
Cnn3,plex_1,1.44,1.2,1.22,1.16,0.88,0.84,,,,,,
Lmnb1,plex_1,1.12,1.05,1.11,1.09,0.9,0.54,,,,,,
Slc25a5,plex_1,1.31,1.14,1.16,0.93,0.82,0.7,,,,,,
Pygl,plex_1,1.28,1.21,1.17,1.1,0.93,0.5,,,,,,
Cyc1,plex_1,1.68,1.42,1.13,0.94,0.82,0.56,,,,,,
Cyc1,plex_1,1.68,1.42,1.13,0.94,0.82,0.56,,,,,,
Khk,plex_1,1.48,1.27,1.2,0.78,0.86,0.64,,,,,,
Uap1l1,plex_1,1.37,1.21,1.27,0.85,0.87,0.47,,,,,,
Col18a1,plex_1,1.35,1.18,1.38,0.9,0.92,0.44,,,,,,
Col18a1,plex_1,1.35,1.18,1.38,0.9,0.92,0.44,,,,,,
Tagln2,plex_1,1.15,1.05,0.99,0.84,0.95,0.58,,,,,,
Lmnb2,plex_1,1.57,1.04,1.2,1.37,0.85,0.71,,,,,,
Amy2,plex_1,3.13,0.32,1.46,0.39,0.54,1.0,,,,,,
Aldh5a1,plex_1,2.01,1.53,1.77,1.59,1.25,0.62,,,,,,
Ctnnb1,plex_1,1.48,1.31,1.22,0.95,0.89,0.57,,,,,,
Stip1,plex_1,1.47,1.31,1.28,0.87,0.79,0.49,,,,,,
Cald1,plex_1,1.7,1.25,1.36,1.23,0.75,0.57,,,,,,
Atp5o,plex_1,1.26,1.04,0.95,0.83,0.79,0.56,,,,,,
Nucb1,plex_1,1.19,1.13,1.15,0.93,0.64,0.56,,,,,,
Gm20390,plex_1,1.37,1.1,1.12,0.84,0.78,0.62,,,,,,
Lcp1,plex_1,1.33,1.09,1.16,0.78,0.67,0.44,,,,,,
Acadsb,plex_1,1.19,1.19,1.08,0.77,0.72,0.51,,,,,,
Gnai2,plex_1,1.55,1.38,1.42,1.1,1.0,0.69,,,,,,
Akr1c21,plex_1,1.43,1.39,1.38,1.48,0.69,0.62,,,,,,
Psmd1,plex_1,1.17,1.09,1.09,0.83,0.76,0.44,,,,,,
Echs1,plex_1,1.37,1.05,1.12,1.09,0.99,0.61,,,,,,
Acad8,plex_1,1.56,1.27,1.17,1.0,1.04,0.51,,,,,,
Nit2,plex_1,1.48,1.2,1.13,0.92,0.62,0.53,,,,,,
Scrn2,plex_1,1.47,1.2,1.08,0.93,0.75,0.72,,,,,,
Hsd3b4,plex_1,1.13,1.1,1.13,0.79,0.72,0.63,,,,,,
Ank1,plex_1,1.58,1.24,1.07,1.29,0.99,0.6,,,,,,
Ddx17,plex_1,1.5,1.27,1.39,0.97,0.98,0.53,,,,,,
Bdh1,plex_1,1.42,1.14,1.27,0.82,0.68,0.46,,,,,,
Dars,plex_1,1.5,1.11,1.23,1.03,0.88,0.56,,,,,,
Dars,plex_1,1.5,1.11,1.23,1.03,0.88,0.56,,,,,,
Dars,plex_1,1.5,1.11,1.23,1.03,0.88,0.56,,,,,,
Dars,plex_1,1.5,1.11,1.23,1.03,0.88,0.56,,,,,,
Cpt1a,plex_1,1.45,1.33,1.24,1.07,0.85,0.65,,,,,,
Sec23b,plex_1,1.44,1.3,1.33,0.89,0.84,0.59,,,,,,
Dpp3,plex_1,1.46,1.23,1.46,1.14,0.81,0.59,,,,,,
Dpp3,plex_1,1.46,1.23,1.46,1.14,0.81,0.59,,,,,,
Dpp3,plex_1,1.46,1.23,1.46,1.14,0.81,0.59,,,,,,
Dpp3,plex_1,1.46,1.23,1.46,1.14,0.81,0.59,,,,,,
Serpina3k,plex_1,1.7,1.31,1.71,0.6,0.61,0.43,,,,,,
Gdi1,plex_1,1.39,1.15,1.21,0.89,0.9,0.6,,,,,,
D10Jhu81e,plex_1,1.53,1.2,1.23,0.94,0.95,0.59,,,,,,
Xpnpep1,plex_1,1.73,1.37,1.36,0.97,0.7,0.63,,,,,,
Xpnpep1,plex_1,1.73,1.37,1.36,0.97,0.7,0.63,,,,,,
Pacsin2,plex_1,1.38,0.86,1.11,0.9,0.86,0.58,,,,,,
Fgg,plex_1,1.15,0.89,1.95,0.97,0.86,0.58,,,,,,
Fgg,plex_1,1.15,0.89,1.95,0.97,0.86,0.58,,,,,,
Ckm,plex_1,1.79,1.67,1.96,0.68,0.52,0.55,,,,,,
Pah,plex_1,1.5,1.31,1.12,0.91,0.71,0.73,,,,,,
Pah,plex_1,1.5,1.31,1.12,0.91,0.71,0.73,,,,,,
Myo1d,plex_1,1.27,1.17,1.18,0.94,0.92,0.54,,,,,,
Mylk,plex_1,1.17,1.15,1.08,0.98,0.74,0.49,,,,,,
Fermt2,plex_1,1.4,1.1,1.15,1.05,1.07,0.56,,,,,,
Cdh1,plex_1,1.34,1.19,1.09,1.02,0.92,0.5,,,,,,
Por,plex_1,1.31,1.2,1.17,0.9,0.83,0.58,,,,,,
Acot9,plex_1,1.36,1.05,1.03,0.9,0.79,0.62,,,,,,
Epb41l3,plex_1,1.23,1.24,1.18,0.82,0.81,0.66,,,,,,
Pcbp1,plex_1,1.23,1.2,1.22,0.8,0.81,0.5,,,,,,
Prdx1,plex_1,1.47,1.26,1.23,0.93,0.87,0.58,,,,,,
Numa1,plex_1,1.14,1.09,1.13,1.05,0.74,0.56,,,,,,
Pebp1,plex_1,1.38,1.08,1.14,0.92,0.78,0.51,,,,,,
Pebp1,plex_1,1.38,1.08,1.14,0.92,0.78,0.51,,,,,,
Gstm1,plex_1,1.25,1.04,1.03,0.97,0.9,0.58,,,,,,
Pecr,plex_1,1.43,1.4,1.57,0.88,0.6,0.42,,,,,,
Pecr,plex_1,1.43,1.4,1.57,0.88,0.6,0.42,,,,,,
Dlst,plex_1,1.31,1.22,1.16,1.08,0.87,0.59,,,,,,
Epb41,plex_1,1.44,1.05,1.2,1.07,0.92,0.66,,,,,,
,plex_1,1.16,1.13,1.04,0.99,0.85,0.55,,,,,,
Nomo1,plex_1,1.22,1.19,1.03,0.99,0.8,0.67,,,,,,
Ces1d,plex_1,1.45,1.21,1.18,1.31,0.75,0.61,,,,,,
L2hgdh,plex_1,1.22,1.33,1.28,0.92,1.11,0.77,,,,,,
Anxa4,plex_1,1.25,1.05,0.98,0.87,0.78,0.46,,,,,,
Ctsd,plex_1,1.18,1.14,0.89,0.74,0.74,0.52,,,,,,
Pitrm1,plex_1,1.38,1.15,1.37,1.16,0.99,0.67,,,,,,
Pitrm1,plex_1,1.38,1.15,1.37,1.16,0.99,0.67,,,,,,
Npl,plex_1,1.28,1.16,1.06,0.9,0.85,0.61,,,,,,
Acnat1,plex_1,1.43,1.15,1.08,0.72,0.66,0.47,,,,,,
Etfb,plex_1,1.45,1.18,1.11,1.0,0.77,0.57,,,,,,
Prdx5,plex_1,1.35,1.1,1.08,0.89,1.13,0.51,,,,,,
Prdx5,plex_1,1.35,1.1,1.08,0.89,1.13,0.51,,,,,,
Prdx5,plex_1,1.35,1.1,1.08,0.89,1.13,0.51,,,,,,
Prdx5,plex_1,1.35,1.1,1.08,0.89,1.13,0.51,,,,,,
Cyp2d26,plex_1,1.18,0.9,1.0,1.13,0.83,0.74,,,,,,
Eif3b,plex_1,1.13,1.1,1.06,0.7,0.75,0.53,,,,,,
,plex_1,1.38,1.32,0.92,1.35,0.97,0.59,,,,,,
Hba-a1,plex_1,1.38,1.32,0.92,1.35,0.97,0.59,,,,,,
Tinag,plex_1,1.11,0.96,1.03,0.98,0.66,0.54,,,,,,
Tinag,plex_1,1.11,0.96,1.03,0.98,0.66,0.54,,,,,,
Adhfe1,plex_1,1.11,1.28,1.15,1.04,0.79,0.54,,,,,,
Adhfe1,plex_1,1.11,1.28,1.15,1.04,0.79,0.54,,,,,,
Fggy,plex_1,1.36,1.08,1.28,0.82,0.74,0.58,,,,,,
Ide,plex_1,1.13,1.02,0.96,1.09,0.92,0.6,,,,,,
Ide,plex_1,1.13,1.02,0.96,1.09,0.92,0.6,,,,,,
Pdxk,plex_1,1.36,1.12,0.99,0.96,0.9,0.58,,,,,,
Vdac2,plex_1,1.56,1.31,1.04,0.88,0.68,0.62,,,,,,
Hibch,plex_1,1.88,1.41,1.73,1.38,1.17,0.58,,,,,,
Slc25a3,plex_1,1.58,1.21,1.3,1.09,0.93,0.57,,,,,,
Atic,plex_1,1.59,1.2,1.13,1.05,0.65,0.62,,,,,,
Ctnnd1,plex_1,1.37,1.06,1.05,0.88,0.83,0.6,,,,,,
Cyb5r3,plex_1,1.53,1.39,1.45,1.11,0.84,0.45,,,,,,
Cyb5r3,plex_1,1.53,1.39,1.45,1.11,0.84,0.45,,,,,,
Krt18,plex_1,1.2,0.96,0.77,0.8,0.97,0.48,,,,,,
Cap1,plex_1,1.21,1.1,1.17,0.92,0.85,0.51,,,,,,
Qdpr,plex_1,1.15,1.07,0.97,0.75,0.77,0.56,,,,,,
Carkd,plex_1,1.35,0.96,0.91,0.87,0.74,0.46,,,,,,
Carkd,plex_1,1.35,0.96,0.91,0.87,0.74,0.46,,,,,,
Carkd,plex_1,1.35,0.96,0.91,0.87,0.74,0.46,,,,,,
Carkd,plex_1,1.35,0.96,0.91,0.87,0.74,0.46,,,,,,
Cfl1,plex_1,1.24,0.98,1.06,0.8,0.71,0.44,,,,,,
Akr7a2,plex_1,1.2,1.13,1.05,0.82,0.84,0.63,,,,,,
Pdia6,plex_1,1.52,1.15,1.29,0.82,0.72,0.47,,,,,,
Pdia6,plex_1,1.52,1.15,1.29,0.82,0.72,0.47,,,,,,
Cct7,plex_1,1.25,1.04,1.15,0.85,0.87,0.43,,,,,,
Cct7,plex_1,1.25,1.04,1.15,0.85,0.87,0.43,,,,,,
Cct7,plex_1,1.25,1.04,1.15,0.85,0.87,0.43,,,,,,
H6pd,plex_1,1.13,1.08,1.34,0.95,0.86,0.48,,,,,,
Hmgcl,plex_1,1.26,1.07,0.98,0.84,0.9,0.7,,,,,,
Ca3,plex_1,2.14,1.53,1.45,1.41,0.87,0.38,,,,,,
Col14a1,plex_1,1.1,1.02,1.02,1.21,1.0,0.48,,,,,,
Dhrs1,plex_1,1.46,1.42,1.09,1.13,0.86,0.58,,,,,,
Anxa11,plex_1,1.21,1.17,1.09,0.74,0.8,0.59,,,,,,
Kng1,plex_1,1.06,0.94,1.37,0.96,0.76,0.47,,,,,,
Spr,plex_1,1.44,1.08,1.07,0.92,0.87,0.41,,,,,,
Psma1,plex_1,1.26,0.99,0.98,1.24,0.85,0.72,,,,,,
Pabpc1,plex_1,1.73,1.11,1.36,1.09,0.91,0.58,,,,,,
Pnp,plex_1,1.23,1.15,1.06,1.02,0.8,0.57,,,,,,
Atp5h,plex_1,1.53,1.08,0.95,0.86,0.87,0.58,,,,,,
Ddx1,plex_1,1.41,1.12,1.26,1.01,0.92,0.53,,,,,,
Miox,plex_1,1.18,1.18,1.05,0.79,0.58,0.7,,,,,,
Alpl,plex_1,1.42,1.25,1.11,0.87,0.95,0.63,,,,,,
Capg,plex_1,1.25,0.91,0.97,0.94,0.76,0.46,,,,,,
Capg,plex_1,1.25,0.91,0.97,0.94,0.76,0.46,,,,,,
Hsph1,plex_1,1.47,1.24,1.22,0.87,0.79,0.59,,,,,,
Hsph1,plex_1,1.47,1.24,1.22,0.87,0.79,0.59,,,,,,
Grhpr,plex_1,1.44,1.14,1.17,0.93,0.64,0.52,,,,,,
Adh5,plex_1,1.53,1.1,1.2,1.09,1.19,0.59,,,,,,
HC,plex_1,1.82,0.71,1.8,0.96,1.07,0.42,,,,,,
HC,plex_1,1.82,0.71,1.8,0.96,1.07,0.42,,,,,,
Ighg2b,plex_1,1.82,0.71,1.8,0.96,1.07,0.42,,,,,,
Coasy,plex_1,1.34,1.41,1.0,1.01,0.87,0.46,,,,,,
Ren1,plex_1,1.44,1.07,1.77,0.69,0.84,0.45,,,,,,
Asah1,plex_1,1.19,1.11,1.09,0.8,0.91,0.53,,,,,,
Prdx2,plex_1,1.42,1.19,1.24,1.02,0.92,0.56,,,,,,
Ppp1ca,plex_1,1.2,0.94,1.01,0.7,0.65,0.59,,,,,,
Ahsg,plex_1,1.49,1.08,1.36,0.9,0.89,0.45,,,,,,
Ahsg,plex_1,1.49,1.08,1.36,0.9,0.89,0.45,,,,,,
Ahsg,plex_1,1.49,1.08,1.36,0.9,0.89,0.45,,,,,,
Apoa4,plex_1,1.45,1.09,1.17,1.01,0.69,0.57,,,,,,
Acsf2,plex_1,1.19,1.33,1.09,1.01,1.39,0.97,,,,,,
Asl,plex_1,1.22,1.23,0.97,0.98,0.97,0.68,,,,,,
Amacr,plex_1,1.08,1.09,1.09,0.79,0.67,0.56,,,,,,
Capn2,plex_1,1.17,0.97,0.93,0.87,0.76,0.46,,,,,,
Rps3,plex_1,1.41,1.2,1.19,0.88,0.9,0.58,,,,,,
Capn1,plex_1,1.28,0.99,1.08,1.02,0.92,0.61,,,,,,
Ptbp1,plex_1,1.12,1.01,0.9,0.86,0.87,0.44,,,,,,
Serpina1d,plex_1,1.32,1.25,1.08,1.14,0.99,0.56,,,,,,
Ak2,plex_1,1.43,1.23,1.2,0.94,0.84,0.46,,,,,,
Ak2,plex_1,1.43,1.23,1.2,0.94,0.84,0.46,,,,,,
Ptgr2,plex_1,1.37,0.95,1.16,1.08,1.13,0.69,,,,,,
Psme1,plex_1,1.6,1.31,1.07,1.12,1.05,0.53,,,,,,
Gstk1,plex_1,1.52,1.15,0.92,0.87,1.24,0.72,,,,,,
Ywhae,plex_1,1.35,1.11,1.18,0.87,1.0,0.47,,,,,,
Gfm1,plex_1,1.45,0.98,1.14,0.82,0.76,0.51,,,,,,
Grn,plex_1,1.38,1.03,0.92,0.67,0.67,0.64,,,,,,
Grn,plex_1,1.38,1.03,0.92,0.67,0.67,0.64,,,,,,
Grn,plex_1,1.38,1.03,0.92,0.67,0.67,0.64,,,,,,
Grn,plex_1,1.38,1.03,0.92,0.67,0.67,0.64,,,,,,
Grn,plex_1,1.38,1.03,0.92,0.67,0.67,0.64,,,,,,
Grn,plex_1,1.38,1.03,0.92,0.67,0.67,0.64,,,,,,
Grn,plex_1,1.38,1.03,0.92,0.67,0.67,0.64,,,,,,
Grn,plex_1,1.38,1.03,0.92,0.67,0.67,0.64,,,,,,
Grn,plex_1,1.38,1.03,0.92,0.67,0.67,0.64,,,,,,
Erlin2,plex_1,1.35,1.13,1.12,1.06,0.87,0.52,,,,,,
Rab14,plex_1,1.18,1.21,1.05,0.94,0.77,0.51,,,,,,
Eef1g,plex_1,1.46,1.21,1.31,0.92,0.84,0.52,,,,,,
Dao,plex_1,1.29,1.11,1.25,0.85,0.74,0.47,,,,,,
Dao,plex_1,1.29,1.11,1.25,0.85,0.74,0.47,,,,,,
Lamb1,plex_1,1.72,1.41,1.26,1.2,0.88,0.56,,,,,,
Xylb,plex_1,1.47,1.11,1.17,1.0,0.93,0.65,,,,,,
Itga6,plex_1,1.28,1.3,1.04,0.85,0.71,0.54,,,,,,
Rpsa,plex_1,1.21,1.17,1.22,0.9,0.85,0.48,,,,,,
Cyp2j5,plex_1,1.5,1.29,1.84,1.23,0.96,0.75,,,,,,
Acss2,plex_1,1.47,1.34,1.3,1.07,0.88,0.53,,,,,,
Snx1,plex_1,1.51,1.26,1.28,0.92,0.77,0.49,,,,,,
Sdhb,plex_1,1.24,1.21,1.01,0.88,0.9,0.65,,,,,,
Hadh,plex_1,1.8,1.35,1.49,1.7,1.11,0.66,,,,,,
Clic4,plex_1,1.43,1.15,1.23,0.87,0.87,0.59,,,,,,
Susd2,plex_1,1.38,1.29,1.12,0.97,0.67,0.46,,,,,,
Taldo1,plex_1,1.46,1.25,1.29,1.01,0.96,0.59,,,,,,
Bcat2,plex_1,1.81,1.39,1.76,1.21,1.27,0.9,,,,,,
Ugt1a2,plex_1,1.5,1.17,1.03,1.43,1.25,1.01,,,,,,
Kars,plex_1,1.5,1.23,1.29,0.99,1.0,0.63,,,,,,
Nsf,plex_1,1.36,1.27,1.19,0.9,0.93,0.63,,,,,,
Ddah1,plex_1,1.34,1.25,1.22,0.97,0.84,0.6,,,,,,
Eif4g1,plex_1,1.32,1.18,1.25,0.86,0.78,0.47,,,,,,
Lactb,plex_1,1.5,1.4,1.29,0.97,0.8,0.56,,,,,,
Dhrs4,plex_1,1.3,1.05,1.19,1.17,0.68,0.55,,,,,,
Dhrs4,plex_1,1.3,1.05,1.19,1.17,0.68,0.55,,,,,,
Pfn1,plex_1,1.07,1.04,0.93,0.85,0.85,0.51,,,,,,
Acot4,plex_1,1.34,1.27,1.26,0.95,0.69,0.53,,,,,,
Atp6v1b1,plex_1,0.97,0.97,0.92,0.75,1.02,0.46,,,,,,
H2afy,plex_1,1.63,1.49,1.17,1.18,1.11,0.58,,,,,,
H2afy,plex_1,1.63,1.49,1.17,1.18,1.11,0.58,,,,,,
Ssb,plex_1,1.32,1.22,1.28,1.11,0.81,0.58,,,,,,
Eci1,plex_1,1.46,1.3,1.32,1.17,0.85,0.68,,,,,,
Add3,plex_1,1.32,1.04,1.02,0.91,0.86,0.45,,,,,,
Add3,plex_1,1.32,1.04,1.02,0.91,0.86,0.45,,,,,,
Acad11,plex_1,1.21,1.22,1.12,0.78,0.77,0.59,,,,,,
FAM120A,plex_1,1.26,1.13,1.13,1.21,0.77,0.5,,,,,,
Fahd1,plex_1,1.5,1.32,1.21,1.03,0.83,0.61,,,,,,
Hp1bp3,plex_1,1.33,1.04,0.97,1.11,0.66,0.53,,,,,,
Hp1bp3,plex_1,1.33,1.04,0.97,1.11,0.66,0.53,,,,,,
Ddc,plex_1,1.28,1.08,1.13,0.91,0.93,0.45,,,,,,
Nono,plex_1,1.3,1.2,0.93,0.99,0.83,0.51,,,,,,
Nono,plex_1,1.3,1.2,0.93,0.99,0.83,0.51,,,,,,
Nono,plex_1,1.3,1.2,0.93,0.99,0.83,0.51,,,,,,
Retsat,plex_1,1.16,1.05,1.03,0.9,0.84,0.44,,,,,,
Rps2,plex_1,1.33,1.22,1.19,1.02,0.84,0.53,,,,,,
Ces2c,plex_1,1.15,1.17,1.16,0.88,0.77,0.45,,,,,,
Haao,plex_1,1.38,1.27,1.18,1.06,0.88,0.58,,,,,,
Khsrp,plex_1,1.27,1.12,1.09,1.09,0.89,0.6,,,,,,
Ppa1,plex_1,1.38,1.21,1.2,0.86,0.73,0.5,,,,,,
Krt8,plex_1,1.46,0.99,0.78,1.02,0.87,0.59,,,,,,
Pfkm,plex_1,1.34,1.19,0.99,1.1,0.81,0.69,,,,,,
Pfkm,plex_1,1.34,1.19,0.99,1.1,0.81,0.69,,,,,,
Pfkm,plex_1,1.34,1.19,0.99,1.1,0.81,0.69,,,,,,
Adck3,plex_1,1.16,1.15,0.79,0.82,0.75,0.61,,,,,,
Arf3,plex_1,1.39,1.15,1.3,0.86,0.75,0.59,,,,,,
Iah1,plex_1,1.65,1.4,1.32,1.05,0.79,0.8,,,,,,
Slc12a3,plex_1,1.33,1.43,1.07,1.1,0.89,0.64,,,,,,
Synpo,plex_1,1.69,1.33,1.19,0.92,0.93,0.57,,,,,,
Itpr1,plex_1,1.37,1.12,1.21,0.96,0.8,0.52,,,,,,
Itpr1,plex_1,1.37,1.12,1.21,0.96,0.8,0.52,,,,,,
Itpr1,plex_1,1.37,1.12,1.21,0.96,0.8,0.52,,,,,,
Itpr1,plex_1,1.37,1.12,1.21,0.96,0.8,0.52,,,,,,
Itpr1,plex_1,1.37,1.12,1.21,0.96,0.8,0.52,,,,,,
Itpr1,plex_1,1.37,1.12,1.21,0.96,0.8,0.52,,,,,,
Itpr1,plex_1,1.37,1.12,1.21,0.96,0.8,0.52,,,,,,
Itpr1,plex_1,1.37,1.12,1.21,0.96,0.8,0.52,,,,,,
Alad,plex_1,1.59,1.38,1.67,1.09,1.14,0.67,,,,,,
Alad,plex_1,1.59,1.38,1.67,1.09,1.14,0.67,,,,,,
Atp6v0a4,plex_1,1.1,1.15,1.12,0.89,0.96,0.68,,,,,,
Fbn1,plex_1,1.78,1.49,1.48,0.89,0.74,0.34,,,,,,
Fbn1,plex_1,1.78,1.49,1.48,0.89,0.74,0.34,,,,,,
Pbld1,plex_1,1.7,1.39,1.48,1.11,0.92,0.65,,,,,,
Pbld2,plex_1,1.7,1.39,1.48,1.11,0.92,0.65,,,,,,
Psma5,plex_1,1.23,1.17,1.07,0.87,0.75,0.49,,,,,,
Psma5,plex_1,1.23,1.17,1.07,0.87,0.75,0.49,,,,,,
Psma5,plex_1,1.23,1.17,1.07,0.87,0.75,0.49,,,,,,
Myl6,plex_1,1.39,1.23,1.26,1.03,0.87,0.57,,,,,,
Upf1,plex_1,1.29,1.35,1.23,1.12,0.95,0.49,,,,,,
Upf1,plex_1,1.29,1.35,1.23,1.12,0.95,0.49,,,,,,
Clint1,plex_1,1.58,1.21,1.12,1.04,0.89,0.69,,,,,,
Vwa5a,plex_1,1.22,1.18,1.09,1.07,0.93,0.49,,,,,,
Ndufs3,plex_1,1.16,1.05,1.06,0.8,0.77,0.53,,,,,,
Decr1,plex_1,1.29,1.12,1.11,0.84,0.8,0.51,,,,,,
Dync1li1,plex_1,1.43,1.13,1.0,0.89,0.87,0.59,,,,,,
Vill,plex_1,1.43,1.27,1.31,0.59,0.56,0.47,,,,,,
Tpm3,plex_1,1.72,1.32,0.99,0.94,0.79,0.59,,,,,,
Des,plex_1,1.33,1.22,1.04,1.09,1.0,0.58,,,,,,
Des,plex_1,1.33,1.22,1.04,1.09,1.0,0.58,,,,,,
Ctsb,plex_1,1.39,1.32,1.65,0.95,0.98,0.61,,,,,,
Sept2,plex_1,1.3,1.13,1.1,0.8,0.8,0.53,,,,,,
Sept2,plex_1,1.3,1.13,1.1,0.8,0.8,0.53,,,,,,
Me3,plex_1,1.18,1.19,1.07,0.87,0.97,0.53,,,,,,
Abhd14b,plex_1,1.37,1.15,1.13,0.86,0.8,0.49,,,,,,
Fkbp4,plex_1,1.34,1.27,1.35,1.03,0.99,0.51,,,,,,
Asph,plex_1,1.53,1.21,1.16,1.12,0.94,0.61,,,,,,
Abcg2,plex_1,1.66,1.32,1.32,1.02,0.95,0.67,,,,,,
Samm50,plex_1,1.21,1.18,1.1,0.71,0.59,0.62,,,,,,
Plxnb2,plex_1,1.32,1.17,1.15,0.87,0.79,0.59,,,,,,
Nceh1,plex_1,1.59,1.2,1.43,0.87,0.76,0.46,,,,,,
Glb1,plex_1,1.42,1.32,1.39,0.74,0.77,0.57,,,,,,
Gipc2,plex_1,1.29,1.08,1.22,0.86,0.75,0.61,,,,,,
Pgls,plex_1,1.33,1.08,1.33,1.05,0.82,0.69,,,,,,
Col6a1,plex_1,1.61,1.39,1.34,1.37,0.92,0.59,,,,,,
Gsr,plex_1,1.39,1.14,1.08,0.95,0.65,0.55,,,,,,
Gsr,plex_1,1.39,1.14,1.08,0.95,0.65,0.55,,,,,,
Zadh2,plex_1,1.32,1.14,1.26,0.95,0.93,0.69,,,,,,
Lactb2,plex_1,1.17,1.13,1.26,0.89,0.67,0.52,,,,,,
Rab7a,plex_1,1.22,1.17,1.05,0.82,0.62,0.58,,,,,,
Nccrp1,plex_1,1.5,0.92,0.91,0.96,1.12,0.56,,,,,,
Nccrp1,plex_1,1.5,0.92,0.91,0.96,1.12,0.56,,,,,,
Cct6a,plex_1,1.18,1.06,1.11,0.93,0.74,0.51,,,,,,
Cct6a,plex_1,1.18,1.06,1.11,0.93,0.74,0.51,,,,,,
Bcam,plex_1,1.13,1.08,0.85,0.92,0.86,0.55,,,,,,
Eci2,plex_1,1.18,1.07,0.95,0.8,0.71,0.57,,,,,,
Ech1,plex_1,1.21,1.15,1.1,0.77,0.82,0.61,,,,,,
Comt,plex_1,1.23,1.09,1.28,0.87,0.69,0.43,,,,,,
Gas2,plex_1,1.27,1.42,1.11,0.95,0.9,0.85,,,,,,
Ywhaq,plex_1,1.14,1.12,1.11,0.81,0.91,0.49,,,,,,
Ywhaq,plex_1,1.14,1.12,1.11,0.81,0.91,0.49,,,,,,
Psmc3,plex_1,1.41,1.31,1.23,1.02,0.74,0.54,,,,,,
Uggt1,plex_1,1.44,1.08,1.23,1.03,0.82,0.56,,,,,,
Nars,plex_1,1.24,1.04,1.08,0.89,0.76,0.48,,,,,,
Atp2b1,plex_1,1.48,1.39,1.33,1.22,0.76,0.67,,,,,,
Idh3a,plex_1,1.33,1.11,1.11,1.05,0.99,0.58,,,,,,
Hnrnpul2,plex_1,1.4,1.09,1.23,1.04,1.0,0.51,,,,,,
Lima1,plex_1,1.11,1.0,0.93,0.93,0.9,0.46,,,,,,
Cfh,plex_1,1.42,1.07,1.7,0.78,0.79,0.46,,,,,,
Dhx15,plex_1,1.35,1.23,1.19,0.91,0.86,0.52,,,,,,
Gstp1,plex_1,1.76,1.16,1.18,1.13,0.92,0.62,,,,,,
Isoc2a,plex_1,1.25,0.93,0.85,0.79,0.83,0.72,,,,,,
Copb2,plex_1,1.26,1.23,1.36,1.01,0.95,0.54,,,,,,
Myo7b,plex_1,3.3,1.78,2.47,2.15,1.94,0.67,,,,,,
Ttc38,plex_1,1.58,1.26,1.28,1.22,1.07,0.65,,,,,,
Psmd12,plex_1,1.27,1.04,1.13,0.86,0.82,0.42,,,,,,
Tardbp,plex_1,1.27,1.07,0.96,0.87,0.82,0.5,,,,,,
Tardbp,plex_1,1.27,1.07,0.96,0.87,0.82,0.5,,,,,,
Scly,plex_1,1.57,1.31,1.27,1.02,0.69,0.57,,,,,,
Syne2,plex_1,1.17,1.04,1.05,0.74,0.72,0.5,,,,,,
Adk,plex_1,1.15,1.05,1.2,0.89,0.92,0.62,,,,,,
Adk,plex_1,1.15,1.05,1.2,0.89,0.92,0.62,,,,,,
Umod,plex_1,1.44,1.09,1.07,1.09,0.94,0.45,,,,,,
Pygb,plex_1,1.34,1.26,1.18,1.07,0.93,0.47,,,,,,
Fabp4,plex_1,1.77,1.22,1.15,0.94,0.8,0.31,,,,,,
Samd9l,plex_1,1.07,0.96,0.99,0.76,0.79,0.68,,,,,,
Hrsp12,plex_1,1.31,1.08,0.96,0.97,0.86,0.52,,,,,,
Cgnl1,plex_1,1.38,1.06,1.01,0.94,0.79,0.5,,,,,,
Cgnl1,plex_1,1.38,1.06,1.01,0.94,0.79,0.5,,,,,,
Blmh,plex_1,1.27,1.07,0.88,0.88,0.75,0.52,,,,,,
Syncrip,plex_1,1.31,1.19,1.02,1.0,0.76,0.57,,,,,,
Syncrip,plex_1,1.31,1.19,1.02,1.0,0.76,0.57,,,,,,
Apmap,plex_1,1.54,1.28,1.17,0.96,0.88,0.51,,,,,,
Ces1c,plex_1,1.33,1.1,1.34,0.93,1.04,0.57,,,,,,
Ipo5,plex_1,1.52,1.33,1.11,0.98,0.98,0.56,,,,,,
Psmd11,plex_1,1.09,1.03,1.05,0.85,0.69,0.51,,,,,,
Palm,plex_1,1.72,1.26,1.28,1.32,1.04,0.57,,,,,,
Palm,plex_1,1.72,1.26,1.28,1.32,1.04,0.57,,,,,,
Slc3a2,plex_1,1.29,1.28,1.2,0.86,0.73,0.65,,,,,,
Slc3a2,plex_1,1.29,1.28,1.2,0.86,0.73,0.65,,,,,,
Lyplal1,plex_1,1.4,1.17,1.23,0.84,0.82,0.5,,,,,,
Klc4,plex_1,1.54,1.21,1.48,1.09,0.97,0.7,,,,,,
Arhgdia,plex_1,1.26,1.07,1.19,0.99,0.88,0.56,,,,,,
Apoa1,plex_1,1.28,1.07,1.04,0.99,0.8,0.46,,,,,,
Apoa1,plex_1,1.28,1.07,1.04,0.99,0.8,0.46,,,,,,
BC089597,plex_1,1.17,1.19,0.97,1.21,0.86,0.62,,,,,,
Gphn,plex_1,1.15,1.0,0.74,0.84,0.66,0.66,,,,,,
Gphn,plex_1,1.15,1.0,0.74,0.84,0.66,0.66,,,,,,
Slc8a1,plex_1,1.33,1.39,1.27,0.98,0.77,0.52,,,,,,
Ugp2,plex_1,1.18,1.0,0.99,0.76,0.82,0.56,,,,,,
Ugp2,plex_1,1.18,1.0,0.99,0.76,0.82,0.56,,,,,,
Msra,plex_1,1.27,1.14,1.07,0.89,0.66,0.5,,,,,,
Msra,plex_1,1.27,1.14,1.07,0.89,0.66,0.5,,,,,,
Psma7,plex_1,1.31,1.24,1.13,0.87,0.93,0.36,,,,,,
Asna1,plex_1,1.56,1.29,1.32,1.11,0.91,0.56,,,,,,
Stx7,plex_1,0.9,1.05,0.85,0.78,0.83,0.47,,,,,,
Stx7,plex_1,0.9,1.05,0.85,0.78,0.83,0.47,,,,,,
Prkar2a,plex_1,1.43,1.26,1.19,0.94,1.08,0.55,,,,,,
Prkar2a,plex_1,1.43,1.26,1.19,0.94,1.08,0.55,,,,,,
Eif2s1,plex_1,1.48,1.45,1.21,1.01,0.89,0.57,,,,,,
Actr2,plex_1,1.29,1.19,1.09,1.0,1.06,0.55,,,,,,
Marc2,plex_1,1.28,1.15,1.2,1.0,0.78,0.62,,,,,,
Ilk,plex_1,1.09,0.96,0.92,0.76,0.88,0.57,,,,,,
Gstm2,plex_1,1.23,1.05,0.88,0.88,0.96,0.53,,,,,,
Rpl7,plex_1,1.4,1.27,1.15,0.85,0.73,0.51,,,,,,
Hnrnpf,plex_1,1.69,1.34,1.46,1.1,1.02,0.61,,,,,,
Tsfm,plex_1,1.57,1.28,1.18,1.06,0.73,0.56,,,,,,
Tsfm,plex_1,1.57,1.28,1.18,1.06,0.73,0.56,,,,,,
Phgdh,plex_1,1.23,0.93,1.03,0.69,0.88,0.42,,,,,,
Gart,plex_1,1.44,1.26,1.36,1.17,1.03,0.66,,,,,,
Cdc42bpb,plex_1,1.32,1.23,1.23,0.94,1.03,0.68,,,,,,
Cdc42bpb,plex_1,1.32,1.23,1.23,0.94,1.03,0.68,,,,,,
Mpi,plex_1,1.35,1.32,1.33,0.88,0.76,0.61,,,,,,
Ephx1,plex_1,1.51,1.24,1.15,0.89,0.87,0.58,,,,,,
Ephx1,plex_1,1.51,1.24,1.15,0.89,0.87,0.58,,,,,,
Kctd12,plex_1,1.21,1.12,1.1,0.88,0.89,0.54,,,,,,
Dstn,plex_1,1.26,1.14,1.12,0.9,0.9,0.54,,,,,,
Ap1g1,plex_1,1.34,1.08,1.06,0.79,0.75,0.56,,,,,,
Lypla1,plex_1,1.8,1.38,1.5,0.93,0.98,0.62,,,,,,
Sf3b1,plex_1,2.2,1.44,1.58,1.48,0.87,0.62,,,,,,
Sf3b1,plex_1,2.2,1.44,1.58,1.48,0.87,0.62,,,,,,
Igfbp7,plex_1,1.4,1.12,1.21,1.0,0.69,0.61,,,,,,
Ckb,plex_1,1.22,1.04,1.27,0.99,0.73,0.6,,,,,,
Uso1,plex_1,1.27,1.07,1.11,0.82,0.74,0.57,,,,,,
Anxa1,plex_1,1.44,1.17,1.32,0.98,0.66,0.47,,,,,,
Gbas,plex_1,1.32,0.99,1.0,0.94,0.87,0.53,,,,,,
Gbas,plex_1,1.32,0.99,1.0,0.94,0.87,0.53,,,,,,
Itih4,plex_1,1.02,0.72,2.6,0.72,0.8,0.33,,,,,,
Itih4,plex_1,1.02,0.72,2.6,0.72,0.8,0.33,,,,,,
Itih4,plex_1,1.02,0.72,2.6,0.72,0.8,0.33,,,,,,
Itih4,plex_1,1.02,0.72,2.6,0.72,0.8,0.33,,,,,,
Itih4,plex_1,1.02,0.72,2.6,0.72,0.8,0.33,,,,,,
U2af2,plex_1,1.06,0.98,0.95,0.79,0.91,0.47,,,,,,
U2af2,plex_1,1.06,0.98,0.95,0.79,0.91,0.47,,,,,,
U2af2,plex_1,1.06,0.98,0.95,0.79,0.91,0.47,,,,,,
Ptges2,plex_1,1.18,1.01,1.02,1.01,0.73,0.63,,,,,,
Nit1,plex_1,1.4,1.22,1.23,0.79,0.94,0.65,,,,,,
Tpd52l2,plex_1,1.16,1.15,1.17,0.75,0.79,0.43,,,,,,
Tpd52l2,plex_1,1.16,1.15,1.17,0.75,0.79,0.43,,,,,,
Gcat,plex_1,1.22,0.94,0.93,0.77,0.88,0.76,,,,,,
Sfxn1,plex_1,2.27,1.39,1.27,0.98,0.82,0.73,,,,,,
Qars,plex_1,1.24,1.11,0.97,0.78,0.69,0.55,,,,,,
Qars,plex_1,1.24,1.11,0.97,0.78,0.69,0.55,,,,,,
Qars,plex_1,1.24,1.11,0.97,0.78,0.69,0.55,,,,,,
Qars,plex_1,1.24,1.11,0.97,0.78,0.69,0.55,,,,,,
Sars,plex_1,1.36,1.29,1.41,0.96,0.79,0.61,,,,,,
Sars,plex_1,1.36,1.29,1.41,0.96,0.79,0.61,,,,,,
Sars,plex_1,1.36,1.29,1.41,0.96,0.79,0.61,,,,,,
Nsfl1c,plex_1,1.44,1.23,1.04,0.96,0.97,0.55,,,,,,
Nsfl1c,plex_1,1.44,1.23,1.04,0.96,0.97,0.55,,,,,,
As3mt,plex_1,1.27,1.23,1.14,0.77,0.78,0.61,,,,,,
Capza2,plex_1,1.17,1.17,0.99,0.88,0.83,0.58,,,,,,
Slc25a10,plex_1,1.29,1.05,1.31,1.1,0.78,0.59,,,,,,
Tubb2b,plex_1,1.4,1.11,1.01,0.87,0.71,0.78,,,,,,
Hmgb1,plex_1,1.18,1.1,1.07,1.06,0.74,0.59,,,,,,
Hmgb1,plex_1,1.18,1.1,1.07,1.06,0.74,0.59,,,,,,
Prosc,plex_1,1.19,1.16,1.05,0.87,0.72,0.58,,,,,,
Prosc,plex_1,1.19,1.16,1.05,0.87,0.72,0.58,,,,,,
Sacm1l,plex_1,1.35,1.19,1.04,0.88,0.84,0.55,,,,,,
Arpc2,plex_1,1.51,1.18,1.28,1.13,0.7,0.54,,,,,,
Mybbp1a,plex_1,1.42,1.16,1.21,0.96,0.9,0.62,,,,,,
G6pdx,plex_1,1.52,1.11,1.35,1.16,0.86,0.45,,,,,,
Matr3,plex_1,1.28,1.06,1.08,0.9,0.9,0.56,,,,,,
Matr3,plex_1,1.28,1.06,1.08,0.9,0.9,0.56,,,,,,
Matr3,plex_1,1.28,1.06,1.08,0.9,0.9,0.56,,,,,,
Qprt,plex_1,1.34,1.03,1.24,1.01,0.95,0.49,,,,,,
Aadac,plex_1,1.41,1.66,1.09,1.04,0.78,0.77,,,,,,
Gnb2,plex_1,1.59,1.06,1.19,1.03,0.71,0.71,,,,,,
Npm1,plex_1,1.11,1.02,0.92,0.83,0.8,0.53,,,,,,
Chd4,plex_1,1.22,1.19,1.08,0.96,0.81,0.64,,,,,,
Ca1,plex_1,1.16,1.17,0.66,1.34,1.09,0.6,,,,,,
Tpd52,plex_1,1.32,1.16,1.22,0.8,0.72,0.54,,,,,,
Tpd52,plex_1,1.32,1.16,1.22,0.8,0.72,0.54,,,,,,
Tpd52,plex_1,1.32,1.16,1.22,0.8,0.72,0.54,,,,,,
Tpd52,plex_1,1.32,1.16,1.22,0.8,0.72,0.54,,,,,,
Tpd52,plex_1,1.32,1.16,1.22,0.8,0.72,0.54,,,,,,
Tpd52,plex_1,1.32,1.16,1.22,0.8,0.72,0.54,,,,,,
Tpd52,plex_1,1.32,1.16,1.22,0.8,0.72,0.54,,,,,,
Fahd2a,plex_1,1.27,1.11,0.94,0.93,1.03,0.7,,,,,,
Atp6v1c1,plex_1,1.28,1.22,1.17,0.8,0.91,0.75,,,,,,
Atp6v1c1,plex_1,1.28,1.22,1.17,0.8,0.91,0.75,,,,,,
Sod3,plex_1,1.5,1.22,1.36,1.14,0.76,0.51,,,,,,
Sod3,plex_1,1.5,1.22,1.36,1.14,0.76,0.51,,,,,,
Sult1c2,plex_1,1.29,1.27,1.3,0.81,0.81,0.46,,,,,,
Mtap,plex_1,1.65,1.4,1.19,1.23,0.92,0.57,,,,,,
Aars,plex_1,1.52,1.22,1.52,0.95,0.96,0.51,,,,,,
Aars,plex_1,1.52,1.22,1.52,0.95,0.96,0.51,,,,,,
Sorbs1,plex_1,1.24,0.87,1.18,0.93,0.9,0.62,,,,,,
Eif2s3x,plex_1,1.56,1.09,1.25,0.95,0.86,0.58,,,,,,
Eif2s3x,plex_1,1.56,1.09,1.25,0.95,0.86,0.58,,,,,,
Lamb2,plex_1,1.38,1.46,1.02,1.14,0.82,0.63,,,,,,
G3bp1,plex_1,1.09,0.86,1.13,0.89,0.87,0.54,,,,,,
G3bp1,plex_1,1.09,0.86,1.13,0.89,0.87,0.54,,,,,,
Prdx3,plex_1,1.46,1.23,1.23,0.91,0.85,0.5,,,,,,
Ahcyl2,plex_1,1.39,1.36,1.31,1.11,0.96,0.67,,,,,,
Ahcyl2,plex_1,1.39,1.36,1.31,1.11,0.96,0.67,,,,,,
Ndufv3,plex_1,1.21,1.11,0.95,0.89,0.65,0.54,,,,,,
Ndufv3,plex_1,1.21,1.11,0.95,0.89,0.65,0.54,,,,,,
Dnpep,plex_1,1.33,1.29,1.04,0.98,0.96,0.56,,,,,,
Ap2m1,plex_1,1.1,1.06,1.15,0.71,0.83,0.54,,,,,,
Ethe1,plex_1,1.92,1.6,1.39,0.78,0.86,0.66,,,,,,
Dnajc3,plex_1,1.41,1.04,1.32,1.01,0.73,0.43,,,,,,
Dnaja2,plex_1,1.26,1.09,1.06,0.85,0.85,0.56,,,,,,
Arcn1,plex_1,1.0,0.9,0.91,0.72,0.74,0.45,,,,,,
Aldh1a1,plex_1,1.74,1.2,1.13,0.97,1.1,0.66,,,,,,
Lasp1,plex_1,1.2,0.99,0.79,0.96,0.89,0.52,,,,,,
Hnrnpa3,plex_1,1.35,1.16,1.27,1.08,0.9,0.58,,,,,,
Hnrnpa3,plex_1,1.35,1.16,1.27,1.08,0.9,0.58,,,,,,
Hnrnpa3,plex_1,1.35,1.16,1.27,1.08,0.9,0.58,,,,,,
Hnrnpa3,plex_1,1.35,1.16,1.27,1.08,0.9,0.58,,,,,,
Tmod3,plex_1,1.36,1.19,1.08,0.97,0.84,0.69,,,,,,
Tmod3,plex_1,1.36,1.19,1.08,0.97,0.84,0.69,,,,,,
Akr1b1,plex_1,1.44,1.08,0.93,0.95,0.93,0.43,,,,,,
Blvra,plex_1,1.24,1.23,1.03,0.86,0.84,0.58,,,,,,
Rps27a,plex_1,1.23,0.97,0.93,0.88,0.53,0.56,,,,,,
Itga1,plex_1,1.26,1.05,0.98,0.85,0.71,0.58,,,,,,
Psmc5,plex_1,1.28,1.19,1.28,1.08,0.88,0.57,,,,,,
Rab5c,plex_1,1.49,1.32,1.28,1.09,0.84,0.69,,,,,,
Rab5c,plex_1,1.49,1.32,1.28,1.09,0.84,0.69,,,,,,
Hspb1,plex_1,1.69,1.35,1.21,1.21,0.88,0.61,,,,,,
Slc25a11,plex_1,1.71,1.3,1.23,1.12,0.81,0.69,,,,,,
Lum,plex_1,1.43,1.29,0.98,1.21,0.85,0.37,,,,,,
Pak2,plex_1,1.35,1.12,0.91,0.76,0.71,0.59,,,,,,
C2cd2l,plex_1,1.62,1.28,1.45,1.06,0.73,0.52,,,,,,
Akr1c19,plex_1,1.02,0.96,0.94,0.88,0.83,0.59,,,,,,
Igk,plex_1,1.16,0.51,1.38,0.77,0.71,0.38,,,,,,
Igkc,plex_1,1.16,0.51,1.38,0.77,0.71,0.38,,,,,,
Psmd5,plex_1,1.34,1.19,1.16,1.01,0.85,0.57,,,,,,
Rpl7a,plex_1,1.26,1.09,1.03,0.8,0.52,0.44,,,,,,
Epb41l2,plex_1,1.33,1.01,0.98,1.02,0.98,0.63,,,,,,
Tagln,plex_1,1.3,1.17,0.91,1.01,0.84,0.4,,,,,,
Fmo2,plex_1,1.13,1.13,0.92,0.81,0.92,0.65,,,,,,
Sf3a1,plex_1,1.44,1.42,1.36,0.85,0.76,0.76,,,,,,
Ywhah,plex_1,1.48,1.1,1.61,1.02,0.86,0.48,,,,,,
Pmpca,plex_1,1.54,1.47,1.4,1.0,0.85,0.62,,,,,,
Gstt1,plex_1,1.29,1.14,1.07,0.98,0.98,0.62,,,,,,
Atp6v1e1,plex_1,1.27,0.99,1.02,1.01,0.89,0.66,,,,,,
Gstt2,plex_1,1.46,1.24,1.22,1.19,0.89,0.53,,,,,,
Rplp2,plex_1,1.4,1.28,1.07,0.77,0.69,0.54,,,,,,
Cmbl,plex_1,1.26,1.11,0.89,0.99,0.69,0.59,,,,,,
Tmpo,plex_1,2.05,1.59,1.99,1.51,1.52,0.79,,,,,,
Rps3a,plex_1,1.34,1.03,1.16,0.95,0.68,0.61,,,,,,
Mlycd,plex_1,1.36,1.17,1.58,0.98,0.89,0.89,,,,,,
Ak4,plex_1,1.62,1.38,1.19,1.04,0.73,0.72,,,,,,
Mecp2,plex_1,1.43,1.14,1.18,1.09,0.53,0.63,,,,,,
Mecp2,plex_1,1.43,1.14,1.18,1.09,0.53,0.63,,,,,,
Farsa,plex_1,1.33,1.15,1.32,1.02,0.87,0.48,,,,,,
Farsa,plex_1,1.33,1.15,1.32,1.02,0.87,0.48,,,,,,
Mapt,plex_1,1.31,1.0,0.94,1.04,0.71,0.83,,,,,,
Hsd11b2,plex_1,1.3,1.14,1.14,0.93,0.91,0.66,,,,,,
Galm,plex_1,1.32,1.07,1.23,0.88,0.83,0.59,,,,,,
Actc1,plex_1,1.08,1.26,0.77,1.03,0.75,0.58,,,,,,
Hoga1,plex_1,1.44,1.22,1.08,0.96,0.49,0.66,,,,,,
Tinagl1,plex_1,1.49,1.22,1.13,1.01,0.75,0.52,,,,,,
Tinagl1,plex_1,1.49,1.22,1.13,1.01,0.75,0.52,,,,,,
Gsta2,plex_1,1.16,1.06,0.86,0.95,0.84,0.65,,,,,,
Tst,plex_1,1.57,1.42,1.26,1.02,0.75,0.52,,,,,,
Napsa,plex_1,1.53,1.33,1.37,0.85,0.8,0.52,,,,,,
Napsa,plex_1,1.53,1.33,1.37,0.85,0.8,0.52,,,,,,
Napsa,plex_1,1.53,1.33,1.37,0.85,0.8,0.52,,,,,,
Serpinh1,plex_1,1.3,1.15,1.45,0.78,0.89,0.42,,,,,,
Serpinh1,plex_1,1.3,1.15,1.45,0.78,0.89,0.42,,,,,,
Serpinh1,plex_1,1.3,1.15,1.45,0.78,0.89,0.42,,,,,,
Serpinh1,plex_1,1.3,1.15,1.45,0.78,0.89,0.42,,,,,,
Acaca,plex_1,1.71,1.65,1.3,1.57,1.17,0.42,,,,,,
Acaca,plex_1,1.71,1.65,1.3,1.57,1.17,0.42,,,,,,
Calm1,plex_1,1.21,1.14,1.22,0.99,0.98,0.47,,,,,,
Calm1,plex_1,1.21,1.14,1.22,0.99,0.98,0.47,,,,,,
Adsl,plex_1,1.35,1.16,1.19,0.99,0.89,0.57,,,,,,
Atad3,plex_1,1.34,1.08,1.09,1.08,0.84,0.68,,,,,,
Hprt,plex_1,1.15,1.01,0.99,0.61,0.82,0.52,,,,,,
Hprt1,plex_1,1.15,1.01,0.99,0.61,0.82,0.52,,,,,,
Smc3,plex_1,1.21,0.99,0.88,0.93,0.95,0.55,,,,,,
Smc3,plex_1,1.21,0.99,0.88,0.93,0.95,0.55,,,,,,
Pcbp2,plex_1,1.74,1.68,1.56,1.37,1.33,0.8,,,,,,
Pcbp2,plex_1,1.74,1.68,1.56,1.37,1.33,0.8,,,,,,
Bsnd,plex_1,1.55,1.29,1.01,0.96,1.24,0.52,,,,,,
Gnpda1,plex_1,1.37,1.05,1.14,0.86,0.89,0.56,,,,,,
Psmc6,plex_1,1.63,1.41,1.44,1.06,0.85,0.63,,,,,,
Ddx5,plex_1,1.27,1.21,1.06,0.9,0.7,0.54,,,,,,
Dlg1,plex_1,1.33,1.15,1.18,0.89,0.77,0.57,,,,,,
Dlg1,plex_1,1.33,1.15,1.18,0.89,0.77,0.57,,,,,,
Dlg1,plex_1,1.33,1.15,1.18,0.89,0.77,0.57,,,,,,
Dlg1,plex_1,1.33,1.15,1.18,0.89,0.77,0.57,,,,,,
Dlg1,plex_1,1.33,1.15,1.18,0.89,0.77,0.57,,,,,,
Psmd13,plex_1,1.88,1.38,1.7,1.17,1.07,0.6,,,,,,
Suox,plex_1,1.56,1.25,1.26,0.91,0.87,0.73,,,,,,
Gsto1,plex_1,1.43,1.05,1.04,0.75,0.9,0.48,,,,,,
Blvrb,plex_1,1.65,1.36,1.21,1.47,0.84,0.51,,,,,,
Acox3,plex_1,1.09,1.21,0.89,0.87,0.66,0.71,,,,,,
Baiap2,plex_1,1.54,1.41,1.34,0.99,0.87,0.52,,,,,,
Baiap2,plex_1,1.54,1.41,1.34,0.99,0.87,0.52,,,,,,
Baiap2,plex_1,1.54,1.41,1.34,0.99,0.87,0.52,,,,,,
Baiap2,plex_1,1.54,1.41,1.34,0.99,0.87,0.52,,,,,,
Gclm,plex_1,1.17,1.07,1.42,0.8,0.93,0.41,,,,,,
Epb41l1,plex_1,1.55,1.28,1.18,1.23,0.96,0.65,,,,,,
Epb41l1,plex_1,1.55,1.28,1.18,1.23,0.96,0.65,,,,,,
Aldh3a2,plex_1,1.4,1.38,1.19,0.99,0.8,0.58,,,,,,
Agxt2,plex_1,1.15,1.04,1.02,0.94,0.85,0.61,,,,,,
Pdhx,plex_1,1.39,1.11,1.19,1.03,0.95,0.62,,,,,,
Cyfip1,plex_1,1.78,1.26,1.43,1.06,1.17,0.62,,,,,,
Stxbp2,plex_1,1.27,1.17,1.13,0.98,0.81,0.57,,,,,,
Ehd2,plex_1,1.41,1.1,1.0,1.06,0.92,0.49,,,,,,
Sec24c,plex_1,1.45,1.24,1.16,0.92,0.97,0.6,,,,,,
Sec24c,plex_1,1.45,1.24,1.16,0.92,0.97,0.6,,,,,,
Sec24c,plex_1,1.45,1.24,1.16,0.92,0.97,0.6,,,,,,
Sec24c,plex_1,1.45,1.24,1.16,0.92,0.97,0.6,,,,,,
Ctsz,plex_1,2.23,1.42,2.05,1.93,1.24,0.6,,,,,,
Gna11,plex_1,1.33,1.11,1.19,1.0,0.99,0.65,,,,,,
Gna11,plex_1,1.33,1.11,1.19,1.0,0.99,0.65,,,,,,
Mgam,plex_1,1.44,1.24,1.24,0.95,0.88,0.43,,,,,,
Apool,plex_1,1.14,1.05,0.97,0.77,0.51,0.49,,,,,,
Bphl,plex_1,1.3,1.14,1.15,0.89,0.74,0.57,,,,,,
Bphl,plex_1,1.3,1.14,1.15,0.89,0.74,0.57,,,,,,
Hint2,plex_1,1.39,1.07,1.25,0.94,1.05,0.8,,,,,,
Eftud2,plex_1,1.28,1.2,1.18,0.96,0.84,0.55,,,,,,
Eftud2,plex_1,1.28,1.2,1.18,0.96,0.84,0.55,,,,,,
Eftud2,plex_1,1.28,1.2,1.18,0.96,0.84,0.55,,,,,,
Eftud2,plex_1,1.28,1.2,1.18,0.96,0.84,0.55,,,,,,
Eftud2,plex_1,1.28,1.2,1.18,0.96,0.84,0.55,,,,,,
Dera,plex_1,1.28,1.19,1.39,0.86,0.9,0.64,,,,,,
Echdc1,plex_1,1.71,1.38,1.4,0.95,0.79,0.63,,,,,,
Echdc1,plex_1,1.71,1.38,1.4,0.95,0.79,0.63,,,,,,
Entpd5,plex_1,1.07,1.18,1.15,0.96,0.87,0.56,,,,,,
Entpd5,plex_1,1.07,1.18,1.15,0.96,0.87,0.56,,,,,,
Prkcsh,plex_1,1.15,1.09,1.04,0.93,0.66,0.53,,,,,,
Prkcsh,plex_1,1.15,1.09,1.04,0.93,0.66,0.53,,,,,,
Mettl7a1,plex_1,1.11,0.97,1.09,0.96,0.89,0.58,,,,,,
Anxa3,plex_1,2.15,1.56,1.87,1.64,1.3,0.56,,,,,,
Txnl1,plex_1,1.64,1.55,1.32,1.3,0.98,0.64,,,,,,
Txnl1,plex_1,1.64,1.55,1.32,1.3,0.98,0.64,,,,,,
Rdx,plex_1,1.44,1.11,1.14,1.03,0.95,0.72,,,,,,
Eif3d,plex_1,1.39,1.32,1.29,0.95,0.87,0.53,,,,,,
F2,plex_1,1.16,1.01,1.15,0.94,0.77,0.56,,,,,,
Eif4a2,plex_1,1.46,1.21,1.16,0.89,0.91,0.55,,,,,,
Eif4a2,plex_1,1.46,1.21,1.16,0.89,0.91,0.55,,,,,,
Galk1,plex_1,1.4,1.19,1.13,1.06,1.03,0.68,,,,,,
Galk1,plex_1,1.4,1.19,1.13,1.06,1.03,0.68,,,,,,
Dctn2,plex_1,1.31,1.02,1.15,1.03,0.88,0.53,,,,,,
Pnpt1,plex_1,1.38,1.24,1.07,1.06,0.86,0.52,,,,,,
Pnpt1,plex_1,1.38,1.24,1.07,1.06,0.86,0.52,,,,,,
Pnpt1,plex_1,1.38,1.24,1.07,1.06,0.86,0.52,,,,,,
Pnpt1,plex_1,1.38,1.24,1.07,1.06,0.86,0.52,,,,,,
Acsf3,plex_1,1.42,1.13,1.01,0.85,0.66,0.51,,,,,,
Atp6v0d1,plex_1,1.28,1.13,1.02,0.84,0.86,0.77,,,,,,
Pgam2,plex_1,1.04,1.14,1.23,0.95,0.85,0.46,,,,,,
Chchd6,plex_1,1.61,1.3,1.34,1.14,0.89,0.67,,,,,,
Chchd6,plex_1,1.61,1.3,1.34,1.14,0.89,0.67,,,,,,
Rplp0,plex_1,1.42,1.13,1.24,1.08,1.03,0.66,,,,,,
Rplp0,plex_1,1.42,1.13,1.24,1.08,1.03,0.66,,,,,,
Aspa,plex_1,1.39,1.04,1.04,0.99,0.99,0.55,,,,,,
Samhd1,plex_1,1.19,0.98,1.14,1.06,0.91,0.59,,,,,,
Plekha7,plex_1,1.27,1.1,0.93,0.93,0.73,0.62,,,,,,
Acsm5,plex_1,1.72,1.41,1.32,1.22,1.02,0.65,,,,,,
Mat2a,plex_1,1.2,1.19,1.3,1.12,0.93,0.47,,,,,,
Arpc1b,plex_1,1.47,1.37,1.21,1.09,0.89,0.52,,,,,,
Psmd3,plex_1,1.47,1.29,1.25,1.07,0.84,0.56,,,,,,
Psmd3,plex_1,1.47,1.29,1.25,1.07,0.84,0.56,,,,,,
Aldoc,plex_1,2.41,1.97,1.44,1.68,1.58,0.68,,,,,,
Aldh16a1,plex_1,1.46,1.18,1.21,0.8,0.77,0.56,,,,,,
Gpx3,plex_1,1.31,1.19,1.0,0.83,1.0,0.65,,,,,,
Gstm5,plex_1,1.3,1.24,1.38,0.86,0.93,0.68,,,,,,
Hspa4l,plex_1,1.3,1.35,1.29,0.95,0.86,0.58,,,,,,
Mpst,plex_1,1.45,1.05,1.51,0.97,0.77,0.59,,,,,,
Mpst,plex_1,1.45,1.05,1.51,0.97,0.77,0.59,,,,,,
Mpst,plex_1,1.45,1.05,1.51,0.97,0.77,0.59,,,,,,
Myl1,plex_1,1.04,0.78,1.77,1.01,0.89,0.74,,,,,,
Osbp,plex_1,1.46,1.19,1.3,1.21,0.81,0.51,,,,,,
Pa2g4,plex_1,1.5,1.15,1.21,0.99,0.95,0.57,,,,,,
Pa2g4,plex_1,1.5,1.15,1.21,0.99,0.95,0.57,,,,,,
Pa2g4,plex_1,1.5,1.15,1.21,0.99,0.95,0.57,,,,,,
Arhgdib,plex_1,1.11,0.8,1.18,0.93,0.89,0.51,,,,,,
Rps8,plex_1,1.4,1.19,1.12,0.86,0.66,0.51,,,,,,
Scpep1,plex_1,1.21,1.36,1.01,0.96,0.79,0.49,,,,,,
Scpep1,plex_1,1.21,1.36,1.01,0.96,0.79,0.49,,,,,,
Prps2,plex_1,1.24,1.27,1.16,0.95,0.92,0.6,,,,,,
Ywhab,plex_1,1.33,1.01,1.08,0.75,0.81,0.49,,,,,,
Ywhab,plex_1,1.33,1.01,1.08,0.75,0.81,0.49,,,,,,
Suclg1,plex_1,1.36,1.16,1.16,0.97,0.76,0.6,,,,,,
Anxa7,plex_1,1.15,1.22,1.21,0.87,0.76,0.43,,,,,,
Psma2,plex_1,1.46,1.1,1.31,1.08,0.89,0.52,,,,,,
Psma2,plex_1,1.46,1.1,1.31,1.08,0.89,0.52,,,,,,
Sri,plex_1,1.24,1.02,1.0,0.92,0.85,0.57,,,,,,
Sri,plex_1,1.24,1.02,1.0,0.92,0.85,0.57,,,,,,
Mtco2,plex_1,1.53,1.3,1.19,0.96,0.68,0.65,,,,,,
COX2,plex_1,1.53,1.3,1.19,0.96,0.68,0.65,,,,,,
Atp5c1,plex_1,1.28,1.14,1.16,1.08,0.85,0.57,,,,,,
Set,plex_1,1.63,1.49,1.63,1.55,1.86,0.59,,,,,,
Parva,plex_1,1.41,0.81,1.23,1.06,0.69,0.47,,,,,,
Parva,plex_1,1.41,0.81,1.23,1.06,0.69,0.47,,,,,,
Strap,plex_1,1.22,1.19,1.19,0.86,0.73,0.47,,,,,,
Itih1,plex_1,1.37,1.07,1.41,1.26,0.96,0.62,,,,,,
Ap3d1,plex_1,1.52,1.17,1.35,1.11,0.78,0.57,,,,,,
Nfs1,plex_1,1.52,1.17,1.13,0.83,0.64,0.59,,,,,,
Nfs1,plex_1,1.52,1.17,1.13,0.83,0.64,0.59,,,,,,
Nfs1,plex_1,1.52,1.17,1.13,0.83,0.64,0.59,,,,,,
Glrx3,plex_1,1.56,1.27,1.23,0.99,0.67,0.53,,,,,,
Hspa12a,plex_1,1.38,1.34,1.58,0.89,0.81,0.8,,,,,,
Slc23a1,plex_1,1.27,1.09,1.04,0.76,0.68,0.55,,,,,,
Itgav,plex_1,1.2,1.15,1.23,0.91,0.89,0.53,,,,,,
Adh1,plex_1,1.81,1.95,2.06,1.28,1.24,0.6,,,,,,
Sept7,plex_1,1.41,1.1,1.21,1.01,1.02,0.55,,,,,,
Erp44,plex_1,1.36,1.18,1.31,0.94,0.99,0.5,,,,,,
Erp44,plex_1,1.36,1.18,1.31,0.94,0.99,0.5,,,,,,
Pcyox1,plex_1,1.92,1.51,1.62,1.47,1.29,0.57,,,,,,
Pcyox1,plex_1,1.92,1.51,1.62,1.47,1.29,0.57,,,,,,
Pcyox1,plex_1,1.92,1.51,1.62,1.47,1.29,0.57,,,,,,
Abcc2,plex_1,1.75,1.37,1.41,1.08,0.81,0.73,,,,,,
Txndc5,plex_1,1.43,1.07,1.19,0.94,0.85,0.58,,,,,,
Cd2ap,plex_1,1.33,1.08,1.13,1.01,0.81,0.55,,,,,,
Ccbl1,plex_1,1.46,1.06,1.12,0.77,1.08,0.81,,,,,,
Ugt3a2,plex_1,1.26,1.16,1.07,0.9,0.72,0.5,,,,,,
Hykk,plex_1,1.14,1.21,1.16,1.14,0.84,0.47,,,,,,
Clpx,plex_1,1.22,1.23,1.09,0.88,0.73,0.53,,,,,,
Clu,plex_1,1.23,1.25,1.37,0.98,0.64,0.51,,,,,,
Rpl6,plex_1,1.0,1.22,1.33,0.91,0.7,0.56,,,,,,
Mtx2,plex_1,1.33,1.25,1.2,0.99,0.97,0.61,,,,,,
Bckdha,plex_1,1.49,1.08,1.09,0.98,0.87,0.67,,,,,,
Bckdha,plex_1,1.49,1.08,1.09,0.98,0.87,0.67,,,,,,
Nipsnap1,plex_1,1.28,1.1,1.09,0.92,0.66,0.7,,,,,,
Lman1,plex_1,1.43,1.24,1.19,1.19,0.76,0.74,,,,,,
Lman1,plex_1,1.43,1.24,1.19,1.19,0.76,0.74,,,,,,
Bdh2,plex_1,1.16,1.04,1.12,0.99,1.11,0.7,,,,,,
Bdh2,plex_1,1.16,1.04,1.12,0.99,1.11,0.7,,,,,,
Pgm3,plex_1,1.11,0.97,0.91,0.7,0.6,0.5,,,,,,
Ran,plex_1,1.2,1.12,1.16,1.01,0.92,0.5,,,,,,
Bgn,plex_1,1.33,1.16,0.96,1.1,1.02,0.43,,,,,,
Bgn,plex_1,1.33,1.16,0.96,1.1,1.02,0.43,,,,,,
Auh,plex_1,1.19,1.0,1.0,0.84,0.68,0.6,,,,,,
Cse1l,plex_1,1.21,1.17,1.01,0.86,0.81,0.49,,,,,,
Slc3a1,plex_1,1.3,1.16,0.97,1.04,0.75,0.67,,,,,,
Rac1,plex_1,1.45,1.1,1.09,0.94,0.72,0.53,,,,,,
Sf3b3,plex_1,1.25,1.23,1.31,0.77,0.96,0.72,,,,,,
Cox4i1,plex_1,1.73,1.23,1.16,1.1,0.76,0.63,,,,,,
Mavs,plex_1,1.52,0.99,1.04,1.23,0.85,1.09,,,,,,
Eps8,plex_1,1.31,1.48,1.89,0.95,1.26,0.54,,,,,,
Kmo,plex_1,1.02,1.08,0.77,0.98,0.65,0.62,,,,,,
Kmo,plex_1,1.02,1.08,0.77,0.98,0.65,0.62,,,,,,
Tpm4,plex_1,1.36,1.29,1.27,1.02,0.88,0.53,,,,,,
Ptcd3,plex_1,1.13,1.18,0.97,0.8,0.71,0.57,,,,,,
Cenpv,plex_1,1.33,1.22,1.19,0.87,0.93,0.64,,,,,,
Rpl10a,plex_1,1.28,1.09,1.12,0.78,0.62,0.52,,,,,,
Nap1l1,plex_1,1.21,1.09,1.1,0.85,0.77,0.54,,,,,,
Nap1l1,plex_1,1.21,1.09,1.1,0.85,0.77,0.54,,,,,,
Nap1l1,plex_1,1.21,1.09,1.1,0.85,0.77,0.54,,,,,,
Nap1l1,plex_1,1.21,1.09,1.1,0.85,0.77,0.54,,,,,,
Eif3j1,plex_1,1.37,1.03,1.11,0.92,0.8,0.46,,,,,,
Eif3j2,plex_1,1.37,1.03,1.11,0.92,0.8,0.46,,,,,,
Psmd7,plex_1,1.09,1.1,0.87,0.7,0.82,0.58,,,,,,
Rnpep,plex_1,1.24,1.23,1.12,1.04,0.89,0.58,,,,,,
Echdc2,plex_1,1.36,1.17,1.17,0.95,0.79,0.44,,,,,,
Rhoa,plex_1,1.39,1.3,0.99,1.02,0.91,0.65,,,,,,
Bckdhb,plex_1,0.87,0.91,0.99,0.83,0.81,0.59,,,,,,
Ppib,plex_1,1.44,1.24,1.15,0.86,0.74,0.51,,,,,,
Gm20441,plex_1,1.12,1.05,0.94,0.85,0.63,0.53,,,,,,
Tpr,plex_1,1.19,1.16,1.0,1.35,0.79,0.65,,,,,,
Tpr,plex_1,1.19,1.16,1.0,1.35,0.79,0.65,,,,,,
Capzb,plex_1,1.16,1.06,1.07,0.94,0.71,0.49,,,,,,
Capzb,plex_1,1.16,1.06,1.07,0.94,0.71,0.49,,,,,,
Mpp6,plex_1,1.39,1.06,1.15,0.93,0.71,0.5,,,,,,
Ap2a1,plex_1,1.26,1.23,1.42,0.94,0.77,0.56,,,,,,
Ap2a1,plex_1,1.26,1.23,1.42,0.94,0.77,0.56,,,,,,
Cox5a,plex_1,2.07,1.22,1.12,1.05,0.72,0.71,,,,,,
Dync1i2,plex_1,1.33,1.06,1.2,0.92,0.92,0.5,,,,,,
Ube2l3,plex_1,1.79,0.89,1.34,1.27,1.0,0.47,,,,,,
Col1a1,plex_1,1.27,1.13,1.15,1.6,0.71,0.55,,,,,,
Cmpk1,plex_1,1.37,0.99,0.94,0.85,0.71,0.52,,,,,,
Cycs,plex_1,1.41,1.24,0.99,0.85,0.64,0.52,,,,,,
Ppt1,plex_1,1.29,1.27,1.36,0.86,0.79,0.58,,,,,,
Ppt1,plex_1,1.29,1.27,1.36,0.86,0.79,0.58,,,,,,
Ppt1,plex_1,1.29,1.27,1.36,0.86,0.79,0.58,,,,,,
Ppt1,plex_1,1.29,1.27,1.36,0.86,0.79,0.58,,,,,,
Ppt1,plex_1,1.29,1.27,1.36,0.86,0.79,0.58,,,,,,
Acmsd,plex_1,1.4,1.31,1.16,0.74,0.76,0.63,,,,,,
Cmpk2,plex_1,1.78,1.22,1.32,1.31,1.0,0.59,,,,,,
Acp6,plex_1,1.91,1.08,1.56,1.2,0.9,0.54,,,,,,
Ola1,plex_1,1.27,1.02,1.09,1.0,0.83,0.62,,,,,,
Ndufa7,plex_1,1.41,1.11,1.1,1.05,0.83,0.68,,,,,,
Coq9,plex_1,1.26,1.08,1.0,0.82,0.78,0.5,,,,,,
,plex_1,1.52,1.26,1.17,0.88,0.94,0.5,,,,,,
Cox5b,plex_1,1.57,1.01,1.17,0.78,0.89,0.55,,,,,,
Cox5b,plex_1,1.57,1.01,1.17,0.78,0.89,0.55,,,,,,
Sept11,plex_1,1.2,1.12,1.07,0.91,0.68,0.48,,,,,,
Sept11,plex_1,1.2,1.12,1.07,0.91,0.68,0.48,,,,,,
Sept11,plex_1,1.2,1.12,1.07,0.91,0.68,0.48,,,,,,
Sept11,plex_1,1.2,1.12,1.07,0.91,0.68,0.48,,,,,,
Sept11,plex_1,1.2,1.12,1.07,0.91,0.68,0.48,,,,,,
Ehd3,plex_1,1.33,1.07,0.89,0.92,0.8,0.58,,,,,,
Ptrf,plex_1,2.91,2.08,2.31,2.94,1.58,0.46,,,,,,
Myl12a,plex_1,1.51,1.19,1.21,0.99,0.66,0.59,,,,,,
Akr1c18,plex_1,1.99,1.53,2.08,0.47,0.45,0.36,,,,,,
Ndufs6,plex_1,1.31,1.05,0.89,0.78,0.67,0.44,,,,,,
Bsg,plex_1,1.56,1.31,1.07,1.04,0.9,0.65,,,,,,
Bsg,plex_1,1.56,1.31,1.07,1.04,0.9,0.65,,,,,,
Bsg,plex_1,1.56,1.31,1.07,1.04,0.9,0.65,,,,,,
Bsg,plex_1,1.56,1.31,1.07,1.04,0.9,0.65,,,,,,
Bsg,plex_1,1.56,1.31,1.07,1.04,0.9,0.65,,,,,,
Rab1a,plex_1,1.55,1.28,1.17,1.05,0.87,0.56,,,,,,
Farsb,plex_1,1.19,1.12,1.05,0.78,0.86,0.51,,,,,,
Farsb,plex_1,1.19,1.12,1.05,0.78,0.86,0.51,,,,,,
Farsb,plex_1,1.19,1.12,1.05,0.78,0.86,0.51,,,,,,
Gpd1l,plex_1,1.24,0.97,1.05,0.85,0.9,0.56,,,,,,
Gpd1l,plex_1,1.24,0.97,1.05,0.85,0.9,0.56,,,,,,
Amt,plex_1,1.16,1.21,1.19,1.28,0.79,0.81,,,,,,
Zyx,plex_1,1.21,1.03,0.87,0.93,0.85,0.61,,,,,,
Zyx,plex_1,1.21,1.03,0.87,0.93,0.85,0.61,,,,,,
Zyx,plex_1,1.21,1.03,0.87,0.93,0.85,0.61,,,,,,
Hsd17b8,plex_1,1.13,1.04,0.98,0.76,0.68,0.64,,,,,,
Hsd17b8,plex_1,1.13,1.04,0.98,0.76,0.68,0.64,,,,,,
Eps15l1,plex_1,1.33,1.11,0.99,0.9,0.86,0.54,,,,,,
Eps15l1,plex_1,1.33,1.11,0.99,0.9,0.86,0.54,,,,,,
Dbnl,plex_1,1.16,1.01,0.94,0.96,0.84,0.44,,,,,,
Dbnl,plex_1,1.16,1.01,0.94,0.96,0.84,0.44,,,,,,
Dbnl,plex_1,1.16,1.01,0.94,0.96,0.84,0.44,,,,,,
Hnrnpl,plex_1,1.24,1.07,1.15,0.95,0.88,0.57,,,,,,
Sod2,plex_1,1.3,0.99,1.01,0.84,0.71,0.56,,,,,,
Echdc3,plex_1,1.26,1.18,0.97,0.98,0.87,0.56,,,,,,
Hist1h2bf,plex_1,1.21,0.99,0.9,1.09,0.85,0.68,,,,,,
Hist1h2bb,plex_1,1.21,0.99,0.9,1.09,0.85,0.68,,,,,,
Hnrnpd,plex_1,1.35,1.12,1.19,0.88,0.75,0.58,,,,,,
Hnrnpd,plex_1,1.35,1.12,1.19,0.88,0.75,0.58,,,,,,
Snx6,plex_1,1.33,1.07,1.17,1.03,0.89,0.6,,,,,,
Capza1,plex_1,1.44,1.21,1.37,1.03,0.81,0.47,,,,,,
Glul,plex_1,1.74,1.06,1.17,0.86,0.89,0.45,,,,,,
Rpl5,plex_1,1.33,1.2,1.23,0.94,0.74,0.47,,,,,,
Tars,plex_1,1.17,1.32,1.21,1.21,1.3,0.91,,,,,,
Capns1,plex_1,1.2,1.26,1.04,0.87,0.93,0.54,,,,,,
Eml2,plex_1,1.18,1.02,1.0,0.89,0.88,0.5,,,,,,
,plex_1,1.65,1.3,1.0,0.66,0.88,0.55,,,,,,
Ftl1,plex_1,1.65,1.3,1.0,0.66,0.88,0.55,,,,,,
Slc9a3r2,plex_1,1.18,1.1,1.08,0.91,0.94,0.6,,,,,,
Rdh16,plex_1,1.12,1.06,0.93,0.77,0.74,0.36,,,,,,
Atp5f1,plex_1,1.25,1.11,1.02,1.02,0.69,0.65,,,,,,
Coro1a,plex_1,1.07,0.88,1.12,0.95,1.03,0.43,,,,,,
Coro1a,plex_1,1.07,0.88,1.12,0.95,1.03,0.43,,,,,,
Ppp1r1a,plex_1,1.05,1.1,0.65,0.81,0.73,0.6,,,,,,
Arhgap1,plex_1,1.08,0.92,0.99,0.81,0.68,0.47,,,,,,
Tpm1,plex_1,1.11,0.99,0.96,1.15,0.73,0.84,,,,,,
Ddx39b,plex_1,1.26,1.05,1.07,0.84,0.92,0.51,,,,,,
Cda,plex_1,1.56,1.33,1.29,1.21,0.92,0.74,,,,,,
Srrt,plex_1,1.09,1.03,1.02,0.8,0.55,0.49,,,,,,
Srrt,plex_1,1.09,1.03,1.02,0.8,0.55,0.49,,,,,,
Psmb1,plex_1,1.31,1.19,1.29,1.2,0.99,0.6,,,,,,
Clic5,plex_1,1.06,1.13,1.3,0.98,1.54,0.98,,,,,,
,plex_1,1.65,0.61,1.76,0.58,0.78,0.34,,,,,,
,plex_1,1.65,0.61,1.76,0.58,0.78,0.34,,,,,,
Ighg3,plex_1,1.65,0.61,1.76,0.58,0.78,0.34,,,,,,
Ddost,plex_1,1.52,1.47,1.44,1.01,0.84,0.66,,,,,,
Ddost,plex_1,1.52,1.47,1.44,1.01,0.84,0.66,,,,,,
Ddost,plex_1,1.52,1.47,1.44,1.01,0.84,0.66,,,,,,
Serbp1,plex_1,1.16,1.15,1.2,1.08,0.74,0.55,,,,,,
Podxl,plex_1,1.64,1.24,1.13,1.11,1.11,0.66,,,,,,
Hist1h3e,plex_1,1.37,1.12,1.1,1.52,0.45,0.52,,,,,,
Hist1h3b,plex_1,1.37,1.12,1.1,1.52,0.45,0.52,,,,,,
Dmtn,plex_1,1.52,1.12,1.05,0.86,0.75,0.66,,,,,,
St13,plex_1,1.33,1.32,1.23,0.78,0.81,0.58,,,,,,
St13,plex_1,1.33,1.32,1.23,0.78,0.81,0.58,,,,,,
Rap1b,plex_1,1.72,1.26,1.16,1.26,0.9,0.53,,,,,,
Akr1c14,plex_1,1.39,1.32,1.53,0.89,0.72,0.47,,,,,,
Rpl3,plex_1,1.38,1.3,1.37,0.89,0.77,0.53,,,,,,
Purb,plex_1,1.54,1.01,1.12,1.08,0.74,0.73,,,,,,
Stoml2,plex_1,1.6,1.47,1.59,1.14,0.67,0.64,,,,,,
Eif4a3,plex_1,1.29,1.14,1.23,0.96,0.95,0.6,,,,,,
Amn,plex_1,1.25,1.22,1.08,0.9,0.69,0.6,,,,,,
Eif4b,plex_1,1.05,0.95,1.08,0.97,0.78,0.56,,,,,,
Maoa,plex_1,1.62,1.18,0.85,1.34,0.76,0.95,,,,,,
Pgm2,plex_1,1.61,1.39,1.22,1.24,1.24,0.68,,,,,,
Apex1,plex_1,1.29,1.12,1.15,0.98,0.8,0.55,,,,,,
Ctsa,plex_1,1.19,0.97,1.03,0.8,0.88,0.43,,,,,,
Ctsa,plex_1,1.19,0.97,1.03,0.8,0.88,0.43,,,,,,
Ctsa,plex_1,1.19,0.97,1.03,0.8,0.88,0.43,,,,,,
Nudc,plex_1,1.3,1.31,1.12,0.9,0.76,0.5,,,,,,
Pklr,plex_1,1.4,1.36,1.38,0.85,0.94,0.63,,,,,,
Pklr,plex_1,1.4,1.36,1.38,0.85,0.94,0.63,,,,,,
Pklr,plex_1,1.4,1.36,1.38,0.85,0.94,0.63,,,,,,
Pklr,plex_1,1.4,1.36,1.38,0.85,0.94,0.63,,,,,,
Sec23a,plex_1,1.49,1.25,1.1,1.53,0.63,0.61,,,,,,
Sec23a,plex_1,1.49,1.25,1.1,1.53,0.63,0.61,,,,,,
Mars,plex_1,1.57,1.42,1.34,0.9,0.74,0.66,,,,,,
Rps4x,plex_1,1.25,1.09,0.98,0.93,0.88,0.46,,,,,,
Eif3i,plex_1,1.26,1.05,1.28,0.97,0.82,0.5,,,,,,
Psmb4,plex_1,1.58,1.55,1.42,1.13,0.77,0.68,,,,,,
Tom1l2,plex_1,1.91,1.46,2.15,1.63,1.13,0.58,,,,,,
Top2b,plex_1,1.28,1.1,1.14,1.03,0.87,0.62,,,,,,
Psmd6,plex_1,1.24,1.12,1.15,0.84,0.86,0.54,,,,,,
Rbm39,plex_1,1.38,1.17,1.04,0.85,0.86,0.61,,,,,,
Rbm39,plex_1,1.38,1.17,1.04,0.85,0.86,0.61,,,,,,
Rbm39,plex_1,1.38,1.17,1.04,0.85,0.86,0.61,,,,,,
Scp2,plex_1,1.32,0.96,1.08,1.01,0.82,0.58,,,,,,
Mapk1,plex_1,1.55,1.15,1.12,1.07,0.92,0.59,,,,,,
,plex_1,1.74,0.28,1.88,1.14,0.87,0.32,,,,,,
Akap12,plex_1,2.32,1.47,2.15,1.45,1.58,0.87,,,,,,
Akap12,plex_1,2.32,1.47,2.15,1.45,1.58,0.87,,,,,,
Mogs,plex_1,1.32,1.14,0.96,0.98,0.8,0.45,,,,,,
Mogs,plex_1,1.32,1.14,0.96,0.98,0.8,0.45,,,,,,
Mogs,plex_1,1.32,1.14,0.96,0.98,0.8,0.45,,,,,,
Aacs,plex_1,1.42,1.58,1.41,0.75,0.44,0.42,,,,,,
Acot13,plex_1,1.33,1.08,1.36,0.78,1.03,0.6,,,,,,
Mtx1,plex_1,1.23,1.21,1.01,0.95,0.82,0.63,,,,,,
Elavl1,plex_1,1.4,1.06,1.12,0.93,0.79,0.56,,,,,,
Ppp2cb,plex_1,1.43,1.31,1.22,0.88,0.87,0.5,,,,,,
Slco1a6,plex_1,1.27,1.48,1.28,0.88,1.02,0.44,,,,,,
Napa,plex_1,1.1,1.17,1.28,0.9,0.87,0.66,,,,,,
Ndufb9,plex_1,1.53,1.32,1.09,0.89,0.77,0.79,,,,,,
Timm44,plex_1,1.35,1.27,1.0,0.9,0.85,0.6,,,,,,
Timm44,plex_1,1.35,1.27,1.0,0.9,0.85,0.6,,,,,,
Cdhr5,plex_1,1.44,1.39,1.02,0.83,0.72,0.58,,,,,,
Apoa1bp,plex_1,1.36,1.26,1.14,1.03,0.83,0.52,,,,,,
Gmps,plex_1,1.52,1.24,1.24,0.89,0.87,0.66,,,,,,
Llgl2,plex_1,1.33,1.06,1.05,0.88,0.79,0.57,,,,,,
Hist2h4,plex_1,1.6,1.2,0.9,1.48,0.51,0.67,,,,,,
Ndufs8,plex_1,1.43,1.11,1.21,1.1,0.69,0.62,,,,,,
Folh1,plex_1,1.4,1.36,1.45,0.99,1.07,0.76,,,,,,
Esyt1,plex_1,1.58,1.26,1.41,1.2,0.74,0.8,,,,,,
Eif1,plex_1,1.57,1.14,1.06,1.01,0.78,0.68,,,,,,
Erbb2ip,plex_1,1.38,0.97,1.22,0.91,0.81,0.54,,,,,,
Erbb2ip,plex_1,1.38,0.97,1.22,0.91,0.81,0.54,,,,,,
Erbb2ip,plex_1,1.38,0.97,1.22,0.91,0.81,0.54,,,,,,
Erbb2ip,plex_1,1.38,0.97,1.22,0.91,0.81,0.54,,,,,,
Ndufs4,plex_1,1.33,1.12,1.03,0.82,0.67,0.57,,,,,,
Ndufs4,plex_1,1.33,1.12,1.03,0.82,0.67,0.57,,,,,,
Lrrc59,plex_1,1.42,1.43,1.37,0.83,0.7,0.54,,,,,,
Gars,plex_1,1.22,1.15,1.15,1.01,0.85,0.5,,,,,,
Rps6,plex_1,1.03,1.17,1.35,0.69,0.76,0.72,,,,,,
Col15a1,plex_1,1.64,1.22,1.42,0.9,0.87,0.51,,,,,,
Ubr4,plex_1,1.47,1.24,1.4,1.05,0.89,0.53,,,,,,
Clpp,plex_1,1.17,0.98,0.85,0.79,0.69,0.49,,,,,,
Dysf,plex_1,1.69,1.56,1.35,1.12,0.76,0.56,,,,,,
Abhd11,plex_1,1.03,0.98,0.82,0.66,0.7,0.53,,,,,,
Mtfr1l,plex_1,1.1,1.07,0.92,0.89,0.73,0.49,,,,,,
Rps13,plex_1,1.63,1.22,1.1,0.99,0.86,0.55,,,,,,
,plex_1,1.25,0.98,1.0,0.84,0.65,0.52,,,,,,
Hist1h1c,plex_1,1.37,1.34,0.95,1.27,0.48,0.63,,,,,,
Ugt1a7c,plex_1,1.38,1.21,1.12,0.81,1.0,0.98,,,,,,
Eps15,plex_1,1.6,1.09,1.09,0.89,0.76,0.53,,,,,,
Pdlim5,plex_1,1.44,1.23,1.29,1.06,0.98,0.68,,,,,,
Sod1,plex_1,1.48,1.2,1.14,1.07,0.71,0.52,,,,,,
Hnrnph1,plex_1,1.21,0.98,0.93,0.92,0.84,0.52,,,,,,
Ube2n,plex_1,1.37,1.25,1.03,0.91,0.98,0.57,,,,,,
Nop56,plex_1,1.26,1.4,1.51,0.97,0.89,0.44,,,,,,
Col1a2,plex_1,1.4,1.1,1.33,1.78,0.45,0.6,,,,,,
Col1a2,plex_1,1.4,1.1,1.33,1.78,0.45,0.6,,,,,,
Acss3,plex_1,1.33,1.42,1.26,0.77,0.75,0.64,,,,,,
Ipo7,plex_1,1.22,1.32,1.22,1.14,0.94,0.49,,,,,,
Hgs,plex_1,1.31,1.23,1.29,0.78,0.85,0.56,,,,,,
Hrg,plex_1,1.34,1.1,1.54,0.89,1.08,0.77,,,,,,
Hrg,plex_1,1.34,1.1,1.54,0.89,1.08,0.77,,,,,,
Apoo,plex_1,1.42,1.15,0.94,0.71,0.78,0.46,,,,,,
Treh,plex_1,1.27,1.06,1.06,0.87,0.83,0.44,,,,,,
Rtn4,plex_1,1.15,1.37,1.15,1.06,1.09,0.65,,,,,,
Tgm1,plex_1,1.41,1.15,1.17,0.94,0.53,0.45,,,,,,
Tgm1,plex_1,1.41,1.15,1.17,0.94,0.53,0.45,,,,,,
Anp32a,plex_1,1.29,1.01,1.1,0.97,0.87,0.52,,,,,,
Grpel1,plex_1,1.43,1.19,1.08,0.87,0.69,0.59,,,,,,
Apoh,plex_1,1.42,1.1,1.01,1.06,0.8,0.62,,,,,,
Ap3b1,plex_1,2.22,1.52,1.78,1.37,1.14,0.68,,,,,,
Tjp2,plex_1,1.35,1.22,1.04,1.07,0.93,0.67,,,,,,
Isoc1,plex_1,1.23,1.11,1.16,1.02,0.94,0.58,,,,,,
Tpmt,plex_1,1.2,0.96,1.05,0.64,0.85,0.46,,,,,,
Tpmt,plex_1,1.2,0.96,1.05,0.64,0.85,0.46,,,,,,
Prelp,plex_1,1.22,1.01,1.0,1.01,0.7,0.38,,,,,,
Otub1,plex_1,1.38,1.27,1.34,1.17,1.11,0.53,,,,,,
Lrpap1,plex_1,1.47,1.16,1.18,0.85,0.79,0.5,,,,,,
Crk,plex_1,1.52,1.64,1.21,1.15,0.73,0.69,,,,,,
Dhdh,plex_1,1.68,1.02,1.29,0.73,0.89,0.52,,,,,,
Dhdh,plex_1,1.68,1.02,1.29,0.73,0.89,0.52,,,,,,
Phldb2,plex_1,1.19,1.24,1.15,0.92,0.91,0.62,,,,,,
Phldb2,plex_1,1.19,1.24,1.15,0.92,0.91,0.62,,,,,,
Hnrnpab,plex_1,1.49,1.34,1.4,1.15,0.6,0.63,,,,,,
Hnrnpab,plex_1,1.49,1.34,1.4,1.15,0.6,0.63,,,,,,
Hnrnpab,plex_1,1.49,1.34,1.4,1.15,0.6,0.63,,,,,,
Hnrnpab,plex_1,1.49,1.34,1.4,1.15,0.6,0.63,,,,,,
Sorbs2,plex_1,1.16,1.13,1.03,0.94,0.61,0.56,,,,,,
Osbpl8,plex_1,1.31,1.11,1.32,1.26,0.74,0.54,,,,,,
Osbpl8,plex_1,1.31,1.11,1.32,1.26,0.74,0.54,,,,,,
Sfxn3,plex_1,1.55,1.23,1.2,1.23,0.88,0.64,,,,,,
Sfxn3,plex_1,1.55,1.23,1.2,1.23,0.88,0.64,,,,,,
Eif2s2,plex_1,1.32,1.28,1.0,0.96,0.89,0.54,,,,,,
Btf3,plex_1,1.47,0.89,1.18,0.94,0.54,0.58,,,,,,
Btf3,plex_1,1.47,0.89,1.18,0.94,0.54,0.58,,,,,,
Slc5a10,plex_1,1.65,1.64,1.55,1.13,0.86,0.55,,,,,,
Slc5a10,plex_1,1.65,1.64,1.55,1.13,0.86,0.55,,,,,,
Ccar2,plex_1,3.57,1.68,3.24,2.5,2.69,0.87,,,,,,
Ndufb7,plex_1,1.26,1.06,1.09,0.83,0.8,0.53,,,,,,
Ndufa13,plex_1,1.61,1.32,1.21,1.16,0.65,0.63,,,,,,
Tpm2,plex_1,1.33,1.17,1.26,0.96,0.89,0.42,,,,,,
Ppp1r7,plex_1,1.29,1.12,1.42,1.13,1.0,0.52,,,,,,
Ecm29,plex_1,1.14,1.17,1.09,0.81,0.84,0.62,,,,,,
Ecm29,plex_1,1.14,1.17,1.09,0.81,0.84,0.62,,,,,,
Hnrnpa1,plex_1,0.98,0.86,0.9,0.84,0.95,0.49,,,,,,
Hnrnpa1,plex_1,0.98,0.86,0.9,0.84,0.95,0.49,,,,,,
Hnrnpa1,plex_1,0.98,0.86,0.9,0.84,0.95,0.49,,,,,,
Hnrnpa1,plex_1,0.98,0.86,0.9,0.84,0.95,0.49,,,,,,
Hnrnpa1,plex_1,0.98,0.86,0.9,0.84,0.95,0.49,,,,,,
Ywhag,plex_1,1.2,1.08,1.06,0.88,0.93,0.55,,,,,,
Mtdh,plex_1,1.13,0.95,0.82,0.75,0.74,0.53,,,,,,
Pepd,plex_1,1.42,1.22,1.09,0.81,0.85,0.46,,,,,,
Lars,plex_1,1.76,1.29,1.53,1.4,1.13,0.66,,,,,,
Rps11,plex_1,1.35,1.0,0.83,0.71,0.6,0.5,,,,,,
Rps11,plex_1,1.35,1.0,0.83,0.71,0.6,0.5,,,,,,
Hdgf,plex_1,1.35,1.21,1.08,1.07,0.86,0.49,,,,,,
Fech,plex_1,1.21,1.04,1.09,0.83,0.68,0.7,,,,,,
Slc22a12,plex_1,1.68,1.41,0.93,0.84,0.66,0.74,,,,,,
Slc22a12,plex_1,1.68,1.41,0.93,0.84,0.66,0.74,,,,,,
Ppp2r4,plex_1,1.14,1.13,1.09,0.93,0.93,0.67,,,,,,
Pmpcb,plex_1,1.53,1.41,1.3,1.07,0.84,0.61,,,,,,
Pmpcb,plex_1,1.53,1.41,1.3,1.07,0.84,0.61,,,,,,
Pmm2,plex_1,1.36,1.14,1.14,0.92,0.71,0.56,,,,,,
Psma6,plex_1,1.25,1.25,1.04,0.93,0.96,0.57,,,,,,
Snta1,plex_1,1.38,1.14,1.02,1.1,1.06,0.68,,,,,,
Gnas,plex_1,2.02,1.43,1.54,1.16,1.05,0.72,,,,,,
Gnas,plex_1,2.02,1.43,1.54,1.16,1.05,0.72,,,,,,
Eef1b,plex_1,1.25,1.06,1.16,0.98,0.68,0.57,,,,,,
Ttr,plex_1,1.08,1.09,0.94,1.08,0.55,0.6,,,,,,
Rab11b,plex_1,1.36,1.16,1.31,0.93,0.85,0.53,,,,,,
Txn,plex_1,1.33,1.14,0.98,0.77,0.67,0.49,,,,,,
Ddx21,plex_1,1.17,1.44,1.25,0.89,0.82,0.64,,,,,,
Uqcrb,plex_1,1.27,1.07,1.05,0.86,0.73,0.54,,,,,,
Uqcrb,plex_1,1.27,1.07,1.05,0.86,0.73,0.54,,,,,,
Oxsr1,plex_1,1.15,1.01,0.89,0.92,0.64,0.44,,,,,,
Snx5,plex_1,1.1,0.72,0.91,0.71,0.69,0.55,,,,,,
Arfip1,plex_1,1.31,1.08,1.15,1.06,1.13,0.51,,,,,,
Cotl1,plex_1,1.57,1.27,1.2,0.89,0.86,0.65,,,,,,
Rhog,plex_1,1.12,1.31,1.02,0.92,0.88,0.54,,,,,,
Chil3,plex_1,1.07,1.32,1.25,0.9,0.79,0.45,,,,,,
Prep,plex_1,1.62,1.58,1.52,1.23,0.88,0.61,,,,,,
Psmc4,plex_1,1.4,1.26,1.25,0.99,0.85,0.49,,,,,,
Psmc4,plex_1,1.4,1.26,1.25,0.99,0.85,0.49,,,,,,
Psmc4,plex_1,1.4,1.26,1.25,0.99,0.85,0.49,,,,,,
Crocc,plex_1,1.49,1.41,1.23,1.15,1.2,0.75,,,,,,
Crocc,plex_1,1.49,1.41,1.23,1.15,1.2,0.75,,,,,,
Chchd3,plex_1,1.49,1.13,1.19,1.03,0.84,0.55,,,,,,
Chchd3,plex_1,1.49,1.13,1.19,1.03,0.84,0.55,,,,,,
Plvap,plex_1,1.58,1.06,1.02,1.03,0.95,0.61,,,,,,
Mprip,plex_1,1.94,1.21,1.56,1.47,0.93,0.78,,,,,,
Gimap4,plex_1,1.37,1.24,1.23,0.93,0.92,0.65,,,,,,
Pdk3,plex_1,1.25,1.12,0.91,0.78,0.63,0.41,,,,,,
Rmdn3,plex_1,1.72,1.39,1.39,0.99,0.71,0.55,,,,,,
Apoe,plex_1,1.26,1.58,1.5,1.21,0.59,0.58,,,,,,
Apoe,plex_1,1.26,1.58,1.5,1.21,0.59,0.58,,,,,,
Apoe,plex_1,1.26,1.58,1.5,1.21,0.59,0.58,,,,,,
Apoe,plex_1,1.26,1.58,1.5,1.21,0.59,0.58,,,,,,
Rad23b,plex_1,1.32,1.02,1.01,0.77,0.89,0.47,,,,,,
Rad23b,plex_1,1.32,1.02,1.01,0.77,0.89,0.47,,,,,,
Rad23b,plex_1,1.32,1.02,1.01,0.77,0.89,0.47,,,,,,
Klk1,plex_1,1.38,1.56,1.05,0.79,0.92,0.53,,,,,,
Hexb,plex_1,1.09,1.13,0.99,1.06,0.88,0.52,,,,,,
Ankfy1,plex_1,1.3,1.21,1.11,0.9,1.0,0.71,,,,,,
Cttn,plex_1,2.27,1.59,2.39,2.52,1.52,0.69,,,,,,
Rsu1,plex_1,1.28,1.05,1.07,0.71,0.81,0.47,,,,,,
Rsu1,plex_1,1.28,1.05,1.07,0.71,0.81,0.47,,,,,,
Acad12,plex_1,1.33,1.11,1.24,1.14,0.87,0.57,,,,,,
Lonp2,plex_1,1.27,1.24,1.06,0.9,0.77,0.44,,,,,,
Hdhd2,plex_1,1.33,1.13,0.94,0.75,0.76,0.68,,,,,,
Rcn2,plex_1,1.31,1.11,0.84,1.07,0.76,0.63,,,,,,
Rcn2,plex_1,1.31,1.11,0.84,1.07,0.76,0.63,,,,,,
Srp54,plex_1,1.28,1.03,1.1,0.89,0.93,0.6,,,,,,
Nup133,plex_1,1.41,1.24,1.06,1.58,0.8,0.69,,,,,,
Nup133,plex_1,1.41,1.24,1.06,1.58,0.8,0.69,,,,,,
Psmb3,plex_1,1.04,0.95,0.88,0.67,0.65,0.5,,,,,,
Rpl12,plex_1,1.32,1.22,1.16,0.8,0.78,0.6,,,,,,
Bpgm,plex_1,1.71,1.31,1.16,1.75,1.02,0.59,,,,,,
Vapb,plex_1,1.02,1.14,1.03,0.98,0.63,0.59,,,,,,
Vapb,plex_1,1.02,1.14,1.03,0.98,0.63,0.59,,,,,,
Actr1b,plex_1,1.28,1.25,1.06,0.91,0.81,0.51,,,,,,
Armc1,plex_1,1.27,1.15,1.23,0.9,0.81,0.45,,,,,,
Myo5b,plex_1,1.23,1.27,0.98,0.75,0.76,0.56,,,,,,
Stard10,plex_1,0.89,1.25,0.99,0.67,0.77,0.45,,,,,,
Stard10,plex_1,0.89,1.25,0.99,0.67,0.77,0.45,,,,,,
Stard10,plex_1,0.89,1.25,0.99,0.67,0.77,0.45,,,,,,
Stard10,plex_1,0.89,1.25,0.99,0.67,0.77,0.45,,,,,,
Stard10,plex_1,0.89,1.25,0.99,0.67,0.77,0.45,,,,,,
Ndufs7,plex_1,1.29,1.24,1.12,1.03,0.82,0.6,,,,,,
Etf1,plex_1,1.4,1.21,1.41,1.05,0.92,0.55,,,,,,
Etf1,plex_1,1.4,1.21,1.41,1.05,0.92,0.55,,,,,,
Pakap,plex_1,2.18,0.94,0.96,1.21,0.58,0.76,,,,,,
Rtn4ip1,plex_1,1.08,1.27,1.01,1.15,0.75,0.58,,,,,,
Rtn4ip1,plex_1,1.08,1.27,1.01,1.15,0.75,0.58,,,,,,
Eif3c,plex_1,1.35,1.25,1.22,0.84,0.72,0.48,,,,,,
Rps6ka3,plex_1,1.22,1.15,1.1,0.94,0.89,0.59,,,,,,
Rps6ka3,plex_1,1.22,1.15,1.1,0.94,0.89,0.59,,,,,,
Gsta4,plex_1,1.25,1.13,0.93,1.09,0.81,0.72,,,,,,
Aprt,plex_1,1.46,0.98,1.46,1.24,0.99,0.83,,,,,,
Jup,plex_1,1.2,1.09,1.08,0.84,0.75,0.52,,,,,,
Ablim1,plex_1,1.21,0.91,1.02,0.81,0.7,0.36,,,,,,
Ablim1,plex_1,1.21,0.91,1.02,0.81,0.7,0.36,,,,,,
Mgst3,plex_1,1.26,1.52,1.81,0.74,1.39,1.13,,,,,,
Atl3,plex_1,1.32,1.42,1.24,1.0,1.41,0.48,,,,,,
Tceb2,plex_1,1.14,1.2,1.15,0.77,0.7,0.45,,,,,,
Cox6b1,plex_1,1.18,1.17,0.96,0.81,0.88,0.54,,,,,,
Hint1,plex_1,1.69,1.42,1.42,1.03,0.96,0.68,,,,,,
Mllt4,plex_1,1.55,1.37,1.27,1.5,0.77,0.58,,,,,,
Tpk1,plex_1,1.17,1.04,1.09,0.9,0.69,0.53,,,,,,
Ndufb10,plex_1,1.23,1.14,1.09,1.04,0.42,0.61,,,,,,
Rpl15,plex_1,1.25,1.19,1.17,0.81,0.69,0.51,,,,,,
Rpl15,plex_1,1.25,1.19,1.17,0.81,0.69,0.51,,,,,,
Emilin1,plex_1,1.21,0.92,0.9,0.97,0.56,0.44,,,,,,
Prpf19,plex_1,1.22,1.2,0.95,0.93,0.86,0.6,,,,,,
Prpf19,plex_1,1.22,1.2,0.95,0.93,0.86,0.6,,,,,,
Calu,plex_1,1.23,1.19,1.45,0.92,0.8,0.56,,,,,,
Calu,plex_1,1.23,1.19,1.45,0.92,0.8,0.56,,,,,,
Ush1c,plex_1,1.34,1.06,1.42,0.92,0.77,0.55,,,,,,
Ilf2,plex_1,1.28,1.1,0.91,1.0,1.25,0.51,,,,,,
Ilf2,plex_1,1.28,1.1,0.91,1.0,1.25,0.51,,,,,,
Dpp7,plex_1,1.03,1.0,1.05,0.74,0.84,0.4,,,,,,
Stat3,plex_1,1.23,1.36,1.32,1.09,1.01,0.68,,,,,,
Stat3,plex_1,1.23,1.36,1.32,1.09,1.01,0.68,,,,,,
Stat3,plex_1,1.23,1.36,1.32,1.09,1.01,0.68,,,,,,
Stat3,plex_1,1.23,1.36,1.32,1.09,1.01,0.68,,,,,,
Stat3,plex_1,1.23,1.36,1.32,1.09,1.01,0.68,,,,,,
Stat3,plex_1,1.23,1.36,1.32,1.09,1.01,0.68,,,,,,
Pura,plex_1,1.93,1.3,1.65,1.43,0.98,0.52,,,,,,
Nap1l4,plex_1,1.36,1.28,1.41,1.31,2.73,0.44,,,,,,
Nap1l4,plex_1,1.36,1.28,1.41,1.31,2.73,0.44,,,,,,
Atp6v1c2,plex_1,1.2,1.06,1.07,0.89,0.94,0.52,,,,,,
Atp6v1c2,plex_1,1.2,1.06,1.07,0.89,0.94,0.52,,,,,,
Lypla2,plex_1,1.31,0.96,1.13,0.95,0.97,0.59,,,,,,
Gpx4,plex_1,1.36,1.08,1.25,0.94,0.82,0.57,,,,,,
Safb,plex_1,1.29,1.16,1.17,1.05,0.87,0.54,,,,,,
Arhgap24,plex_1,1.11,1.13,0.96,0.92,0.83,0.42,,,,,,
Nedd4,plex_1,1.18,1.17,1.21,0.86,0.97,0.52,,,,,,
Afg3l2,plex_1,1.46,1.42,1.12,1.37,0.75,0.7,,,,,,
Mrps9,plex_1,1.47,1.35,1.43,0.97,0.89,0.67,,,,,,
Coro7,plex_1,1.13,1.2,1.14,1.04,0.89,0.45,,,,,,
Cyb5a,plex_1,2.07,0.97,1.1,1.07,1.1,0.56,,,,,,
Exoc2,plex_1,1.16,0.95,0.89,0.65,0.75,0.58,,,,,,
Glyctk,plex_1,1.26,1.35,1.12,0.87,0.83,0.62,,,,,,
Abce1,plex_1,1.52,1.15,1.48,1.11,0.85,0.64,,,,,,
Golgb1,plex_1,2.33,2.2,1.5,1.88,1.74,1.21,,,,,,
Golgb1,plex_1,2.33,2.2,1.5,1.88,1.74,1.21,,,,,,
Golgb1,plex_1,2.33,2.2,1.5,1.88,1.74,1.21,,,,,,
Man2a1,plex_1,1.66,1.51,1.77,1.16,1.35,0.86,,,,,,
Cryab,plex_1,1.58,1.08,0.86,1.07,0.99,0.44,,,,,,
Ube2v2,plex_1,1.09,1.01,0.89,0.83,0.65,0.35,,,,,,
Tuba4a,plex_1,1.53,1.34,1.5,1.14,0.82,0.73,,,,,,
Tuba4a,plex_1,1.53,1.34,1.5,1.14,0.82,0.73,,,,,,
Eif3l,plex_1,1.09,1.21,1.22,0.66,0.79,0.58,,,,,,
Xdh,plex_1,1.44,1.09,1.35,0.74,0.93,0.63,,,,,,
Xdh,plex_1,1.44,1.09,1.35,0.74,0.93,0.63,,,,,,
Smc1a,plex_1,1.08,0.98,0.97,0.84,0.82,0.6,,,,,,
Fhl2,plex_1,1.38,1.05,1.04,0.89,0.81,0.51,,,,,,
Fth1,plex_1,1.46,1.36,1.21,0.78,0.88,0.64,,,,,,
Serpina1b,plex_1,1.43,1.15,1.22,1.12,1.02,0.58,,,,,,
Rpl22,plex_1,1.44,1.14,1.16,0.9,0.66,0.59,,,,,,
Lipa,plex_1,1.3,1.46,1.13,0.72,0.84,0.76,,,,,,
Eif5a,plex_1,1.36,1.25,1.17,0.95,0.81,0.52,,,,,,
Impdh2,plex_1,1.14,1.13,1.21,0.91,0.92,0.57,,,,,,
Impdh2,plex_1,1.14,1.13,1.21,0.91,0.92,0.57,,,,,,
Dnaja1,plex_1,1.28,1.15,1.08,0.95,0.52,0.56,,,,,,
Plin3,plex_1,1.35,0.78,1.38,1.23,0.95,0.66,,,,,,
Cnpy2,plex_1,1.32,1.23,1.05,0.95,0.6,0.58,,,,,,
Hdac6,plex_1,1.14,1.09,0.76,0.88,0.88,0.56,,,,,,
Rpl23,plex_1,1.4,1.28,1.38,1.08,0.9,0.68,,,,,,
Afm,plex_1,1.44,1.35,1.07,1.11,0.88,0.51,,,,,,
Afm,plex_1,1.44,1.35,1.07,1.11,0.88,0.51,,,,,,
Sar1b,plex_1,1.3,1.19,1.14,0.89,0.85,0.56,,,,,,
Sar1b,plex_1,1.3,1.19,1.14,0.89,0.85,0.56,,,,,,
Arpc1a,plex_1,1.32,0.98,0.97,0.85,0.93,0.59,,,,,,
Rars2,plex_1,1.26,1.13,1.31,1.14,0.86,0.49,,,,,,
Cecr5,plex_1,1.12,1.04,0.87,0.87,0.86,0.59,,,,,,
Ak1,plex_1,1.28,1.48,1.22,0.93,0.7,0.61,,,,,,
Ak1,plex_1,1.28,1.48,1.22,0.93,0.7,0.61,,,,,,
Xpo1,plex_1,2.0,1.22,1.76,1.64,1.69,0.58,,,,,,
Lgals3bp,plex_1,1.16,0.72,1.05,0.68,0.69,0.32,,,,,,
Pck2,plex_1,1.15,0.96,1.05,0.76,0.77,0.41,,,,,,
Rbm14,plex_1,1.12,1.0,1.03,0.93,0.81,0.56,,,,,,
C1qbp,plex_1,1.2,1.1,1.23,0.94,0.99,0.65,,,,,,
Pdlim2,plex_1,1.35,0.97,1.04,1.22,1.02,0.83,,,,,,
Lgals1,plex_1,1.39,1.12,1.32,0.72,0.75,0.51,,,,,,
Ecsit,plex_1,1.33,1.14,0.95,0.97,0.73,0.68,,,,,,
Ecsit,plex_1,1.33,1.14,0.95,0.97,0.73,0.68,,,,,,
Atp2b4,plex_1,1.19,1.12,1.07,0.86,0.69,0.55,,,,,,
Smarcc2,plex_1,1.37,1.36,1.7,1.04,1.27,0.73,,,,,,
Smarcc2,plex_1,1.37,1.36,1.7,1.04,1.27,0.73,,,,,,
Smarcc2,plex_1,1.37,1.36,1.7,1.04,1.27,0.73,,,,,,
Sephs2,plex_1,1.18,0.92,0.88,0.72,0.71,0.62,,,,,,
Impa1,plex_1,1.5,1.14,1.28,0.75,1.33,0.45,,,,,,
Impa1,plex_1,1.5,1.14,1.28,0.75,1.33,0.45,,,,,,
Impa1,plex_1,1.5,1.14,1.28,0.75,1.33,0.45,,,,,,
Impa1,plex_1,1.5,1.14,1.28,0.75,1.33,0.45,,,,,,
Impa1,plex_1,1.5,1.14,1.28,0.75,1.33,0.45,,,,,,
Col6a2,plex_1,1.15,1.02,0.96,1.05,0.69,0.52,,,,,,
Nes,plex_1,1.62,1.18,1.42,1.1,1.23,0.55,,,,,,
Nes,plex_1,1.62,1.18,1.42,1.1,1.23,0.55,,,,,,
Hspe1,plex_1,1.42,1.33,1.23,0.95,0.69,0.61,,,,,,
Dst,plex_1,1.49,1.16,1.07,0.95,0.84,0.57,,,,,,
Camk2d,plex_1,1.33,1.16,1.16,1.0,1.05,0.55,,,,,,
Camk2d,plex_1,1.33,1.16,1.16,1.0,1.05,0.55,,,,,,
Camk2d,plex_1,1.33,1.16,1.16,1.0,1.05,0.55,,,,,,
Camk2d,plex_1,1.33,1.16,1.16,1.0,1.05,0.55,,,,,,
Camk2d,plex_1,1.33,1.16,1.16,1.0,1.05,0.55,,,,,,
Camk2d,plex_1,1.33,1.16,1.16,1.0,1.05,0.55,,,,,,
Camk2d,plex_1,1.33,1.16,1.16,1.0,1.05,0.55,,,,,,
Camk2d,plex_1,1.33,1.16,1.16,1.0,1.05,0.55,,,,,,
Tpp1,plex_1,1.11,1.3,0.95,0.96,0.88,0.53,,,,,,
Tpp1,plex_1,1.11,1.3,0.95,0.96,0.88,0.53,,,,,,
Tpp1,plex_1,1.11,1.3,0.95,0.96,0.88,0.53,,,,,,
H2-Q10,plex_1,1.11,1.07,1.07,0.79,0.96,0.44,,,,,,
Nqo1,plex_1,1.22,1.1,1.16,1.25,1.55,0.72,,,,,,
Ndufa12,plex_1,1.57,1.05,0.86,0.94,0.78,0.6,,,,,,
Ndufa12,plex_1,1.57,1.05,0.86,0.94,0.78,0.6,,,,,,
Ndufa12,plex_1,1.57,1.05,0.86,0.94,0.78,0.6,,,,,,
Rbbp7,plex_1,1.07,0.92,1.18,0.85,0.72,0.59,,,,,,
Emc1,plex_1,1.32,1.34,1.21,1.0,0.86,0.67,,,,,,
Emc1,plex_1,1.32,1.34,1.21,1.0,0.86,0.67,,,,,,
,plex_1,0.98,0.9,1.12,0.82,0.75,0.64,,,,,,
Mrpl12,plex_1,1.12,1.16,1.05,0.91,0.44,0.55,,,,,,
Srsf1,plex_1,1.07,1.2,1.2,0.99,0.75,0.5,,,,,,
Srsf1,plex_1,1.07,1.2,1.2,0.99,0.75,0.5,,,,,,
Map2k1,plex_1,1.31,1.14,1.14,0.99,0.89,0.51,,,,,,
Map2k1,plex_1,1.31,1.14,1.14,0.99,0.89,0.51,,,,,,
Hagh,plex_1,1.27,1.28,1.19,0.84,0.77,0.53,,,,,,
Hagh,plex_1,1.27,1.28,1.19,0.84,0.77,0.53,,,,,,
Api5,plex_1,1.13,1.14,1.07,0.87,0.81,0.6,,,,,,
Rbbp9,plex_1,1.2,0.97,1.0,0.71,0.72,0.47,,,,,,
Galnt11,plex_1,1.38,1.11,1.22,1.0,0.79,0.5,,,,,,
Gspt1,plex_1,1.34,1.14,1.26,0.92,0.89,0.69,,,,,,
Gspt1,plex_1,1.34,1.14,1.26,0.92,0.89,0.69,,,,,,
Dnajb11,plex_1,1.25,1.26,0.91,0.52,0.74,0.57,,,,,,
Mapre1,plex_1,1.18,1.13,1.14,0.84,0.88,0.52,,,,,,
Adssl1,plex_1,1.18,0.91,0.87,0.95,0.88,0.41,,,,,,
Adssl1,plex_1,1.18,0.91,0.87,0.95,0.88,0.41,,,,,,
Adssl1,plex_1,1.18,0.91,0.87,0.95,0.88,0.41,,,,,,
Pvalb,plex_1,1.64,1.61,1.2,0.66,0.43,0.39,,,,,,
Vasp,plex_1,1.61,1.37,1.37,1.24,0.98,0.72,,,,,,
Pacsin3,plex_1,3.11,4.74,2.87,6.03,2.2,0.78,,,,,,
Iars,plex_1,1.85,1.42,1.39,1.23,1.01,0.57,,,,,,
Cd36,plex_1,1.81,1.3,1.21,1.02,0.81,0.41,,,,,,
Cd36,plex_1,1.81,1.3,1.21,1.02,0.81,0.41,,,,,,
Cd36,plex_1,1.81,1.3,1.21,1.02,0.81,0.41,,,,,,
Cd36,plex_1,1.81,1.3,1.21,1.02,0.81,0.41,,,,,,
Cd36,plex_1,1.81,1.3,1.21,1.02,0.81,0.41,,,,,,
Tmed7,plex_1,1.22,1.12,1.01,0.83,0.65,0.6,,,,,,
Psmb5,plex_1,1.15,1.1,0.89,0.86,0.79,0.48,,,,,,
Ubqln1,plex_1,1.25,1.22,0.95,0.79,0.77,0.74,,,,,,
Gm20547,plex_1,1.51,1.11,1.52,1.25,0.86,0.62,,,,,,
Lgals3,plex_1,1.13,1.1,1.27,0.84,1.0,0.53,,,,,,
Lgals3,plex_1,1.13,1.1,1.27,0.84,1.0,0.53,,,,,,
Lgals3,plex_1,1.13,1.1,1.27,0.84,1.0,0.53,,,,,,
Nmt1,plex_1,0.89,1.05,1.05,0.73,0.45,0.37,,,,,,
Puf60,plex_1,1.21,1.07,1.08,1.1,0.85,0.36,,,,,,
Puf60,plex_1,1.21,1.07,1.08,1.1,0.85,0.36,,,,,,
Slc25a15,plex_1,0.98,1.09,0.65,0.51,0.48,0.62,,,,,,
Khdrbs1,plex_1,1.16,1.43,1.63,1.16,1.76,1.27,,,,,,
Arg2,plex_1,1.55,1.29,1.42,0.97,0.96,0.33,,,,,,
Lyz2,plex_1,1.08,0.93,1.67,0.92,0.96,0.57,,,,,,
Dnajc11,plex_1,1.25,1.53,0.94,0.8,0.61,0.5,,,,,,
Rab2a,plex_1,1.01,1.04,0.98,0.92,0.6,0.67,,,,,,
Hmox2,plex_1,1.29,1.29,1.09,0.94,0.84,0.55,,,,,,
Fam213a,plex_1,1.39,1.38,1.37,1.04,0.75,0.47,,,,,,
Fam213a,plex_1,1.39,1.38,1.37,1.04,0.75,0.47,,,,,,
Pgrmc1,plex_1,1.5,1.35,1.24,1.14,0.83,0.64,,,,,,
Ppif,plex_1,1.73,1.23,1.5,0.92,0.79,0.75,,,,,,
Nt5c2,plex_1,1.56,1.43,1.63,1.17,1.03,0.68,,,,,,
Atp11a,plex_1,1.25,1.03,1.17,0.74,0.76,0.36,,,,,,
Sh3bgrl,plex_1,1.29,1.03,1.06,0.88,0.73,0.43,,,,,,
Rab6a,plex_1,1.51,1.2,1.42,1.03,0.78,0.66,,,,,,
Rab6a,plex_1,1.51,1.2,1.42,1.03,0.78,0.66,,,,,,
Cope,plex_1,1.3,1.1,1.25,0.91,0.73,0.5,,,,,,
Cope,plex_1,1.3,1.1,1.25,0.91,0.73,0.5,,,,,,
Metap2,plex_1,1.14,1.25,0.95,0.89,0.7,0.56,,,,,,
Metap2,plex_1,1.14,1.25,0.95,0.89,0.7,0.56,,,,,,
Pfas,plex_1,1.23,0.99,1.0,0.97,0.95,0.54,,,,,,
Slc25a1,plex_1,1.47,1.55,1.23,1.07,0.73,0.52,,,,,,
Pafah1b1,plex_1,1.25,1.01,1.01,0.88,0.92,0.6,,,,,,
Pafah1b1,plex_1,1.25,1.01,1.01,0.88,0.92,0.6,,,,,,
Acaa1b,plex_1,1.28,1.33,1.21,1.46,0.74,0.64,,,,,,
Nqo2,plex_1,1.28,0.97,0.97,0.89,0.77,0.47,,,,,,
Nqo2,plex_1,1.28,0.97,0.97,0.89,0.77,0.47,,,,,,
Coro1b,plex_1,1.27,1.18,1.16,0.81,0.8,0.48,,,,,,
,plex_1,1.34,1.3,0.6,1.21,0.89,0.49,,,,,,
Actg1,plex_1,,,,,,,,,,,,
Txnrd2,plex_1,1.49,1.17,1.28,1.03,0.65,0.43,,,,,,
Txnrd2,plex_1,1.49,1.17,1.28,1.03,0.65,0.43,,,,,,
Txnrd2,plex_1,1.49,1.17,1.28,1.03,0.65,0.43,,,,,,
Ndufa8,plex_1,1.24,1.18,0.95,0.89,0.8,0.48,,,,,,
Ndufb11,plex_1,1.77,1.11,1.24,1.06,0.81,0.53,,,,,,
Ndufb11,plex_1,1.77,1.11,1.24,1.06,0.81,0.53,,,,,,
Nup93,plex_1,1.33,1.2,1.13,0.78,0.84,0.51,,,,,,
Vdac3,plex_1,1.53,1.17,1.2,0.96,0.68,0.58,,,,,,
Vdac3,plex_1,1.53,1.17,1.2,0.96,0.68,0.58,,,,,,
Vdac3,plex_1,1.53,1.17,1.2,0.96,0.68,0.58,,,,,,
Rps10,plex_1,1.4,1.1,1.23,0.91,0.66,0.56,,,,,,
Kif13b,plex_1,1.19,1.01,1.02,1.14,1.17,0.55,,,,,,
Atp5l,plex_1,1.27,0.96,0.88,0.83,0.92,0.51,,,,,,
Prkcd,plex_1,1.17,1.09,1.09,0.86,0.9,0.59,,,,,,
Prkcd,plex_1,1.17,1.09,1.09,0.86,0.9,0.59,,,,,,
Pxn,plex_1,1.8,1.46,1.41,1.07,1.03,0.67,,,,,,
Pxn,plex_1,1.8,1.46,1.41,1.07,1.03,0.67,,,,,,
Pxn,plex_1,1.8,1.46,1.41,1.07,1.03,0.67,,,,,,
Pxn,plex_1,1.8,1.46,1.41,1.07,1.03,0.67,,,,,,
Slc25a20,plex_1,1.35,1.15,1.1,0.8,0.61,0.73,,,,,,
Slc25a20,plex_1,1.35,1.15,1.1,0.8,0.61,0.73,,,,,,
Abcf1,plex_1,1.06,1.19,1.13,0.85,0.57,0.53,,,,,,
Ndufa5,plex_1,1.27,1.21,1.09,1.02,0.91,0.52,,,,,,
Nmnat3,plex_1,0.98,1.1,1.07,0.67,0.58,0.54,,,,,,
Rps12-ps3,plex_1,1.45,1.17,1.26,0.81,0.74,0.5,,,,,,
Crkl,plex_1,1.49,1.03,0.98,0.88,0.87,0.67,,,,,,
Sec23ip,plex_1,2.38,1.44,2.34,1.86,1.56,0.57,,,,,,
Hars,plex_1,1.28,1.16,1.24,0.95,0.74,0.61,,,,,,
Ddah2,plex_1,1.12,0.83,1.44,1.04,1.02,0.46,,,,,,
Fkbp8,plex_1,1.27,1.09,1.24,1.14,0.64,0.66,,,,,,
Fkbp8,plex_1,1.27,1.09,1.24,1.14,0.64,0.66,,,,,,
Fis1,plex_1,1.15,1.16,1.06,1.04,0.73,0.54,,,,,,
Fabp5,plex_1,1.37,1.14,1.35,0.74,0.64,0.43,,,,,,
Pdxdc1,plex_1,1.44,1.16,0.93,0.9,0.98,0.79,,,,,,
Pdxdc1,plex_1,1.44,1.16,0.93,0.9,0.98,0.79,,,,,,
Pdxdc1,plex_1,1.44,1.16,0.93,0.9,0.98,0.79,,,,,,
Smarca4,plex_1,1.0,1.1,0.8,0.82,0.83,0.48,,,,,,
Smarca4,plex_1,1.0,1.1,0.8,0.82,0.83,0.48,,,,,,
Gramd1b,plex_1,1.22,1.14,1.26,0.81,0.77,0.61,,,,,,
Arpc5,plex_1,1.26,1.03,0.87,0.5,0.83,0.66,,,,,,
Arpc5,plex_1,1.26,1.03,0.87,0.5,0.83,0.66,,,,,,
Atp5d,plex_1,1.75,1.6,1.08,1.04,0.9,0.55,,,,,,
Arfgef2,plex_1,1.39,1.38,1.36,1.03,0.91,0.65,,,,,,
Mlec,plex_1,1.29,1.06,1.26,1.06,0.84,0.44,,,,,,
Atp6v1f,plex_1,1.48,1.45,1.72,1.03,0.87,0.61,,,,,,
Ruvbl1,plex_1,1.85,1.37,1.86,1.4,0.96,0.6,,,,,,
Ruvbl1,plex_1,1.85,1.37,1.86,1.4,0.96,0.6,,,,,,
Nadk2,plex_1,1.4,1.05,1.04,1.0,1.07,0.5,,,,,,
Nadk2,plex_1,1.4,1.05,1.04,1.0,1.07,0.5,,,,,,
Nadk2,plex_1,1.4,1.05,1.04,1.0,1.07,0.5,,,,,,
Nadk2,plex_1,1.4,1.05,1.04,1.0,1.07,0.5,,,,,,
Nadk2,plex_1,1.4,1.05,1.04,1.0,1.07,0.5,,,,,,
Cbx3,plex_1,1.38,1.15,1.15,1.05,1.0,0.49,,,,,,
Cbx3,plex_1,1.38,1.15,1.15,1.05,1.0,0.49,,,,,,
Rpl18,plex_1,1.29,1.13,1.22,0.83,0.78,0.46,,,,,,
Ap3m1,plex_1,1.63,1.05,1.33,1.03,1.0,0.65,,,,,,
Ndufa3,plex_1,1.85,1.34,1.38,1.61,1.01,0.54,,,,,,
Serpinb6a,plex_1,1.33,1.03,0.79,0.94,0.92,0.53,,,,,,
Serpinb6a,plex_1,1.33,1.03,0.79,0.94,0.92,0.53,,,,,,
Serpinb6a,plex_1,1.33,1.03,0.79,0.94,0.92,0.53,,,,,,
Agps,plex_1,1.51,1.39,1.6,1.28,1.09,0.48,,,,,,
Sgk2,plex_1,1.5,1.51,1.27,1.03,0.85,0.7,,,,,,
Sgk2,plex_1,1.5,1.51,1.27,1.03,0.85,0.7,,,,,,
Dhrs11,plex_1,1.01,1.06,0.95,0.69,0.85,0.38,,,,,,
Vps4b,plex_1,1.28,1.12,1.26,0.69,0.66,0.42,,,,,,
Vps4b,plex_1,1.28,1.12,1.26,0.69,0.66,0.42,,,,,,
Cgn,plex_1,4.25,1.76,3.39,2.64,1.37,0.69,,,,,,
Cgn,plex_1,4.25,1.76,3.39,2.64,1.37,0.69,,,,,,
Atp6v0d2,plex_1,1.36,0.94,1.32,0.73,0.86,0.73,,,,,,
Ambp,plex_1,1.32,0.98,2.29,1.16,0.8,0.54,,,,,,
Dcxr,plex_1,1.23,1.26,1.11,0.94,0.8,0.64,,,,,,
Eif3f,plex_1,1.48,2.54,1.95,1.42,1.48,0.57,,,,,,
Plbd2,plex_1,1.09,1.14,0.92,0.7,0.76,0.48,,,,,,
Pdk2,plex_1,1.51,1.72,1.17,1.62,1.01,0.67,,,,,,
Gaa,plex_1,1.29,1.39,1.23,1.17,1.1,0.5,,,,,,
Cpne3,plex_1,1.2,1.12,0.84,1.04,0.79,0.55,,,,,,
Gm9493,plex_1,1.29,1.1,1.02,0.87,0.8,0.51,,,,,,
Rps7,plex_1,1.29,1.1,1.02,0.87,0.8,0.51,,,,,,
Rps5,plex_1,1.24,1.16,0.98,0.7,0.75,0.61,,,,,,
Rps5,plex_1,1.24,1.16,0.98,0.7,0.75,0.61,,,,,,
Slc25a4,plex_1,1.4,1.27,1.04,0.87,0.71,0.64,,,,,,
Urod,plex_1,1.27,1.36,1.15,0.98,0.8,0.56,,,,,,
Col12a1,plex_1,2.17,1.38,1.76,1.24,0.75,0.55,,,,,,
Col12a1,plex_1,2.17,1.38,1.76,1.24,0.75,0.55,,,,,,
Col12a1,plex_1,2.17,1.38,1.76,1.24,0.75,0.55,,,,,,
Cask,plex_1,1.71,1.23,1.29,1.08,1.09,0.57,,,,,,
Cask,plex_1,1.71,1.23,1.29,1.08,1.09,0.57,,,,,,
Cask,plex_1,1.71,1.23,1.29,1.08,1.09,0.57,,,,,,
Cask,plex_1,1.71,1.23,1.29,1.08,1.09,0.57,,,,,,
Erp29,plex_1,1.28,1.17,1.13,0.8,0.61,0.41,,,,,,
Slc5a2,plex_1,1.27,1.23,1.19,0.73,0.66,0.71,,,,,,
Bcl2l13,plex_1,1.39,0.9,0.7,0.74,0.75,0.41,,,,,,
Ap1m1,plex_1,1.27,1.19,1.18,0.9,0.86,0.52,,,,,,
Gtf2i,plex_1,1.52,1.5,1.95,1.46,0.71,0.52,,,,,,
Gtf2i,plex_1,1.52,1.5,1.95,1.46,0.71,0.52,,,,,,
Gtf2i,plex_1,1.52,1.5,1.95,1.46,0.71,0.52,,,,,,
Gtf2i,plex_1,1.52,1.5,1.95,1.46,0.71,0.52,,,,,,
Gtf2i,plex_1,1.52,1.5,1.95,1.46,0.71,0.52,,,,,,
Gtf2i,plex_1,1.52,1.5,1.95,1.46,0.71,0.52,,,,,,
Sf3a3,plex_1,2.23,1.51,2.37,1.72,1.3,0.64,,,,,,
Apip,plex_1,1.16,1.06,1.03,0.93,0.74,0.46,,,,,,
Isyna1,plex_1,1.43,1.0,0.98,0.84,0.76,0.46,,,,,,
Usp7,plex_1,1.09,0.85,1.14,0.88,0.82,0.55,,,,,,
Usp7,plex_1,1.09,0.85,1.14,0.88,0.82,0.55,,,,,,
Usp7,plex_1,1.09,0.85,1.14,0.88,0.82,0.55,,,,,,
Usp7,plex_1,1.09,0.85,1.14,0.88,0.82,0.55,,,,,,
Ppm1b,plex_1,1.23,1.08,1.0,1.02,0.84,0.59,,,,,,
Ppm1b,plex_1,1.23,1.08,1.0,1.02,0.84,0.59,,,,,,
Ppm1b,plex_1,1.23,1.08,1.0,1.02,0.84,0.59,,,,,,
Ppm1b,plex_1,1.23,1.08,1.0,1.02,0.84,0.59,,,,,,
Ppm1b,plex_1,1.23,1.08,1.0,1.02,0.84,0.59,,,,,,
Ppm1b,plex_1,1.23,1.08,1.0,1.02,0.84,0.59,,,,,,
Ppm1b,plex_1,1.23,1.08,1.0,1.02,0.84,0.59,,,,,,
Rps19,plex_1,1.51,1.31,1.4,1.13,0.79,0.53,,,,,,
Rps19,plex_1,1.51,1.31,1.4,1.13,0.79,0.53,,,,,,
Mrpl46,plex_1,1.29,1.03,1.18,0.97,0.94,0.57,,,,,,
Rpl9,plex_1,1.65,1.43,1.25,1.0,0.94,0.51,,,,,,
Pex19,plex_1,1.47,1.16,1.29,0.94,0.62,0.63,,,,,,
Pex19,plex_1,1.47,1.16,1.29,0.94,0.62,0.63,,,,,,
Csrp1,plex_1,1.06,0.87,0.7,0.73,0.64,0.77,,,,,,
Lrrc1,plex_1,1.25,0.99,1.0,0.66,0.6,0.46,,,,,,
Akr1b10,plex_1,1.23,1.1,1.0,0.89,0.98,0.59,,,,,,
Akr1b10,plex_1,1.23,1.1,1.0,0.89,0.98,0.59,,,,,,
Akr1b10,plex_1,1.23,1.1,1.0,0.89,0.98,0.59,,,,,,
Stk25,plex_1,1.89,1.41,1.56,1.36,1.35,0.52,,,,,,
Stk25,plex_1,1.89,1.41,1.56,1.36,1.35,0.52,,,,,,
Cltb,plex_1,1.42,1.24,1.18,0.9,0.88,0.51,,,,,,
Cltb,plex_1,1.42,1.24,1.18,0.9,0.88,0.51,,,,,,
Lgmn,plex_1,1.1,1.45,0.97,0.88,0.82,0.67,,,,,,
Naca,plex_1,1.08,0.79,0.76,0.62,0.43,0.49,,,,,,
Smpdl3a,plex_1,1.11,1.07,1.04,0.72,0.67,0.43,,,,,,
Arl3,plex_1,1.33,1.3,1.27,1.03,0.89,0.59,,,,,,
Atp6v1g1,plex_1,1.17,1.23,1.3,0.74,0.71,0.6,,,,,,
Npepl1,plex_1,1.65,1.48,1.02,0.76,1.1,0.62,,,,,,
Npepl1,plex_1,1.65,1.48,1.02,0.76,1.1,0.62,,,,,,
Npepl1,plex_1,1.65,1.48,1.02,0.76,1.1,0.62,,,,,,
Gmfb,plex_1,1.39,1.24,1.12,0.91,0.91,0.64,,,,,,
Gmfb,plex_1,1.39,1.24,1.12,0.91,0.91,0.64,,,,,,
Gmfb,plex_1,1.39,1.24,1.12,0.91,0.91,0.64,,,,,,
Pafah2,plex_1,1.81,1.65,1.46,0.98,1.06,0.74,,,,,,
Pafah2,plex_1,1.81,1.65,1.46,0.98,1.06,0.74,,,,,,
Pafah2,plex_1,1.81,1.65,1.46,0.98,1.06,0.74,,,,,,
Pafah2,plex_1,1.81,1.65,1.46,0.98,1.06,0.74,,,,,,
Dcn,plex_1,1.47,1.25,0.93,1.13,0.82,0.41,,,,,,
Eif4h,plex_1,1.35,1.23,1.3,0.93,0.87,0.61,,,,,,
mKIAA0038,plex_1,1.35,1.23,1.3,0.93,0.87,0.61,,,,,,
Ppid,plex_1,1.53,1.3,1.36,1.03,0.92,0.64,,,,,,
Ppid,plex_1,1.53,1.3,1.36,1.03,0.92,0.64,,,,,,
Eif5b,plex_1,4.65,2.99,4.51,3.2,1.87,0.61,,,,,,
Nif3l1,plex_1,1.05,1.01,1.17,0.83,0.84,0.45,,,,,,
Pgp,plex_1,2.38,1.46,2.05,1.88,1.55,0.69,,,,,,
Prmt1,plex_1,1.43,1.36,1.51,1.12,1.12,0.72,,,,,,
Prmt1,plex_1,1.43,1.36,1.51,1.12,1.12,0.72,,,,,,
Prmt1,plex_1,1.43,1.36,1.51,1.12,1.12,0.72,,,,,,
Eif3e,plex_1,1.23,1.09,1.15,0.88,0.77,0.57,,,,,,
Cops2,plex_1,1.18,1.04,1.01,0.97,0.88,0.55,,,,,,
Cops2,plex_1,1.18,1.04,1.01,0.97,0.88,0.55,,,,,,
Snx4,plex_1,1.26,0.94,1.04,0.83,0.66,0.55,,,,,,
Cyp2a4,plex_1,1.49,1.44,1.4,0.87,0.69,0.46,,,,,,
Hnrnpc,plex_1,1.44,1.19,1.46,1.08,0.68,0.55,,,,,,
Rpl17,plex_1,1.26,1.17,1.29,0.85,0.66,0.55,,,,,,
Rpl17,plex_1,1.26,1.17,1.29,0.85,0.66,0.55,,,,,,
Spag9,plex_1,1.08,1.02,1.08,0.66,0.74,0.41,,,,,,
Pnpo,plex_1,1.3,1.29,1.31,1.03,0.83,0.5,,,,,,
Nop58,plex_1,1.15,0.95,0.88,0.75,0.99,0.49,,,,,,
Armc10,plex_1,1.62,1.49,1.01,1.06,0.92,0.83,,,,,,
Armc10,plex_1,1.62,1.49,1.01,1.06,0.92,0.83,,,,,,
Gstt3,plex_1,1.16,1.14,1.11,1.04,0.9,0.59,,,,,,
Gstt3,plex_1,1.16,1.14,1.11,1.04,0.9,0.59,,,,,,
Cpm,plex_1,1.06,1.59,1.06,1.11,1.12,0.59,,,,,,
Pygm,plex_1,1.71,1.36,1.4,0.94,0.72,0.68,,,,,,
Vat1,plex_1,1.37,1.24,1.24,1.15,0.83,0.55,,,,,,
Vat1,plex_1,1.37,1.24,1.24,1.15,0.83,0.55,,,,,,
Vat1,plex_1,1.37,1.24,1.24,1.15,0.83,0.55,,,,,,
Vat1,plex_1,1.37,1.24,1.24,1.15,0.83,0.55,,,,,,
Gbe1,plex_1,2.19,1.7,1.15,1.37,1.47,0.53,,,,,,
Gbe1,plex_1,2.19,1.7,1.15,1.37,1.47,0.53,,,,,,
Gbe1,plex_1,2.19,1.7,1.15,1.37,1.47,0.53,,,,,,
,plex_1,2.19,1.7,1.15,1.37,1.47,0.53,,,,,,
Rps9,plex_1,1.48,1.34,1.24,0.88,1.0,0.55,,,,,,
Isoc2b,plex_1,1.3,0.97,1.01,0.85,0.72,0.65,,,,,,
Tbca,plex_1,1.13,1.1,1.23,0.86,0.69,0.45,,,,,,
Flad1,plex_1,0.48,1.81,,1.08,1.14,,,,,,,
Flad1,plex_1,0.48,1.81,,1.08,1.14,,,,,,,
Erap1,plex_1,1.58,1.33,1.13,1.09,0.68,0.48,,,,,,
Cdc42,plex_1,1.61,1.28,1.13,0.98,0.96,0.64,,,,,,
Rpl13,plex_1,0.88,1.2,1.34,0.79,0.58,0.47,,,,,,
Arpc3,plex_1,1.46,1.14,1.08,1.1,0.88,0.38,,,,,,
Vps26a,plex_1,1.13,0.99,1.13,1.04,0.87,0.52,,,,,,
Vps26a,plex_1,1.13,0.99,1.13,1.04,0.87,0.52,,,,,,
Pitpna,plex_1,1.27,1.05,1.04,0.92,0.83,0.59,,,,,,
Pitpna,plex_1,1.27,1.05,1.04,0.92,0.83,0.59,,,,,,
Tgfbi,plex_1,1.11,0.95,0.96,1.11,0.7,0.36,,,,,,
Rabggta,plex_1,1.0,0.86,1.08,0.74,0.7,0.47,,,,,,
Rabggta,plex_1,1.0,0.86,1.08,0.74,0.7,0.47,,,,,,
Naga,plex_1,1.01,0.98,0.94,0.75,0.71,0.42,,,,,,
Naga,plex_1,1.01,0.98,0.94,0.75,0.71,0.42,,,,,,
Fam129b,plex_1,1.25,1.01,1.04,0.87,0.78,0.57,,,,,,
Gmpr,plex_1,1.45,1.38,1.31,0.82,0.85,0.41,,,,,,
Eif3g,plex_1,1.21,1.25,1.09,1.23,0.88,0.55,,,,,,
Eif3g,plex_1,1.21,1.25,1.09,1.23,0.88,0.55,,,,,,
Stx6,plex_1,1.05,0.96,1.1,1.26,0.92,0.72,,,,,,
Stx6,plex_1,1.05,0.96,1.1,1.26,0.92,0.72,,,,,,
Stx6,plex_1,1.05,0.96,1.1,1.26,0.92,0.72,,,,,,
Stx6,plex_1,1.05,0.96,1.1,1.26,0.92,0.72,,,,,,
Copg2,plex_1,1.33,1.09,1.18,0.98,0.93,0.45,,,,,,
Uqcrh,plex_1,1.4,1.05,1.15,0.97,0.79,0.76,,,,,,
Mettl7b,plex_1,1.58,1.48,1.32,0.96,0.77,0.55,,,,,,
Aak1,plex_1,1.6,1.11,0.97,0.95,0.62,0.74,,,,,,
Aak1,plex_1,1.6,1.11,0.97,0.95,0.62,0.74,,,,,,
Cops3,plex_1,1.75,1.27,1.22,0.82,1.04,0.78,,,,,,
Aimp1,plex_1,1.5,1.43,1.45,1.11,1.01,0.47,,,,,,
Hsd17b11,plex_1,1.4,1.15,0.99,0.85,0.81,0.49,,,,,,
Marcks,plex_1,1.21,1.42,1.14,1.21,0.73,0.35,,,,,,
Dusp3,plex_1,1.21,0.97,1.31,0.72,1.06,0.44,,,,,,
Dusp3,plex_1,1.21,0.97,1.31,0.72,1.06,0.44,,,,,,
Acsl5,plex_1,1.24,1.1,1.18,0.93,0.87,0.6,,,,,,
Ahsa1,plex_1,1.32,1.16,1.06,0.79,0.65,0.5,,,,,,
Ubxn1,plex_1,1.06,1.04,1.61,0.87,0.94,0.85,,,,,,
Rai14,plex_1,1.46,1.28,1.07,0.95,0.96,0.72,,,,,,
Timm50,plex_1,1.35,1.2,1.21,0.9,0.87,0.6,,,,,,
Coro1c,plex_1,1.26,0.91,0.92,0.74,0.72,0.53,,,,,,
Rplp1,plex_1,1.33,1.05,0.96,0.87,0.81,0.42,,,,,,
Psmd4,plex_1,1.13,0.95,0.87,1.07,0.8,0.56,,,,,,
Wars,plex_1,1.23,1.14,0.97,1.01,0.71,0.44,,,,,,
Glyr1,plex_1,1.02,1.27,0.97,1.0,1.11,0.74,,,,,,
Glyr1,plex_1,1.02,1.27,0.97,1.0,1.11,0.74,,,,,,
Acin1,plex_1,1.28,1.1,0.99,1.04,0.83,0.58,,,,,,
Acin1,plex_1,1.28,1.1,0.99,1.04,0.83,0.58,,,,,,
Oxsm,plex_1,1.36,1.02,1.0,0.92,0.78,0.74,,,,,,
Oxsm,plex_1,1.36,1.02,1.0,0.92,0.78,0.74,,,,,,
Ccdc22,plex_1,2.27,1.15,1.21,0.79,0.74,0.57,,,,,,
Serpinb9,plex_1,1.29,0.62,0.93,0.9,0.68,0.52,,,,,,
Itpa,plex_1,1.25,1.09,1.09,1.09,0.89,0.58,,,,,,
Rmdn1,plex_1,1.2,1.07,0.87,0.83,0.82,0.45,,,,,,
Ptprk,plex_1,1.64,1.39,1.17,1.16,0.85,0.83,,,,,,
Pawr,plex_1,1.44,1.12,1.3,0.91,0.71,0.84,,,,,,
Pawr,plex_1,1.44,1.12,1.3,0.91,0.71,0.84,,,,,,
Ptges3,plex_1,1.1,1.16,0.93,0.75,0.67,0.46,,,,,,
Hsd11b1,plex_1,1.36,1.1,1.23,0.7,0.75,0.42,,,,,,
Hsd11b1,plex_1,1.36,1.1,1.23,0.7,0.75,0.42,,,,,,
Ndufaf7,plex_1,1.55,1.38,1.22,1.16,0.97,0.78,,,,,,
Ndrg2,plex_1,1.51,1.29,1.23,0.93,0.96,0.83,,,,,,
Ndrg2,plex_1,1.51,1.29,1.23,0.93,0.96,0.83,,,,,,
Ggact,plex_1,1.21,1.13,1.27,0.93,0.89,0.44,,,,,,
Ggact,plex_1,1.21,1.13,1.27,0.93,0.89,0.44,,,,,,
Ggact,plex_1,1.21,1.13,1.27,0.93,0.89,0.44,,,,,,
Nckap1,plex_1,1.42,1.11,1.12,0.88,0.96,0.54,,,,,,
Sept9,plex_1,1.3,1.25,1.45,1.07,0.81,0.65,,,,,,
Sept9,plex_1,1.3,1.25,1.45,1.07,0.81,0.65,,,,,,
Sept9,plex_1,1.3,1.25,1.45,1.07,0.81,0.65,,,,,,
Gna13,plex_1,1.19,0.91,0.86,0.88,0.68,0.48,,,,,,
Mtch2,plex_1,1.45,1.4,1.19,1.03,0.64,0.56,,,,,,
Mtch2,plex_1,1.45,1.4,1.19,1.03,0.64,0.56,,,,,,
Mtch2,plex_1,1.45,1.4,1.19,1.03,0.64,0.56,,,,,,
Mtch2,plex_1,1.45,1.4,1.19,1.03,0.64,0.56,,,,,,
Psma4,plex_1,1.41,1.15,1.07,0.95,1.0,0.54,,,,,,
Rhot2,plex_1,1.54,1.15,1.31,1.05,0.7,0.44,,,,,,
Fbl,plex_1,1.48,1.25,1.34,1.09,0.8,0.62,,,,,,
Mia3,plex_1,1.35,1.16,1.17,0.77,0.86,0.43,,,,,,
Cpt1b,plex_1,1.5,1.47,1.22,1.23,0.94,0.71,,,,,,
Fxr1,plex_1,1.34,1.18,1.14,1.03,0.85,0.51,,,,,,
Atp5i,plex_1,1.78,1.3,1.65,1.46,1.12,0.67,,,,,,
Slk,plex_1,1.52,1.18,1.19,0.84,0.95,0.6,,,,,,
Usp9x,plex_1,1.41,1.48,1.4,1.07,1.24,0.66,,,,,,
Mrps36,plex_1,1.64,1.45,1.25,1.15,0.71,0.65,,,,,,
Clmn,plex_1,1.38,1.53,1.31,1.05,0.58,0.65,,,,,,
Clmn,plex_1,1.38,1.53,1.31,1.05,0.58,0.65,,,,,,
Clmn,plex_1,1.38,1.53,1.31,1.05,0.58,0.65,,,,,,
Clmn,plex_1,1.38,1.53,1.31,1.05,0.58,0.65,,,,,,
Rgn,plex_1,1.32,1.58,0.8,0.89,1.37,0.61,,,,,,
Efhd1,plex_1,1.63,1.07,1.21,1.11,1.06,0.73,,,,,,
Sf3b2,plex_1,1.3,1.09,1.04,1.08,0.72,0.62,,,,,,
Rps16,plex_1,1.52,1.41,1.28,1.11,0.91,0.53,,,,,,
Rps16,plex_1,1.52,1.41,1.28,1.11,0.91,0.53,,,,,,
Rps16,plex_1,1.52,1.41,1.28,1.11,0.91,0.53,,,,,,
Slirp,plex_1,1.57,1.22,0.96,0.88,0.66,0.46,,,,,,
Tbcb,plex_1,2.2,1.94,1.5,1.54,0.8,1.08,,,,,,
Lamp2,plex_1,1.4,1.2,1.28,0.85,0.85,0.49,,,,,,
Lamp2,plex_1,1.4,1.2,1.28,0.85,0.85,0.49,,,,,,
Lamp2,plex_1,1.4,1.2,1.28,0.85,0.85,0.49,,,,,,
Lamp2,plex_1,1.4,1.2,1.28,0.85,0.85,0.49,,,,,,
Lamp2,plex_1,1.4,1.2,1.28,0.85,0.85,0.49,,,,,,
Lamp2,plex_1,1.4,1.2,1.28,0.85,0.85,0.49,,,,,,
Lamp2,plex_1,1.4,1.2,1.28,0.85,0.85,0.49,,,,,,
Fmr1,plex_1,1.17,0.99,1.13,0.81,0.68,0.52,,,,,,
Fmr1,plex_1,1.17,0.99,1.13,0.81,0.68,0.52,,,,,,
Fmr1,plex_1,1.17,0.99,1.13,0.81,0.68,0.52,,,,,,
Slc34a1,plex_1,1.58,1.38,1.23,1.02,0.82,0.75,,,,,,
Slc34a1,plex_1,1.58,1.38,1.23,1.02,0.82,0.75,,,,,,
Ugt3a1,plex_1,1.96,1.46,1.71,1.07,1.02,0.41,,,,,,
Ndufa2,plex_1,1.17,0.97,1.12,0.87,0.92,0.54,,,,,,
Fn3krp,plex_1,1.73,1.13,1.33,1.2,0.95,0.59,,,,,,
Dek,plex_1,1.45,1.37,1.09,1.05,0.86,0.51,,,,,,
,plex_1,1.33,1.27,1.25,0.97,0.93,0.6,,,,,,
Tmed2,plex_1,1.33,1.27,1.25,0.97,0.93,0.6,,,,,,
Tmed2,plex_1,1.33,1.27,1.25,0.97,0.93,0.6,,,,,,
Rpl10,plex_1,1.28,1.13,0.99,0.82,0.81,0.46,,,,,,
Rpl10,plex_1,1.28,1.13,0.99,0.82,0.81,0.46,,,,,,
Mrps22,plex_1,1.26,1.2,0.99,0.92,0.79,0.57,,,,,,
Gbf1,plex_1,0.66,1.13,1.13,0.65,0.48,0.36,,,,,,
Itga3,plex_1,1.73,1.42,1.27,1.37,1.09,0.71,,,,,,
Itga3,plex_1,1.73,1.42,1.27,1.37,1.09,0.71,,,,,,
Itga3,plex_1,1.73,1.42,1.27,1.37,1.09,0.71,,,,,,
Sugct,plex_1,1.26,1.13,1.23,1.03,0.79,0.74,,,,,,
Huwe1,plex_1,1.34,1.04,1.2,0.92,0.98,0.57,,,,,,
Ccdc47,plex_1,1.35,1.32,0.98,0.82,0.85,0.56,,,,,,
Tsn,plex_1,1.38,1.02,1.35,1.22,1.13,0.56,,,,,,
Mrrf,plex_1,1.3,1.7,1.27,1.19,0.52,0.73,,,,,,
Esyt2,plex_1,1.52,1.29,1.36,1.11,0.85,0.58,,,,,,
Mrps27,plex_1,2.37,1.6,1.74,0.93,1.04,0.8,,,,,,
Ralb,plex_1,1.59,1.58,1.31,1.19,1.01,0.65,,,,,,
Ralb,plex_1,1.59,1.58,1.31,1.19,1.01,0.65,,,,,,
Ubap2l,plex_1,1.27,0.98,1.03,0.99,0.9,0.69,,,,,,
Ubap2l,plex_1,1.27,0.98,1.03,0.99,0.9,0.69,,,,,,
Scrn3,plex_1,1.13,0.87,0.92,0.72,0.93,0.47,,,,,,
Nln,plex_1,1.39,1.28,1.21,1.11,1.11,0.53,,,,,,
Hnrnpa0,plex_1,1.37,1.07,1.12,1.07,0.74,0.52,,,,,,
Stx12,plex_1,1.04,1.14,0.82,0.79,0.76,0.42,,,,,,
Stx12,plex_1,1.04,1.14,0.82,0.79,0.76,0.42,,,,,,
Csde1,plex_1,1.22,1.09,1.09,0.75,0.74,0.65,,,,,,
Rab11fip3,plex_1,1.23,1.17,1.07,0.73,0.69,0.58,,,,,,
Rab11fip3,plex_1,1.23,1.17,1.07,0.73,0.69,0.58,,,,,,
Cast,plex_1,0.97,0.86,0.95,0.64,1.06,0.55,,,,,,
Cast,plex_1,0.97,0.86,0.95,0.64,1.06,0.55,,,,,,
Cast,plex_1,0.97,0.86,0.95,0.64,1.06,0.55,,,,,,
Naa15,plex_1,1.83,1.57,1.28,1.1,1.05,0.71,,,,,,
Rps17,plex_1,1.69,1.3,0.93,0.95,0.72,0.62,,,,,,
Yars,plex_1,1.42,1.04,1.24,0.73,0.78,0.5,,,,,,
Yars,plex_1,1.42,1.04,1.24,0.73,0.78,0.5,,,,,,
Ace2,plex_1,1.34,1.11,0.97,0.97,0.85,0.6,,,,,,
Cds2,plex_1,1.22,1.24,1.15,1.12,0.8,0.44,,,,,,
Bag6,plex_1,1.38,1.33,1.12,0.85,0.85,0.61,,,,,,
Itih2,plex_1,1.23,1.17,1.69,1.07,1.1,0.57,,,,,,
Psmb7,plex_1,1.05,0.91,0.85,0.77,0.83,0.57,,,,,,
Psmb7,plex_1,1.05,0.91,0.85,0.77,0.83,0.57,,,,,,
Krt19,plex_1,1.13,0.83,0.78,0.75,0.72,0.47,,,,,,
Cdc37,plex_1,1.11,1.09,0.9,0.81,0.55,0.47,,,,,,
Cyb5b,plex_1,1.46,1.28,1.09,1.01,0.53,0.68,,,,,,
Lin7c,plex_1,1.33,1.13,1.15,1.04,0.83,0.58,,,,,,
Acyp1,plex_1,1.55,1.44,1.24,0.92,0.83,0.61,,,,,,
Coq7,plex_1,1.11,1.36,0.97,0.96,0.9,0.66,,,,,,
Coq7,plex_1,1.11,1.36,0.97,0.96,0.9,0.66,,,,,,
Coq7,plex_1,1.11,1.36,0.97,0.96,0.9,0.66,,,,,,
Ppp6r3,plex_1,1.44,1.31,1.23,1.02,0.96,0.55,,,,,,
Ppp6r3,plex_1,1.44,1.31,1.23,1.02,0.96,0.55,,,,,,
Ppp6r3,plex_1,1.44,1.31,1.23,1.02,0.96,0.55,,,,,,
Mrps6,plex_1,1.68,1.39,1.49,1.17,0.81,0.65,,,,,,
Mipep,plex_1,1.35,1.22,1.26,0.99,0.79,0.5,,,,,,
Serpinc1,plex_1,1.32,0.73,1.27,0.74,0.85,0.95,,,,,,
Rab1b,plex_1,0.81,0.92,0.86,0.71,0.45,0.43,,,,,,
Vapa,plex_1,1.4,1.09,1.08,1.06,0.65,0.57,,,,,,
Arrb1,plex_1,1.52,1.45,1.41,0.85,0.73,0.57,,,,,,
Gng12,plex_1,3.46,2.32,3.33,3.1,2.38,0.39,,,,,,
Gng12,plex_1,3.46,2.32,3.33,3.1,2.38,0.39,,,,,,
Psmd14,plex_1,1.24,1.13,1.2,0.85,0.84,0.47,,,,,,
Rad23a,plex_1,1.16,0.79,0.65,0.46,0.82,,,,,,,
Rad23a,plex_1,1.16,0.79,0.65,0.46,0.82,,,,,,,
Vbp1,plex_1,1.2,1.0,1.03,0.84,0.8,0.57,,,,,,
Psat1,plex_1,1.65,0.99,0.9,0.57,0.53,0.54,,,,,,
Psat1,plex_1,1.65,0.99,0.9,0.57,0.53,0.54,,,,,,
Psat1,plex_1,1.65,0.99,0.9,0.57,0.53,0.54,,,,,,
Dnaja3,plex_1,1.75,1.23,1.28,0.78,0.87,0.56,,,,,,
Msi2,plex_1,1.4,1.21,1.08,1.0,0.91,0.65,,,,,,
Msi2,plex_1,1.4,1.21,1.08,1.0,0.91,0.65,,,,,,
Msi2,plex_1,1.4,1.21,1.08,1.0,0.91,0.65,,,,,,
Slc22a6,plex_1,1.54,1.5,1.21,0.74,0.47,0.74,,,,,,
Nfu1,plex_1,1.15,0.64,0.9,0.85,0.79,0.53,,,,,,
Nfu1,plex_1,1.15,0.64,0.9,0.85,0.79,0.53,,,,,,
Dbi,plex_1,1.85,1.2,1.58,1.31,0.96,0.48,,,,,,
Raly,plex_1,1.12,1.9,2.34,1.55,0.19,0.79,,,,,,
Raly,plex_1,1.12,1.9,2.34,1.55,0.19,0.79,,,,,,
Raly,plex_1,1.12,1.9,2.34,1.55,0.19,0.79,,,,,,
Mrpl37,plex_1,1.39,1.29,1.41,1.41,0.93,0.75,,,,,,
Ctsh,plex_1,1.31,1.13,1.45,0.98,1.05,0.35,,,,,,
Atp5j,plex_1,1.36,1.29,1.21,1.04,0.81,0.5,,,,,,
Hebp1,plex_1,1.06,1.0,0.81,0.87,0.77,0.63,,,,,,
Ddi2,plex_1,1.58,1.27,1.18,1.02,0.7,0.49,,,,,,
Csrp2,plex_1,1.67,1.15,0.93,1.01,0.84,0.76,,,,,,
Arhgap5,plex_1,1.34,0.98,1.24,0.89,0.87,0.69,,,,,,
PSME2b,plex_1,1.32,0.87,1.07,1.13,0.81,0.57,,,,,,
Pdcd10,plex_1,1.21,0.83,1.19,0.78,0.89,0.65,,,,,,
Mrpl41,plex_1,1.14,1.04,1.01,0.74,0.52,0.49,,,,,,
Pfdn5,plex_1,1.3,0.99,1.06,0.83,0.86,0.41,,,,,,
Rras2,plex_1,1.34,1.13,1.09,1.1,0.9,0.62,,,,,,
Abcb8,plex_1,1.23,1.09,1.03,1.01,0.6,0.72,,,,,,
Stxbp3,plex_1,1.57,1.3,1.1,1.25,0.85,0.62,,,,,,
Glo1,plex_1,1.45,1.08,0.88,0.82,0.84,0.53,,,,,,
Thrap3,plex_1,1.32,0.98,1.06,0.95,0.85,0.55,,,,,,
Lars2,plex_1,1.38,1.14,1.19,1.05,0.96,0.53,,,,,,
Lars2,plex_1,1.38,1.14,1.19,1.05,0.96,0.53,,,,,,
Lars2,plex_1,1.38,1.14,1.19,1.05,0.96,0.53,,,,,,
Gys1,plex_1,0.61,0.89,0.76,1.01,0.5,0.35,,,,,,
H3f3a,plex_1,1.24,0.88,0.53,1.18,0.18,0.47,,,,,,
H3f3c,plex_1,1.24,0.88,0.53,1.18,0.18,0.47,,,,,,
Serhl,plex_1,1.53,1.32,1.29,1.3,0.84,0.68,,,,,,
Pdzd11,plex_1,1.98,1.44,1.45,1.24,1.13,0.72,,,,,,
Ccar1,plex_1,1.38,1.09,1.03,1.02,0.74,0.51,,,,,,
Rps15,plex_1,1.42,1.14,1.11,0.91,1.5,0.48,,,,,,
Enah,plex_1,1.61,1.16,1.09,1.05,1.04,0.66,,,,,,
Enah,plex_1,1.61,1.16,1.09,1.05,1.04,0.66,,,,,,
Enah,plex_1,1.61,1.16,1.09,1.05,1.04,0.66,,,,,,
Arl1,plex_1,1.18,1.12,1.04,0.65,0.71,0.49,,,,,,
Sntb2,plex_1,2.88,1.84,2.43,2.19,1.39,0.79,,,,,,
Sntb2,plex_1,2.88,1.84,2.43,2.19,1.39,0.79,,,,,,
Sntb2,plex_1,2.88,1.84,2.43,2.19,1.39,0.79,,,,,,
Tomm70a,plex_1,1.31,1.09,1.24,0.91,0.69,0.55,,,,,,
Aoc3,plex_1,2.61,1.58,1.33,1.59,0.98,0.5,,,,,,
Cyp4b1,plex_1,1.21,0.88,1.01,0.87,0.84,0.78,,,,,,
Vps29,plex_1,1.44,1.15,1.1,1.0,0.91,0.53,,,,,,
Vps29,plex_1,1.44,1.15,1.1,1.0,0.91,0.53,,,,,,
Arpc5l,plex_1,1.17,1.2,1.17,0.82,0.91,0.44,,,,,,
Mrpl16,plex_1,1.11,0.99,1.18,0.95,0.7,0.58,,,,,,
Dynlrb1,plex_1,1.53,1.27,1.5,0.95,1.0,0.38,,,,,,
Dynlrb1,plex_1,1.53,1.27,1.5,0.95,1.0,0.38,,,,,,
Clta,plex_1,1.3,1.05,1.16,0.86,0.8,0.49,,,,,,
Clta,plex_1,1.3,1.05,1.16,0.86,0.8,0.49,,,,,,
Hook3,plex_1,1.31,1.08,1.17,1.07,1.48,0.69,,,,,,
Abcb7,plex_1,1.24,1.12,1.05,0.9,0.84,0.5,,,,,,
Glod5,plex_1,1.03,1.03,0.87,0.87,0.79,0.49,,,,,,
Ank2,plex_1,1.37,1.31,1.14,0.95,1.0,0.62,,,,,,
Rpl30,plex_1,1.33,1.08,1.09,0.85,0.69,0.57,,,,,,
Rab21,plex_1,1.32,1.12,1.31,0.78,0.6,0.49,,,,,,
Rab21,plex_1,1.32,1.12,1.31,0.78,0.6,0.49,,,,,,
Prkar1a,plex_1,1.18,1.05,1.32,0.98,1.15,0.54,,,,,,
Mpc1,plex_1,1.49,1.24,1.06,1.14,1.13,0.77,,,,,,
Mpc1,plex_1,1.49,1.24,1.06,1.14,1.13,0.77,,,,,,
Npc2,plex_1,1.17,1.0,1.18,0.79,0.79,0.39,,,,,,
Npc2,plex_1,1.17,1.0,1.18,0.79,0.79,0.39,,,,,,
Npc2,plex_1,1.17,1.0,1.18,0.79,0.79,0.39,,,,,,
Drg2,plex_1,1.24,1.25,1.28,1.1,0.86,0.53,,,,,,
Myg1,plex_1,0.99,0.85,0.95,0.7,0.62,0.44,,,,,,
Crip2,plex_1,1.33,1.06,0.96,0.97,0.76,0.47,,,,,,
Myof,plex_1,1.65,1.69,1.69,1.63,1.25,0.72,,,,,,
Gns,plex_1,1.03,1.08,0.96,0.63,0.56,0.51,,,,,,
Gns,plex_1,1.03,1.08,0.96,0.63,0.56,0.51,,,,,,
Rangap1,plex_1,1.17,1.06,1.05,0.77,0.75,0.57,,,,,,
Tcea1,plex_1,0.82,0.92,0.77,0.74,0.58,0.47,,,,,,
Mthfs,plex_1,1.54,1.21,1.22,0.89,0.69,0.66,,,,,,
Ndufb8,plex_1,1.58,1.31,1.21,1.06,0.51,0.62,,,,,,
H1f0,plex_1,1.25,1.1,1.0,1.3,0.44,0.6,,,,,,
Naprt,plex_1,1.29,1.22,1.11,0.83,0.57,0.54,,,,,,
Igf2r,plex_1,1.9,1.48,1.62,1.51,1.08,0.59,,,,,,
Dmd,plex_1,1.39,0.97,1.05,0.99,1.02,0.66,,,,,,
Dmd,plex_1,1.39,0.97,1.05,0.99,1.02,0.66,,,,,,
S100g,plex_1,1.48,1.58,1.03,1.02,0.92,0.54,,,,,,
Cbs,plex_1,1.17,1.06,1.05,1.04,0.87,0.61,,,,,,
Cbs,plex_1,1.17,1.06,1.05,1.04,0.87,0.61,,,,,,
Slc22a13,plex_1,1.35,1.24,1.27,1.02,0.75,0.52,,,,,,
Tmpo,plex_1,1.32,1.05,1.09,1.09,1.09,0.74,,,,,,
Gnaq,plex_1,1.14,1.23,0.81,0.7,0.6,0.51,,,,,,
Epb41l5,plex_1,1.39,1.27,1.38,0.98,0.95,0.66,,,,,,
HC,plex_1,0.97,0.58,1.23,0.84,0.68,1.01,,,,,,
Twf1,plex_1,1.28,1.21,1.3,0.82,0.96,0.51,,,,,,
Trip6,plex_1,1.57,1.04,1.12,1.07,0.86,0.76,,,,,,
Trip6,plex_1,1.57,1.04,1.12,1.07,0.86,0.76,,,,,,
Lrrc47,plex_1,1.18,0.88,1.08,0.77,0.78,0.56,,,,,,
Chmp5,plex_1,1.92,1.0,1.28,1.11,0.95,0.59,,,,,,
Arsb,plex_1,1.1,0.99,0.97,0.81,0.82,0.6,,,,,,
Arsb,plex_1,1.1,0.99,0.97,0.81,0.82,0.6,,,,,,
Agk,plex_1,1.52,0.88,1.02,1.03,0.45,0.66,,,,,,
H2-K1,plex_1,1.3,1.77,1.25,1.26,1.14,0.63,,,,,,
H2-K1,plex_1,1.3,1.77,1.25,1.26,1.14,0.63,,,,,,
H2-K1,plex_1,1.3,1.77,1.25,1.26,1.14,0.63,,,,,,
H2-K1,plex_1,1.3,1.77,1.25,1.26,1.14,0.63,,,,,,
H2-K1,plex_1,1.3,1.77,1.25,1.26,1.14,0.63,,,,,,
Atp1b3,plex_1,1.12,1.47,1.52,1.2,1.13,0.76,,,,,,
Sugt1,plex_1,1.13,1.35,1.1,0.81,0.61,0.5,,,,,,
Apoc3,plex_1,1.25,1.17,1.16,1.02,0.81,0.53,,,,,,
Trim28,plex_1,1.21,1.25,0.98,0.84,0.75,0.65,,,,,,
Ero1l,plex_1,1.69,1.37,1.6,1.98,1.37,0.51,,,,,,
Mif,plex_1,1.17,1.07,0.93,0.63,0.88,0.59,,,,,,
Snx2,plex_1,1.3,0.92,1.05,0.89,0.71,0.59,,,,,,
Ppp1r12a,plex_1,1.17,0.86,0.85,0.81,1.08,0.5,,,,,,
Fam21,plex_1,1.91,1.72,1.72,1.51,1.37,0.78,,,,,,
Slc5a1,plex_1,1.5,1.45,1.65,0.84,1.06,0.67,,,,,,
Faf2,plex_1,1.21,1.02,1.03,0.72,0.51,0.53,,,,,,
Faf2,plex_1,1.21,1.02,1.03,0.72,0.51,0.53,,,,,,
Ddx46,plex_1,1.06,0.96,1.17,0.83,0.81,0.57,,,,,,
Man2c1,plex_1,1.42,0.99,1.29,1.14,0.63,0.53,,,,,,
Man2c1,plex_1,1.42,0.99,1.29,1.14,0.63,0.53,,,,,,
Man2c1,plex_1,1.42,0.99,1.29,1.14,0.63,0.53,,,,,,
Grsf1,plex_1,1.3,1.09,1.19,0.89,0.58,0.57,,,,,,
Grsf1,plex_1,1.3,1.09,1.19,0.89,0.58,0.57,,,,,,
Grsf1,plex_1,1.3,1.09,1.19,0.89,0.58,0.57,,,,,,
Ciapin1,plex_1,1.24,1.41,0.93,0.83,0.99,0.35,,,,,,
Mrpl10,plex_1,1.37,1.2,1.2,0.95,0.85,0.77,,,,,,
Cab39,plex_1,1.23,1.11,1.12,0.89,0.94,0.49,,,,,,
Inadl,plex_1,1.75,1.28,1.67,1.32,1.01,1.0,,,,,,
Slc25a24,plex_1,1.77,1.46,2.14,1.04,1.07,0.89,,,,,,
Rab18,plex_1,1.33,1.04,1.12,0.88,0.76,0.67,,,,,,
Mrps23,plex_1,1.6,2.03,1.65,1.44,0.71,0.95,,,,,,
Mrps23,plex_1,1.6,2.03,1.65,1.44,0.71,0.95,,,,,,
Mrps23,plex_1,1.6,2.03,1.65,1.44,0.71,0.95,,,,,,
Mrps23,plex_1,1.6,2.03,1.65,1.44,0.71,0.95,,,,,,
,plex_1,1.23,1.02,1.12,0.87,0.72,0.49,,,,,,
Ppme1,plex_1,1.43,0.73,1.28,1.51,0.91,0.47,,,,,,
Manba,plex_1,1.44,0.87,0.68,0.86,0.89,0.59,,,,,,
Eif4g2,plex_1,1.29,1.38,1.32,0.79,0.81,0.52,,,,,,
Icam1,plex_1,1.26,1.68,1.0,0.74,0.57,0.54,,,,,,
Icam1,plex_1,1.26,1.68,1.0,0.74,0.57,0.54,,,,,,
Icam1,plex_1,1.26,1.68,1.0,0.74,0.57,0.54,,,,,,
Icam1,plex_1,1.26,1.68,1.0,0.74,0.57,0.54,,,,,,
Icam1,plex_1,1.26,1.68,1.0,0.74,0.57,0.54,,,,,,
Icam1,plex_1,1.26,1.68,1.0,0.74,0.57,0.54,,,,,,
Icam1,plex_1,1.26,1.68,1.0,0.74,0.57,0.54,,,,,,
Icam1,plex_1,1.26,1.68,1.0,0.74,0.57,0.54,,,,,,
Icam1,plex_1,1.26,1.68,1.0,0.74,0.57,0.54,,,,,,
Icam1,plex_1,1.26,1.68,1.0,0.74,0.57,0.54,,,,,,
Ptrh2,plex_1,1.49,1.03,0.88,0.79,0.57,0.46,,,,,,
Fkbp3,plex_1,1.3,1.18,1.15,1.01,0.56,0.58,,,,,,
Smarca5,plex_1,1.86,1.61,1.26,1.27,1.31,0.66,,,,,,
Mcts1,plex_1,1.4,1.32,1.0,1.16,0.85,0.49,,,,,,
Mcts1,plex_1,1.4,1.32,1.0,1.16,0.85,0.49,,,,,,
Hsd17b12,plex_1,1.65,1.5,1.31,1.07,0.99,0.78,,,,,,
Agpat3,plex_1,1.68,1.58,1.36,1.27,1.04,0.71,,,,,,
Denr,plex_1,1.8,1.41,0.88,1.55,1.01,1.2,,,,,,
Tmed10,plex_1,1.15,1.25,1.29,1.11,0.85,0.37,,,,,,
Cyp4a10,plex_1,1.22,1.08,1.15,1.12,1.07,0.79,,,,,,
Iscu,plex_1,1.06,0.88,0.58,0.78,0.39,0.44,,,,,,
Prom1,plex_1,1.26,1.09,0.91,1.17,0.84,0.52,,,,,,
Prom1,plex_1,1.26,1.09,0.91,1.17,0.84,0.52,,,,,,
Prom1,plex_1,1.26,1.09,0.91,1.17,0.84,0.52,,,,,,
Prom1,plex_1,1.26,1.09,0.91,1.17,0.84,0.52,,,,,,
Epcam,plex_1,1.35,1.03,0.87,1.02,0.9,0.6,,,,,,
Slain2,plex_1,,,,,,,,,,,,
Tor1aip1,plex_1,1.27,0.91,0.71,0.78,0.54,0.74,,,,,,
Hnrnpr,plex_1,1.26,0.96,0.86,0.96,0.86,0.63,,,,,,
Hnrnpr,plex_1,1.26,0.96,0.86,0.96,0.86,0.63,,,,,,
Fdxr,plex_1,1.2,1.16,1.02,0.91,0.75,0.57,,,,,,
Ndufs5,plex_1,1.54,1.26,1.26,0.9,0.8,0.66,,,,,,
Cbr4,plex_1,1.22,1.11,1.05,0.9,1.04,0.59,,,,,,
Dcps,plex_1,1.5,1.41,1.2,1.27,1.18,0.88,,,,,,
Ndufa4,plex_1,1.32,1.11,0.99,0.9,1.0,0.64,,,,,,
rps14,plex_1,1.18,1.09,1.23,0.98,0.62,0.54,,,,,,
Rps14,plex_1,1.18,1.09,1.23,0.98,0.62,0.54,,,,,,
Cops4,plex_1,1.0,1.29,0.93,0.82,0.77,0.31,,,,,,
Cops4,plex_1,1.0,1.29,0.93,0.82,0.77,0.31,,,,,,
Slc47a1,plex_1,1.34,1.22,0.94,1.05,0.88,0.94,,,,,,
Slc47a1,plex_1,1.34,1.22,0.94,1.05,0.88,0.94,,,,,,
Egf,plex_1,1.71,1.22,1.06,1.1,1.2,0.67,,,,,,
Egf,plex_1,1.71,1.22,1.06,1.1,1.2,0.67,,,,,,
Tfg,plex_1,1.38,1.16,1.19,0.84,0.83,0.59,,,,,,
Tfg,plex_1,1.38,1.16,1.19,0.84,0.83,0.59,,,,,,
Tango2,plex_1,1.77,0.94,1.3,0.95,0.73,0.65,,,,,,
Tango2,plex_1,1.77,0.94,1.3,0.95,0.73,0.65,,,,,,
Sae1,plex_1,1.68,1.86,1.49,1.3,1.02,0.5,,,,,,
Eefsec,plex_1,1.6,1.32,1.37,1.04,0.95,0.67,,,,,,
Eefsec,plex_1,1.6,1.32,1.37,1.04,0.95,0.67,,,,,,
Eefsec,plex_1,1.6,1.32,1.37,1.04,0.95,0.67,,,,,,
Eif6,plex_1,1.41,1.22,1.78,1.54,0.72,0.53,,,,,,
Eif6,plex_1,1.41,1.22,1.78,1.54,0.72,0.53,,,,,,
Eif6,plex_1,1.41,1.22,1.78,1.54,0.72,0.53,,,,,,
Eif6,plex_1,1.41,1.22,1.78,1.54,0.72,0.53,,,,,,
Ndufc2,plex_1,1.41,1.04,0.95,0.84,0.6,0.53,,,,,,
Ndufb5,plex_1,1.64,1.15,1.19,1.01,0.6,0.58,,,,,,
Ndufb5,plex_1,1.64,1.15,1.19,1.01,0.6,0.58,,,,,,
,plex_1,0.38,1.01,2.67,0.29,0.98,0.18,,,,,,
Igkv5-39,plex_1,0.38,1.01,2.67,0.29,0.98,0.18,,,,,,
Atad1,plex_1,1.39,1.25,1.42,1.05,0.89,0.61,,,,,,
Ppp1r1b,plex_1,0.96,0.69,0.76,0.95,0.74,0.53,,,,,,
Ppp1r1b,plex_1,0.96,0.69,0.76,0.95,0.74,0.53,,,,,,
Rpl18a,plex_1,1.09,1.04,0.85,0.65,0.69,0.44,,,,,,
Alyref,plex_1,0.83,1.23,0.83,0.7,0.6,0.55,,,,,,
Eif3h,plex_1,1.08,1.0,0.94,0.78,0.83,0.44,,,,,,
Cul3,plex_1,1.14,1.13,1.03,0.89,0.73,0.49,,,,,,
mKIAA0617,plex_1,1.14,1.13,1.03,0.89,0.73,0.49,,,,,,
Bub3,plex_1,1.6,1.33,1.36,1.22,1.11,0.55,,,,,,
Gatad2b,plex_1,2.19,1.02,1.17,1.97,1.89,,,,,,,
Tnpo1,plex_1,1.15,1.11,0.97,0.77,0.76,0.56,,,,,,
Tnpo1,plex_1,1.15,1.11,0.97,0.77,0.76,0.56,,,,,,
Tbc1d13,plex_1,1.65,1.51,1.37,1.11,1.01,0.63,,,,,,
Ndufb6,plex_1,1.54,1.11,1.31,0.99,0.68,0.76,,,,,,
Spg7,plex_1,1.21,1.07,1.1,1.05,0.72,0.61,,,,,,
Spg7,plex_1,1.21,1.07,1.1,1.05,0.72,0.61,,,,,,
Spg7,plex_1,1.21,1.07,1.1,1.05,0.72,0.61,,,,,,
Spg7,plex_1,1.21,1.07,1.1,1.05,0.72,0.61,,,,,,
Spg7,plex_1,1.21,1.07,1.1,1.05,0.72,0.61,,,,,,
Spg7,plex_1,1.21,1.07,1.1,1.05,0.72,0.61,,,,,,
Farp1,plex_1,2.21,1.47,1.9,1.2,1.54,0.43,,,,,,
Hpcal1,plex_1,1.24,1.14,1.02,0.84,0.85,0.55,,,,,,
Cul5,plex_1,1.12,1.16,1.05,0.97,0.68,0.59,,,,,,
Stt3b,plex_1,1.01,0.95,0.84,0.75,0.67,0.46,,,,,,
Stt3b,plex_1,1.01,0.95,0.84,0.75,0.67,0.46,,,,,,
Selo,plex_1,1.64,1.39,1.1,1.6,1.09,1.16,,,,,,
Selo,plex_1,1.64,1.39,1.1,1.6,1.09,1.16,,,,,,
Tpt1,plex_1,1.27,1.1,1.18,0.83,0.79,0.46,,,,,,
Lnpep,plex_1,1.85,1.19,1.43,1.28,1.15,0.74,,,,,,
Vnn1,plex_1,0.97,1.07,0.98,0.76,0.74,0.68,,,,,,
Nt5c,plex_1,1.74,1.25,1.3,0.92,1.06,0.85,,,,,,
Htra2,plex_1,1.45,1.33,1.18,1.11,0.8,0.6,,,,,,
Chmp4b,plex_1,1.12,1.21,1.1,1.05,0.77,0.55,,,,,,
Timm23,plex_1,1.07,1.47,0.88,1.03,1.27,0.56,,,,,,
Trmt10c,plex_1,1.06,1.1,0.89,1.17,0.72,0.57,,,,,,
Ahcyl1,plex_1,1.72,1.27,1.28,1.1,0.89,0.75,,,,,,
Ppp5c,plex_1,1.41,1.35,1.27,1.07,0.81,0.57,,,,,,
Ndufaf2,plex_1,1.13,1.17,0.96,0.99,0.82,0.57,,,,,,
Aarsd1,plex_1,1.62,1.31,1.43,1.06,0.8,0.64,,,,,,
Vtn,plex_1,1.0,0.96,1.55,0.89,0.81,0.4,,,,,,
Fkbp15,plex_1,1.77,1.71,1.8,1.11,0.88,0.62,,,,,,
Fkbp15,plex_1,1.77,1.71,1.8,1.11,0.88,0.62,,,,,,
Lman2,plex_1,1.33,1.28,1.35,0.81,0.84,0.58,,,,,,
Ap1m2,plex_1,1.39,1.54,1.73,1.0,0.83,0.51,,,,,,
Dap3,plex_1,1.44,1.06,1.17,0.76,0.86,0.65,,,,,,
Dap3,plex_1,1.44,1.06,1.17,0.76,0.86,0.65,,,,,,
Poldip2,plex_1,1.39,1.25,1.38,1.38,0.7,0.74,,,,,,
L3hypdh,plex_1,1.67,1.03,1.16,0.88,0.85,0.57,,,,,,
Pcmt1,plex_1,1.73,1.45,1.18,1.16,0.97,0.59,,,,,,
Pcmt1,plex_1,1.73,1.45,1.18,1.16,0.97,0.59,,,,,,
Pcmt1,plex_1,1.73,1.45,1.18,1.16,0.97,0.59,,,,,,
Pcmt1,plex_1,1.73,1.45,1.18,1.16,0.97,0.59,,,,,,
Pcmt1,plex_1,1.73,1.45,1.18,1.16,0.97,0.59,,,,,,
Galns,plex_1,1.83,1.5,1.93,1.43,1.07,0.57,,,,,,
Ncstn,plex_1,1.72,1.25,1.36,1.3,1.16,0.46,,,,,,
Ppcs,plex_1,1.28,1.18,1.17,0.92,0.79,0.56,,,,,,
Clpb,plex_1,1.55,1.49,1.3,1.21,0.98,0.63,,,,,,
Pik3c2a,plex_1,1.62,1.28,1.41,1.14,0.95,0.77,,,,,,
Pik3c2a,plex_1,1.62,1.28,1.41,1.14,0.95,0.77,,,,,,
Grb2,plex_1,3.31,2.74,1.93,1.34,1.53,0.5,,,,,,
Grb2,plex_1,3.31,2.74,1.93,1.34,1.53,0.5,,,,,,
Grb2,plex_1,3.31,2.74,1.93,1.34,1.53,0.5,,,,,,
Comtd1,plex_1,1.55,1.28,1.24,0.89,0.81,0.65,,,,,,
Dync1li2,plex_1,0.92,0.87,0.92,0.66,0.85,0.5,,,,,,
Stx8,plex_1,,,,,,,,,,,,
Vps26b,plex_1,1.12,1.06,0.92,0.95,1.06,0.62,,,,,,
Ca15,plex_1,0.77,0.71,0.89,,1.2,,,,,,,
Car15,plex_1,0.77,0.71,0.89,,1.2,,,,,,,
Fhl1,plex_1,1.39,1.12,1.0,0.69,0.72,0.49,,,,,,
Hras,plex_1,1.53,1.43,1.11,0.94,1.01,0.57,,,,,,
Ogt,plex_1,1.63,1.53,1.17,1.12,0.86,0.46,,,,,,
Tsta3,plex_1,1.64,1.52,1.26,1.17,1.13,0.78,,,,,,
Manf,plex_1,1.83,1.12,1.28,0.79,0.81,0.49,,,,,,
Tmed4,plex_1,1.11,0.96,1.06,0.8,0.72,0.44,,,,,,
Metap1,plex_1,1.63,1.34,1.44,1.01,0.61,0.7,,,,,,
Ybx1,plex_1,1.31,1.03,1.37,0.99,0.75,0.68,,,,,,
Pnlip,plex_1,1.81,0.34,0.89,0.45,0.82,0.7,,,,,,
Gm2a,plex_1,1.33,1.26,1.18,0.9,0.77,0.39,,,,,,
Pdk1,plex_1,1.32,1.13,1.01,0.81,0.88,0.53,,,,,,
Anks4b,plex_1,0.98,1.05,1.12,0.96,0.72,0.53,,,,,,
Atxn10,plex_1,1.67,1.38,1.5,1.1,0.79,0.68,,,,,,
Rhot1,plex_1,1.84,1.75,1.69,1.46,0.77,0.67,,,,,,
Rhot1,plex_1,1.84,1.75,1.69,1.46,0.77,0.67,,,,,,
Mrpl11,plex_1,1.4,1.22,1.31,1.04,0.99,0.8,,,,,,
Sdr39u1,plex_1,1.57,1.11,1.27,1.29,0.89,0.5,,,,,,
Sdr39u1,plex_1,1.57,1.11,1.27,1.29,0.89,0.5,,,,,,
Ppic,plex_1,1.42,1.09,1.14,0.72,0.64,0.33,,,,,,
Uchl3,plex_1,1.79,1.01,1.46,0.85,0.8,0.72,,,,,,
Erc1,plex_1,1.61,1.19,1.09,1.2,0.99,0.56,,,,,,
Erc1,plex_1,1.61,1.19,1.09,1.2,0.99,0.56,,,,,,
Psme3,plex_1,1.4,1.29,1.61,1.05,0.83,0.55,,,,,,
Eif4g3,plex_1,1.23,0.97,1.32,1.07,0.67,0.51,,,,,,
Eif4g3,plex_1,1.23,0.97,1.32,1.07,0.67,0.51,,,,,,
Pddc1,plex_1,1.33,1.21,1.27,0.96,0.83,0.59,,,,,,
Aqp1,plex_1,1.11,1.07,0.82,0.76,1.03,0.61,,,,,,
Aqp1,plex_1,1.11,1.07,0.82,0.76,1.03,0.61,,,,,,
Usp47,plex_1,1.13,1.27,1.41,1.05,0.77,0.6,,,,,,
Usp47,plex_1,1.13,1.27,1.41,1.05,0.77,0.6,,,,,,
Cd81,plex_1,0.94,1.0,0.61,1.0,0.9,0.59,,,,,,
Mylpf,plex_1,0.83,0.56,0.63,0.75,0.35,0.41,,,,,,
Hmbs,plex_1,1.2,1.0,1.47,0.9,0.95,0.36,,,,,,
Chordc1,plex_1,2.03,1.54,1.52,1.19,1.03,0.61,,,,,,
Tcof1,plex_1,1.11,1.16,1.53,1.25,1.48,0.51,,,,,,
Ranbp2,plex_1,1.16,0.98,1.03,0.93,0.69,0.49,,,,,,
Palld,plex_1,2.43,1.69,2.41,1.72,1.85,0.95,,,,,,
Palld,plex_1,2.43,1.69,2.41,1.72,1.85,0.95,,,,,,
Ufm1,plex_1,1.83,1.51,1.3,0.68,0.96,0.67,,,,,,
Txn2,plex_1,1.65,1.47,1.16,1.0,0.77,0.49,,,,,,
Txn2,plex_1,1.65,1.47,1.16,1.0,0.77,0.49,,,,,,
Slc5a3,plex_1,1.49,1.01,0.75,0.96,0.54,0.22,,,,,,
Snrpa,plex_1,1.29,1.34,0.91,0.95,0.87,0.65,,,,,,
Rufy3,plex_1,1.03,1.01,0.98,0.97,0.99,0.6,,,,,,
Rufy3,plex_1,1.03,1.01,0.98,0.97,0.99,0.6,,,,,,
Srrm2,plex_1,1.1,1.15,0.83,0.97,0.66,0.63,,,,,,
Srrm2,plex_1,1.1,1.15,0.83,0.97,0.66,0.63,,,,,,
Hcfc1,plex_1,1.31,1.1,1.12,0.9,0.91,0.56,,,,,,
Gnpnat1,plex_1,0.86,0.55,0.95,0.47,0.66,0.21,,,,,,
Cops6,plex_1,1.04,1.18,0.99,0.89,0.97,0.51,,,,,,
Cops6,plex_1,1.04,1.18,0.99,0.89,0.97,0.51,,,,,,
Usp24,plex_1,1.36,1.04,0.95,0.98,0.77,0.67,,,,,,
Ndufab1,plex_1,1.58,1.25,1.29,0.96,0.77,0.63,,,,,,
Ndufab1,plex_1,1.58,1.25,1.29,0.96,0.77,0.63,,,,,,
Ndufab1,plex_1,1.58,1.25,1.29,0.96,0.77,0.63,,,,,,
Ndufab1,plex_1,1.58,1.25,1.29,0.96,0.77,0.63,,,,,,
Mta2,plex_1,1.29,1.25,0.96,1.02,0.86,0.58,,,,,,
Cops8,plex_1,1.52,1.22,1.29,0.96,0.92,0.55,,,,,,
Eif2a,plex_1,2.57,1.33,1.83,1.66,1.27,0.61,,,,,,
Adrm1,plex_1,1.07,0.97,1.24,0.87,0.91,0.49,,,,,,
Nubpl,plex_1,1.39,1.07,0.9,0.81,0.92,0.76,,,,,,
Sf1,plex_1,1.44,0.98,1.03,0.79,0.75,0.51,,,,,,
Sf1,plex_1,1.44,0.98,1.03,0.79,0.75,0.51,,,,,,
Sf1,plex_1,1.44,0.98,1.03,0.79,0.75,0.51,,,,,,
Pyroxd2,plex_1,0.71,0.6,1.05,0.68,0.49,0.59,,,,,,
Hook1,plex_1,1.26,1.5,0.83,1.03,0.64,0.45,,,,,,
Ranbp1,plex_1,1.21,1.04,1.02,0.78,0.62,0.48,,,,,,
Rab3ip,plex_1,1.0,0.88,1.12,0.64,0.91,0.68,,,,,,
Pcyt1a,plex_1,1.11,1.12,1.16,0.99,0.82,0.6,,,,,,
Amdhd1,plex_1,0.93,0.49,0.73,0.85,0.6,0.32,,,,,,
Ube3a,plex_1,2.14,1.36,1.33,0.8,0.92,0.54,,,,,,
Ube3a,plex_1,2.14,1.36,1.33,0.8,0.92,0.54,,,,,,
Hsd3b3,plex_1,1.39,1.05,1.2,0.68,0.64,0.85,,,,,,
Mcat,plex_1,1.61,1.13,2.35,1.18,0.94,0.71,,,,,,
Mrc2,plex_1,1.06,1.4,1.8,1.02,0.99,0.45,,,,,,
Myl9,plex_1,1.44,1.26,1.21,0.87,0.74,0.64,,,,,,
Syap1,plex_1,1.49,1.13,1.24,0.81,1.03,0.77,,,,,,
Uba2,plex_1,1.67,1.14,1.57,1.21,0.88,0.46,,,,,,
Prpf40a,plex_1,1.49,1.2,1.17,0.98,0.87,0.58,,,,,,
Sh3bgrl3,plex_1,1.03,0.93,1.06,0.96,0.74,0.36,,,,,,
Pnpla6,plex_1,1.31,0.91,1.06,0.63,0.85,0.69,,,,,,
Pnpla6,plex_1,1.31,0.91,1.06,0.63,0.85,0.69,,,,,,
Pnpla6,plex_1,1.31,0.91,1.06,0.63,0.85,0.69,,,,,,
Pnpla6,plex_1,1.31,0.91,1.06,0.63,0.85,0.69,,,,,,
Gsta3,plex_1,1.22,1.03,0.85,1.16,0.95,0.58,,,,,,
Gsta3,plex_1,1.22,1.03,0.85,1.16,0.95,0.58,,,,,,
Fam136a,plex_1,1.25,1.02,1.11,0.86,0.69,0.57,,,,,,
Fam136a,plex_1,1.25,1.02,1.11,0.86,0.69,0.57,,,,,,
Ctage5,plex_1,1.75,1.22,1.3,1.26,0.7,0.63,,,,,,
Thop1,plex_1,1.33,1.18,1.15,1.02,0.94,0.74,,,,,,
Thop1,plex_1,1.33,1.18,1.15,1.02,0.94,0.74,,,,,,
Top1,plex_1,1.32,1.17,1.07,0.91,0.87,0.69,,,,,,
Ppp2r2a,plex_1,1.29,1.19,1.36,1.03,1.29,0.43,,,,,,
Tomm40,plex_1,1.23,1.08,1.1,0.71,0.46,0.66,,,,,,
Dctn4,plex_1,1.14,1.1,0.84,0.88,0.63,0.53,,,,,,
Gm10110,plex_1,1.25,1.15,1.12,1.0,1.26,0.4,,,,,,
Flot1,plex_1,0.81,0.87,0.71,0.61,0.66,0.5,,,,,,
Flot1,plex_1,0.81,0.87,0.71,0.61,0.66,0.5,,,,,,
Glrx5,plex_1,1.37,1.27,0.93,0.88,0.62,0.68,,,,,,
Fkbp2,plex_1,1.71,1.61,1.44,1.46,1.08,0.72,,,,,,
Snap23,plex_1,1.64,1.27,1.3,0.95,0.84,0.55,,,,,,
Snap23,plex_1,1.64,1.27,1.3,0.95,0.84,0.55,,,,,,
Pycrl,plex_1,0.93,0.81,0.97,0.63,1.0,0.3,,,,,,
Plin1,plex_1,1.9,1.11,1.16,1.0,0.9,0.41,,,,,,
Gak,plex_1,1.63,1.21,1.19,1.15,0.82,0.62,,,,,,
Gak,plex_1,1.63,1.21,1.19,1.15,0.82,0.62,,,,,,
Irgm1,plex_1,1.58,1.29,1.6,1.2,1.01,0.68,,,,,,
Snca,plex_1,1.97,1.58,1.47,1.9,1.32,0.89,,,,,,
Snca,plex_1,1.97,1.58,1.47,1.9,1.32,0.89,,,,,,
Rpl13a,plex_1,1.48,1.2,1.34,0.99,0.81,0.53,,,,,,
P33monox,plex_1,1.65,1.48,2.37,1.88,1.35,0.79,,,,,,
Tomm22,plex_1,1.89,1.22,1.27,1.13,0.75,0.46,,,,,,
Prune,plex_1,1.06,0.83,0.8,0.76,0.61,0.29,,,,,,
Tpd52l1,plex_1,1.86,1.11,0.96,1.27,0.92,0.76,,,,,,
Tpd52l1,plex_1,1.86,1.11,0.96,1.27,0.92,0.76,,,,,,
Tpd52l1,plex_1,1.86,1.11,0.96,1.27,0.92,0.76,,,,,,
Ruvbl2,plex_1,1.33,1.2,1.19,0.95,0.88,0.52,,,,,,
Timm13,plex_1,2.34,1.59,1.96,1.53,1.17,0.67,,,,,,
Sigirr,plex_1,1.18,1.17,0.97,0.78,0.76,0.71,,,,,,
Taco1,plex_1,1.77,1.26,1.6,1.13,0.81,0.52,,,,,,
Ewsr1,plex_1,1.06,0.91,0.81,0.69,0.49,0.51,,,,,,
Ddx19a,plex_1,1.31,1.23,0.93,0.96,1.12,0.4,,,,,,
Sub1,plex_1,1.49,1.17,1.22,1.08,1.09,0.49,,,,,,
Sf3b4,plex_1,1.27,1.24,0.86,0.68,0.66,0.85,,,,,,
Scyl2,plex_1,1.23,1.15,1.05,0.96,0.62,0.61,,,,,,
Psmb6,plex_1,1.37,1.19,1.16,0.96,0.96,0.53,,,,,,
Aspscr1,plex_1,1.34,1.12,0.98,1.16,0.92,0.54,,,,,,
Macrod1,plex_1,1.06,1.22,1.06,0.81,0.96,0.52,,,,,,
Mrps7,plex_1,0.97,0.95,1.11,0.87,0.52,0.62,,,,,,
Cpq,plex_1,1.31,1.02,1.15,1.07,0.78,0.55,,,,,,
Cpq,plex_1,1.31,1.02,1.15,1.07,0.78,0.55,,,,,,
Drg1,plex_1,1.13,1.19,1.12,0.75,0.71,0.47,,,,,,
Fus,plex_1,1.38,1.15,1.26,1.11,1.02,0.69,,,,,,
Dcaf8,plex_1,1.66,1.28,1.54,1.45,1.02,0.52,,,,,,
Ckap5,plex_1,1.47,1.07,1.43,1.04,0.89,0.44,,,,,,
Ckap5,plex_1,1.47,1.07,1.43,1.04,0.89,0.44,,,,,,
Plaa,plex_1,1.45,1.1,1.4,1.04,0.85,0.52,,,,,,
Ndufa6,plex_1,1.25,1.18,1.19,0.96,0.82,0.55,,,,,,
Ube2m,plex_1,1.23,1.17,1.2,0.85,0.87,0.44,,,,,,
Rps15a,plex_1,1.17,1.13,1.08,0.83,0.8,0.61,,,,,,
Rps15a,plex_1,1.17,1.13,1.08,0.83,0.8,0.61,,,,,,
Eci3,plex_1,1.46,1.22,1.19,0.75,0.92,0.58,,,,,,
Preb,plex_1,1.88,1.25,1.02,1.18,0.63,0.81,,,,,,
Msrb2,plex_1,1.34,1.29,1.13,1.1,0.71,0.77,,,,,,
Mrpl50,plex_1,1.54,1.37,1.5,1.04,1.01,0.68,,,,,,
Tns3,plex_1,1.31,1.13,1.34,1.09,1.08,0.7,,,,,,
Pm20d1,plex_1,1.44,1.15,0.95,1.11,0.95,0.86,,,,,,
Ndufb4,plex_1,1.39,1.33,1.25,1.03,1.26,0.53,,,,,,
Ndufb4,plex_1,1.39,1.33,1.25,1.03,1.26,0.53,,,,,,
Cstb,plex_1,1.27,1.29,1.07,0.81,0.73,0.68,,,,,,
Ppfibp1,plex_1,1.2,1.31,0.8,0.94,0.51,0.43,,,,,,
Ca14,plex_1,1.57,1.46,1.09,0.86,0.67,0.62,,,,,,
Rab5b,plex_1,0.94,1.08,1.09,0.81,0.9,0.81,,,,,,
Rab5b,plex_1,0.94,1.08,1.09,0.81,0.9,0.81,,,,,,
Mfge8,plex_1,1.11,1.04,1.11,0.6,0.82,0.48,,,,,,
Mfge8,plex_1,1.11,1.04,1.11,0.6,0.82,0.48,,,,,,
Tmem27,plex_1,1.37,1.19,1.12,0.9,0.66,0.71,,,,,,
Ddx6,plex_1,1.13,1.16,1.16,0.95,0.82,0.6,,,,,,
Sccpdh,plex_1,1.55,1.84,1.32,1.28,0.74,0.67,,,,,,
Rbm47,plex_1,1.47,1.34,1.59,1.09,1.03,0.61,,,,,,
Rbm47,plex_1,1.47,1.34,1.59,1.09,1.03,0.61,,,,,,
Akap8,plex_1,1.47,1.22,1.05,0.86,0.95,0.43,,,,,,
Odr4,plex_1,1.17,1.16,1.23,0.95,0.78,0.6,,,,,,
Rpl14,plex_1,1.54,1.34,1.42,1.11,0.48,0.53,,,,,,
Tnks1bp1,plex_1,1.32,0.92,1.17,1.04,0.93,0.59,,,,,,
Hist1h2af,plex_1,1.11,1.14,0.94,1.11,0.8,0.64,,,,,,
Hist1h2ah,plex_1,1.11,1.14,0.94,1.11,0.8,0.64,,,,,,
Hist1h2ab,plex_1,1.11,1.14,0.94,1.11,0.8,0.64,,,,,,
Hist3h2a,plex_1,1.11,1.14,0.94,1.11,0.8,0.64,,,,,,
Fam162a,plex_1,1.79,1.2,1.09,1.03,0.61,0.7,,,,,,
Chtop,plex_1,1.42,0.99,0.81,0.96,0.48,0.52,,,,,,
Prpsap1,plex_1,2.33,2.01,1.3,1.35,1.3,0.73,,,,,,
Prpsap1,plex_1,2.33,2.01,1.3,1.35,1.3,0.73,,,,,,
Rpl24,plex_1,1.71,1.46,1.38,1.09,0.48,0.59,,,,,,
Lrrfip1,plex_1,1.28,1.77,1.13,1.32,1.38,0.65,,,,,,
Mcee,plex_1,1.5,1.49,1.12,1.01,0.88,0.61,,,,,,
G3bp2,plex_1,1.04,0.96,0.93,0.78,0.67,0.46,,,,,,
Rtn3,plex_1,1.45,1.31,1.48,1.07,1.13,0.54,,,,,,
Ctsl,plex_1,1.1,1.14,1.11,0.8,0.51,0.47,,,,,,
Mat2b,plex_1,1.27,1.48,2.27,1.19,0.53,0.65,,,,,,
Mat2b,plex_1,1.27,1.48,2.27,1.19,0.53,0.65,,,,,,
Usp14,plex_1,2.6,2.58,2.98,3.73,3.15,2.6,,,,,,
Usp14,plex_1,2.6,2.58,2.98,3.73,3.15,2.6,,,,,,
Usp14,plex_1,2.6,2.58,2.98,3.73,3.15,2.6,,,,,,
Anp32e,plex_1,1.13,0.74,0.74,1.15,0.52,0.73,,,,,,
Rab11fip5,plex_1,1.24,1.29,1.28,1.31,0.92,0.65,,,,,,
Rab11fip5,plex_1,1.24,1.29,1.28,1.31,0.92,0.65,,,,,,
Amdhd2,plex_1,0.96,0.84,0.84,0.75,0.79,0.39,,,,,,
Cpne1,plex_1,1.38,1.25,1.22,1.08,0.95,0.54,,,,,,
Nt5c3a,plex_1,1.64,1.27,1.25,1.33,0.8,0.69,,,,,,
Nt5c3a,plex_1,1.64,1.27,1.25,1.33,0.8,0.69,,,,,,
Pgrmc2,plex_1,1.98,1.75,1.98,1.83,1.26,0.67,,,,,,
Eif5,plex_1,1.21,1.01,1.13,0.93,0.68,0.46,,,,,,
Luc7l3,plex_1,2.01,1.79,1.77,1.06,1.46,0.74,,,,,,
Luc7l3,plex_1,2.01,1.79,1.77,1.06,1.46,0.74,,,,,,
Luc7l3,plex_1,2.01,1.79,1.77,1.06,1.46,0.74,,,,,,
Efhd2,plex_1,1.39,1.17,1.26,0.79,0.94,0.69,,,,,,
Efhd2,plex_1,1.39,1.17,1.26,0.79,0.94,0.69,,,,,,
Slc13a2,plex_1,0.9,1.08,0.96,0.9,0.45,0.58,,,,,,
Cpsf6,plex_1,1.07,1.09,1.26,1.14,0.89,0.61,,,,,,
Cpsf6,plex_1,1.07,1.09,1.26,1.14,0.89,0.61,,,,,,
Cpsf6,plex_1,1.07,1.09,1.26,1.14,0.89,0.61,,,,,,
Dhfr,plex_1,1.11,1.1,1.14,0.73,1.09,0.45,,,,,,
Rbp1,plex_1,1.56,1.23,1.35,1.17,0.81,0.41,,,,,,
Osbpl1a,plex_1,0.91,0.65,1.02,0.56,0.8,0.45,,,,,,
Renbp,plex_1,1.26,1.12,0.95,0.66,0.77,0.71,,,,,,
Renbp,plex_1,1.26,1.12,0.95,0.66,0.77,0.71,,,,,,
Renbp,plex_1,1.26,1.12,0.95,0.66,0.77,0.71,,,,,,
Kank2,plex_1,1.23,1.19,0.97,1.08,0.94,0.74,,,,,,
Atp6v1g3,plex_1,1.39,0.9,0.98,0.8,0.59,0.74,,,,,,
Cnn1,plex_1,1.03,1.26,0.74,1.24,0.92,0.41,,,,,,
S100a11,plex_1,1.38,1.27,1.16,0.89,1.34,0.54,,,,,,
Caprin1,plex_1,1.73,1.61,1.46,1.16,0.85,0.89,,,,,,
Caprin1,plex_1,1.73,1.61,1.46,1.16,0.85,0.89,,,,,,
Vti1b,plex_1,1.64,1.25,1.56,1.0,1.18,0.87,,,,,,
Vti1b,plex_1,1.64,1.25,1.56,1.0,1.18,0.87,,,,,,
Sec13,plex_1,1.31,1.27,1.28,0.98,0.93,0.51,,,,,,
Tubb5,plex_1,1.49,1.14,1.58,1.2,0.68,0.46,,,,,,
Sgta,plex_1,1.48,1.22,1.41,1.08,0.71,0.49,,,,,,
Sgta,plex_1,1.48,1.22,1.41,1.08,0.71,0.49,,,,,,
Skp1a,plex_1,1.07,0.78,0.91,0.64,1.02,0.46,,,,,,
,plex_1,1.36,1.36,1.67,1.48,1.17,0.71,,,,,,
Hpd,plex_1,1.88,1.51,1.1,2.14,1.84,1.41,,,,,,
Rpl27a,plex_1,1.38,1.01,0.94,0.76,0.92,0.47,,,,,,
Cul2,plex_1,1.66,1.38,1.65,1.25,0.89,0.58,,,,,,
Golga4,plex_1,2.1,1.58,1.43,1.38,1.03,0.75,,,,,,
Xrcc6,plex_1,1.18,1.07,1.12,0.98,1.44,0.55,,,,,,
Xrcc6,plex_1,1.18,1.07,1.12,0.98,1.44,0.55,,,,,,
Ca5b,plex_1,1.03,0.92,0.87,0.85,0.67,0.48,,,,,,
Fuom,plex_1,1.07,1.11,1.34,0.9,0.82,0.5,,,,,,
Fuom,plex_1,1.07,1.11,1.34,0.9,0.82,0.5,,,,,,
Fuom,plex_1,1.07,1.11,1.34,0.9,0.82,0.5,,,,,,
Fuom,plex_1,1.07,1.11,1.34,0.9,0.82,0.5,,,,,,
Arhgap17,plex_1,1.73,1.39,1.32,0.89,0.79,0.6,,,,,,
Arhgap17,plex_1,1.73,1.39,1.32,0.89,0.79,0.6,,,,,,
Arhgap17,plex_1,1.73,1.39,1.32,0.89,0.79,0.6,,,,,,
Arhgap17,plex_1,1.73,1.39,1.32,0.89,0.79,0.6,,,,,,
Arhgap17,plex_1,1.73,1.39,1.32,0.89,0.79,0.6,,,,,,
Abcc3,plex_1,1.38,0.77,0.78,0.85,0.77,0.63,,,,,,
Abcc3,plex_1,1.38,0.77,0.78,0.85,0.77,0.63,,,,,,
Abcc3,plex_1,1.38,0.77,0.78,0.85,0.77,0.63,,,,,,
Abcc3,plex_1,1.38,0.77,0.78,0.85,0.77,0.63,,,,,,
Abcc3,plex_1,1.38,0.77,0.78,0.85,0.77,0.63,,,,,,
Pkp4,plex_1,1.33,0.87,0.93,1.03,0.67,0.75,,,,,,
Pkp4,plex_1,1.33,0.87,0.93,1.03,0.67,0.75,,,,,,
Pkp4,plex_1,1.33,0.87,0.93,1.03,0.67,0.75,,,,,,
Psmb2,plex_1,1.19,1.37,1.09,0.95,0.85,0.48,,,,,,
Copz1,plex_1,1.57,1.62,1.77,1.04,1.02,0.59,,,,,,
Hnrnph3,plex_1,1.51,1.36,0.97,0.94,1.18,0.53,,,,,,
Rbpms,plex_1,1.13,1.02,0.82,0.73,0.7,0.46,,,,,,
Hn1l,plex_1,1.29,0.91,1.1,1.05,0.6,0.74,,,,,,
Clasp2,plex_1,1.54,1.79,1.4,1.05,0.74,0.37,,,,,,
Cfl2,plex_1,1.49,1.23,1.09,0.86,0.98,0.47,,,,,,
Sar1a,plex_1,1.84,1.21,1.2,0.9,0.89,0.51,,,,,,
Galk2,plex_1,1.34,1.12,1.0,1.19,1.09,0.62,,,,,,
Dnajb4,plex_1,1.27,1.27,1.35,1.24,0.7,0.54,,,,,,
Ces2e,plex_1,1.14,1.16,1.3,1.15,0.84,0.67,,,,,,
Stxbp1,plex_1,1.03,0.96,1.33,0.34,0.97,0.56,,,,,,
Stxbp1,plex_1,1.03,0.96,1.33,0.34,0.97,0.56,,,,,,
Serpinf2,plex_1,1.25,1.31,1.69,1.09,0.81,0.53,,,,,,
Bcap31,plex_1,1.2,1.19,1.22,1.09,0.85,0.49,,,,,,
Tsg101,plex_1,1.09,1.16,1.05,0.93,0.97,0.48,,,,,,
Tsg101,plex_1,1.09,1.16,1.05,0.93,0.97,0.48,,,,,,
Man2b1,plex_1,1.29,1.32,1.1,1.15,1.08,0.6,,,,,,
Man2b1,plex_1,1.29,1.32,1.1,1.15,1.08,0.6,,,,,,
Trnt1,plex_1,1.39,1.62,1.21,0.85,0.96,0.82,,,,,,
Snrnp40,plex_1,1.04,0.96,0.87,0.72,0.82,0.51,,,,,,
Rpl26,plex_1,1.47,1.27,1.31,1.07,0.52,0.46,,,,,,
Golph3,plex_1,0.98,1.04,0.97,0.65,0.74,0.4,,,,,,
Psmd8,plex_1,1.61,1.47,1.38,1.23,1.11,0.66,,,,,,
Epb42,plex_1,1.28,1.12,1.14,1.12,0.98,0.59,,,,,,
Epb42,plex_1,1.28,1.12,1.14,1.12,0.98,0.59,,,,,,
Farp2,plex_1,1.2,1.11,0.86,0.87,1.07,0.58,,,,,,
Ythdf3,plex_1,1.48,1.15,1.27,1.4,0.95,0.66,,,,,,
,plex_1,0.85,1.53,0.59,1.21,0.84,0.43,,,,,,
Hscb,plex_1,1.79,1.55,1.23,1.33,1.02,0.77,,,,,,
Hscb,plex_1,1.79,1.55,1.23,1.33,1.02,0.77,,,,,,
Rbm25,plex_1,1.37,0.96,1.0,1.13,0.8,0.54,,,,,,
Fbp2,plex_1,1.68,1.05,1.37,1.3,1.11,0.65,,,,,,
Fbp2,plex_1,1.68,1.05,1.37,1.3,1.11,0.65,,,,,,
Nup35,plex_1,1.67,1.29,1.3,0.91,1.0,0.58,,,,,,
Erlin1,plex_1,1.44,1.26,1.29,0.94,0.82,0.7,,,,,,
Pds5b,plex_1,1.31,1.12,1.11,0.89,0.99,0.61,,,,,,
Pds5b,plex_1,1.31,1.12,1.11,0.89,0.99,0.61,,,,,,
Pds5b,plex_1,1.31,1.12,1.11,0.89,0.99,0.61,,,,,,
Ssfa2,plex_1,1.6,1.83,1.63,0.97,1.09,0.68,,,,,,
Ssfa2,plex_1,1.6,1.83,1.63,0.97,1.09,0.68,,,,,,
Ssfa2,plex_1,1.6,1.83,1.63,0.97,1.09,0.68,,,,,,
Tuba1a,plex_1,1.2,0.87,1.03,0.82,0.61,0.47,,,,,,
Banf1,plex_1,1.54,1.11,1.58,1.06,0.69,0.52,,,,,,
Snrpa1,plex_1,1.12,0.86,0.67,0.7,0.7,0.44,,,,,,
Ggct,plex_1,1.54,1.25,1.2,0.85,0.64,0.55,,,,,,
Tatdn1,plex_1,0.95,1.12,0.88,0.67,0.65,0.59,,,,,,
Tatdn1,plex_1,0.95,1.12,0.88,0.67,0.65,0.59,,,,,,
Fam175b,plex_1,1.24,1.1,0.73,0.78,0.66,0.49,,,,,,
Fam175b,plex_1,1.24,1.1,0.73,0.78,0.66,0.49,,,,,,
Fam175b,plex_1,1.24,1.1,0.73,0.78,0.66,0.49,,,,,,
Rpl38,plex_1,1.6,1.36,1.04,0.82,0.6,0.68,,,,,,
Sart1,plex_1,1.08,0.8,0.95,0.89,0.99,0.61,,,,,,
Ociad1,plex_1,1.25,1.1,1.03,1.06,0.65,0.6,,,,,,
Tbrg4,plex_1,1.15,1.21,1.03,0.79,1.02,0.6,,,,,,
Tbcd,plex_1,1.51,1.18,1.27,1.05,1.13,0.65,,,,,,
Dhodh,plex_1,1.48,1.31,1.0,1.16,0.75,0.49,,,,,,
Dhodh,plex_1,1.48,1.31,1.0,1.16,0.75,0.49,,,,,,
Mgam,plex_1,1.31,1.78,1.02,0.66,0.44,0.4,,,,,,
Xrcc5,plex_1,0.97,2.38,1.72,1.73,1.47,0.97,,,,,,
Casp3,plex_1,1.53,1.32,1.24,0.91,0.84,0.76,,,,,,
Rpl32,plex_1,0.97,1.16,1.45,0.81,0.85,0.57,,,,,,
Dazap1,plex_1,1.14,0.92,0.84,0.74,0.58,0.51,,,,,,
Dazap1,plex_1,1.14,0.92,0.84,0.74,0.58,0.51,,,,,,
Sfn,plex_1,1.02,1.04,0.96,0.72,0.87,0.46,,,,,,
Sfn,plex_1,1.02,1.04,0.96,0.72,0.87,0.46,,,,,,
Acot8,plex_1,1.29,1.21,1.27,1.01,0.84,0.54,,,,,,
Acot8,plex_1,1.29,1.21,1.27,1.01,0.84,0.54,,,,,,
Fam129a,plex_1,0.95,1.04,1.3,0.67,1.0,0.69,,,,,,
Ppm1h,plex_1,1.77,1.43,1.64,1.35,1.07,0.82,,,,,,
Tcn2,plex_1,1.35,1.33,1.27,0.93,0.88,0.58,,,,,,
Slc9a1,plex_1,1.7,1.22,1.24,1.35,1.09,0.81,,,,,,
Ppp1cb,plex_1,1.22,1.06,0.98,1.06,0.58,0.73,,,,,,
Uros,plex_1,1.44,1.09,1.29,1.12,0.8,0.53,,,,,,
Pip4k2c,plex_1,1.5,1.26,1.32,1.15,1.08,0.73,,,,,,
Slc44a2,plex_1,1.57,1.4,1.43,1.18,1.12,0.96,,,,,,
Slc44a2,plex_1,1.57,1.4,1.43,1.18,1.12,0.96,,,,,,
Dguok,plex_1,1.89,0.34,1.34,1.25,1.43,0.41,,,,,,
Dguok,plex_1,1.89,0.34,1.34,1.25,1.43,0.41,,,,,,
Mapk14,plex_1,1.57,1.21,1.37,0.81,1.07,0.35,,,,,,
Mapk14,plex_1,1.57,1.21,1.37,0.81,1.07,0.35,,,,,,
Mapk14,plex_1,1.57,1.21,1.37,0.81,1.07,0.35,,,,,,
Mapk14,plex_1,1.57,1.21,1.37,0.81,1.07,0.35,,,,,,
Dnph1,plex_1,1.19,1.04,1.16,0.98,0.84,0.58,,,,,,
Ctbp1,plex_1,1.38,1.0,0.94,1.26,1.14,0.53,,,,,,
Ctbp1,plex_1,1.38,1.0,0.94,1.26,1.14,0.53,,,,,,
Ctbp1,plex_1,1.38,1.0,0.94,1.26,1.14,0.53,,,,,,
Ctbp1,plex_1,1.38,1.0,0.94,1.26,1.14,0.53,,,,,,
Srsf2,plex_1,1.0,1.04,1.09,0.97,0.89,0.49,,,,,,
Phpt1,plex_1,1.72,1.5,1.3,1.21,1.11,0.58,,,,,,
Lancl2,plex_1,2.55,1.69,1.64,1.35,1.21,1.16,,,,,,
Agl,plex_1,1.22,1.25,1.14,1.29,0.91,0.5,,,,,,
Ssbp1,plex_1,1.27,1.13,1.07,0.89,0.43,0.46,,,,,,
Sep15,plex_1,1.24,1.25,0.75,0.66,0.33,1.11,,,,,,
Sep15,plex_1,1.24,1.25,0.75,0.66,0.33,1.11,,,,,,
Cd47,plex_1,1.35,1.0,1.21,0.92,0.84,0.56,,,,,,
Cd47,plex_1,1.35,1.0,1.21,0.92,0.84,0.56,,,,,,
Lims1,plex_1,1.49,1.12,1.04,0.79,0.79,0.52,,,,,,
Fam63a,plex_1,1.43,1.07,0.75,1.11,0.52,0.62,,,,,,
Fam63a,plex_1,1.43,1.07,0.75,1.11,0.52,0.62,,,,,,
Pdcd6,plex_1,1.16,1.09,0.95,0.86,0.86,0.57,,,,,,
Pdcd6,plex_1,1.16,1.09,0.95,0.86,0.86,0.57,,,,,,
Pdcd6,plex_1,1.16,1.09,0.95,0.86,0.86,0.57,,,,,,
Psma3,plex_1,1.37,1.13,1.24,0.95,0.76,0.65,,,,,,
Psma3,plex_1,1.37,1.13,1.24,0.95,0.76,0.65,,,,,,
Tm9sf3,plex_1,1.71,1.6,1.43,0.95,0.83,0.56,,,,,,
Lamtor1,plex_1,1.28,1.1,1.15,0.78,0.74,0.62,,,,,,
Ivns1abp,plex_1,1.41,1.12,1.07,0.82,0.58,0.5,,,,,,
Lamp1,plex_1,1.37,1.19,1.19,1.16,0.79,0.58,,,,,,
Lamp1,plex_1,1.37,1.19,1.19,1.16,0.79,0.58,,,,,,
Lamp1,plex_1,1.37,1.19,1.19,1.16,0.79,0.58,,,,,,
Lamp1,plex_1,1.37,1.19,1.19,1.16,0.79,0.58,,,,,,
Fkbp1a,plex_1,1.66,1.11,1.49,1.27,0.77,0.59,,,,,,
Fkbp1a,plex_1,1.66,1.11,1.49,1.27,0.77,0.59,,,,,,
Mfn2,plex_1,1.49,1.38,1.26,1.21,0.73,0.8,,,,,,
Mfn2,plex_1,1.49,1.38,1.26,1.21,0.73,0.8,,,,,,
Cnbp,plex_1,2.21,1.16,1.38,0.95,2.07,0.81,,,,,,
Cnbp,plex_1,2.21,1.16,1.38,0.95,2.07,0.81,,,,,,
Car12,plex_1,1.57,1.47,1.34,0.91,0.83,0.62,,,,,,
Ca12,plex_1,1.57,1.47,1.34,0.91,0.83,0.62,,,,,,
Car12,plex_1,1.57,1.47,1.34,0.91,0.83,0.62,,,,,,
Car12,plex_1,1.57,1.47,1.34,0.91,0.83,0.62,,,,,,
Pafah1b2,plex_1,1.56,1.26,1.2,0.94,1.13,0.53,,,,,,
Mapk3,plex_1,1.56,0.77,0.98,1.05,0.7,0.78,,,,,,
Exoc8,plex_1,1.43,0.99,1.04,0.98,1.07,0.54,,,,,,
Acot12,plex_1,1.3,1.06,1.21,0.78,0.73,0.45,,,,,,
Sf3a2,plex_1,0.92,1.22,1.01,0.7,0.83,0.72,,,,,,
Sf3a2,plex_1,0.92,1.22,1.01,0.7,0.83,0.72,,,,,,
Sf3a2,plex_1,0.92,1.22,1.01,0.7,0.83,0.72,,,,,,
Srp68,plex_1,1.38,1.22,1.39,0.76,0.81,0.52,,,,,,
Atp5j2,plex_1,1.39,1.25,0.97,0.92,0.57,0.66,,,,,,
Cux1,plex_1,1.34,1.02,0.92,0.96,0.73,0.71,,,,,,
Nrdc,plex_1,1.95,1.8,1.79,1.54,1.46,0.57,,,,,,
Mdp1,plex_1,,,,,,,,,,,,
Scfd1,plex_1,1.37,1.24,1.17,0.78,0.81,0.36,,,,,,
Rpl21,plex_1,1.12,1.27,1.22,1.1,0.47,0.49,,,,,,
Snx9,plex_1,1.36,1.15,1.04,0.77,0.89,0.59,,,,,,
Mapt,plex_1,1.64,1.08,1.05,1.3,0.43,0.34,,,,,,
,plex_1,2.33,0.25,2.05,0.77,0.7,,,,,,,
,plex_1,2.33,0.25,2.05,0.77,0.7,,,,,,,
,plex_1,2.33,0.25,2.05,0.77,0.7,,,,,,,
,plex_1,2.33,0.25,2.05,0.77,0.7,,,,,,,
Ptpn23,plex_1,1.88,1.14,1.97,1.41,0.92,0.68,,,,,,
Ptpn23,plex_1,1.88,1.14,1.97,1.41,0.92,0.68,,,,,,
Lrrc40,plex_1,1.13,1.48,1.15,0.51,1.98,0.43,,,,,,
Lrrc40,plex_1,1.13,1.48,1.15,0.51,1.98,0.43,,,,,,
Mrpl24,plex_1,1.79,1.38,1.83,1.38,1.0,0.57,,,,,,
,plex_1,1.42,1.15,1.15,0.93,0.61,0.55,,,,,,
Csnk2a1,plex_1,1.42,1.15,1.15,0.93,0.61,0.55,,,,,,
Snx12,plex_1,1.06,0.9,1.0,0.8,0.69,0.46,,,,,,
Snx12,plex_1,1.06,0.9,1.0,0.8,0.69,0.46,,,,,,
Snx12,plex_1,1.06,0.9,1.0,0.8,0.69,0.46,,,,,,
Snx3,plex_1,1.59,1.54,1.46,1.02,0.91,0.56,,,,,,
Cisd1,plex_1,1.55,1.22,1.3,1.06,0.63,0.72,,,,,,
Cdc5l,plex_1,1.01,1.05,1.21,1.01,0.83,0.5,,,,,,
Prpf6,plex_1,1.33,1.42,1.44,0.98,0.84,0.62,,,,,,
Cbx1,plex_1,1.31,1.43,1.47,0.97,0.7,0.56,,,,,,
Tmem165,plex_1,,,,,,,,,,,,
Tmem165,plex_1,,,,,,,,,,,,
Tmem165,plex_1,,,,,,,,,,,,
Nub1,plex_1,1.6,1.52,0.98,1.4,1.04,0.63,,,,,,
Tmco1,plex_1,1.02,0.97,0.95,0.79,0.54,0.55,,,,,,
Xpnpep3,plex_1,1.37,0.94,1.09,0.85,0.69,0.63,,,,,,
Nebl,plex_1,1.02,1.0,0.94,0.82,1.04,0.6,,,,,,
Ddx58,plex_1,1.25,1.16,1.23,0.92,1.28,0.42,,,,,,
S100a1,plex_1,1.61,1.43,1.54,1.41,1.21,0.75,,,,,,
S100a1,plex_1,1.61,1.43,1.54,1.41,1.21,0.75,,,,,,
Nedd8,plex_1,1.22,1.09,1.19,1.02,0.72,0.47,,,,,,
Lace1,plex_1,1.25,1.3,1.08,0.68,0.7,0.64,,,,,,
Tamm41,plex_1,1.41,1.25,1.04,0.76,0.57,0.47,,,,,,
Atp6v1d,plex_1,1.33,1.04,0.88,0.85,0.81,0.58,,,,,,
Smtn,plex_1,2.76,1.54,2.7,1.66,1.29,0.46,,,,,,
Smtn,plex_1,2.76,1.54,2.7,1.66,1.29,0.46,,,,,,
Hmgcs1,plex_1,1.39,1.08,1.31,0.59,0.74,0.52,,,,,,
Hmgcs1,plex_1,1.39,1.08,1.31,0.59,0.74,0.52,,,,,,
Hmgcs1,plex_1,1.39,1.08,1.31,0.59,0.74,0.52,,,,,,
Hmgcs1,plex_1,1.39,1.08,1.31,0.59,0.74,0.52,,,,,,
Hmgcs1,plex_1,1.39,1.08,1.31,0.59,0.74,0.52,,,,,,
Mtch1,plex_1,1.21,1.3,0.86,0.86,0.59,0.78,,,,,,
Mtch1,plex_1,1.21,1.3,0.86,0.86,0.59,0.78,,,,,,
Rpl8,plex_1,1.04,1.24,1.34,1.05,0.42,0.51,,,,,,
Asrgl1,plex_1,1.58,1.46,1.31,1.32,1.05,0.6,,,,,,
Cela2a,plex_1,2.44,0.25,1.52,0.19,0.26,0.61,,,,,,
Atp13a1,plex_1,1.72,1.19,1.15,1.26,0.84,0.47,,,,,,
Ptpn6,plex_1,1.35,1.03,1.23,1.52,1.58,0.46,,,,,,
Ptpn6,plex_1,1.35,1.03,1.23,1.52,1.58,0.46,,,,,,
Ptpn6,plex_1,1.35,1.03,1.23,1.52,1.58,0.46,,,,,,
Rps20,plex_1,1.16,1.05,1.13,0.85,0.66,0.59,,,,,,
Rps28,plex_1,1.3,1.08,1.3,0.96,0.74,0.54,,,,,,
Snx27,plex_1,1.6,1.41,1.26,1.37,0.92,0.69,,,,,,
Plcd1,plex_1,1.92,0.69,1.27,1.17,0.71,0.26,,,,,,
Tpp2,plex_1,1.68,1.26,1.56,1.08,0.85,0.61,,,,,,
Tpp2,plex_1,1.68,1.26,1.56,1.08,0.85,0.61,,,,,,
Ecm1,plex_1,0.99,0.92,0.65,0.64,1.15,0.61,,,,,,
Ecm1,plex_1,0.99,0.92,0.65,0.64,1.15,0.61,,,,,,
Gtpbp1,plex_1,1.49,1.44,1.51,0.89,0.81,0.58,,,,,,
Mapre2,plex_1,1.19,1.12,1.14,1.06,1.13,0.56,,,,,,
Mapre2,plex_1,1.19,1.12,1.14,1.06,1.13,0.56,,,,,,
Mapre2,plex_1,1.19,1.12,1.14,1.06,1.13,0.56,,,,,,
Mapre2,plex_1,1.19,1.12,1.14,1.06,1.13,0.56,,,,,,
Uqcrq,plex_1,1.47,1.32,1.04,1.14,0.68,0.67,,,,,,
Rps23,plex_1,1.01,1.11,1.3,1.06,0.51,0.54,,,,,,
Rps23,plex_1,1.01,1.11,1.3,1.06,0.51,0.54,,,,,,
Rps23,plex_1,1.01,1.11,1.3,1.06,0.51,0.54,,,,,,
Rps23,plex_1,1.01,1.11,1.3,1.06,0.51,0.54,,,,,,
Naalad2,plex_1,2.31,2.05,3.69,2.31,1.56,,,,,,,
Naalad2,plex_1,2.31,2.05,3.69,2.31,1.56,,,,,,,
Naalad2,plex_1,2.31,2.05,3.69,2.31,1.56,,,,,,,
Mic13,plex_1,1.73,1.84,0.88,1.05,1.14,0.68,,,,,,
Cars,plex_1,1.01,0.83,0.99,0.95,0.59,0.41,,,,,,
Cars,plex_1,1.01,0.83,0.99,0.95,0.59,0.41,,,,,,
Tha1,plex_1,1.38,0.99,1.04,0.83,0.74,0.58,,,,,,
Sec24b,plex_1,1.29,1.16,1.3,1.01,0.64,0.55,,,,,,
Elmo3,plex_1,,,,,,,,,,,,
Fam49b,plex_1,1.39,1.25,1.11,0.95,0.62,0.5,,,,,,
Supv3l1,plex_1,1.49,1.12,1.18,0.83,0.8,0.48,,,,,,
Fdx1,plex_1,1.14,1.08,1.16,0.82,0.73,0.45,,,,,,
Fdx1,plex_1,1.14,1.08,1.16,0.82,0.73,0.45,,,,,,
Brcc3,plex_1,1.65,1.34,1.74,1.64,1.21,0.9,,,,,,
Acot11,plex_1,1.94,1.5,1.63,1.22,0.85,0.78,,,,,,
Gnai3,plex_1,1.41,1.2,1.17,1.01,0.62,0.66,,,,,,
Uba3,plex_1,1.64,1.29,1.63,1.05,1.05,0.74,,,,,,
Uba3,plex_1,1.64,1.29,1.63,1.05,1.05,0.74,,,,,,
Uba3,plex_1,1.64,1.29,1.63,1.05,1.05,0.74,,,,,,
Nudt2,plex_1,1.46,1.24,1.16,1.04,0.9,0.43,,,,,,
Tpm3,plex_1,1.25,0.98,0.8,0.89,0.62,0.49,,,,,,
Nptn,plex_1,1.12,1.26,0.99,0.9,0.79,0.53,,,,,,
Nptn,plex_1,1.12,1.26,0.99,0.9,0.79,0.53,,,,,,
Nptn,plex_1,1.12,1.26,0.99,0.9,0.79,0.53,,,,,,
Nptn,plex_1,1.12,1.26,0.99,0.9,0.79,0.53,,,,,,
Nptn,plex_1,1.12,1.26,0.99,0.9,0.79,0.53,,,,,,
Ctbs,plex_1,0.99,1.1,1.16,0.99,0.62,0.42,,,,,,
Adprhl2,plex_1,1.98,1.28,1.52,1.38,0.96,0.55,,,,,,
Adprhl2,plex_1,1.98,1.28,1.52,1.38,0.96,0.55,,,,,,
Faah,plex_1,1.73,1.69,1.53,0.91,1.28,1.02,,,,,,
Cul4b,plex_1,1.09,1.13,1.19,0.95,0.78,0.59,,,,,,
Cul4b,plex_1,1.09,1.13,1.19,0.95,0.78,0.59,,,,,,
Hmox1,plex_1,0.54,0.99,5.03,0.57,0.7,,,,,,,
Hmox1,plex_1,0.54,0.99,5.03,0.57,0.7,,,,,,,
Dag1,plex_1,1.59,1.19,1.31,1.25,1.09,0.67,,,,,,
Tmigd1,plex_1,1.31,1.07,1.24,0.76,0.56,0.43,,,,,,
Tmigd1,plex_1,1.31,1.07,1.24,0.76,0.56,0.43,,,,,,
Snap47,plex_1,2.35,1.46,2.18,1.65,2.13,0.62,,,,,,
Mmrn2,plex_1,1.31,1.3,1.09,0.84,0.89,0.41,,,,,,
Srsf3,plex_1,1.63,1.18,1.11,1.03,0.8,0.49,,,,,,
Srsf3,plex_1,1.63,1.18,1.11,1.03,0.8,0.49,,,,,,
Srsf3,plex_1,1.63,1.18,1.11,1.03,0.8,0.49,,,,,,
Tfam,plex_1,1.42,1.11,1.08,1.06,0.79,0.56,,,,,,
Tfam,plex_1,1.42,1.11,1.08,1.06,0.79,0.56,,,,,,
Tfam,plex_1,1.42,1.11,1.08,1.06,0.79,0.56,,,,,,
Tfam,plex_1,1.42,1.11,1.08,1.06,0.79,0.56,,,,,,
Memo1,plex_1,1.17,1.28,1.06,0.86,0.86,0.42,,,,,,
Ilvbl,plex_1,1.93,1.55,1.91,1.66,0.99,0.42,,,,,,
Hspa12b,plex_1,0.91,1.21,1.05,0.73,1.28,0.62,,,,,,
Snrpd2,plex_1,1.21,1.16,1.18,0.9,0.8,0.54,,,,,,
Ndufaf3,plex_1,1.53,1.08,0.99,1.07,0.8,0.59,,,,,,
Ccdc90b,plex_1,1.4,1.24,1.4,1.12,0.91,0.5,,,,,,
Papss1,plex_1,1.51,1.16,1.18,0.85,0.86,0.59,,,,,,
Adam10,plex_1,1.61,1.18,1.24,1.21,0.68,0.73,,,,,,
Itih3,plex_1,2.73,1.9,5.04,2.38,2.24,,,,,,,
Prkaa2,plex_1,1.28,1.18,1.16,0.93,0.88,0.65,,,,,,
Yes1,plex_1,1.42,1.2,1.37,0.97,0.92,0.63,,,,,,
Tnfaip8,plex_1,1.4,1.37,1.23,1.13,1.04,0.78,,,,,,
Tnfaip8,plex_1,1.4,1.37,1.23,1.13,1.04,0.78,,,,,,
Arpc4,plex_1,1.18,1.3,1.33,1.13,1.1,0.7,,,,,,
Arpc4,plex_1,1.18,1.3,1.33,1.13,1.1,0.7,,,,,,
Arpc4,plex_1,1.18,1.3,1.33,1.13,1.1,0.7,,,,,,
Arpc4,plex_1,1.18,1.3,1.33,1.13,1.1,0.7,,,,,,
Lrrc16a,plex_1,1.8,1.53,1.9,1.41,1.19,1.39,,,,,,
Gbp2,plex_1,1.31,1.4,1.27,1.13,0.72,0.49,,,,,,
Pdzk1ip1,plex_1,1.39,1.05,0.86,0.81,0.6,0.59,,,,,,
Pdzk1ip1,plex_1,1.39,1.05,0.86,0.81,0.6,0.59,,,,,,
Pdzk1ip1,plex_1,1.39,1.05,0.86,0.81,0.6,0.59,,,,,,
Hnrnpll,plex_1,1.18,1.13,1.1,0.85,0.83,0.58,,,,,,
Tgfb1i1,plex_1,1.33,1.06,0.9,0.54,0.77,0.5,,,,,,
Tgfb1i1,plex_1,1.33,1.06,0.9,0.54,0.77,0.5,,,,,,
Tgfb1i1,plex_1,1.33,1.06,0.9,0.54,0.77,0.5,,,,,,
Tgfb1i1,plex_1,1.33,1.06,0.9,0.54,0.77,0.5,,,,,,
Tgfb1i1,plex_1,1.33,1.06,0.9,0.54,0.77,0.5,,,,,,
Tgfb1i1,plex_1,1.33,1.06,0.9,0.54,0.77,0.5,,,,,,
Tgfb1i1,plex_1,1.33,1.06,0.9,0.54,0.77,0.5,,,,,,
Tgfb1i1,plex_1,1.33,1.06,0.9,0.54,0.77,0.5,,,,,,
Tgfb1i1,plex_1,1.33,1.06,0.9,0.54,0.77,0.5,,,,,,
Mri1,plex_1,0.93,0.8,1.0,0.82,0.62,0.45,,,,,,
Tm9sf2,plex_1,1.52,1.33,1.35,0.93,1.01,0.55,,,,,,
Tm9sf2,plex_1,1.52,1.33,1.35,0.93,1.01,0.55,,,,,,
Tm9sf2,plex_1,1.52,1.33,1.35,0.93,1.01,0.55,,,,,,
Gigyf2,plex_1,1.84,1.3,1.72,1.15,0.88,0.68,,,,,,
Pycr2,plex_1,1.74,1.38,1.4,1.24,1.26,0.58,,,,,,
Gnb1,plex_1,1.91,1.47,1.12,1.32,1.34,0.95,,,,,,
Vps36,plex_1,1.39,0.86,1.09,0.76,0.91,0.7,,,,,,
Trove2,plex_1,1.21,1.22,1.25,1.32,0.86,0.71,,,,,,
Ripk1,plex_1,0.84,1.08,0.93,0.89,0.61,0.27,,,,,,
Ripk1,plex_1,0.84,1.08,0.93,0.89,0.61,0.27,,,,,,
Umps,plex_1,1.01,1.33,0.93,0.78,0.81,0.52,,,,,,
Umps,plex_1,1.01,1.33,0.93,0.78,0.81,0.52,,,,,,
Nt5e,plex_1,1.73,1.61,1.26,1.17,0.82,0.69,,,,,,
Clcnkb,plex_1,1.26,1.17,1.1,0.94,1.04,0.66,,,,,,
Mrpl4,plex_1,1.45,1.15,1.08,1.09,0.95,0.82,,,,,,
Nucks1,plex_1,0.96,0.92,0.69,1.21,1.01,0.56,,,,,,
Nucks1,plex_1,0.96,0.92,0.69,1.21,1.01,0.56,,,,,,
Unc45a,plex_1,1.11,0.62,0.95,0.86,0.78,0.56,,,,,,
Usp10,plex_1,1.32,1.03,1.03,0.9,0.81,0.67,,,,,,
Usp10,plex_1,1.32,1.03,1.03,0.9,0.81,0.67,,,,,,
Aimp2,plex_1,1.63,1.29,1.33,0.97,1.02,0.62,,,,,,
Mgea5,plex_1,1.66,0.83,0.83,0.95,0.93,0.67,,,,,,
Mgea5,plex_1,1.66,0.83,0.83,0.95,0.93,0.67,,,,,,
Golga3,plex_1,,,,,,,,,,,,
Galc,plex_1,1.68,1.09,1.2,0.8,0.81,0.43,,,,,,
Ptpn11,plex_1,2.13,1.64,1.49,1.2,1.27,1.17,,,,,,
Ptpn11,plex_1,2.13,1.64,1.49,1.2,1.27,1.17,,,,,,
Dpysl3,plex_1,1.59,0.66,1.42,0.98,0.67,0.39,,,,,,
Epn1,plex_1,1.66,1.25,1.35,0.98,0.92,0.68,,,,,,
Epn1,plex_1,1.66,1.25,1.35,0.98,0.92,0.68,,,,,,
Them4,plex_1,1.53,1.15,1.24,0.81,0.64,0.52,,,,,,
U2af1,plex_1,1.06,0.97,0.89,0.64,0.67,0.18,,,,,,
Cab39l,plex_1,1.52,1.14,0.93,1.19,0.99,0.74,,,,,,
Nploc4,plex_1,1.61,1.18,1.45,0.83,0.71,0.59,,,,,,
Nploc4,plex_1,1.61,1.18,1.45,0.83,0.71,0.59,,,,,,
Itm2b,plex_1,1.66,1.37,1.32,0.99,0.8,0.5,,,,,,
Phyhd1,plex_1,1.33,1.19,1.19,0.86,0.75,0.49,,,,,,
Gprc5c,plex_1,1.14,,,,1.22,,,,,,,
Gprc5c,plex_1,1.14,,,,1.22,,,,,,,
Gprc5c,plex_1,1.14,,,,1.22,,,,,,,
Ufd1l,plex_1,1.27,1.05,0.67,1.2,0.99,0.88,,,,,,
Ufd1l,plex_1,1.27,1.05,0.67,1.2,0.99,0.88,,,,,,
Ufd1l,plex_1,1.27,1.05,0.67,1.2,0.99,0.88,,,,,,
Stam,plex_1,1.44,1.26,1.11,0.98,0.67,0.53,,,,,,
Stam,plex_1,1.44,1.26,1.11,0.98,0.67,0.53,,,,,,
Stam,plex_1,1.44,1.26,1.11,0.98,0.67,0.53,,,,,,
Rbbp4,plex_1,1.71,1.28,1.34,1.07,0.72,0.61,,,,,,
Acot2,plex_1,0.54,0.87,1.45,0.74,0.31,,,,,,,
Pbld2,plex_1,1.59,1.16,1.37,1.17,1.11,0.56,,,,,,
Uba7,plex_1,2.03,0.77,1.71,1.71,1.44,0.88,,,,,,
Uba7,plex_1,2.03,0.77,1.71,1.71,1.44,0.88,,,,,,
Emc8,plex_1,1.15,0.7,1.06,1.05,0.82,0.58,,,,,,
Map2k2,plex_1,1.41,1.34,1.28,1.14,0.8,0.62,,,,,,
Map2k2,plex_1,1.41,1.34,1.28,1.14,0.8,0.62,,,,,,
Mrps35,plex_1,1.2,1.58,1.33,0.72,0.98,,,,,,,
Mrps35,plex_1,1.2,1.58,1.33,0.72,0.98,,,,,,,
Zc3h18,plex_1,1.09,0.87,1.28,1.4,1.04,0.54,,,,,,
Fabp3-ps1,plex_1,1.15,1.03,0.87,0.76,0.77,0.62,,,,,,
Cd5l,plex_1,1.08,1.18,1.65,1.13,1.31,0.28,,,,,,
Sephs1,plex_1,1.22,1.09,1.25,1.02,1.06,0.58,,,,,,
Sephs1,plex_1,1.22,1.09,1.25,1.02,1.06,0.58,,,,,,
Sephs1,plex_1,1.22,1.09,1.25,1.02,1.06,0.58,,,,,,
Rpl34,plex_1,1.23,1.24,1.21,0.94,0.56,0.49,,,,,,
Srsf4,plex_1,1.02,0.82,0.92,1.11,0.56,0.65,,,,,,
Srsf4,plex_1,1.02,0.82,0.92,1.11,0.56,0.65,,,,,,
Rps25,plex_1,1.67,1.41,1.05,1.09,0.6,0.67,,,,,,
Slc6a18,plex_1,1.49,1.14,0.98,0.95,1.06,0.63,,,,,,
Paip2,plex_1,1.04,0.87,1.16,0.66,0.69,0.53,,,,,,
Paip2,plex_1,1.04,0.87,1.16,0.66,0.69,0.53,,,,,,
Paip2,plex_1,1.04,0.87,1.16,0.66,0.69,0.53,,,,,,
Hist1h1b,plex_1,1.76,1.22,1.0,1.61,0.73,0.59,,,,,,
Mrpl39,plex_1,1.25,1.54,1.01,1.2,0.82,1.09,,,,,,
Mrpl39,plex_1,1.25,1.54,1.01,1.2,0.82,1.09,,,,,,
Vac14,plex_1,1.1,1.31,0.97,0.71,0.93,0.49,,,,,,
Fubp1,plex_1,1.77,1.39,1.34,0.98,0.74,0.46,,,,,,
Fubp1,plex_1,1.77,1.39,1.34,0.98,0.74,0.46,,,,,,
Sorbs3,plex_1,1.19,0.75,0.49,0.67,0.71,0.56,,,,,,
Sorbs3,plex_1,1.19,0.75,0.49,0.67,0.71,0.56,,,,,,
Minos1,plex_1,1.84,1.48,1.44,0.68,1.13,0.92,,,,,,
Emc7,plex_1,1.82,1.43,1.16,1.2,1.04,0.56,,,,,,
Ermp1,plex_1,2.68,1.95,2.43,2.41,1.38,0.68,,,,,,
Hist1h3a,plex_1,1.05,1.21,0.78,1.02,0.18,0.77,,,,,,
Hist1h3i,plex_1,1.05,1.21,0.78,1.02,0.18,0.77,,,,,,
Ube4a,plex_1,,,1.08,,,,,,,,,
Ube4a,plex_1,,,1.08,,,,,,,,,
Rpl11,plex_1,1.14,1.09,1.22,0.99,0.68,0.54,,,,,,
Rpl11,plex_1,1.14,1.09,1.22,0.99,0.68,0.54,,,,,,
Cnn2,plex_1,1.74,1.21,1.67,1.19,1.14,1.06,,,,,,
Arhgef7,plex_1,1.35,1.25,1.39,0.89,0.51,0.45,,,,,,
Arhgef7,plex_1,1.35,1.25,1.39,0.89,0.51,0.45,,,,,,
Arhgef7,plex_1,1.35,1.25,1.39,0.89,0.51,0.45,,,,,,
Arhgef7,plex_1,1.35,1.25,1.39,0.89,0.51,0.45,,,,,,
Arhgef7,plex_1,1.35,1.25,1.39,0.89,0.51,0.45,,,,,,
Rpl28,plex_1,1.81,1.32,0.92,0.97,0.93,0.32,,,,,,
Abcc4,plex_1,1.25,1.97,1.27,1.28,0.78,1.51,,,,,,
Abcc4,plex_1,1.25,1.97,1.27,1.28,0.78,1.51,,,,,,
Abcc4,plex_1,1.25,1.97,1.27,1.28,0.78,1.51,,,,,,
Abcc4,plex_1,1.25,1.97,1.27,1.28,0.78,1.51,,,,,,
Abcc4,plex_1,1.25,1.97,1.27,1.28,0.78,1.51,,,,,,
Dbn1,plex_1,1.48,1.15,1.08,0.84,0.93,0.53,,,,,,
Dbn1,plex_1,1.48,1.15,1.08,0.84,0.93,0.53,,,,,,
Folr1,plex_1,1.55,1.31,1.27,0.96,0.82,0.51,,,,,,
Srp14,plex_1,1.12,0.92,1.1,0.74,0.75,0.61,,,,,,
Srp14,plex_1,1.12,0.92,1.1,0.74,0.75,0.61,,,,,,
Ccdc51,plex_1,1.44,1.48,1.38,1.1,0.94,0.71,,,,,,
Ccdc51,plex_1,1.44,1.48,1.38,1.1,0.94,0.71,,,,,,
Idi1,plex_1,0.85,0.94,1.13,0.69,0.55,0.49,,,,,,
Idi1,plex_1,0.85,0.94,1.13,0.69,0.55,0.49,,,,,,
Ube2k,plex_1,1.17,1.04,0.78,0.6,0.53,0.44,,,,,,
Ube2k,plex_1,1.17,1.04,0.78,0.6,0.53,0.44,,,,,,
Stam2,plex_1,2.24,1.17,1.87,1.84,0.88,0.59,,,,,,
Pi4ka,plex_1,1.93,1.34,1.72,1.29,1.24,0.84,,,,,,
Cyp2j11,plex_1,1.25,1.01,1.19,1.01,1.23,0.57,,,,,,
,plex_1,1.08,0.56,0.45,0.84,0.59,0.45,,,,,,
Bst1,plex_1,2.1,1.58,1.32,1.09,1.21,0.42,,,,,,
Lbr,plex_1,2.1,1.33,1.43,1.09,0.95,0.67,,,,,,
Ctrb1,plex_1,3.62,0.21,1.44,0.17,0.2,0.42,,,,,,
Lmcd1,plex_1,1.14,1.43,1.35,0.94,1.06,0.7,,,,,,
Lmcd1,plex_1,1.14,1.43,1.35,0.94,1.06,0.7,,,,,,
Rps21,plex_1,1.21,1.17,0.91,0.81,0.5,0.57,,,,,,
mCG_6739,plex_1,1.21,1.17,0.91,0.81,0.5,0.57,,,,,,
Txndc17,plex_1,1.36,1.36,1.19,0.95,0.78,0.95,,,,,,
Tmx2,plex_1,1.4,1.09,1.01,1.08,0.91,0.56,,,,,,
Tmx2,plex_1,1.4,1.09,1.01,1.08,0.91,0.56,,,,,,
Stk39,plex_1,1.74,1.42,1.68,0.91,0.94,0.56,,,,,,
Atox1,plex_1,1.36,1.17,1.78,1.17,1.22,0.42,,,,,,
Nup107,plex_1,1.09,1.22,1.08,1.02,0.93,0.5,,,,,,
Nup107,plex_1,1.09,1.22,1.08,1.02,0.93,0.5,,,,,,
Nup107,plex_1,1.09,1.22,1.08,1.02,0.93,0.5,,,,,,
Nup107,plex_1,1.09,1.22,1.08,1.02,0.93,0.5,,,,,,
Clec3b,plex_1,2.04,1.69,1.01,1.13,1.46,0.67,,,,,,
Clec3b,plex_1,2.04,1.69,1.01,1.13,1.46,0.67,,,,,,
Fxyd2,plex_1,1.5,0.99,1.29,0.88,1.31,0.72,,,,,,
Fam20b,plex_1,1.51,1.2,0.87,0.76,0.77,0.75,,,,,,
Stat1,plex_1,1.42,1.13,1.21,1.21,1.26,0.51,,,,,,
Stat1,plex_1,1.42,1.13,1.21,1.21,1.26,0.51,,,,,,
Stat1,plex_1,1.42,1.13,1.21,1.21,1.26,0.51,,,,,,
Stat1,plex_1,1.42,1.13,1.21,1.21,1.26,0.51,,,,,,
Stat1,plex_1,1.42,1.13,1.21,1.21,1.26,0.51,,,,,,
Stat1,plex_1,1.42,1.13,1.21,1.21,1.26,0.51,,,,,,
Stat1,plex_1,1.42,1.13,1.21,1.21,1.26,0.51,,,,,,
Prkaca,plex_1,1.48,1.21,1.09,1.16,0.95,0.59,,,,,,
Prkaca,plex_1,1.48,1.21,1.09,1.16,0.95,0.59,,,,,,
Rpl23a-ps3,plex_1,1.46,1.31,1.54,0.98,0.44,0.64,,,,,,
Rpl23a,plex_1,1.46,1.31,1.54,0.98,0.44,0.64,,,,,,
Rpl23a,plex_1,1.46,1.31,1.54,0.98,0.44,0.64,,,,,,
Rpl23a,plex_1,1.46,1.31,1.54,0.98,0.44,0.64,,,,,,
Ttc36,plex_1,0.95,0.76,1.17,1.03,0.78,0.66,,,,,,
Cox6c,plex_1,1.29,1.18,1.11,1.03,0.92,0.6,,,,,,
Plcb3,plex_1,1.33,1.03,1.24,1.1,0.74,0.74,,,,,,
Plcb3,plex_1,1.33,1.03,1.24,1.1,0.74,0.74,,,,,,
Ostf1,plex_1,2.26,1.18,1.78,1.5,1.36,0.44,,,,,,
Endog,plex_1,1.51,1.22,1.22,0.91,0.75,0.59,,,,,,
Rpl37a,plex_1,1.24,1.06,1.33,0.83,0.47,0.55,,,,,,
Rpl37a,plex_1,1.24,1.06,1.33,0.83,0.47,0.55,,,,,,
Gga1,plex_1,1.08,0.72,0.74,0.89,0.75,0.41,,,,,,
Git1,plex_1,1.75,1.27,1.13,0.91,0.98,0.6,,,,,,
Git1,plex_1,1.75,1.27,1.13,0.91,0.98,0.6,,,,,,
Pym1,plex_1,1.58,1.31,1.79,1.37,1.18,1.03,,,,,,
Pym1,plex_1,1.58,1.31,1.79,1.37,1.18,1.03,,,,,,
Cfd,plex_1,1.73,1.24,1.16,0.95,0.46,0.48,,,,,,
Cfd,plex_1,1.73,1.24,1.16,0.95,0.46,0.48,,,,,,
Csnk2b,plex_1,1.11,1.09,1.02,0.95,1.22,0.55,,,,,,
Csnk2b,plex_1,1.11,1.09,1.02,0.95,1.22,0.55,,,,,,
Snw1,plex_1,1.49,1.03,1.19,1.24,0.71,1.02,,,,,,
Snw1,plex_1,1.49,1.03,1.19,1.24,0.71,1.02,,,,,,
Serpina6,plex_1,1.18,1.14,0.96,1.55,0.94,0.57,,,,,,
Sec63,plex_1,1.48,1.33,1.15,0.88,0.6,0.61,,,,,,
Dock1,plex_1,1.31,1.23,1.18,0.93,0.73,0.49,,,,,,
Eif3m,plex_1,1.53,1.19,1.28,1.32,0.98,0.53,,,,,,
Gda,plex_1,1.25,1.51,1.22,1.21,0.63,0.44,,,,,,
Ccs,plex_1,1.42,1.36,1.3,0.84,0.94,0.57,,,,,,
Gpt,plex_1,1.12,0.93,0.9,0.69,1.16,0.75,,,,,,
Mrpl13,plex_1,2.8,1.9,2.88,1.45,1.27,0.93,,,,,,
Mrpl13,plex_1,2.8,1.9,2.88,1.45,1.27,0.93,,,,,,
Setd3,plex_1,1.74,1.47,1.71,1.54,0.67,0.73,,,,,,
Supt16h,plex_1,1.16,1.21,1.08,1.1,1.04,0.61,,,,,,
Tfrc,plex_1,1.19,1.41,2.09,1.07,0.8,1.14,,,,,,
Tacstd2,plex_1,1.91,1.49,1.42,1.1,0.72,0.66,,,,,,
Srrm1,plex_1,1.0,0.99,0.88,0.85,0.72,0.42,,,,,,
Rnase4,plex_1,1.53,1.34,1.12,1.04,0.99,0.79,,,,,,
Rnase4,plex_1,1.53,1.34,1.12,1.04,0.99,0.79,,,,,,
Rnase4,plex_1,1.53,1.34,1.12,1.04,0.99,0.79,,,,,,
Rnase4,plex_1,1.53,1.34,1.12,1.04,0.99,0.79,,,,,,
Rnase4,plex_1,1.53,1.34,1.12,1.04,0.99,0.79,,,,,,
Ufc1,plex_1,1.83,1.45,1.46,1.08,1.08,0.61,,,,,,
Bcl2l1,plex_1,1.44,1.2,0.91,1.18,0.81,0.46,,,,,,
Bcl2l1,plex_1,1.44,1.2,0.91,1.18,0.81,0.46,,,,,,
Bcl2l1,plex_1,1.44,1.2,0.91,1.18,0.81,0.46,,,,,,
Bcl2l1,plex_1,1.44,1.2,0.91,1.18,0.81,0.46,,,,,,
Bcl2l1,plex_1,1.44,1.2,0.91,1.18,0.81,0.46,,,,,,
Bclx,plex_1,1.44,1.2,0.91,1.18,0.81,0.46,,,,,,
Bcl2l1,plex_1,1.44,1.2,0.91,1.18,0.81,0.46,,,,,,
Bcl2l1,plex_1,1.44,1.2,0.91,1.18,0.81,0.46,,,,,,
Bclx,plex_1,1.44,1.2,0.91,1.18,0.81,0.46,,,,,,
Bcl2l1,plex_1,1.44,1.2,0.91,1.18,0.81,0.46,,,,,,
Bcl2l1,plex_1,1.44,1.2,0.91,1.18,0.81,0.46,,,,,,
Abcb10,plex_1,1.75,0.68,1.29,1.49,0.53,0.75,,,,,,
Gmds,plex_1,1.41,1.03,1.0,0.89,0.76,0.53,,,,,,
Pfdn6,plex_1,1.48,1.35,1.22,1.06,0.97,0.48,,,,,,
Pfdn6,plex_1,1.48,1.35,1.22,1.06,0.97,0.48,,,,,,
Ppat,plex_1,1.16,1.02,1.01,0.9,0.95,0.54,,,,,,
Endod1,plex_1,1.15,1.21,1.07,1.01,0.82,0.53,,,,,,
Endod1,plex_1,1.15,1.21,1.07,1.01,0.82,0.53,,,,,,
Mrpl1,plex_1,1.12,1.06,1.12,0.85,0.98,0.5,,,,,,
Mrpl1,plex_1,1.12,1.06,1.12,0.85,0.98,0.5,,,,,,
Hypk,plex_1,1.67,1.18,1.61,0.79,0.85,0.62,,,,,,
Abca3,plex_1,0.6,1.08,0.81,,0.5,0.57,,,,,,
Adss,plex_1,1.04,0.82,1.11,0.99,0.85,0.5,,,,,,
Golga2,plex_1,1.02,0.83,0.91,0.71,0.8,0.46,,,,,,
Golga2,plex_1,1.02,0.83,0.91,0.71,0.8,0.46,,,,,,
Mpc2,plex_1,1.39,1.18,1.19,0.95,0.64,0.63,,,,,,
Arf5,plex_1,1.24,1.23,1.39,1.11,1.06,0.66,,,,,,
Slc22a1,plex_1,1.53,1.37,1.07,1.03,0.87,0.86,,,,,,
Arhgef12,plex_1,1.49,1.05,1.03,0.82,0.68,0.59,,,,,,
Wasl,plex_1,1.19,0.79,0.84,0.91,0.97,0.65,,,,,,
Tmx3,plex_1,1.51,1.63,1.71,1.33,1.03,0.64,,,,,,
Nans,plex_1,1.58,0.91,0.88,1.16,0.82,0.51,,,,,,
Flii,plex_1,1.03,1.11,1.04,0.77,0.7,0.56,,,,,,
Coq3,plex_1,1.48,1.3,1.6,1.32,0.73,0.67,,,,,,
Dpp9,plex_1,,,,,,,,,,,,
Dpp9,plex_1,,,,,,,,,,,,
Smarce1,plex_1,1.45,1.14,1.06,1.01,0.86,0.41,,,,,,
Zmpste24,plex_1,1.12,1.15,1.12,0.82,0.44,0.49,,,,,,
Dynll1,plex_1,0.99,1.17,0.95,0.77,0.55,0.41,,,,,,
Misp,plex_1,1.52,1.02,1.08,1.03,0.95,0.75,,,,,,
Retn,plex_1,1.02,0.81,1.2,1.04,0.77,0.6,,,,,,
Pitpnb,plex_1,1.22,1.17,0.98,0.64,0.87,0.55,,,,,,
Fbln5,plex_1,1.7,1.55,1.56,1.2,1.06,0.71,,,,,,
Kpna6,plex_1,1.19,0.97,0.96,0.79,0.97,0.31,,,,,,
Kpna6,plex_1,1.19,0.97,0.96,0.79,0.97,0.31,,,,,,
Pfn2,plex_1,1.51,1.26,1.27,0.93,0.87,0.72,,,,,,
Pfn2,plex_1,1.51,1.26,1.27,0.93,0.87,0.72,,,,,,
Snrpd3,plex_1,1.42,1.22,1.1,1.34,1.09,0.61,,,,,,
Snrpd3,plex_1,1.42,1.22,1.1,1.34,1.09,0.61,,,,,,
Egfr,plex_1,1.08,1.3,1.95,0.48,0.62,0.49,,,,,,
Sepsecs,plex_1,1.38,1.31,1.61,0.94,0.83,0.61,,,,,,
Gm20425,plex_1,2.74,1.97,2.18,1.87,1.67,0.83,,,,,,
Hip1,plex_1,1.3,1.16,1.01,1.2,1.05,0.52,,,,,,
Ncln,plex_1,1.48,1.47,1.07,1.08,0.91,0.57,,,,,,
Ncln,plex_1,1.48,1.47,1.07,1.08,0.91,0.57,,,,,,
Sfxn5,plex_1,1.14,1.05,0.91,0.78,0.56,0.67,,,,,,
Pgpep1,plex_1,1.49,1.05,1.03,1.08,0.84,0.61,,,,,,
Tsnax,plex_1,5.76,2.83,4.6,6.04,1.55,0.69,,,,,,
Tsnax,plex_1,5.76,2.83,4.6,6.04,1.55,0.69,,,,,,
Pdp2,plex_1,1.56,1.12,1.27,1.12,0.8,0.77,,,,,,
Pdp2,plex_1,1.56,1.12,1.27,1.12,0.8,0.77,,,,,,
Slc22a2,plex_1,1.49,1.33,1.16,0.82,0.6,0.77,,,,,,
Slc22a2,plex_1,1.49,1.33,1.16,0.82,0.6,0.77,,,,,,
Ndufb3,plex_1,1.33,1.25,1.12,0.93,0.49,0.62,,,,,,
Gfm2,plex_1,1.22,0.73,1.28,0.96,0.74,0.76,,,,,,
Gfm2,plex_1,1.22,0.73,1.28,0.96,0.74,0.76,,,,,,
Gfm2,plex_1,1.22,0.73,1.28,0.96,0.74,0.76,,,,,,
Gfm2,plex_1,1.22,0.73,1.28,0.96,0.74,0.76,,,,,,
Gfm2,plex_1,1.22,0.73,1.28,0.96,0.74,0.76,,,,,,
Gfm2,plex_1,1.22,0.73,1.28,0.96,0.74,0.76,,,,,,
Slc35a3,plex_1,1.96,1.44,1.57,1.8,1.02,0.69,,,,,,
Abi1,plex_1,1.09,1.08,1.05,0.84,0.84,0.45,,,,,,
Abi1,plex_1,1.09,1.08,1.05,0.84,0.84,0.45,,,,,,
Abi1,plex_1,1.09,1.08,1.05,0.84,0.84,0.45,,,,,,
Abi1,plex_1,1.09,1.08,1.05,0.84,0.84,0.45,,,,,,
Abi1,plex_1,1.09,1.08,1.05,0.84,0.84,0.45,,,,,,
Abi1,plex_1,1.09,1.08,1.05,0.84,0.84,0.45,,,,,,
Abi1,plex_1,1.09,1.08,1.05,0.84,0.84,0.45,,,,,,
Abi1,plex_1,1.09,1.08,1.05,0.84,0.84,0.45,,,,,,
Abi1,plex_1,1.09,1.08,1.05,0.84,0.84,0.45,,,,,,
Abi1,plex_1,1.09,1.08,1.05,0.84,0.84,0.45,,,,,,
Abi1,plex_1,1.09,1.08,1.05,0.84,0.84,0.45,,,,,,
Abi1,plex_1,1.09,1.08,1.05,0.84,0.84,0.45,,,,,,
Abi1,plex_1,1.09,1.08,1.05,0.84,0.84,0.45,,,,,,
Slc5a11,plex_1,1.15,0.72,1.25,0.79,0.53,0.82,,,,,,
Fabp1,plex_1,1.01,2.03,0.51,0.98,1.23,0.62,,,,,,
Coa7,plex_1,1.53,0.98,1.2,0.77,0.73,0.53,,,,,,
Slc22a19,plex_1,1.22,1.08,1.03,0.6,0.53,0.43,,,,,,
Slc22a19,plex_1,1.22,1.08,1.03,0.6,0.53,0.43,,,,,,
Tmlhe,plex_1,1.18,1.03,1.07,0.89,0.78,0.47,,,,,,
Mpv17l,plex_1,1.1,1.01,1.14,0.66,0.62,0.46,,,,,,
Nsdhl,plex_1,1.22,1.35,0.99,1.03,0.73,0.49,,,,,,
Nsdhl,plex_1,1.22,1.35,0.99,1.03,0.73,0.49,,,,,,
Nsdhl,plex_1,1.22,1.35,0.99,1.03,0.73,0.49,,,,,,
Nsdhl,plex_1,1.22,1.35,0.99,1.03,0.73,0.49,,,,,,
Cst3,plex_1,1.54,1.42,1.46,1.06,0.91,0.59,,,,,,
Cst3,plex_1,1.54,1.42,1.46,1.06,0.91,0.59,,,,,,
Cst3,plex_1,1.54,1.42,1.46,1.06,0.91,0.59,,,,,,
Slc25a42,plex_1,1.65,1.61,1.16,0.91,0.5,0.53,,,,,,
Nudt7,plex_1,0.87,1.0,1.01,0.82,1.25,0.51,,,,,,
Nudt7,plex_1,0.87,1.0,1.01,0.82,1.25,0.51,,,,,,
Nudt7,plex_1,0.87,1.0,1.01,0.82,1.25,0.51,,,,,,
Serping1,plex_1,1.53,1.28,1.67,1.36,0.66,0.37,,,,,,
Rdh13,plex_1,1.08,1.16,1.0,1.0,0.65,0.45,,,,,,
Rab3il1,plex_1,1.95,1.24,1.88,1.33,1.23,0.63,,,,,,
Rab3il1,plex_1,1.95,1.24,1.88,1.33,1.23,0.63,,,,,,
Bms1,plex_1,1.48,0.94,1.18,1.5,,0.56,,,,,,
Bms1,plex_1,1.48,0.94,1.18,1.5,,0.56,,,,,,
Pde12,plex_1,1.22,1.16,0.87,0.73,0.79,0.6,,,,,,
Exoc4,plex_1,1.54,1.37,1.42,0.96,1.06,0.6,,,,,,
Impa2,plex_1,1.49,1.27,1.96,1.11,0.95,0.72,,,,,,
Ilf3,plex_1,1.25,0.99,1.14,1.0,0.87,0.38,,,,,,
Ilf3,plex_1,1.25,0.99,1.14,1.0,0.87,0.38,,,,,,
Ilf3,plex_1,1.25,0.99,1.14,1.0,0.87,0.38,,,,,,
Snx7,plex_1,1.35,1.19,1.45,0.78,0.68,0.41,,,,,,
Snx7,plex_1,1.35,1.19,1.45,0.78,0.68,0.41,,,,,,
Pdcd4,plex_1,0.81,0.7,0.76,1.09,0.97,0.65,,,,,,
Exoc3l2,plex_1,1.27,1.19,1.11,1.01,0.98,0.47,,,,,,
Nucb2,plex_1,1.41,0.92,1.04,0.92,0.83,0.52,,,,,,
Thbs1,plex_1,1.11,1.09,1.09,1.27,1.25,0.63,,,,,,
Thbs1,plex_1,1.11,1.09,1.09,1.27,1.25,0.63,,,,,,
Thbs1,plex_1,1.11,1.09,1.09,1.27,1.25,0.63,,,,,,
Hexa,plex_1,1.88,1.45,1.75,1.82,2.15,1.12,,,,,,
Acot1,plex_1,1.32,1.29,1.66,1.13,1.17,0.61,,,,,,
Emd,plex_1,1.18,0.8,0.78,0.98,1.04,0.54,,,,,,
Emd,plex_1,1.18,0.8,0.78,0.98,1.04,0.54,,,,,,
Gsk3b,plex_1,1.14,1.33,1.23,0.91,1.05,0.47,,,,,,
Gsk3b,plex_1,1.14,1.33,1.23,0.91,1.05,0.47,,,,,,
Pecam1,plex_1,1.37,1.39,0.97,1.04,1.41,0.58,,,,,,
Mrpl44,plex_1,1.59,1.17,1.6,1.4,0.89,0.69,,,,,,
Mrpl44,plex_1,1.59,1.17,1.6,1.4,0.89,0.69,,,,,,
Pcnt,plex_1,2.34,1.33,1.74,1.24,0.68,0.41,,,,,,
Bid,plex_1,1.4,1.36,1.19,0.96,0.95,0.53,,,,,,
Sirt3,plex_1,1.36,1.29,0.89,0.88,0.9,0.46,,,,,,
Exoc1,plex_1,1.34,1.39,1.51,1.17,0.91,0.65,,,,,,
Stard5,plex_1,1.44,1.06,1.24,1.04,1.25,0.61,,,,,,
Fscn1,plex_1,1.3,1.14,1.32,1.01,1.09,0.53,,,,,,
Exoc6,plex_1,1.49,1.39,1.36,1.5,1.09,0.4,,,,,,
Exoc6,plex_1,1.49,1.39,1.36,1.5,1.09,0.4,,,,,,
Ubtf,plex_1,2.02,1.05,1.05,0.78,0.61,0.67,,,,,,
Ubtf,plex_1,2.02,1.05,1.05,0.78,0.61,0.67,,,,,,
Ubtf,plex_1,2.02,1.05,1.05,0.78,0.61,0.67,,,,,,
Ubtf,plex_1,2.02,1.05,1.05,0.78,0.61,0.67,,,,,,
Ubtf,plex_1,2.02,1.05,1.05,0.78,0.61,0.67,,,,,,
Ubtf,plex_1,2.02,1.05,1.05,0.78,0.61,0.67,,,,,,
Ap1s1,plex_1,1.35,0.91,1.21,0.95,1.06,0.51,,,,,,
Mpp5,plex_1,1.65,1.55,1.46,1.63,1.21,0.75,,,,,,
Uqcr10,plex_1,1.32,1.07,0.94,0.9,1.1,0.48,,,,,,
Cela1,plex_1,2.92,0.55,1.49,0.54,0.35,0.96,,,,,,
Dnajc8,plex_1,1.25,1.01,1.58,0.81,0.76,0.17,,,,,,
Slc9a3,plex_1,1.21,1.23,0.8,0.67,0.55,0.51,,,,,,
Xpnpep2,plex_1,1.92,1.4,1.46,1.24,1.24,0.43,,,,,,
Snx17,plex_1,2.01,0.94,0.89,0.71,0.81,0.75,,,,,,
Mfn1,plex_1,1.41,1.49,1.03,0.99,0.58,0.66,,,,,,
Mfn1,plex_1,1.41,1.49,1.03,0.99,0.58,0.66,,,,,,
Kiaa1033,plex_1,1.33,1.14,0.99,0.8,0.52,0.51,,,,,,
Prrc1,plex_1,1.09,1.19,1.31,0.8,0.89,0.3,,,,,,
Gyg,plex_1,1.05,1.03,1.05,0.73,0.8,0.46,,,,,,
Myo15b,plex_1,1.62,1.32,1.1,0.88,0.92,0.59,,,,,,
Eno3,plex_1,1.26,1.09,1.17,0.74,0.19,0.4,,,,,,
Eno3,plex_1,1.26,1.09,1.17,0.74,0.19,0.4,,,,,,
Prom2,plex_1,2.08,1.28,1.26,1.62,1.01,0.59,,,,,,
Prom2,plex_1,2.08,1.28,1.26,1.62,1.01,0.59,,,,,,
Clptm1,plex_1,1.06,0.98,0.94,0.74,0.93,0.44,,,,,,
Cyp2d22,plex_1,1.17,0.98,0.82,1.03,0.65,0.39,,,,,,
Cyp2d22,plex_1,1.17,0.98,0.82,1.03,0.65,0.39,,,,,,
Sdc4,plex_1,1.58,1.05,0.96,1.17,0.66,0.78,,,,,,
Sdc4,plex_1,1.58,1.05,0.96,1.17,0.66,0.78,,,,,,
Slc22a8,plex_1,1.65,0.95,0.97,0.77,0.93,1.23,,,,,,
Ttll12,plex_1,1.39,1.27,1.44,0.86,0.88,0.46,,,,,,
Mpdu1,plex_1,1.48,1.3,1.14,0.94,0.99,0.55,,,,,,
Mpdu1,plex_1,1.48,1.3,1.14,0.94,0.99,0.55,,,,,,
Myef2,plex_1,1.81,1.37,1.14,0.91,0.79,0.45,,,,,,
Myef2,plex_1,1.81,1.37,1.14,0.91,0.79,0.45,,,,,,
Rab10,plex_1,1.5,1.24,1.43,1.18,1.03,0.62,,,,,,
Acyp2,plex_1,1.66,1.2,1.44,0.99,0.99,0.52,,,,,,
Rps18,plex_1,2.01,1.71,1.06,0.92,1.31,0.45,,,,,,
Rps18,plex_1,2.01,1.71,1.06,0.92,1.31,0.45,,,,,,
Rps18-ps3,plex_1,2.01,1.71,1.06,0.92,1.31,0.45,,,,,,
Cpsf7,plex_1,1.1,1.06,1.53,1.48,1.33,0.58,,,,,,
Cpsf7,plex_1,1.1,1.06,1.53,1.48,1.33,0.58,,,,,,
Arvcf,plex_1,2.57,1.63,2.61,2.02,1.6,0.64,,,,,,
Arvcf,plex_1,2.57,1.63,2.61,2.02,1.6,0.64,,,,,,
Fkbp5,plex_1,0.96,0.9,0.99,0.75,0.67,0.51,,,,,,
Fxn,plex_1,1.18,1.14,0.99,0.76,0.68,0.45,,,,,,
Ddx23,plex_1,1.14,0.8,1.08,0.71,0.35,0.52,,,,,,
Bzw1,plex_1,1.14,0.98,1.11,0.81,0.87,0.44,,,,,,
Coq5,plex_1,1.78,1.27,1.57,1.27,0.85,1.03,,,,,,
Rpl27,plex_1,0.77,1.12,1.43,0.85,0.38,0.48,,,,,,
Hnrnph2,plex_1,3.39,1.81,3.77,1.78,1.14,0.36,,,,,,
Rps24,plex_1,0.91,0.98,0.99,0.79,0.65,0.59,,,,,,
Rps24,plex_1,0.91,0.98,0.99,0.79,0.65,0.59,,,,,,
Rps24,plex_1,0.91,0.98,0.99,0.79,0.65,0.59,,,,,,
Mmab,plex_1,1.8,1.26,1.03,0.86,1.19,,,,,,,
Mmab,plex_1,1.8,1.26,1.03,0.86,1.19,,,,,,,
Mmab,plex_1,1.8,1.26,1.03,0.86,1.19,,,,,,,
Gbp7,plex_1,1.16,1.71,1.23,1.32,1.16,0.57,,,,,,
Gbp7,plex_1,1.16,1.71,1.23,1.32,1.16,0.57,,,,,,
Gbp7,plex_1,1.16,1.71,1.23,1.32,1.16,0.57,,,,,,
Ndufv3,plex_1,1.57,1.35,1.3,0.9,0.84,0.5,,,,,,
Ptpn13,plex_1,5.4,2.1,4.61,9.05,0.76,0.62,,,,,,
Ctps2,plex_1,0.9,0.84,0.89,0.7,0.84,0.5,,,,,,
Coq6,plex_1,1.26,0.99,0.94,0.79,0.9,0.55,,,,,,
Ptpra,plex_1,1.64,1.13,1.12,1.0,0.88,0.4,,,,,,
Ptpra,plex_1,1.64,1.13,1.12,1.0,0.88,0.4,,,,,,
Ptpra,plex_1,1.64,1.13,1.12,1.0,0.88,0.4,,,,,,
Pcbd1,plex_1,1.76,1.21,1.42,1.17,1.02,0.62,,,,,,
Cyp2d12,plex_1,0.64,0.63,0.61,0.78,1.04,0.69,,,,,,
Cyp2d12,plex_1,0.64,0.63,0.61,0.78,1.04,0.69,,,,,,
Emc3,plex_1,1.34,1.31,1.47,1.01,1.07,0.42,,,,,,
Rps27l,plex_1,1.59,1.3,1.58,1.0,0.6,0.7,,,,,,
Ano6,plex_1,1.36,1.28,1.06,0.7,0.72,0.44,,,,,,
Mettl7a2,plex_1,1.58,0.71,0.97,1.15,1.37,0.68,,,,,,
UbiE2,plex_1,1.58,0.71,0.97,1.15,1.37,0.68,,,,,,
Orm1,plex_1,0.94,0.91,3.82,0.58,0.61,0.51,,,,,,
Commd9,plex_1,1.24,1.37,1.13,0.83,1.6,0.62,,,,,,
Mgll,plex_1,1.69,1.14,1.22,0.82,0.63,0.44,,,,,,
Dip2a,plex_1,1.34,0.92,2.02,1.57,0.78,1.0,,,,,,
Rbp4,plex_1,1.74,0.95,0.96,1.21,0.92,0.51,,,,,,
Rbp4,plex_1,1.74,0.95,0.96,1.21,0.92,0.51,,,,,,
Sec61b,plex_1,0.93,1.08,0.93,0.66,0.64,0.65,,,,,,
Dpm1,plex_1,1.36,1.37,1.54,1.04,0.66,0.47,,,,,,
Clip1,plex_1,1.85,1.19,1.53,1.98,1.21,0.5,,,,,,
Magoh,plex_1,1.58,1.43,1.18,1.15,0.87,0.59,,,,,,
Magohb,plex_1,1.58,1.43,1.18,1.15,0.87,0.59,,,,,,
Magohb,plex_1,1.58,1.43,1.18,1.15,0.87,0.59,,,,,,
Pon1,plex_1,1.4,1.98,1.67,1.87,2.44,1.36,,,,,,
Uap1,plex_1,1.66,0.97,1.27,0.93,0.92,0.39,,,,,,
Uap1,plex_1,1.66,0.97,1.27,0.93,0.92,0.39,,,,,,
Uap1,plex_1,1.66,0.97,1.27,0.93,0.92,0.39,,,,,,
Uap1,plex_1,1.66,0.97,1.27,0.93,0.92,0.39,,,,,,
Uap1,plex_1,1.66,0.97,1.27,0.93,0.92,0.39,,,,,,
Uap1,plex_1,1.66,0.97,1.27,0.93,0.92,0.39,,,,,,
Uap1,plex_1,1.66,0.97,1.27,0.93,0.92,0.39,,,,,,
Sdpr,plex_1,1.37,1.16,1.02,0.98,0.67,0.4,,,,,,
Rdh14,plex_1,1.97,1.26,1.76,1.74,1.35,0.26,,,,,,
Cd9,plex_1,2.2,1.54,1.63,1.38,0.95,0.64,,,,,,
Fhit,plex_1,1.21,1.12,1.08,0.8,0.86,0.49,,,,,,
Fhit,plex_1,1.21,1.12,1.08,0.8,0.86,0.49,,,,,,
Gnai1,plex_1,1.1,1.34,1.23,1.37,0.58,0.45,,,,,,
Naa50,plex_1,1.36,1.34,1.22,0.78,1.06,0.66,,,,,,
Naa50,plex_1,1.36,1.34,1.22,0.78,1.06,0.66,,,,,,
Naa50,plex_1,1.36,1.34,1.22,0.78,1.06,0.66,,,,,,
Naa50,plex_1,1.36,1.34,1.22,0.78,1.06,0.66,,,,,,
Acot7,plex_1,1.83,1.43,1.35,1.0,0.87,0.64,,,,,,
Osbpl3,plex_1,1.26,0.77,1.0,0.42,0.42,,,,,,,
Mrps5,plex_1,1.16,1.2,1.01,0.78,0.77,0.55,,,,,,
Htt,plex_1,1.89,1.27,2.23,2.38,2.47,0.9,,,,,,
Txlna,plex_1,1.68,1.39,1.25,1.13,1.15,0.38,,,,,,
Ctsf,plex_1,0.84,1.13,0.66,0.55,0.81,0.55,,,,,,
Ica,plex_1,1.33,1.01,1.08,1.1,1.04,0.39,,,,,,
Sec22b,plex_1,1.28,1.27,1.14,1.08,0.65,0.71,,,,,,
Sec22b,plex_1,1.28,1.27,1.14,1.08,0.65,0.71,,,,,,
Sec61a1,plex_1,1.84,1.7,1.52,1.22,1.18,0.8,,,,,,
Sec61a1,plex_1,1.84,1.7,1.52,1.22,1.18,0.8,,,,,,
Efemp1,plex_1,1.26,1.07,0.76,1.17,1.19,0.65,,,,,,
H2afx,plex_1,1.52,1.17,0.73,1.15,0.34,0.64,,,,,,
Stom,plex_1,1.97,1.96,0.92,1.84,1.18,0.79,,,,,,
Sprr1a,plex_1,,,,,,,,,,,,
Ube2d3,plex_1,1.3,1.26,1.09,0.85,0.79,0.44,,,,,,
Ube2d3,plex_1,1.3,1.26,1.09,0.85,0.79,0.44,,,,,,
Ube2d3,plex_1,1.3,1.26,1.09,0.85,0.79,0.44,,,,,,
Ube2d3,plex_1,1.3,1.26,1.09,0.85,0.79,0.44,,,,,,
Ube2d3,plex_1,1.3,1.26,1.09,0.85,0.79,0.44,,,,,,
Ube2d3,plex_1,1.3,1.26,1.09,0.85,0.79,0.44,,,,,,
Ctsc,plex_1,,0.54,,,0.24,,,,,,,
Thumpd1,plex_1,1.15,1.19,0.95,1.15,1.26,0.77,,,,,,
Sart3,plex_1,1.12,1.2,1.12,1.02,1.07,0.45,,,,,,
Ctbp2,plex_1,1.19,1.26,1.11,0.83,0.81,0.57,,,,,,
S100a13,plex_1,1.46,1.39,1.04,0.79,0.7,0.56,,,,,,
S100a13,plex_1,1.46,1.39,1.04,0.79,0.7,0.56,,,,,,
Rpl29,plex_1,1.08,1.22,1.49,1.06,0.53,0.57,,,,,,
Usp4,plex_1,1.26,1.53,1.16,0.94,0.99,0.44,,,,,,
Usp4,plex_1,1.26,1.53,1.16,0.94,0.99,0.44,,,,,,
Usp4,plex_1,1.26,1.53,1.16,0.94,0.99,0.44,,,,,,
Supt5h,plex_1,1.8,1.6,1.47,1.13,0.84,0.83,,,,,,
Srsf7,plex_1,1.77,1.42,1.12,0.99,0.99,0.74,,,,,,
Srsf7,plex_1,1.77,1.42,1.12,0.99,0.99,0.74,,,,,,
Srsf7,plex_1,1.77,1.42,1.12,0.99,0.99,0.74,,,,,,
Srsf7,plex_1,1.77,1.42,1.12,0.99,0.99,0.74,,,,,,
Kcmf1,plex_1,1.33,0.92,0.89,1.03,0.62,0.18,,,,,,
Kcmf1,plex_1,1.33,0.92,0.89,1.03,0.62,0.18,,,,,,
Kcmf1,plex_1,1.33,0.92,0.89,1.03,0.62,0.18,,,,,,
Mgst1,plex_1,1.96,1.49,1.4,1.58,0.79,0.55,,,,,,
Mgst1,plex_1,1.96,1.49,1.4,1.58,0.79,0.55,,,,,,
Slc26a4,plex_1,1.29,1.0,1.26,0.66,0.48,0.43,,,,,,
Slc26a4,plex_1,1.29,1.0,1.26,0.66,0.48,0.43,,,,,,
Dynll2,plex_1,1.28,1.01,0.84,0.77,0.71,0.64,,,,,,
Htatip2,plex_1,1.08,1.15,0.82,0.51,0.47,0.38,,,,,,
Htatip2,plex_1,1.08,1.15,0.82,0.51,0.47,0.38,,,,,,
Slc22a5,plex_1,1.27,0.95,0.73,0.74,0.78,0.47,,,,,,
Slc22a5,plex_1,1.27,0.95,0.73,0.74,0.78,0.47,,,,,,
Dhx29,plex_1,1.1,1.05,1.31,0.93,1.14,0.51,,,,,,
Ppp3ca,plex_1,,,,,,,,,,,,
Ppp3ca,plex_1,,,,,,,,,,,,
Specc1,plex_1,1.56,1.07,1.16,0.97,0.85,0.56,,,,,,
Specc1,plex_1,1.56,1.07,1.16,0.97,0.85,0.56,,,,,,
Sbds,plex_1,1.64,1.36,1.44,1.26,1.07,0.53,,,,,,
Itpr2,plex_1,2.49,1.35,2.1,1.85,1.0,1.13,,,,,,
Itpr2,plex_1,2.49,1.35,2.1,1.85,1.0,1.13,,,,,,
Igbp1,plex_1,1.26,1.2,1.12,0.95,0.78,0.5,,,,,,
Gipc1,plex_1,1.04,0.93,1.2,1.04,1.24,0.38,,,,,,
Bola2,plex_1,1.3,1.0,1.18,0.82,0.79,0.4,,,,,,
Rab5a,plex_1,0.36,,,,,,,,,,,
Vmp1,plex_1,,,,,,,,,,,,
Hdhd3,plex_1,1.39,1.67,1.51,0.94,0.84,0.56,,,,,,
Slc27a4,plex_1,3.67,1.55,1.0,1.13,0.35,1.09,,,,,,
Fam151a,plex_1,1.69,1.72,0.91,0.8,0.35,0.87,,,,,,
Cops5,plex_1,0.88,1.31,1.17,1.07,1.01,0.5,,,,,,
Gamt,plex_1,1.21,1.01,1.13,0.67,0.74,0.53,,,,,,
Gamt,plex_1,1.21,1.01,1.13,0.67,0.74,0.53,,,,,,
Nudt4,plex_1,1.36,1.2,1.0,1.03,0.79,0.53,,,,,,
Gvin1,plex_1,1.57,1.24,1.88,1.58,1.5,0.44,,,,,,
Rock2,plex_1,1.54,1.64,1.47,1.49,0.77,0.62,,,,,,
Rock2,plex_1,1.54,1.64,1.47,1.49,0.77,0.62,,,,,,
Isg15,plex_1,1.32,0.85,0.95,1.18,0.61,0.44,,,,,,
Timm9,plex_1,1.39,1.2,1.34,0.99,1.06,0.59,,,,,,
Mrps2,plex_1,1.69,1.18,1.3,0.91,1.04,0.94,,,,,,
Mrps2,plex_1,1.69,1.18,1.3,0.91,1.04,0.94,,,,,,
Nudt21,plex_1,1.29,1.14,1.1,1.09,0.76,0.42,,,,,,
Enoph1,plex_1,1.28,0.77,1.33,0.84,0.7,0.58,,,,,,
Mvd,plex_1,1.94,1.47,1.84,1.11,0.56,0.54,,,,,,
Tceb1,plex_1,1.04,1.02,1.38,0.76,0.66,0.65,,,,,,
Tceb1,plex_1,1.04,1.02,1.38,0.76,0.66,0.65,,,,,,
Tceb1,plex_1,1.04,1.02,1.38,0.76,0.66,0.65,,,,,,
Rasip1,plex_1,1.68,1.26,1.38,1.02,0.92,0.8,,,,,,
Rasip1,plex_1,1.68,1.26,1.38,1.02,0.92,0.8,,,,,,
Lzic,plex_1,1.92,1.4,1.35,1.49,1.04,1.12,,,,,,
Gpc4,plex_1,1.12,0.85,1.08,0.87,0.84,0.48,,,,,,
Xpo7,plex_1,1.71,1.45,1.67,0.84,1.06,0.56,,,,,,
Xpo7,plex_1,1.71,1.45,1.67,0.84,1.06,0.56,,,,,,
Ssr3,plex_1,1.67,1.65,1.2,0.77,0.99,0.48,,,,,,
Ssr3,plex_1,1.67,1.65,1.2,0.77,0.99,0.48,,,,,,
Usmg5,plex_1,1.43,1.16,1.19,0.88,0.58,0.66,,,,,,
Diaph1,plex_1,1.88,1.69,1.72,1.32,1.24,0.63,,,,,,
Tpm1,plex_1,1.09,1.12,1.24,1.12,1.0,0.32,,,,,,
Mtr,plex_1,0.82,0.84,1.08,0.78,0.71,0.48,,,,,,
Gfpt1,plex_1,1.6,1.76,1.38,0.94,0.81,0.74,,,,,,
Gfpt1,plex_1,1.6,1.76,1.38,0.94,0.81,0.74,,,,,,
Yme1l1,plex_1,1.73,1.42,1.53,1.53,0.81,0.45,,,,,,
Cdhr2,plex_1,1.26,1.18,1.15,0.91,0.79,0.37,,,,,,
Cfdp1,plex_1,1.39,1.07,1.12,1.15,0.65,0.65,,,,,,
Lsm7,plex_1,1.98,1.56,1.67,1.3,0.89,0.6,,,,,,
Dtnb,plex_1,1.84,1.2,1.3,1.24,0.91,0.54,,,,,,
Ssr1,plex_1,1.36,1.14,1.02,0.83,0.69,0.48,,,,,,
Ssr1,plex_1,1.36,1.14,1.02,0.83,0.69,0.48,,,,,,
Ssr1,plex_1,1.36,1.14,1.02,0.83,0.69,0.48,,,,,,
Rnaset2,plex_1,1.64,1.64,1.83,1.34,1.08,0.71,,,,,,
Akr1e2,plex_1,1.03,1.16,1.16,0.87,0.9,0.67,,,,,,
Selt,plex_1,1.4,0.83,1.31,1.18,1.05,0.47,,,,,,
Sfxn2,plex_1,1.34,1.19,1.09,0.85,0.61,0.71,,,,,,
Paox,plex_1,1.22,0.81,1.54,1.67,0.74,0.87,,,,,,
Paox,plex_1,1.22,0.81,1.54,1.67,0.74,0.87,,,,,,
Rab8a,plex_1,1.37,1.23,1.21,0.91,0.9,0.63,,,,,,
Slc22a7,plex_1,1.29,1.45,1.26,0.95,0.69,0.49,,,,,,
Slc22a7,plex_1,1.29,1.45,1.26,0.95,0.69,0.49,,,,,,
Cuta,plex_1,0.9,0.87,0.44,0.67,0.61,0.44,,,,,,
Cuta,plex_1,0.9,0.87,0.44,0.67,0.61,0.44,,,,,,
Sept4,plex_1,0.44,,1.45,,0.97,1.11,,,,,,
Sept4,plex_1,0.44,,1.45,,0.97,1.11,,,,,,
Sept4,plex_1,0.44,,1.45,,0.97,1.11,,,,,,
Sept4,plex_1,0.44,,1.45,,0.97,1.11,,,,,,
Sept4,plex_1,0.44,,1.45,,0.97,1.11,,,,,,
Smu1,plex_1,1.64,1.44,1.13,1.07,0.94,0.72,,,,,,
Smu1,plex_1,1.64,1.44,1.13,1.07,0.94,0.72,,,,,,
Rcn3,plex_1,1.18,1.35,1.62,1.35,1.04,0.51,,,,,,
Coa3,plex_1,1.48,1.19,1.04,1.02,0.87,0.64,,,,,,
Hmgn5,plex_1,1.29,1.39,0.89,1.02,0.78,0.86,,,,,,
Gmpr2,plex_1,1.03,0.94,0.87,0.56,0.71,0.53,,,,,,
Aldh1b1,plex_1,2.31,1.01,2.72,1.18,0.75,0.54,,,,,,
Diaph2,plex_1,1.74,1.62,1.33,1.3,0.82,1.84,,,,,,
Lsm8,plex_1,0.99,1.09,1.08,0.84,0.89,0.34,,,,,,
Ppp2r5c,plex_1,0.75,0.97,1.1,0.86,0.78,0.47,,,,,,
Ppp2r5c,plex_1,0.75,0.97,1.1,0.86,0.78,0.47,,,,,,
Rab35,plex_1,1.44,1.1,0.97,0.95,0.86,0.43,,,,,,
Tuba1c,plex_1,2.0,1.5,1.65,1.28,0.97,0.97,,,,,,
Tuba1c,plex_1,2.0,1.5,1.65,1.28,0.97,0.97,,,,,,
Ppp1cc,plex_1,,,,,,,,,,,,
Dad1,plex_1,1.71,1.22,1.6,1.45,1.86,0.54,,,,,,
Emc2,plex_1,1.46,1.18,1.12,1.04,0.9,0.86,,,,,,
Ergic1,plex_1,1.43,0.71,0.91,0.99,0.49,0.41,,,,,,
Ergic1,plex_1,1.43,0.71,0.91,0.99,0.49,0.41,,,,,,
Polr2e,plex_1,1.19,1.04,0.88,0.91,0.85,0.49,,,,,,
M6pr,plex_1,1.95,1.53,1.67,1.86,0.38,0.81,,,,,,
M6pr,plex_1,1.95,1.53,1.67,1.86,0.38,0.81,,,,,,
Serpinb1a,plex_1,1.2,0.59,1.0,1.18,0.8,0.69,,,,,,
Serpinb1a,plex_1,1.2,0.59,1.0,1.18,0.8,0.69,,,,,,
Fundc1,plex_1,1.29,1.24,1.22,0.91,0.94,0.47,,,,,,
Cox6a1,plex_1,1.38,1.19,1.19,0.73,0.67,0.55,,,,,,
Cox6a1,plex_1,1.38,1.19,1.19,0.73,0.67,0.55,,,,,,
Serpina1c,plex_1,1.17,0.97,1.31,1.11,1.53,0.43,,,,,,
Srp72,plex_1,1.81,1.33,1.6,1.09,0.83,0.73,,,,,,
Srp72,plex_1,1.81,1.33,1.6,1.09,0.83,0.73,,,,,,
Srp72,plex_1,1.81,1.33,1.6,1.09,0.83,0.73,,,,,,
Srp72,plex_1,1.81,1.33,1.6,1.09,0.83,0.73,,,,,,
Srp72,plex_1,1.81,1.33,1.6,1.09,0.83,0.73,,,,,,
Tmem14c,plex_1,,,,,,,,,,,,
Tmem14c,plex_1,,,,,,,,,,,,
,plex_1,,,,,,,,,,,,
,plex_1,,,,,,,,,,,,
,plex_1,,,,,,,,,,,,
,plex_1,,,,,,,,,,,,
Snrpd1,plex_1,,,,,,,,,,,,
Cars2,plex_1,5.39,2.22,3.43,3.0,2.04,0.49,,,,,,
Vps33b,plex_1,0.91,1.24,0.82,0.5,0.63,0.21,,,,,,
Dctn3,plex_1,1.29,1.22,1.13,0.86,0.83,0.51,,,,,,
Dctn3,plex_1,1.29,1.22,1.13,0.86,0.83,0.51,,,,,,
Nek9,plex_1,1.34,1.35,0.76,0.73,1.04,0.7,,,,,,
Bola1,plex_1,1.05,1.0,0.87,0.82,0.73,0.65,,,,,,
Tuba8,plex_1,2.47,1.64,1.58,1.13,0.9,0.61,,,,,,
Casr,plex_1,1.33,1.41,1.11,0.89,0.86,0.72,,,,,,
Gatc,plex_1,1.18,0.81,1.05,0.6,0.65,0.46,,,,,,
Alcam,plex_1,1.73,1.44,1.65,1.29,0.91,0.56,,,,,,
Surf4,plex_1,1.2,1.32,0.94,0.77,0.87,0.5,,,,,,
Surf4,plex_1,1.2,1.32,0.94,0.77,0.87,0.5,,,,,,
Scoc,plex_1,1.96,1.37,0.9,0.77,0.92,0.53,,,,,,
Scoc,plex_1,1.96,1.37,0.9,0.77,0.92,0.53,,,,,,
Scoc,plex_1,1.96,1.37,0.9,0.77,0.92,0.53,,,,,,
Rcc1,plex_1,1.49,1.34,1.44,1.1,0.92,0.8,,,,,,
Rcc1,plex_1,1.49,1.34,1.44,1.1,0.92,0.8,,,,,,
Rcc1,plex_1,1.49,1.34,1.44,1.1,0.92,0.8,,,,,,
Epn3,plex_1,2.37,2.01,2.3,0.84,0.87,1.0,,,,,,
Nme1,plex_1,0.8,0.86,0.77,0.68,0.68,0.46,,,,,,
Lzts3,plex_1,,,,,,,,,,,,
Lzts3,plex_1,,,,,,,,,,,,
Lzts3,plex_1,,,,,,,,,,,,
Hnrnpdl,plex_1,1.31,1.32,1.34,0.92,0.88,0.4,,,,,,
S100a10,plex_1,1.31,1.21,1.32,1.14,0.84,0.58,,,,,,
S100a10,plex_1,1.31,1.21,1.32,1.14,0.84,0.58,,,,,,
Col4a2,plex_1,1.7,1.38,1.38,1.37,0.88,0.49,,,,,,
Nudt8,plex_1,1.29,1.04,0.94,1.18,0.93,0.93,,,,,,
Aspdh,plex_1,1.12,1.29,0.9,0.56,1.03,0.69,,,,,,
Slc13a3,plex_1,1.51,1.51,1.3,1.1,0.71,0.91,,,,,,
Slc13a3,plex_1,1.51,1.51,1.3,1.1,0.71,0.91,,,,,,
Gfer,plex_1,1.51,1.24,0.96,0.69,0.83,0.71,,,,,,
Postn,plex_1,2.56,1.98,2.02,1.5,1.1,0.55,,,,,,
Postn,plex_1,2.56,1.98,2.02,1.5,1.1,0.55,,,,,,
Ccdc58,plex_1,1.12,1.11,0.89,0.76,0.65,0.5,,,,,,
Tspan8,plex_1,1.17,1.19,1.36,1.13,0.9,0.51,,,,,,
Scamp3,plex_1,1.51,1.51,1.4,1.11,0.79,0.69,,,,,,
Ssr4,plex_1,1.22,0.91,1.02,0.84,0.65,0.54,,,,,,
Ssr4,plex_1,1.22,0.91,1.02,0.84,0.65,0.54,,,,,,
Thap4,plex_1,1.66,1.31,1.4,1.33,1.27,0.63,,,,,,
Rpl35a,plex_1,1.12,0.95,0.88,0.83,0.72,0.47,,,,,,
Rpl35a,plex_1,1.12,0.95,0.88,0.83,0.72,0.47,,,,,,
Srr,plex_1,1.22,0.98,1.42,0.86,0.56,0.9,,,,,,
Srr,plex_1,1.22,0.98,1.42,0.86,0.56,0.9,,,,,,
Timm8a1,plex_1,1.45,1.2,0.93,0.86,0.77,0.76,,,,,,
Ccdc93,plex_1,1.07,1.06,1.08,0.81,1.09,0.48,,,,,,
Mrps30,plex_1,1.31,1.25,1.23,1.18,0.76,0.78,,,,,,
Tns2,plex_1,1.03,1.06,1.1,1.0,1.06,0.66,,,,,,
Tns2,plex_1,1.03,1.06,1.1,1.0,1.06,0.66,,,,,,
Snrnp70,plex_1,1.07,1.02,1.04,0.84,0.65,0.63,,,,,,
Mrpl40,plex_1,1.43,1.17,1.28,1.14,0.76,0.62,,,,,,
Gcsh,plex_1,1.71,1.31,0.96,0.75,0.52,0.6,,,,,,
Pnkd,plex_1,1.68,1.8,1.82,1.0,0.66,0.67,,,,,,
Pnkd,plex_1,1.68,1.8,1.82,1.0,0.66,0.67,,,,,,
Snx18,plex_1,2.12,1.44,1.57,1.76,0.3,0.34,,,,,,
Znf207,plex_1,1.1,0.78,1.14,0.82,2.07,0.42,,,,,,
Znf207,plex_1,1.1,0.78,1.14,0.82,2.07,0.42,,,,,,
Znf207,plex_1,1.1,0.78,1.14,0.82,2.07,0.42,,,,,,
Znf207,plex_1,1.1,0.78,1.14,0.82,2.07,0.42,,,,,,
Larp1,plex_1,1.17,1.02,0.96,1.01,0.61,0.53,,,,,,
Agt,plex_1,1.21,1.34,0.95,1.0,0.7,0.5,,,,,,
Rpl19,plex_1,3.2,2.03,2.39,2.26,1.78,0.58,,,,,,
Rpl19,plex_1,3.2,2.03,2.39,2.26,1.78,0.58,,,,,,
Bag3,plex_1,1.84,1.51,1.57,1.21,1.02,0.54,,,,,,
Inmt,plex_1,1.34,1.19,1.14,1.46,1.05,0.58,,,,,,
Tefm,plex_1,,,,,,,,,,,,
Prpsap2,plex_1,1.31,1.34,1.34,1.07,0.8,0.74,,,,,,
Gorasp2,plex_1,1.15,0.92,0.99,0.65,0.64,0.39,,,,,,
Gorasp2,plex_1,1.15,0.92,0.99,0.65,0.64,0.39,,,,,,
Gorasp2,plex_1,1.15,0.92,0.99,0.65,0.64,0.39,,,,,,
Gorasp2,plex_1,1.15,0.92,0.99,0.65,0.64,0.39,,,,,,
Gorasp2,plex_1,1.15,0.92,0.99,0.65,0.64,0.39,,,,,,
Gorasp2,plex_1,1.15,0.92,0.99,0.65,0.64,0.39,,,,,,
Gorasp2,plex_1,1.15,0.92,0.99,0.65,0.64,0.39,,,,,,
Slc22a18,plex_1,1.04,1.08,0.56,0.8,0.5,0.66,,,,,,
Slc22a18,plex_1,1.04,1.08,0.56,0.8,0.5,0.66,,,,,,
Slc22a18,plex_1,1.04,1.08,0.56,0.8,0.5,0.66,,,,,,
Slc43a2,plex_1,1.27,1.18,1.02,0.9,0.91,0.53,,,,,,
Bag5,plex_1,,,,,,,,,,,,
Gripap1,plex_1,0.47,1.08,0.77,1.13,0.58,0.29,,,,,,
Cyb5r1,plex_1,1.68,1.5,1.2,1.28,0.7,0.46,,,,,,
Gid8,plex_1,0.8,1.06,1.11,0.78,0.71,0.32,,,,,,
Tmem214,plex_1,1.12,0.99,1.09,0.64,0.58,0.42,,,,,,
Pkn1,plex_1,1.55,1.25,1.6,1.1,1.18,,,,,,,
Pkn1,plex_1,1.55,1.25,1.6,1.1,1.18,,,,,,,
Nme3,plex_1,1.06,1.05,0.92,0.83,0.63,0.49,,,,,,
Ndk3,plex_1,1.06,1.05,0.92,0.83,0.63,0.49,,,,,,
Clcnka,plex_1,2.14,1.03,0.95,1.01,0.6,1.0,,,,,,
ND5,plex_1,1.27,1.08,0.79,0.73,0.65,0.52,,,,,,
ND5,plex_1,1.27,1.08,0.79,0.73,0.65,0.52,,,,,,
Mtnd5,plex_1,1.27,1.08,0.79,0.73,0.65,0.52,,,,,,
,plex_1,1.27,1.08,0.79,0.73,0.65,0.52,,,,,,
,plex_1,1.27,1.08,0.79,0.73,0.65,0.52,,,,,,
ND5,plex_1,1.27,1.08,0.79,0.73,0.65,0.52,,,,,,
Ppcdc,plex_1,1.0,0.92,0.98,0.81,0.71,0.49,,,,,,
Tollip,plex_1,1.24,1.07,0.98,0.88,0.65,0.61,,,,,,
ND1,plex_1,1.17,1.28,1.12,0.84,0.68,0.42,,,,,,
mt-Nd1,plex_1,1.17,1.28,1.12,0.84,0.68,0.42,,,,,,
mt-Nd1,plex_1,1.17,1.28,1.12,0.84,0.68,0.42,,,,,,
ND1,plex_1,1.17,1.28,1.12,0.84,0.68,0.42,,,,,,
Lztfl1,plex_1,1.34,0.95,1.2,0.84,0.64,0.72,,,,,,
Fyco1,plex_1,1.88,1.86,1.37,1.2,1.11,0.78,,,,,,
Bax,plex_1,1.28,1.3,1.34,1.18,0.87,0.63,,,,,,
Sarnp,plex_1,1.06,0.95,0.64,0.69,0.75,0.62,,,,,,
Hs1bp3,plex_1,1.51,1.19,1.24,1.07,0.79,0.78,,,,,,
Wasf2,plex_1,1.48,1.36,1.04,0.85,,0.6,,,,,,
Wasf2,plex_1,1.48,1.36,1.04,0.85,,0.6,,,,,,
Pdcd5,plex_1,1.23,1.29,1.23,0.76,1.16,0.33,,,,,,
Bak1,plex_1,1.15,1.11,1.01,0.82,0.86,0.58,,,,,,
Flot2,plex_1,1.17,1.03,0.98,1.07,1.05,0.56,,,,,,
Flot2,plex_1,1.17,1.03,0.98,1.07,1.05,0.56,,,,,,
Flot2,plex_1,1.17,1.03,0.98,1.07,1.05,0.56,,,,,,
Flot2,plex_1,1.17,1.03,0.98,1.07,1.05,0.56,,,,,,
Flot2,plex_1,1.17,1.03,0.98,1.07,1.05,0.56,,,,,,
Flot2,plex_1,1.17,1.03,0.98,1.07,1.05,0.56,,,,,,
Ttc1,plex_1,1.45,1.95,1.35,1.42,0.73,0.62,,,,,,
Ttc1,plex_1,1.45,1.95,1.35,1.42,0.73,0.62,,,,,,
Ttc1,plex_1,1.45,1.95,1.35,1.42,0.73,0.62,,,,,,
Cyth1,plex_1,1.93,1.27,1.59,1.18,1.14,0.79,,,,,,
Rps26,plex_1,1.78,1.23,1.33,1.33,1.13,0.83,,,,,,
Ints1,plex_1,1.73,1.26,1.9,1.31,1.11,0.67,,,,,,
Ints1,plex_1,1.73,1.26,1.9,1.31,1.11,0.67,,,,,,
Ints1,plex_1,1.73,1.26,1.9,1.31,1.11,0.67,,,,,,
Afg3l1,plex_1,1.31,1.25,0.99,0.76,0.65,0.68,,,,,,
Ankhd1,plex_1,0.77,0.85,0.36,0.73,0.48,0.64,,,,,,
Ndrg3,plex_1,1.49,1.27,1.25,1.21,0.93,0.75,,,,,,
Tbc1d1,plex_1,1.2,1.21,1.02,0.83,0.71,0.57,,,,,,
Tbc1d1,plex_1,1.2,1.21,1.02,0.83,0.71,0.57,,,,,,
Mbl2,plex_1,1.82,1.24,1.54,1.19,0.76,0.44,,,,,,
Kank4,plex_1,1.24,0.93,1.13,0.97,0.53,0.47,,,,,,
Fam98a,plex_1,1.38,1.23,1.06,0.94,0.8,0.65,,,,,,
Mrps26,plex_1,0.99,0.98,1.56,0.64,0.46,0.63,,,,,,
Pycard,plex_1,1.33,1.5,1.05,0.82,0.8,0.53,,,,,,
Polr2b,plex_1,1.92,1.34,1.79,1.72,1.54,1.21,,,,,,
Mrpl15,plex_1,1.29,1.14,1.28,1.15,0.73,0.68,,,,,,
Glrx,plex_1,1.38,1.13,0.91,0.68,0.71,0.55,,,,,,
,plex_1,0.7,0.7,0.8,0.53,0.49,0.39,,,,,,
Pdpk1,plex_1,0.7,0.7,0.8,0.53,0.49,0.39,,,,,,
Naa10,plex_1,1.52,1.24,1.45,1.05,0.81,0.67,,,,,,
Naa10,plex_1,1.52,1.24,1.45,1.05,0.81,0.67,,,,,,
Naa10,plex_1,1.52,1.24,1.45,1.05,0.81,0.67,,,,,,
Naa10,plex_1,1.52,1.24,1.45,1.05,0.81,0.67,,,,,,
Igfbp2,plex_1,0.88,0.4,0.91,,,,,,,,,
Igfbp2,plex_1,0.88,0.4,0.91,,,,,,,,,
Igfbp2,plex_1,0.88,0.4,0.91,,,,,,,,,
scFv,plex_1,0.74,0.71,1.41,0.49,0.12,0.47,,,,,,
Slc7a7,plex_1,1.59,1.06,1.56,0.8,0.76,0.65,,,,,,
,plex_1,1.8,1.45,1.19,1.0,1.63,0.51,,,,,,
Rae1,plex_1,1.8,1.45,1.19,1.0,1.63,0.51,,,,,,
Safb2,plex_1,1.0,0.99,1.09,1.1,1.06,0.45,,,,,,
Celf1,plex_1,1.23,1.06,0.78,0.82,0.72,0.52,,,,,,
Celf1,plex_1,1.23,1.06,0.78,0.82,0.72,0.52,,,,,,
Celf1,plex_1,1.23,1.06,0.78,0.82,0.72,0.52,,,,,,
Celf1,plex_1,1.23,1.06,0.78,0.82,0.72,0.52,,,,,,
Tmed9,plex_1,1.45,1.19,1.06,0.76,0.75,0.67,,,,,,
Mup1,plex_1,3.79,2.28,2.48,0.66,0.37,0.39,,,,,,
Mup10,plex_1,3.79,2.28,2.48,0.66,0.37,0.39,,,,,,
Mup2,plex_1,3.79,2.28,2.48,0.66,0.37,0.39,,,,,,
Timmdc1,plex_1,1.9,1.37,0.69,1.03,0.41,,,,,,,
Fars2,plex_1,2.34,1.38,1.91,1.67,1.1,0.76,,,,,,
Ndufa11,plex_1,1.31,1.09,1.25,1.02,0.59,0.54,,,,,,
Ndufa11,plex_1,1.31,1.09,1.25,1.02,0.59,0.54,,,,,,
Gls,plex_1,1.14,1.03,1.11,0.75,0.6,0.52,,,,,,
Fcho2,plex_1,1.74,1.56,1.51,1.24,1.1,0.7,,,,,,
Sh3gl1,plex_1,2.35,1.56,1.5,1.13,1.19,0.26,,,,,,
Sh3gl1,plex_1,2.35,1.56,1.5,1.13,1.19,0.26,,,,,,
Sh3gl1,plex_1,2.35,1.56,1.5,1.13,1.19,0.26,,,,,,
Stt3a,plex_1,1.48,1.33,1.38,1.08,0.92,0.64,,,,,,
H2afv,plex_1,1.36,1.04,1.15,1.06,0.74,0.53,,,,,,
H2afz,plex_1,1.36,1.04,1.15,1.06,0.74,0.53,,,,,,
Akap9,plex_1,1.32,1.31,1.52,1.16,0.59,0.81,,,,,,
Akap9,plex_1,1.32,1.31,1.52,1.16,0.59,0.81,,,,,,
Snf8,plex_1,1.53,1.08,1.29,0.72,0.75,0.49,,,,,,
Mrpl22,plex_1,1.2,0.93,1.18,0.84,0.87,0.66,,,,,,
Naa25,plex_1,1.79,1.57,1.07,0.95,0.76,0.79,,,,,,
Tmem126a,plex_1,1.3,1.07,1.06,0.98,0.91,0.56,,,,,,
Col4a1,plex_1,1.58,1.45,1.57,1.21,0.7,0.73,,,,,,
Tra2b,plex_1,1.23,1.09,1.09,0.97,0.91,0.46,,,,,,
Kpna3,plex_1,1.87,1.42,1.75,1.14,2.27,0.51,,,,,,
Actr10,plex_1,1.24,1.09,1.04,0.82,0.66,0.47,,,,,,
Arf6,plex_1,1.3,0.94,0.94,0.73,0.89,0.54,,,,,,
Usp15,plex_1,1.22,1.43,1.29,1.1,0.69,0.54,,,,,,
Usp15,plex_1,1.22,1.43,1.29,1.1,0.69,0.54,,,,,,
Usp15,plex_1,1.22,1.43,1.29,1.1,0.69,0.54,,,,,,
Prodh2,plex_1,1.34,1.13,1.13,0.97,1.07,0.83,,,,,,
Ddt,plex_1,1.4,1.04,1.0,1.02,0.88,0.46,,,,,,
Pfdn4,plex_1,1.18,1.1,0.94,0.96,0.72,0.46,,,,,,
Pfdn4,plex_1,1.18,1.1,0.94,0.96,0.72,0.46,,,,,,
Pfdn4,plex_1,1.18,1.1,0.94,0.96,0.72,0.46,,,,,,
Qki,plex_1,1.61,0.97,1.3,1.16,0.76,0.7,,,,,,
Qki,plex_1,1.61,0.97,1.3,1.16,0.76,0.7,,,,,,
Qki,plex_1,1.61,0.97,1.3,1.16,0.76,0.7,,,,,,
Qki,plex_1,1.61,0.97,1.3,1.16,0.76,0.7,,,,,,
Qki,plex_1,1.61,0.97,1.3,1.16,0.76,0.7,,,,,,
Qki,plex_1,1.61,0.97,1.3,1.16,0.76,0.7,,,,,,
Qki,plex_1,1.61,0.97,1.3,1.16,0.76,0.7,,,,,,
Qki,plex_1,1.61,0.97,1.3,1.16,0.76,0.7,,,,,,
Bre,plex_1,1.52,1.27,1.07,1.1,0.51,0.93,,,,,,
Sh3bgrl2,plex_1,1.27,1.24,1.03,0.92,0.69,0.52,,,,,,
Iyd,plex_1,1.71,1.27,1.24,1.68,1.03,0.68,,,,,,
Creld2,plex_1,1.91,1.43,2.23,2.69,1.61,0.58,,,,,,
Rabgap1l,plex_1,1.99,1.15,1.93,1.58,1.21,0.58,,,,,,
Spryd4,plex_1,2.49,2.24,1.91,1.93,1.52,0.63,,,,,,
Aqp2,plex_1,0.98,0.98,0.84,0.72,0.67,0.54,,,,,,
Slc25a45,plex_1,1.38,1.38,0.96,0.75,0.56,0.78,,,,,,
Tstd1,plex_1,1.45,0.72,0.43,0.85,1.09,0.33,,,,,,
Ppp1r14a,plex_1,,,,,,,,,,,,
Mrpl47,plex_1,1.51,1.24,1.17,1.14,0.73,0.45,,,,,,
Isca2,plex_1,1.28,1.06,0.9,0.69,0.72,0.58,,,,,,
Pdlim7,plex_1,1.32,1.13,0.84,1.03,0.64,0.46,,,,,,
Rala,plex_1,1.53,1.14,1.4,1.1,0.76,0.37,,,,,,
Trim2,plex_1,1.32,1.19,1.26,0.91,0.73,0.48,,,,,,
Trim2,plex_1,1.32,1.19,1.26,0.91,0.73,0.48,,,,,,
Trim2,plex_1,1.32,1.19,1.26,0.91,0.73,0.48,,,,,,
Ccdc6,plex_1,1.57,1.27,1.5,0.62,0.56,0.63,,,,,,
Ndufaf5,plex_1,1.86,1.72,2.18,1.19,0.97,0.48,,,,,,
Slc23a3,plex_1,0.75,0.58,0.51,0.73,0.91,0.19,,,,,,
Slc23a3,plex_1,0.75,0.58,0.51,0.73,0.91,0.19,,,,,,
Glb1l,plex_1,1.04,1.25,0.86,0.72,0.74,0.37,,,,,,
Znf512,plex_1,1.55,1.01,1.41,1.17,1.03,1.02,,,,,,
Tnxb,plex_1,1.31,0.98,1.16,1.19,1.06,0.65,,,,,,
Fgf1,plex_1,1.54,0.99,1.32,0.84,0.91,0.49,,,,,,
Tmem33,plex_1,1.72,1.44,1.36,1.28,1.17,0.65,,,,,,
Tmem33,plex_1,1.72,1.44,1.36,1.28,1.17,0.65,,,,,,
Tmem33,plex_1,1.72,1.44,1.36,1.28,1.17,0.65,,,,,,
Tmem33,plex_1,1.72,1.44,1.36,1.28,1.17,0.65,,,,,,
Anp32b,plex_1,1.34,0.99,1.07,0.83,1.26,0.64,,,,,,
Anp32b,plex_1,1.34,0.99,1.07,0.83,1.26,0.64,,,,,,
Anp32b,plex_1,1.34,0.99,1.07,0.83,1.26,0.64,,,,,,
Rad21,plex_1,0.87,1.33,1.3,1.02,1.04,0.61,,,,,,
Trappc3,plex_1,1.34,1.21,1.41,1.01,0.82,0.56,,,,,,
Ucp1,plex_1,1.37,2.27,5.41,1.65,,,,,,,,
Nat8f1,plex_1,1.31,1.46,1.15,1.18,0.83,0.54,,,,,,
Mtor,plex_1,1.31,1.4,1.05,0.72,0.71,0.68,,,,,,
Vamp3,plex_1,1.2,0.26,0.85,1.16,1.04,,,,,,,
Slc10a2,plex_1,1.15,0.88,0.81,0.76,0.51,0.44,,,,,,
Slc10a2,plex_1,1.15,0.88,0.81,0.76,0.51,0.44,,,,,,
Kiaa0196,plex_1,1.4,0.88,1.06,1.0,1.26,0.64,,,,,,
Dnajb12,plex_1,1.19,1.18,0.94,0.88,0.66,0.43,,,,,,
Bclaf1,plex_1,1.56,1.1,1.29,1.09,0.93,0.77,,,,,,
Bclaf1,plex_1,1.56,1.1,1.29,1.09,0.93,0.77,,,,,,
Tecr,plex_1,1.34,1.37,1.15,0.99,0.51,0.46,,,,,,
Try5,plex_1,2.0,0.32,2.08,0.14,0.15,0.27,,,,,,
Try5,plex_1,2.0,0.32,2.08,0.14,0.15,0.27,,,,,,
Try4,plex_1,2.0,0.32,2.08,0.14,0.15,0.27,,,,,,
Zc3h15,plex_1,1.9,1.41,1.22,1.03,0.94,0.67,,,,,,
Gmppb,plex_1,1.31,1.19,1.12,0.99,0.72,0.56,,,,,,
Mrfap1,plex_1,,,,,,,,,,,,
Gm5814,plex_1,,,,,,,,,,,,
Ppp2r1b,plex_1,1.51,1.32,1.09,1.6,0.82,0.52,,,,,,
Rp2,plex_1,1.2,1.16,1.07,0.92,0.81,0.45,,,,,,
Rp2,plex_1,1.2,1.16,1.07,0.92,0.81,0.45,,,,,,
Rp2,plex_1,1.2,1.16,1.07,0.92,0.81,0.45,,,,,,
Rnf213,plex_1,1.69,1.03,2.69,1.41,2.94,0.46,,,,,,
Trim25,plex_1,1.84,1.37,1.34,1.15,1.03,0.58,,,,,,
Uba5,plex_1,1.11,1.12,0.71,0.92,0.48,0.27,,,,,,
Prkar2b,plex_1,1.61,0.91,1.15,0.63,0.56,,,,,,,
Cryaa,plex_1,1.0,0.92,0.62,4.33,0.58,0.34,,,,,,
Cryaa,plex_1,1.0,0.92,0.62,4.33,0.58,0.34,,,,,,
Cryzl1,plex_1,1.39,1.2,0.95,0.94,0.78,0.76,,,,,,
Atg3,plex_1,1.37,1.27,1.22,1.02,0.93,0.55,,,,,,
Xpo5,plex_1,1.54,1.21,1.0,0.7,0.78,0.57,,,,,,
Xpo5,plex_1,1.54,1.21,1.0,0.7,0.78,0.57,,,,,,
Srm,plex_1,1.54,1.29,1.38,0.89,0.95,0.57,,,,,,
Srm,plex_1,1.54,1.29,1.38,0.89,0.95,0.57,,,,,,
Mrpl43,plex_1,1.11,0.68,0.95,0.7,1.09,0.81,,,,,,
Mrpl43,plex_1,1.11,0.68,0.95,0.7,1.09,0.81,,,,,,
Mrpl43,plex_1,1.11,0.68,0.95,0.7,1.09,0.81,,,,,,
Napg,plex_1,1.35,1.34,1.1,0.84,0.88,0.55,,,,,,
Napg,plex_1,1.35,1.34,1.1,0.84,0.88,0.55,,,,,,
Napg,plex_1,1.35,1.34,1.1,0.84,0.88,0.55,,,,,,
Ca5a,plex_1,1.0,0.89,1.01,0.75,0.6,0.34,,,,,,
Ndufaf1,plex_1,1.17,1.04,0.99,0.88,0.7,0.47,,,,,,
Mfap4,plex_1,1.28,1.22,1.25,1.39,0.79,0.49,,,,,,
Akt1s1,plex_1,0.95,1.44,1.79,1.21,0.58,0.7,,,,,,
Nol3,plex_1,,,,,,,,,,,,
Nol3,plex_1,,,,,,,,,,,,
Nol3,plex_1,,,,,,,,,,,,
Mgat1,plex_1,1.28,1.48,1.2,1.15,1.09,0.76,,,,,,
Slc5a9,plex_1,1.03,1.07,0.3,0.35,0.53,0.32,,,,,,
Tmem120b,plex_1,2.36,2.26,1.16,1.21,0.72,0.65,,,,,,
Tmem120b,plex_1,2.36,2.26,1.16,1.21,0.72,0.65,,,,,,
Son,plex_1,2.12,1.34,1.53,1.34,1.14,0.68,,,,,,
Son,plex_1,2.12,1.34,1.53,1.34,1.14,0.68,,,,,,
Slc6a8,plex_1,1.13,1.41,1.13,0.74,0.51,0.45,,,,,,
Slc6a8,plex_1,1.13,1.41,1.13,0.74,0.51,0.45,,,,,,
Slc6a8,plex_1,1.13,1.41,1.13,0.74,0.51,0.45,,,,,,
Slc6a8,plex_1,1.13,1.41,1.13,0.74,0.51,0.45,,,,,,
Psmd9,plex_1,1.32,0.97,0.95,0.82,0.7,0.38,,,,,,
Nfia,plex_1,1.21,1.03,1.14,0.87,0.74,0.5,,,,,,
Nfia,plex_1,1.21,1.03,1.14,0.87,0.74,0.5,,,,,,
Nfia,plex_1,1.21,1.03,1.14,0.87,0.74,0.5,,,,,,
Nfia,plex_1,1.21,1.03,1.14,0.87,0.74,0.5,,,,,,
Nfia,plex_1,1.21,1.03,1.14,0.87,0.74,0.5,,,,,,
Nfia,plex_1,1.21,1.03,1.14,0.87,0.74,0.5,,,,,,
Nfia,plex_1,1.21,1.03,1.14,0.87,0.74,0.5,,,,,,
Nfia,plex_1,1.21,1.03,1.14,0.87,0.74,0.5,,,,,,
Nfia,plex_1,1.21,1.03,1.14,0.87,0.74,0.5,,,,,,
Acbd5,plex_1,1.59,1.09,1.55,1.4,1.42,0.6,,,,,,
Sept8,plex_1,1.2,1.27,1.24,1.58,0.91,0.58,,,,,,
Sept8,plex_1,1.2,1.27,1.24,1.58,0.91,0.58,,,,,,
Sept8,plex_1,1.2,1.27,1.24,1.58,0.91,0.58,,,,,,
Sept8,plex_1,1.2,1.27,1.24,1.58,0.91,0.58,,,,,,
Sept8,plex_1,1.2,1.27,1.24,1.58,0.91,0.58,,,,,,
Dtymk,plex_1,1.03,0.97,1.09,0.79,0.72,0.54,,,,,,
Rprd1b,plex_1,1.17,0.99,1.05,0.94,0.84,0.41,,,,,,
Rprd1b,plex_1,1.17,0.99,1.05,0.94,0.84,0.41,,,,,,
Rprd1b,plex_1,1.17,0.99,1.05,0.94,0.84,0.41,,,,,,
Rprd1b,plex_1,1.17,0.99,1.05,0.94,0.84,0.41,,,,,,
Lamtor3,plex_1,1.26,1.26,1.57,0.87,0.91,0.56,,,,,,
Lamtor3,plex_1,1.26,1.26,1.57,0.87,0.91,0.56,,,,,,
Arl8b,plex_1,1.38,1.26,1.16,0.88,0.83,0.55,,,,,,
Hmgb3,plex_1,2.21,1.38,1.14,1.21,0.35,1.13,,,,,,
Wars2,plex_1,2.9,1.79,2.23,2.19,1.33,0.86,,,,,,
Fam107b,plex_1,1.3,1.23,1.03,1.05,0.95,0.82,,,,,,
Fam107b,plex_1,1.3,1.23,1.03,1.05,0.95,0.82,,,,,,
Lamtor2,plex_1,1.66,0.82,0.98,1.1,1.02,1.29,,,,,,
Hip1r,plex_1,1.49,1.22,1.16,1.17,1.45,0.49,,,,,,
Psmd4,plex_1,1.09,0.98,0.82,0.98,0.65,0.36,,,,,,
Psmd4,plex_1,1.09,0.98,0.82,0.98,0.65,0.36,,,,,,
Ralgapb,plex_1,1.51,1.22,1.48,1.39,0.88,0.64,,,,,,
Ralgapb,plex_1,1.51,1.22,1.48,1.39,0.88,0.64,,,,,,
Ralgapb,plex_1,1.51,1.22,1.48,1.39,0.88,0.64,,,,,,
Ralgapb,plex_1,1.51,1.22,1.48,1.39,0.88,0.64,,,,,,
Ralgapb,plex_1,1.51,1.22,1.48,1.39,0.88,0.64,,,,,,
Casp8,plex_1,1.13,1.18,1.35,0.83,0.94,0.53,,,,,,
Ptk2,plex_1,1.1,0.99,1.08,0.78,0.86,0.6,,,,,,
Ptk2,plex_1,1.1,0.99,1.08,0.78,0.86,0.6,,,,,,
Ptk2,plex_1,1.1,0.99,1.08,0.78,0.86,0.6,,,,,,
Ptk2,plex_1,1.1,0.99,1.08,0.78,0.86,0.6,,,,,,
Skiv2l2,plex_1,1.16,1.15,0.7,0.66,1.02,0.56,,,,,,
Ampd2,plex_1,1.63,0.98,1.16,0.87,0.96,0.53,,,,,,
Oxnad1,plex_1,1.28,1.02,1.06,0.92,0.88,0.49,,,,,,
Oxnad1,plex_1,1.28,1.02,1.06,0.92,0.88,0.49,,,,,,
Sestd1,plex_1,,,,,,,,,,,,
Btd,plex_1,2.86,1.43,1.46,0.7,0.87,0.6,,,,,,
Dnajc7,plex_1,2.16,1.82,1.57,,1.72,1.59,,,,,,
Gapvd1,plex_1,1.46,1.16,1.4,1.2,0.89,0.69,,,,,,
Gapvd1,plex_1,1.46,1.16,1.4,1.2,0.89,0.69,,,,,,
Gapvd1,plex_1,1.46,1.16,1.4,1.2,0.89,0.69,,,,,,
Gapvd1,plex_1,1.46,1.16,1.4,1.2,0.89,0.69,,,,,,
Gapvd1,plex_1,1.46,1.16,1.4,1.2,0.89,0.69,,,,,,
Prkab1,plex_1,1.59,2.04,1.63,1.49,1.59,1.07,,,,,,
Nat2,plex_1,1.29,1.45,0.97,1.16,0.89,0.59,,,,,,
Dcun1d1,plex_1,0.67,0.87,0.6,0.53,0.44,0.41,,,,,,
Serpinf1,plex_1,1.79,1.28,1.29,1.27,0.74,0.57,,,,,,
Cox7a2,plex_1,1.85,1.64,1.77,0.98,2.14,0.9,,,,,,
Plpp3,plex_1,1.38,1.08,1.08,1.03,0.89,0.69,,,,,,
,plex_1,1.05,1.33,1.42,0.85,0.89,0.4,,,,,,
Vps28,plex_1,1.05,1.33,1.42,0.85,0.89,0.4,,,,,,
Rpe,plex_1,1.6,1.2,1.2,1.01,1.14,0.53,,,,,,
Rpe,plex_1,1.6,1.2,1.2,1.01,1.14,0.53,,,,,,
Rpe,plex_1,1.6,1.2,1.2,1.01,1.14,0.53,,,,,,
Fxr2,plex_1,1.21,1.04,0.95,0.93,0.81,0.56,,,,,,
Pcyt2,plex_1,1.57,1.08,1.05,0.83,0.78,0.48,,,,,,
Pcyt2,plex_1,1.57,1.08,1.05,0.83,0.78,0.48,,,,,,
,plex_1,1.57,1.08,1.05,0.83,0.78,0.48,,,,,,
Pcyt2,plex_1,1.57,1.08,1.05,0.83,0.78,0.48,,,,,,
Hist1h1e,plex_1,1.05,1.25,0.77,0.71,0.45,0.42,,,,,,
Colgalt1,plex_1,1.4,1.25,1.18,1.95,1.27,0.46,,,,,,
Eif3k,plex_1,1.32,2.22,1.76,0.93,0.88,0.92,,,,,,
COI,plex_1,1.7,1.99,2.15,1.52,0.27,1.14,,,,,,
Mtco1,plex_1,1.7,1.99,2.15,1.52,0.27,1.14,,,,,,
Mrps11,plex_1,0.89,1.02,1.02,1.03,0.88,0.42,,,,,,
Slc2a9,plex_1,1.88,1.31,1.68,2.87,0.73,1.67,,,,,,
Slc2a9,plex_1,1.88,1.31,1.68,2.87,0.73,1.67,,,,,,
Slc2a9,plex_1,1.88,1.31,1.68,2.87,0.73,1.67,,,,,,
Slc2a9,plex_1,1.88,1.31,1.68,2.87,0.73,1.67,,,,,,
Aars2,plex_1,,,,,,,,,,,,
Mmaa,plex_1,1.31,1.01,1.12,1.09,0.79,0.51,,,,,,
Pts,plex_1,2.26,1.49,1.81,1.6,1.02,0.6,,,,,,
Snrpe,plex_1,1.75,1.46,1.33,1.11,1.25,0.78,,,,,,
Slc6a19,plex_1,1.83,1.53,1.38,0.85,0.54,0.86,,,,,,
Ppp1r21,plex_1,1.36,1.16,1.31,0.81,0.42,0.49,,,,,,
Fip1l1,plex_1,1.12,0.32,0.28,,,0.43,,,,,,
Fip1l1,plex_1,1.12,0.32,0.28,,,0.43,,,,,,
Fip1l1,plex_1,1.12,0.32,0.28,,,0.43,,,,,,
P4ha2,plex_1,3.77,1.91,2.18,1.91,1.28,0.83,,,,,,
Psip1,plex_1,1.27,1.1,1.07,0.73,0.83,0.44,,,,,,
Nae1,plex_1,,,,,,,,,,,,
Nae1,plex_1,,,,,,,,,,,,
Fermt1,plex_1,1.75,1.48,1.3,1.68,0.96,0.79,,,,,,
Aif1l,plex_1,1.39,1.08,1.02,1.13,0.96,0.67,,,,,,
Aif1l,plex_1,1.39,1.08,1.02,1.13,0.96,0.67,,,,,,
Ggt5,plex_1,2.44,2.47,2.8,2.82,1.55,1.74,,,,,,
Nup98,plex_1,0.93,0.84,0.92,0.91,0.57,0.5,,,,,,
Cdk6,plex_1,1.44,1.33,1.18,0.87,0.81,0.63,,,,,,
Map2k6,plex_1,1.01,0.8,0.69,0.75,0.44,0.37,,,,,,
Map2k6,plex_1,1.01,0.8,0.69,0.75,0.44,0.37,,,,,,
Map2k6,plex_1,1.01,0.8,0.69,0.75,0.44,0.37,,,,,,
Map2k6,plex_1,1.01,0.8,0.69,0.75,0.44,0.37,,,,,,
Sh3glb1,plex_1,1.55,1.08,1.41,1.28,0.26,0.59,,,,,,
Sh3glb1,plex_1,1.55,1.08,1.41,1.28,0.26,0.59,,,,,,
Uqcc2,plex_1,1.45,0.95,1.39,0.78,0.8,0.65,,,,,,
Mrps15,plex_1,1.53,1.27,1.49,0.8,0.76,0.33,,,,,,
Rpl35,plex_1,1.53,2.05,1.4,0.76,0.56,0.54,,,,,,
Timm10b,plex_1,1.2,0.98,0.98,0.74,0.49,0.59,,,,,,
Dnajc6,plex_1,1.47,1.41,1.16,1.03,0.88,0.57,,,,,,
Dnajc6,plex_1,1.47,1.41,1.16,1.03,0.88,0.57,,,,,,
Dnajc6,plex_1,1.47,1.41,1.16,1.03,0.88,0.57,,,,,,
Sec11a,plex_1,1.4,1.25,1.26,1.01,0.67,0.72,,,,,,
Sec11a,plex_1,1.4,1.25,1.26,1.01,0.67,0.72,,,,,,
Sec11a,plex_1,1.4,1.25,1.26,1.01,0.67,0.72,,,,,,
Sec11a,plex_1,1.4,1.25,1.26,1.01,0.67,0.72,,,,,,
Smim20,plex_1,1.52,1.3,1.3,1.04,0.65,0.55,,,,,,
Tnpo3,plex_1,3.18,0.72,,,,,,,,,,
Tnpo3,plex_1,3.18,0.72,,,,,,,,,,
Tnpo3,plex_1,3.18,0.72,,,,,,,,,,
Mrpl55,plex_1,2.29,1.63,1.39,1.42,1.22,0.8,,,,,,
Mrpl55,plex_1,2.29,1.63,1.39,1.42,1.22,0.8,,,,,,
Cmas,plex_1,2.21,1.86,2.39,1.76,1.46,0.68,,,,,,
Cmas,plex_1,2.21,1.86,2.39,1.76,1.46,0.68,,,,,,
Magt1,plex_1,1.36,1.57,1.26,0.97,0.82,0.72,,,,,,
Magt1,plex_1,1.36,1.57,1.26,0.97,0.82,0.72,,,,,,
Magt1,plex_1,1.36,1.57,1.26,0.97,0.82,0.72,,,,,,
Magt1,plex_1,1.36,1.57,1.26,0.97,0.82,0.72,,,,,,
Magt1,plex_1,1.36,1.57,1.26,0.97,0.82,0.72,,,,,,
Magt1,plex_1,1.36,1.57,1.26,0.97,0.82,0.72,,,,,,
,plex_1,1.52,1.44,1.52,1.66,1.43,0.81,,,,,,
Mycbp,plex_1,1.37,1.36,0.97,0.93,0.68,0.49,,,,,,
Tysnd1,plex_1,1.19,1.05,1.15,0.92,0.54,0.94,,,,,,
Ifit3,plex_1,1.17,1.11,0.94,1.06,0.81,0.44,,,,,,
Hsbp1,plex_1,1.21,1.29,0.86,0.61,0.63,0.15,,,,,,
Acp1,plex_1,1.17,1.12,1.15,0.92,0.64,0.65,,,,,,
Dhrs7b,plex_1,1.63,1.5,1.98,1.31,2.1,0.98,,,,,,
Ckap4,plex_1,1.8,1.39,1.6,1.26,0.32,0.76,,,,,,
Prps1l3,plex_1,1.19,1.15,0.95,0.93,0.66,0.51,,,,,,
Prps1,plex_1,1.19,1.15,0.95,0.93,0.66,0.51,,,,,,
Prps1,plex_1,1.19,1.15,0.95,0.93,0.66,0.51,,,,,,
Plcb1,plex_1,2.01,1.37,1.45,1.63,1.2,0.68,,,,,,
Fmo4,plex_1,1.1,1.49,0.93,0.95,0.65,1.09,,,,,,
Fam192a,plex_1,1.32,1.01,1.11,0.9,0.69,0.68,,,,,,
Fam192a,plex_1,1.32,1.01,1.11,0.9,0.69,0.68,,,,,,
Cbr3,plex_1,0.77,0.83,0.74,0.78,0.61,0.49,,,,,,
Sumo2,plex_1,1.04,0.99,1.05,0.98,0.82,0.5,,,,,,
Ogn,plex_1,1.51,1.53,1.31,1.34,0.72,0.34,,,,,,
Ccny,plex_1,1.41,0.78,1.2,0.63,0.85,0.56,,,,,,
Hectd3,plex_1,0.89,0.98,1.05,0.59,1.31,0.75,,,,,,
Ktn1,plex_1,1.33,0.86,0.79,0.75,0.46,0.3,,,,,,
Rbmx,plex_1,1.28,1.25,1.22,0.99,0.86,0.49,,,,,,
Ddx42,plex_1,1.2,1.66,1.47,1.04,0.96,0.34,,,,,,
Tbcel,plex_1,1.8,1.46,1.33,1.15,1.16,0.73,,,,,,
Tbcel,plex_1,1.8,1.46,1.33,1.15,1.16,0.73,,,,,,
Trappc10,plex_1,2.49,0.97,2.31,2.53,0.99,1.24,,,,,,
Zc3hc1,plex_1,,,,,,,,,,,,
Zc3hc1,plex_1,,,,,,,,,,,,
Zc3hc1,plex_1,,,,,,,,,,,,
Zc3hc1,plex_1,,,,,,,,,,,,
Zc3hc1,plex_1,,,,,,,,,,,,
Grcc10,plex_1,,,,,,,,,,,,
Hbs1l,plex_1,,,,,,,,,,,,
Hbs1l,plex_1,,,,,,,,,,,,
Slc25a51,plex_1,1.95,1.46,1.41,0.99,0.68,0.49,,,,,,
Sdhc,plex_1,1.11,1.16,0.96,0.75,0.52,0.62,,,,,,
Eef1e1,plex_1,1.75,1.83,2.06,1.7,1.59,0.84,,,,,,
Pex16,plex_1,1.89,1.43,2.13,0.64,0.39,,,,,,,
Pex16,plex_1,1.89,1.43,2.13,0.64,0.39,,,,,,,
Igkv6-23,plex_1,1.36,0.39,1.41,0.77,0.79,0.33,,,,,,
Mrps16,plex_1,1.58,1.23,1.16,1.12,1.03,0.44,,,,,,
Rab17,plex_1,1.71,1.04,1.35,1.14,0.98,1.07,,,,,,
Tpm1,plex_1,1.19,0.61,2.2,1.24,1.06,0.82,,,,,,
Nudt14,plex_1,1.53,1.15,0.97,1.3,1.41,0.54,,,,,,
Dscr3,plex_1,1.27,1.59,1.48,2.44,0.98,,,,,,,
Cnot1,plex_1,1.85,1.22,1.22,1.34,1.21,0.71,,,,,,
Cnot1,plex_1,1.85,1.22,1.22,1.34,1.21,0.71,,,,,,
Cnot1,plex_1,1.85,1.22,1.22,1.34,1.21,0.71,,,,,,
Commd3,plex_1,1.23,1.28,1.23,1.13,0.74,0.66,,,,,,
Coa6,plex_1,1.15,1.18,1.01,0.72,0.72,0.5,,,,,,
Arhgef2,plex_1,1.49,1.17,0.92,0.95,1.42,0.72,,,,,,
Camk1,plex_1,2.75,3.54,2.86,1.49,1.6,1.4,,,,,,
Amfr,plex_1,,,,,,,,,,,,
Amfr,plex_1,,,,,,,,,,,,
Slc5a8,plex_1,1.09,0.97,1.19,0.75,0.57,0.5,,,,,,
Arhgef1,plex_1,,,,,,,,,,,,
Arhgef1,plex_1,,,,,,,,,,,,
Scamp1,plex_1,1.35,1.17,0.89,0.83,0.73,0.47,,,,,,
Scamp1,plex_1,1.35,1.17,0.89,0.83,0.73,0.47,,,,,,
Prkag1,plex_1,1.36,0.92,0.84,0.74,0.77,0.61,,,,,,
Nbn,plex_1,5.02,2.4,2.76,2.4,2.07,0.88,,,,,,
Card19,plex_1,1.67,1.23,1.18,1.12,0.68,0.48,,,,,,
Krt23,plex_1,1.53,0.99,0.67,1.01,0.58,0.56,,,,,,
Krt23,plex_1,1.53,0.99,0.67,1.01,0.58,0.56,,,,,,
Krt23,plex_1,1.53,0.99,0.67,1.01,0.58,0.56,,,,,,
Ighv1-82,plex_1,2.22,0.65,1.52,0.59,1.27,0.89,,,,,,
Ufl1,plex_1,1.57,1.27,1.66,0.88,0.9,0.66,,,,,,
Nutf2,plex_1,1.14,1.0,0.55,0.77,0.76,0.53,,,,,,
,plex_1,1.14,1.0,0.55,0.77,0.76,0.53,,,,,,
Mrpl51,plex_1,0.98,1.45,1.12,0.65,0.81,0.47,,,,,,
Tial1,plex_1,1.02,1.52,0.72,0.65,1.29,0.63,,,,,,
Tial1,plex_1,1.02,1.52,0.72,0.65,1.29,0.63,,,,,,
Ank3,plex_1,,,,,,,,,,,,
Tmem30a,plex_1,1.07,0.97,1.02,0.62,0.63,0.56,,,,,,
Gmppa,plex_1,1.36,1.17,1.09,0.87,0.8,0.43,,,,,,
Gmppa,plex_1,1.36,1.17,1.09,0.87,0.8,0.43,,,,,,
Slc2a1,plex_1,1.62,1.12,1.15,0.88,1.0,0.8,,,,,,
Slc2a1,plex_1,1.62,1.12,1.15,0.88,1.0,0.8,,,,,,
Slc2a1,plex_1,1.62,1.12,1.15,0.88,1.0,0.8,,,,,,
Nubp2,plex_1,0.86,0.94,1.55,,1.56,1.76,,,,,,
Pi4k2a,plex_1,6.35,5.05,8.98,6.83,2.22,0.95,,,,,,
Arid1a,plex_1,2.22,1.86,1.93,1.8,1.68,1.2,,,,,,
Arid1a,plex_1,2.22,1.86,1.93,1.8,1.68,1.2,,,,,,
Arid1a,plex_1,2.22,1.86,1.93,1.8,1.68,1.2,,,,,,
Agpat1,plex_1,1.14,1.25,0.97,1.07,0.91,0.42,,,,,,
Agpat1,plex_1,1.14,1.25,0.97,1.07,0.91,0.42,,,,,,
Agpat1,plex_1,1.14,1.25,0.97,1.07,0.91,0.42,,,,,,
Klhdc7a,plex_1,1.41,1.07,1.12,1.22,0.43,0.45,,,,,,
Apom,plex_1,0.95,0.84,1.28,0.85,0.4,,,,,,,
Apom,plex_1,0.95,0.84,1.28,0.85,0.4,,,,,,,
Nup62,plex_1,1.4,1.46,1.2,1.02,0.94,0.58,,,,,,
Nup62,plex_1,1.4,1.46,1.2,1.02,0.94,0.58,,,,,,
Nup62,plex_1,1.4,1.46,1.2,1.02,0.94,0.58,,,,,,
Nup62,plex_1,1.4,1.46,1.2,1.02,0.94,0.58,,,,,,
Nup62,plex_1,1.4,1.46,1.2,1.02,0.94,0.58,,,,,,
Nup62,plex_1,1.4,1.46,1.2,1.02,0.94,0.58,,,,,,
Rbm8a,plex_1,1.32,1.22,1.24,0.86,0.64,0.4,,,,,,
Rbm8a2,plex_1,1.32,1.22,1.24,0.86,0.64,0.4,,,,,,
RBM8,plex_1,1.32,1.22,1.24,0.86,0.64,0.4,,,,,,
Rbm8a,plex_1,1.32,1.22,1.24,0.86,0.64,0.4,,,,,,
Emc4,plex_1,1.37,1.7,1.63,0.77,0.88,0.75,,,,,,
Ykt6,plex_1,0.99,1.11,1.04,0.89,0.79,0.36,,,,,,
Hnrnpul1,plex_1,1.52,1.21,1.09,1.06,1.03,0.73,,,,,,
Hnrnpul1,plex_1,1.52,1.21,1.09,1.06,1.03,0.73,,,,,,
Gadd45gip1,plex_1,1.64,1.47,1.71,0.56,1.1,0.67,,,,,,
Prdx4,plex_1,1.06,1.08,1.2,1.11,0.65,0.54,,,,,,
Frmd8,plex_1,1.57,1.07,1.45,1.11,0.95,0.65,,,,,,
Rpl31,plex_1,1.2,1.46,1.64,1.28,0.75,0.55,,,,,,
Nphs2,plex_1,,,,,,,,,,,,
Gtf2f1,plex_1,,,,0.59,,,,,,,,
Map2k4,plex_1,1.02,0.56,1.09,1.61,1.47,0.83,,,,,,
,plex_1,2.34,1.83,2.17,0.91,1.78,0.63,,,,,,
Rap1gds1,plex_1,2.34,1.83,2.17,0.91,1.78,0.63,,,,,,
Stmn1,plex_1,1.73,1.48,1.12,0.89,1.04,0.43,,,,,,
Stmn1,plex_1,1.73,1.48,1.12,0.89,1.04,0.43,,,,,,
Stmn1,plex_1,1.73,1.48,1.12,0.89,1.04,0.43,,,,,,
Stmn1,plex_1,1.73,1.48,1.12,0.89,1.04,0.43,,,,,,
Stmn1,plex_1,1.73,1.48,1.12,0.89,1.04,0.43,,,,,,
Stmn1,plex_1,1.73,1.48,1.12,0.89,1.04,0.43,,,,,,
Stmn1,plex_1,1.73,1.48,1.12,0.89,1.04,0.43,,,,,,
Stmn1,plex_1,1.73,1.48,1.12,0.89,1.04,0.43,,,,,,
Psme4,plex_1,1.21,0.96,1.17,1.06,0.8,0.47,,,,,,
H2-D1,plex_1,1.1,1.38,1.04,0.98,0.73,0.61,,,,,,
H2-D1,plex_1,1.1,1.38,1.04,0.98,0.73,0.61,,,,,,
Arl6,plex_1,1.75,1.13,1.37,1.06,1.02,0.63,,,,,,
Arl6,plex_1,1.75,1.13,1.37,1.06,1.02,0.63,,,,,,
Entpd1,plex_1,1.2,0.94,0.97,0.87,0.71,0.55,,,,,,
Entpd1,plex_1,1.2,0.94,0.97,0.87,0.71,0.55,,,,,,
Entpd1,plex_1,1.2,0.94,0.97,0.87,0.71,0.55,,,,,,
Entpd1,plex_1,1.2,0.94,0.97,0.87,0.71,0.55,,,,,,
Hdgfrp3,plex_1,1.72,1.25,1.31,1.28,0.91,0.57,,,,,,
P4ha1,plex_1,,,,,,,,,,,,
P4ha1,plex_1,,,,,,,,,,,,
Abhd16a,plex_1,2.36,2.38,2.17,1.93,0.96,0.57,,,,,,
Hacd3,plex_1,1.65,1.45,1.33,1.31,0.8,0.66,,,,,,
Rpl36-ps3,plex_1,1.63,0.96,0.93,0.59,0.41,0.47,,,,,,
Rpl36,plex_1,1.63,0.96,0.93,0.59,0.41,0.47,,,,,,
Rpl36,plex_1,1.63,0.96,0.93,0.59,0.41,0.47,,,,,,
,plex_1,1.76,0.46,0.64,0.64,0.66,0.43,,,,,,
,plex_1,2.28,0.65,2.31,1.7,1.06,0.65,,,,,,
Obp1b,plex_1,2.28,0.65,2.31,1.7,1.06,0.65,,,,,,
Gm14743,plex_1,2.28,0.65,2.31,1.7,1.06,0.65,,,,,,
Katnal2,plex_1,,,,,,,,,,,,
Dpyd,plex_1,1.36,1.07,1.35,1.21,0.94,0.6,,,,,,
Gps1,plex_1,1.64,0.99,1.46,0.95,1.09,0.62,,,,,,
Gps1,plex_1,1.64,0.99,1.46,0.95,1.09,0.62,,,,,,
S100g,plex_1,1.77,1.29,0.8,0.93,1.01,0.62,,,,,,
Ppm1f,plex_1,1.64,1.37,1.5,1.15,0.92,0.52,,,,,,
Btf3l4,plex_1,1.18,0.9,1.11,0.97,0.38,0.53,,,,,,
Timm10,plex_1,1.53,1.38,1.33,1.17,1.12,0.62,,,,,,
Crym,plex_1,0.98,1.02,0.87,0.7,0.7,0.37,,,,,,
Fam210a,plex_1,2.05,1.08,0.98,0.5,0.66,0.47,,,,,,
Kcnj10,plex_1,1.57,1.09,1.88,1.26,1.09,0.62,,,,,,
Cgref1,plex_1,2.19,1.22,1.94,1.95,1.34,0.84,,,,,,
Cgref1,plex_1,2.19,1.22,1.94,1.95,1.34,0.84,,,,,,
Arfip2,plex_1,1.2,0.93,0.99,0.9,0.78,0.56,,,,,,
Mttp,plex_1,1.18,0.94,0.78,0.75,0.53,0.47,,,,,,
Mttp,plex_1,1.18,0.94,0.78,0.75,0.53,0.47,,,,,,
Tbc1d10b,plex_1,1.36,1.39,1.01,1.07,0.83,0.45,,,,,,
Fermt3,plex_1,1.25,1.21,0.93,1.2,0.52,0.39,,,,,,
Exoc5,plex_1,0.85,1.33,1.04,0.99,1.03,0.62,,,,,,
Daam1,plex_1,1.36,1.14,1.21,1.07,0.56,0.67,,,,,,
Daam1,plex_1,1.36,1.14,1.21,1.07,0.56,0.67,,,,,,
Pde1a,plex_1,1.47,0.82,0.76,0.88,0.44,0.5,,,,,,
Pde1a,plex_1,1.47,0.82,0.76,0.88,0.44,0.5,,,,,,
Ube2r2,plex_1,1.16,1.35,1.16,1.0,0.94,0.39,,,,,,
Naglu,plex_1,1.31,1.06,1.14,0.61,0.92,0.7,,,,,,
Naglu,plex_1,1.31,1.06,1.14,0.61,0.92,0.7,,,,,,
Enpp6,plex_1,,,,,,,,,,,,
Uchl1,plex_1,1.36,1.13,1.17,1.0,0.9,0.48,,,,,,
2210016F16Rik,plex_1,2.02,1.67,2.17,1.59,1.47,0.67,,,,,,
,plex_1,0.92,0.98,0.95,0.68,0.74,0.43,,,,,,
Ppfia1,plex_1,1.3,1.19,1.24,0.92,0.96,0.71,,,,,,
Ppfia1,plex_1,1.3,1.19,1.24,0.92,0.96,0.71,,,,,,
Ppfia1,plex_1,1.3,1.19,1.24,0.92,0.96,0.71,,,,,,
Fhl3,plex_1,1.58,1.93,1.55,1.25,1.08,0.74,,,,,,
Lrg1,plex_1,1.18,0.91,3.25,0.65,0.27,0.48,,,,,,
Gnmt,plex_1,0.54,0.69,0.38,0.46,0.71,0.34,,,,,,
Sirt5,plex_1,1.51,1.42,1.7,1.09,1.13,1.07,,,,,,
Crlf3,plex_1,1.61,2.08,1.66,1.66,0.87,0.84,,,,,,
Crlf3,plex_1,1.61,2.08,1.66,1.66,0.87,0.84,,,,,,
2210010C04Rik,plex_1,1.56,1.25,1.46,1.34,1.02,0.6,,,,,,
2210010C04Rik,plex_1,1.56,1.25,1.46,1.34,1.02,0.6,,,,,,
Immt,plex_1,,,,,,,,,,,,
Kynu,plex_1,0.82,0.84,0.76,0.58,0.69,0.64,,,,,,
Kynu,plex_1,0.82,0.84,0.76,0.58,0.69,0.64,,,,,,
Kynu,plex_1,0.82,0.84,0.76,0.58,0.69,0.64,,,,,,
Kynu,plex_1,0.82,0.84,0.76,0.58,0.69,0.64,,,,,,
Kynu,plex_1,0.82,0.84,0.76,0.58,0.69,0.64,,,,,,
Kynu,plex_1,0.82,0.84,0.76,0.58,0.69,0.64,,,,,,
Lpcat3,plex_1,1.62,1.58,1.38,1.04,0.85,0.7,,,,,,
Sh3gl2,plex_1,1.54,,0.98,,,0.52,,,,,,
Dnajc2,plex_1,3.04,1.98,1.68,1.64,1.53,,,,,,,
Prpf4,plex_1,0.75,,0.61,,1.13,,,,,,,
Prpf4,plex_1,0.75,,0.61,,1.13,,,,,,,
Vrk3,plex_1,,,,,,,,,,,,
Ddx39a,plex_1,1.06,1.06,0.94,0.73,0.66,0.52,,,,,,
Ttc7a,plex_1,1.1,1.59,,,,,,,,,,
Lrrc57,plex_1,1.19,1.18,0.93,0.82,0.81,0.63,,,,,,
Eml4,plex_1,1.5,1.31,1.09,1.2,1.29,0.8,,,,,,
Supt6h,plex_1,1.27,1.11,1.07,0.92,0.92,0.59,,,,,,
Ccdc53,plex_1,1.2,1.23,0.93,0.8,0.86,0.53,,,,,,
Ccdc53,plex_1,1.2,1.23,0.93,0.8,0.86,0.53,,,,,,
Vps25,plex_1,1.73,1.48,1.34,1.32,1.12,0.64,,,,,,
Vps25,plex_1,1.73,1.48,1.34,1.32,1.12,0.64,,,,,,
Vps25,plex_1,1.73,1.48,1.34,1.32,1.12,0.64,,,,,,
Vps25,plex_1,1.73,1.48,1.34,1.32,1.12,0.64,,,,,,
,plex_1,1.57,1.17,1.6,1.63,1.28,0.61,,,,,,
Faf1,plex_1,0.37,,,,0.73,,,,,,,
Smarcb1,plex_1,,,,,,,,,,,,
Smarcb1,plex_1,,,,,,,,,,,,
Galnt2,plex_1,1.62,1.52,1.19,0.99,0.81,0.6,,,,,,
Scrn1,plex_1,,,,,,,,,,,,
Tmem19,plex_1,1.32,0.99,1.02,0.76,0.68,0.45,,,,,,
Tmem19,plex_1,1.32,0.99,1.02,0.76,0.68,0.45,,,,,,
Ubqln2,plex_1,1.26,1.36,1.42,0.69,0.42,0.58,,,,,,
Rexo2,plex_1,1.2,1.13,1.08,0.81,0.68,0.34,,,,,,
Rexo2,plex_1,1.2,1.13,1.08,0.81,0.68,0.34,,,,,,
Rexo2,plex_1,1.2,1.13,1.08,0.81,0.68,0.34,,,,,,
Rexo2,plex_1,1.2,1.13,1.08,0.81,0.68,0.34,,,,,,
Myo6,plex_1,0.98,1.08,1.2,0.76,0.6,0.79,,,,,,
Snx8,plex_1,1.55,1.58,1.11,0.82,0.73,0.55,,,,,,
Snx8,plex_1,1.55,1.58,1.11,0.82,0.73,0.55,,,,,,
Snx8,plex_1,1.55,1.58,1.11,0.82,0.73,0.55,,,,,,
Tmtc3,plex_1,1.37,1.02,1.25,1.0,0.73,0.4,,,,,,
Tmtc3,plex_1,1.37,1.02,1.25,1.0,0.73,0.4,,,,,,
Wbscr27,plex_1,0.72,1.06,0.85,0.98,0.96,0.51,,,,,,
Wbscr27,plex_1,0.72,1.06,0.85,0.98,0.96,0.51,,,,,,
Vps16,plex_1,1.43,1.28,1.26,1.11,0.87,0.69,,,,,,
Vps16,plex_1,1.43,1.28,1.26,1.11,0.87,0.69,,,,,,
Abcf2,plex_1,0.92,1.12,1.33,0.9,0.88,0.76,,,,,,
Tjp3,plex_1,1.24,0.78,1.04,1.05,0.81,0.58,,,,,,
Tjp3,plex_1,1.24,0.78,1.04,1.05,0.81,0.58,,,,,,
Tjp3,plex_1,1.24,0.78,1.04,1.05,0.81,0.58,,,,,,
Svil,plex_1,,0.95,1.15,0.8,1.11,,,,,,,
Pgm5,plex_1,1.12,1.31,1.51,0.63,0.71,0.68,,,,,,
Exoc3,plex_1,1.24,1.18,0.9,0.68,0.69,0.51,,,,,,
Exoc3,plex_1,1.24,1.18,0.9,0.68,0.69,0.51,,,,,,
Pdia5,plex_1,1.18,1.15,0.97,1.15,0.62,0.44,,,,,,
Vta1,plex_1,1.34,1.31,1.27,1.04,0.93,0.5,,,,,,
Pfdn2,plex_1,1.16,1.0,1.44,1.06,0.63,0.29,,,,,,
Mcu,plex_1,1.03,0.99,0.72,0.71,0.62,0.98,,,,,,
Sh3glb2,plex_1,1.23,0.87,0.92,0.86,0.85,0.52,,,,,,
Sh3glb2,plex_1,1.23,0.87,0.92,0.86,0.85,0.52,,,,,,
Sh3glb2,plex_1,1.23,0.87,0.92,0.86,0.85,0.52,,,,,,
Sh3glb2,plex_1,1.23,0.87,0.92,0.86,0.85,0.52,,,,,,
Sh3glb2,plex_1,1.23,0.87,0.92,0.86,0.85,0.52,,,,,,
Nagk,plex_1,1.38,1.17,1.16,1.04,0.8,0.81,,,,,,
,plex_1,1.55,1.12,1.19,1.11,0.69,1.09,,,,,,
,plex_1,1.55,1.12,1.19,1.11,0.69,1.09,,,,,,
Cobll1,plex_1,0.83,0.94,0.56,0.89,1.01,,,,,,,
Tsen34,plex_1,1.64,1.67,1.33,0.93,1.2,0.89,,,,,,
Tsen34,plex_1,1.64,1.67,1.33,0.93,1.2,0.89,,,,,,
Tsen34,plex_1,1.64,1.67,1.33,0.93,1.2,0.89,,,,,,
Tsen34,plex_1,1.64,1.67,1.33,0.93,1.2,0.89,,,,,,
Sdf4,plex_1,,0.79,,0.76,,,,,,,,
Nrbp1,plex_1,1.16,1.19,1.41,1.27,0.71,0.6,,,,,,
Nrbp1,plex_1,1.16,1.19,1.41,1.27,0.71,0.6,,,,,,
Nrbp1,plex_1,1.16,1.19,1.41,1.27,0.71,0.6,,,,,,
Slc1a1,plex_1,2.12,1.58,2.16,0.59,0.89,0.8,,,,,,
Wbp2,plex_1,1.43,1.28,0.81,0.84,0.74,0.56,,,,,,
Wbp2,plex_1,1.43,1.28,0.81,0.84,0.74,0.56,,,,,,
Rtca,plex_1,1.68,0.95,0.99,1.08,0.99,0.64,,,,,,
Rtca,plex_1,1.68,0.95,0.99,1.08,0.99,0.64,,,,,,
RtcA,plex_1,1.68,0.95,0.99,1.08,0.99,0.64,,,,,,
Rtca,plex_1,1.68,0.95,0.99,1.08,0.99,0.64,,,,,,
Rtca,plex_1,1.68,0.95,0.99,1.08,0.99,0.64,,,,,,
Snrpc,plex_1,1.45,0.74,1.1,0.95,0.24,0.31,,,,,,
Itih5,plex_1,1.26,1.32,1.14,0.87,0.75,0.55,,,,,,
St14,plex_1,1.28,0.85,1.29,1.76,1.04,0.68,,,,,,
Wbp11,plex_1,1.83,1.73,1.09,1.59,1.04,0.82,,,,,,
Wbp11,plex_1,1.83,1.73,1.09,1.59,1.04,0.82,,,,,,
Wbp11,plex_1,1.83,1.73,1.09,1.59,1.04,0.82,,,,,,
Trim3,plex_1,1.6,1.06,0.69,0.7,1.33,0.58,,,,,,
Slc9a6,plex_1,1.65,1.17,1.1,1.07,0.93,0.54,,,,,,
Slc9a6,plex_1,1.65,1.17,1.1,1.07,0.93,0.54,,,,,,
Slc9a6,plex_1,1.65,1.17,1.1,1.07,0.93,0.54,,,,,,
Pnn,plex_1,1.38,1.24,0.86,0.82,0.63,0.47,,,,,,
Pnn,plex_1,1.38,1.24,0.86,0.82,0.63,0.47,,,,,,
Phactr4,plex_1,0.91,0.73,0.75,0.98,0.96,0.69,,,,,,
Phactr4,plex_1,0.91,0.73,0.75,0.98,0.96,0.69,,,,,,
Appl1,plex_1,1.7,1.62,1.08,1.68,1.15,0.82,,,,,,
Mrps33,plex_1,1.11,1.09,1.08,0.96,0.48,0.5,,,,,,
Pacs1,plex_1,1.06,1.1,0.9,0.81,,,,,,,,
Pacs1,plex_1,1.06,1.1,0.9,0.81,,,,,,,,
Pacs1,plex_1,1.06,1.1,0.9,0.81,,,,,,,,
Ppil1,plex_1,1.18,1.12,1.0,0.8,0.91,0.59,,,,,,
Ppil1,plex_1,1.18,1.12,1.0,0.8,0.91,0.59,,,,,,
Mydgf,plex_1,1.27,1.23,1.12,0.86,0.78,0.58,,,,,,
Nup155,plex_1,1.43,0.9,1.05,1.03,0.74,0.52,,,,,,
Nup155,plex_1,1.43,0.9,1.05,1.03,0.74,0.52,,,,,,
Nup155,plex_1,1.43,0.9,1.05,1.03,0.74,0.52,,,,,,
Nup155,plex_1,1.43,0.9,1.05,1.03,0.74,0.52,,,,,,
Ptms,plex_1,1.01,0.79,0.73,1.27,0.71,0.86,,,,,,
Maob,plex_1,1.47,2.05,1.31,1.07,0.92,1.38,,,,,,
Slc25a22,plex_1,1.25,1.3,0.74,1.11,1.12,0.62,,,,,,
Slc25a22,plex_1,1.25,1.3,0.74,1.11,1.12,0.62,,,,,,
Slc25a22,plex_1,1.25,1.3,0.74,1.11,1.12,0.62,,,,,,
Trmu,plex_1,2.16,1.71,1.21,1.08,1.26,0.67,,,,,,
Osbpl9,plex_1,0.55,0.95,1.53,0.65,0.7,0.71,,,,,,
Osbpl9,plex_1,0.55,0.95,1.53,0.65,0.7,0.71,,,,,,
Osbpl9,plex_1,0.55,0.95,1.53,0.65,0.7,0.71,,,,,,
Osbpl9,plex_1,0.55,0.95,1.53,0.65,0.7,0.71,,,,,,
Osbpl9,plex_1,0.55,0.95,1.53,0.65,0.7,0.71,,,,,,
Osbpl9,plex_1,0.55,0.95,1.53,0.65,0.7,0.71,,,,,,
Osbpl9,plex_1,0.55,0.95,1.53,0.65,0.7,0.71,,,,,,
Rheb,plex_1,1.72,1.16,1.47,1.18,1.0,0.59,,,,,,
Rheb,plex_1,1.72,1.16,1.47,1.18,1.0,0.59,,,,,,
Cherp,plex_1,1.01,1.05,1.0,0.87,0.76,0.48,,,,,,
Nt5c3b,plex_1,0.66,0.71,,0.91,0.7,,,,,,,
Nt5c3b,plex_1,0.66,0.71,,0.91,0.7,,,,,,,
Nt5c3b,plex_1,0.66,0.71,,0.91,0.7,,,,,,,
Yars2,plex_1,1.15,0.92,1.02,0.82,0.56,0.61,,,,,,
Ptprf,plex_1,1.33,1.33,1.22,0.8,1.26,0.69,,,,,,
Slc1a5,plex_1,2.55,1.59,1.95,1.98,1.23,0.91,,,,,,
Slc1a5,plex_1,2.55,1.59,1.95,1.98,1.23,0.91,,,,,,
Slc1a5,plex_1,2.55,1.59,1.95,1.98,1.23,0.91,,,,,,
Rnps1,plex_1,1.58,1.39,1.98,1.36,1.04,0.7,,,,,,
Akr1c13,plex_1,1.33,1.16,0.93,1.02,0.75,0.52,,,,,,
Tm9sf4,plex_1,1.09,1.14,0.73,0.8,0.81,0.4,,,,,,
Hmga1,plex_1,1.04,1.06,0.94,1.33,0.62,0.56,,,,,,
Hdac2,plex_1,1.61,1.26,1.51,1.18,0.85,0.81,,,,,,
Cul1,plex_1,1.13,1.13,1.1,1.05,0.98,0.63,,,,,,
Mrps31,plex_1,1.77,1.51,1.61,1.62,1.07,0.47,,,,,,
Ppp6c,plex_1,1.48,1.22,1.06,1.0,0.98,0.62,,,,,,
Ppp6c,plex_1,1.48,1.22,1.06,1.0,0.98,0.62,,,,,,
Tradd,plex_1,1.21,0.77,1.33,1.0,1.06,,,,,,,
Fam84b,plex_1,,1.0,0.46,1.24,,0.45,,,,,,
Arl2,plex_1,,,,,,,,,,,,
Mapkapk2,plex_1,,,,,,,,,,,,
Srpra,plex_1,1.1,1.32,1.13,0.89,0.81,0.46,,,,,,
Fam98c,plex_1,2.53,1.75,,1.92,2.04,,,,,,,
Pptc7,plex_1,1.77,1.07,0.71,1.15,1.51,1.12,,,,,,
Rpa3,plex_1,,,,,,,,,,,,
Kdelc2,plex_1,1.01,0.96,0.95,0.69,0.57,0.64,,,,,,
Stk10,plex_1,1.99,1.33,1.98,1.58,2.08,0.36,,,,,,
Stk10,plex_1,1.99,1.33,1.98,1.58,2.08,0.36,,,,,,
Stk10,plex_1,1.99,1.33,1.98,1.58,2.08,0.36,,,,,,
Ahnak2,plex_1,2.29,1.32,1.55,0.99,1.43,0.63,,,,,,
Ranbp3,plex_1,0.92,0.87,0.77,0.8,0.53,0.57,,,,,,
Rragc,plex_1,1.06,1.12,1.19,1.24,0.93,0.41,,,,,,
Nedd4l,plex_1,1.39,1.27,1.2,1.12,0.81,0.36,,,,,,
L1cam,plex_1,1.34,1.09,0.94,0.94,0.93,0.54,,,,,,
Fabp7,plex_1,1.17,1.35,1.06,0.68,0.64,0.33,,,,,,
Fabp7,plex_1,1.17,1.35,1.06,0.68,0.64,0.33,,,,,,
Fabp7,plex_1,1.17,1.35,1.06,0.68,0.64,0.33,,,,,,
Arfgef1,plex_1,1.15,1.03,1.22,1.04,0.77,0.45,,,,,,
Pxmp2,plex_1,1.83,1.63,1.87,1.41,0.57,0.67,,,,,,
Dhx38,plex_1,1.38,1.06,0.98,1.08,1.37,0.49,,,,,,
Inpp5b,plex_1,1.2,1.08,1.0,1.02,0.49,0.45,,,,,,
Inpp5b,plex_1,1.2,1.08,1.0,1.02,0.49,0.45,,,,,,
Taok3,plex_1,1.64,1.71,1.16,1.1,0.84,0.64,,,,,,
Taok3,plex_1,1.64,1.71,1.16,1.1,0.84,0.64,,,,,,
Alg5,plex_1,1.5,1.21,1.97,1.09,1.08,0.5,,,,,,
Hddc2,plex_1,1.52,1.35,1.31,1.58,1.06,0.95,,,,,,
Pam16,plex_1,1.18,1.37,0.81,0.53,0.84,0.58,,,,,,
Cpa1,plex_1,2.56,0.86,1.16,0.87,0.7,0.95,,,,,,
Mff,plex_1,1.73,1.01,0.49,0.32,0.65,,,,,,,
Mff,plex_1,1.73,1.01,0.49,0.32,0.65,,,,,,,
Mff,plex_1,1.73,1.01,0.49,0.32,0.65,,,,,,,
Qrsl1,plex_1,1.0,1.12,1.2,0.56,0.64,0.63,,,,,,
Clcc1,plex_1,1.77,1.17,1.19,1.14,0.56,0.61,,,,,,
Clcc1,plex_1,1.77,1.17,1.19,1.14,0.56,0.61,,,,,,
Ttc19,plex_1,0.91,0.94,0.89,0.78,0.68,0.5,,,,,,
Ttc19,plex_1,0.91,0.94,0.89,0.78,0.68,0.5,,,,,,
Cd63,plex_1,0.98,1.15,0.96,0.91,0.49,0.54,,,,,,
Lmf2,plex_1,,,,,,,,,,,,
Pcbd2,plex_1,1.18,1.02,1.08,0.82,0.84,0.62,,,,,,
Ctps1,plex_1,1.85,1.77,2.24,1.34,1.07,1.78,,,,,,
Nisch,plex_1,1.24,1.14,1.03,1.14,0.7,0.63,,,,,,
Bzw2,plex_1,1.44,0.97,1.34,1.1,0.53,0.53,,,,,,
Arl6ip5,plex_1,1.17,1.26,1.05,1.08,0.59,0.48,,,,,,
Cbx5,plex_1,0.85,0.82,0.54,0.62,0.65,0.7,,,,,,
Creg1,plex_1,0.6,1.19,1.68,0.63,1.2,0.49,,,,,,
Cadm1,plex_1,1.43,1.02,1.24,1.02,0.53,0.9,,,,,,
Cadm1,plex_1,1.43,1.02,1.24,1.02,0.53,0.9,,,,,,
Cadm1,plex_1,1.43,1.02,1.24,1.02,0.53,0.9,,,,,,
Cadm1,plex_1,1.43,1.02,1.24,1.02,0.53,0.9,,,,,,
Cadm1,plex_1,1.43,1.02,1.24,1.02,0.53,0.9,,,,,,
Cadm1,plex_1,1.43,1.02,1.24,1.02,0.53,0.9,,,,,,
Cadm1,plex_1,1.43,1.02,1.24,1.02,0.53,0.9,,,,,,
Slc25a35,plex_1,1.36,1.2,1.02,0.95,0.83,0.51,,,,,,
Stx4,plex_1,0.88,0.63,0.58,1.0,0.48,,,,,,,
Fkbp9,plex_1,3.27,2.55,2.72,2.19,1.47,0.76,,,,,,
Qrich1,plex_1,0.87,1.0,0.8,1.03,1.02,0.31,,,,,,
Qrich1,plex_1,0.87,1.0,0.8,1.03,1.02,0.31,,,,,,
Rdh11,plex_1,1.22,1.08,1.14,1.04,0.6,0.58,,,,,,
Srsf5,plex_1,1.5,1.37,1.52,1.06,0.86,0.77,,,,,,
Srsf5,plex_1,1.5,1.37,1.52,1.06,0.86,0.77,,,,,,
Fam177a1,plex_1,,,,,,,,,,,,
,plex_1,,,,,,,,,,,,
Acacb,plex_1,1.71,1.48,1.25,1.2,0.62,0.53,,,,,,
Znf830,plex_1,0.65,0.9,1.0,0.84,0.99,,,,,,,
Fetub,plex_1,1.27,0.85,1.26,1.26,0.98,0.57,,,,,,
H2-Ab1,plex_1,1.3,1.24,1.29,1.31,1.39,0.52,,,,,,
Pank4,plex_1,0.98,0.66,1.2,0.61,0.69,0.4,,,,,,
Dhtkd1,plex_1,0.82,0.76,0.72,1.5,1.47,0.55,,,,,,
Anxa6,plex_1,,,,,,,,,,,,
Cyfip2,plex_1,1.36,1.74,1.31,0.99,0.74,0.77,,,,,,
Guk1,plex_1,0.91,1.36,1.23,0.95,1.13,0.79,,,,,,
Srgap2,plex_1,1.33,1.05,1.41,0.82,0.66,0.46,,,,,,
Srgap2,plex_1,1.33,1.05,1.41,0.82,0.66,0.46,,,,,,
A1cf,plex_1,1.28,0.95,0.83,0.8,0.59,0.41,,,,,,
A1cf,plex_1,1.28,0.95,0.83,0.8,0.59,0.41,,,,,,
Gltp,plex_1,1.9,1.28,1.57,2.04,1.01,0.87,,,,,,
Gltp,plex_1,1.9,1.28,1.57,2.04,1.01,0.87,,,,,,
Gltp,plex_1,1.9,1.28,1.57,2.04,1.01,0.87,,,,,,
Gltp,plex_1,1.9,1.28,1.57,2.04,1.01,0.87,,,,,,
Atp6v0c,plex_1,1.2,1.12,0.81,0.56,0.33,0.72,,,,,,
Atp6v0c,plex_1,1.2,1.12,0.81,0.56,0.33,0.72,,,,,,
Atp6v0c,plex_1,1.2,1.12,0.81,0.56,0.33,0.72,,,,,,
Atp6v0c,plex_1,1.2,1.12,0.81,0.56,0.33,0.72,,,,,,
Wdr18,plex_1,1.74,1.61,1.19,1.4,1.04,0.6,,,,,,
Wdr18,plex_1,1.74,1.61,1.19,1.4,1.04,0.6,,,,,,
Tacc1,plex_1,2.58,1.35,1.18,0.8,0.57,0.78,,,,,,
Smpd2,plex_1,1.52,1.01,1.28,0.85,0.68,0.73,,,,,,
Aqp3,plex_1,0.87,0.7,1.03,0.92,3.85,0.42,,,,,,
Baz1b,plex_1,1.18,1.36,1.29,0.73,0.56,0.67,,,,,,
Pex14,plex_1,1.38,0.92,1.25,1.18,1.01,0.69,,,,,,
Ankmy2,plex_1,,,,,,,,,,,,
Tbc1d9b,plex_1,1.21,1.08,1.25,1.07,0.88,0.4,,,,,,
Tbc1d9b,plex_1,1.21,1.08,1.25,1.07,0.88,0.4,,,,,,
Spink1,plex_1,1.48,1.21,1.36,0.87,0.74,0.43,,,,,,
Cisd2,plex_1,1.44,1.12,1.05,1.08,0.82,0.52,,,,,,
Cisd2,plex_1,1.44,1.12,1.05,1.08,0.82,0.52,,,,,,
Yap1,plex_1,1.38,1.1,1.13,1.06,0.69,0.58,,,,,,
Yap1,plex_1,1.38,1.1,1.13,1.06,0.69,0.58,,,,,,
Yap1,plex_1,1.38,1.1,1.13,1.06,0.69,0.58,,,,,,
Yap1,plex_1,1.38,1.1,1.13,1.06,0.69,0.58,,,,,,
Yap1,plex_1,1.38,1.1,1.13,1.06,0.69,0.58,,,,,,
Yap1,plex_1,1.38,1.1,1.13,1.06,0.69,0.58,,,,,,
Tom1,plex_1,1.57,1.24,1.13,1.16,0.78,0.66,,,,,,
Atxn3,plex_1,,,,,,,,,,,,
Chmp1a,plex_1,1.27,1.5,1.25,0.88,0.89,0.45,,,,,,
Hmgb2,plex_1,0.93,0.91,1.05,0.81,0.48,0.37,,,,,,
Hmgb2,plex_1,0.93,0.91,1.05,0.81,0.48,0.37,,,,,,
Hmgb2,plex_1,0.93,0.91,1.05,0.81,0.48,0.37,,,,,,
TCAIM,plex_1,1.03,0.91,0.73,0.68,0.75,0.5,,,,,,
Pggt1b,plex_1,1.08,1.46,1.84,1.62,1.25,0.58,,,,,,
Pggt1b,plex_1,1.08,1.46,1.84,1.62,1.25,0.58,,,,,,
,plex_1,1.24,1.16,1.14,0.98,0.71,0.38,,,,,,
Mrpl33,plex_1,1.24,1.16,1.14,0.98,0.71,0.38,,,,,,
Tbc1d4,plex_1,1.63,1.0,1.51,1.18,0.92,0.71,,,,,,
Rfk,plex_1,1.28,1.0,1.09,0.85,0.69,0.58,,,,,,
Bola3,plex_1,1.13,1.11,0.87,0.71,0.61,0.5,,,,,,
Rbpms2,plex_1,1.07,1.07,0.84,0.61,0.2,0.76,,,,,,
Rbpms2,plex_1,1.07,1.07,0.84,0.61,0.2,0.76,,,,,,
Ces2b,plex_1,1.96,1.55,2.63,0.45,0.43,,,,,,,
Tbc1d23,plex_1,1.58,1.28,1.97,1.37,1.21,0.47,,,,,,
Eva1a,plex_1,0.72,0.69,0.71,0.36,0.4,0.18,,,,,,
Pxmp4,plex_1,1.6,1.46,1.46,0.95,1.4,0.51,,,,,,
Pea15,plex_1,1.26,1.04,1.14,1.03,0.82,0.51,,,,,,
Ist1,plex_1,1.08,1.14,0.93,0.78,0.99,0.46,,,,,,
Mtpn,plex_1,1.74,1.31,1.15,1.06,1.23,0.56,,,,,,
Foxred1,plex_1,1.58,0.92,1.43,0.96,1.02,0.32,,,,,,
Foxred1,plex_1,1.58,0.92,1.43,0.96,1.02,0.32,,,,,,
Mrpl38,plex_1,1.32,0.99,1.15,0.83,0.71,0.53,,,,,,
Cadm4,plex_1,0.89,1.12,0.79,1.02,0.98,0.56,,,,,,
Pafah1b3,plex_1,1.07,1.27,1.39,0.95,1.31,0.41,,,,,,
Abcc6,plex_1,1.54,,0.41,,,,,,,,,
Plekha5,plex_1,1.11,1.07,1.1,1.33,0.98,0.91,,,,,,
Plekha5,plex_1,1.11,1.07,1.1,1.33,0.98,0.91,,,,,,
Ccsmst1,plex_1,0.96,0.78,0.72,1.34,0.68,0.51,,,,,,
Pigs,plex_1,1.3,0.97,1.09,0.94,0.87,0.38,,,,,,
Ears2,plex_1,2.17,1.09,1.45,1.79,0.94,0.99,,,,,,
Eif1a,plex_1,1.7,1.64,1.81,1.35,1.11,0.45,,,,,,
Eif1a,plex_1,1.7,1.64,1.81,1.35,1.11,0.45,,,,,,
Eif1ax,plex_1,1.7,1.64,1.81,1.35,1.11,0.45,,,,,,
Prmt5,plex_1,2.6,,0.43,1.59,,,,,,,,
Fundc2,plex_1,1.23,1.37,1.29,0.66,1.06,0.42,,,,,,
Erh,plex_1,1.31,1.34,1.23,0.97,0.95,0.43,,,,,,
Erh,plex_1,1.31,1.34,1.23,0.97,0.95,0.43,,,,,,
Dr1,plex_1,0.89,0.74,0.77,0.92,0.76,0.52,,,,,,
Dr1,plex_1,0.89,0.74,0.77,0.92,0.76,0.52,,,,,,
Slc2a5,plex_1,,,,,,,,,,,,
Scgb1a1,plex_1,1.93,1.14,1.36,1.05,0.92,0.68,,,,,,
Ppox,plex_1,1.5,1.37,1.63,0.88,1.42,0.55,,,,,,
Ppox,plex_1,1.5,1.37,1.63,0.88,1.42,0.55,,,,,,
Gm5571,plex_1,2.31,0.03,0.95,1.91,0.18,0.55,,,,,,
Igkv9-120,plex_1,2.31,0.03,0.95,1.91,0.18,0.55,,,,,,
Rpap3,plex_1,1.44,1.06,1.1,1.07,0.92,0.62,,,,,,
Lrrc19,plex_1,,,,,,,,,,,,
Vps4a,plex_1,1.12,1.05,1.14,0.47,0.55,0.68,,,,,,
Phykpl,plex_1,1.89,1.27,1.17,1.16,0.77,0.86,,,,,,
Ppl,plex_1,1.01,0.93,0.62,0.91,0.97,0.55,,,,,,
Cpsf1,plex_1,0.93,1.16,0.91,0.74,0.74,0.53,,,,,,
Exoc7,plex_1,1.3,1.22,1.49,1.24,0.92,0.53,,,,,,
Exoc7,plex_1,1.3,1.22,1.49,1.24,0.92,0.53,,,,,,
Fen1,plex_1,0.94,0.73,0.67,0.56,0.48,0.62,,,,,,
Shpk,plex_1,1.1,1.35,0.79,0.81,1.02,0.5,,,,,,
Ybx3,plex_1,1.22,0.84,0.75,1.29,0.5,0.51,,,,,,
Nck1,plex_1,1.48,1.31,1.0,1.08,0.83,0.49,,,,,,
Actn1,plex_1,1.5,0.89,2.41,0.94,1.33,0.61,,,,,,
Reg1,plex_1,1.65,,1.62,0.28,0.76,0.45,,,,,,
Reg1,plex_1,1.65,,1.62,0.28,0.76,0.45,,,,,,
Map2k3,plex_1,1.79,1.67,1.03,0.98,1.24,0.53,,,,,,
Map2k3,plex_1,1.79,1.67,1.03,0.98,1.24,0.53,,,,,,
Map2k3,plex_1,1.79,1.67,1.03,0.98,1.24,0.53,,,,,,
Map2k3,plex_1,1.79,1.67,1.03,0.98,1.24,0.53,,,,,,
Map2k3,plex_1,1.79,1.67,1.03,0.98,1.24,0.53,,,,,,
Cutc,plex_1,1.1,1.08,0.94,1.28,0.84,1.25,,,,,,
Cutc,plex_1,1.1,1.08,0.94,1.28,0.84,1.25,,,,,,
Cutc,plex_1,1.1,1.08,0.94,1.28,0.84,1.25,,,,,,
Cutc,plex_1,1.1,1.08,0.94,1.28,0.84,1.25,,,,,,
Sypl1,plex_1,1.51,1.73,1.39,1.4,0.89,0.58,,,,,,
Sypl,plex_1,1.51,1.73,1.39,1.4,0.89,0.58,,,,,,
Scyl1,plex_1,2.23,1.39,1.55,1.58,1.53,1.14,,,,,,
Cobl,plex_1,1.41,1.49,1.17,1.41,0.94,0.66,,,,,,
Cobl,plex_1,1.41,1.49,1.17,1.41,0.94,0.66,,,,,,
Cobl,plex_1,1.41,1.49,1.17,1.41,0.94,0.66,,,,,,
Gale,plex_1,0.84,1.32,1.17,1.07,1.29,,,,,,,
Tmem205,plex_1,1.01,1.29,0.97,0.82,0.64,0.68,,,,,,
Lcmt1,plex_1,1.49,1.12,1.03,0.86,0.74,0.61,,,,,,
Lcmt1,plex_1,1.49,1.12,1.03,0.86,0.74,0.61,,,,,,
Acap2,plex_1,1.51,1.36,0.91,1.25,1.11,0.57,,,,,,
Acap2,plex_1,1.51,1.36,0.91,1.25,1.11,0.57,,,,,,
Ppp1r14b,plex_1,1.38,0.96,1.47,0.92,0.6,0.39,,,,,,
Rock1,plex_1,1.55,1.46,1.36,1.02,0.98,0.71,,,,,,
Rock1,plex_1,1.55,1.46,1.36,1.02,0.98,0.71,,,,,,
,plex_1,1.32,1.14,1.15,0.77,0.7,0.4,,,,,,
Cspg4,plex_1,1.4,1.22,1.67,1.33,0.87,0.54,,,,,,
Ptgis,plex_1,2.51,1.23,1.99,1.11,1.15,0.92,,,,,,
Ptgis,plex_1,2.51,1.23,1.99,1.11,1.15,0.92,,,,,,
Actl6a,plex_1,1.24,1.73,1.5,1.35,0.85,0.41,,,,,,
Sars2,plex_1,2.59,2.02,3.1,2.74,0.91,0.77,,,,,,
Spryd7,plex_1,,,,,,,,,,,,
Cog7,plex_1,1.52,1.42,1.55,0.8,1.0,0.82,,,,,,
Efr3a,plex_1,1.63,0.81,1.71,1.1,1.2,0.66,,,,,,
Efr3a,plex_1,1.63,0.81,1.71,1.1,1.2,0.66,,,,,,
Sra1,plex_1,1.37,0.78,0.57,1.28,0.69,,,,,,,
Sra1,plex_1,1.37,0.78,0.57,1.28,0.69,,,,,,,
Pcbp3,plex_1,0.73,0.89,1.21,0.93,0.76,0.63,,,,,,
Pcbp3,plex_1,0.73,0.89,1.21,0.93,0.76,0.63,,,,,,
Mrpl23,plex_1,,,,,,,,,,,,
Mrpl23,plex_1,,,,,,,,,,,,
Psmd10,plex_1,1.82,2.02,1.59,2.29,1.13,0.81,,,,,,
Fadd,plex_1,1.12,1.05,1.09,0.98,0.81,0.52,,,,,,
Abr,plex_1,,2.02,1.08,2.58,2.76,,,,,,,
Abr,plex_1,,2.02,1.08,2.58,2.76,,,,,,,
Abr,plex_1,,2.02,1.08,2.58,2.76,,,,,,,
Igkv6-15,plex_1,0.81,0.37,1.03,0.45,0.57,0.26,,,,,,
Tmem143,plex_1,1.18,1.1,1.0,0.97,0.79,0.62,,,,,,
Tmem143,plex_1,1.18,1.1,1.0,0.97,0.79,0.62,,,,,,
Tmem143,plex_1,1.18,1.1,1.0,0.97,0.79,0.62,,,,,,
Slc44a4,plex_1,1.15,0.95,1.14,0.56,0.65,0.72,,,,,,
Dsp,plex_1,1.56,1.2,0.93,1.04,0.78,0.6,,,,,,
Ano10,plex_1,1.71,1.34,1.5,1.08,0.9,0.54,,,,,,
Ano10,plex_1,1.71,1.34,1.5,1.08,0.9,0.54,,,,,,
Ano10,plex_1,1.71,1.34,1.5,1.08,0.9,0.54,,,,,,
Ipo4,plex_1,1.2,0.95,1.23,1.14,1.16,0.56,,,,,,
Fn3k,plex_1,1.18,0.69,1.2,0.95,0.65,0.85,,,,,,
Slc2a2,plex_1,1.54,1.41,1.05,0.73,0.68,0.63,,,,,,
Cisd3,plex_1,1.39,1.17,1.15,0.92,1.01,0.53,,,,,,
Cisd3,plex_1,1.39,1.17,1.15,0.92,1.01,0.53,,,,,,
Cisd3,plex_1,1.39,1.17,1.15,0.92,1.01,0.53,,,,,,
Cisd3,plex_1,1.39,1.17,1.15,0.92,1.01,0.53,,,,,,
Slc37a4,plex_1,0.93,1.11,0.97,1.08,0.63,0.74,,,,,,
Mrpl19,plex_1,1.65,1.54,1.51,1.72,0.9,1.37,,,,,,
Mrpl19,plex_1,1.65,1.54,1.51,1.72,0.9,1.37,,,,,,
Reg2,plex_1,,,6.33,,,,,,,,,
Ptgds,plex_1,,,,,,,,,,,,
Ptgds,plex_1,,,,,,,,,,,,
Rer1,plex_1,1.63,1.35,1.56,1.07,0.86,0.52,,,,,,
Ankle2,plex_1,1.7,1.09,1.19,1.18,0.81,0.47,,,,,,
Ankle2,plex_1,1.7,1.09,1.19,1.18,0.81,0.47,,,,,,
Ankle2,plex_1,1.7,1.09,1.19,1.18,0.81,0.47,,,,,,
Macf1,plex_1,2.22,1.34,1.61,1.37,0.9,0.8,,,,,,
Klc1,plex_1,1.3,0.77,1.04,0.74,0.77,0.42,,,,,,
Plau,plex_1,2.11,1.51,1.22,0.84,1.09,1.0,,,,,,
Fdps,plex_1,1.34,1.23,1.75,1.19,0.77,0.38,,,,,,
Eif2b2,plex_1,1.44,1.07,1.23,1.01,0.85,0.59,,,,,,
Eif2b2,plex_1,1.44,1.07,1.23,1.01,0.85,0.59,,,,,,
Lxn,plex_1,1.39,0.9,1.06,0.71,0.35,,,,,,,
Etv6,plex_1,1.4,1.11,1.51,0.95,0.58,0.53,,,,,,
Etv6,plex_1,1.4,1.11,1.51,0.95,0.58,0.53,,,,,,
Etv6,plex_1,1.4,1.11,1.51,0.95,0.58,0.53,,,,,,
Etv6,plex_1,1.4,1.11,1.51,0.95,0.58,0.53,,,,,,
Etv6,plex_1,1.4,1.11,1.51,0.95,0.58,0.53,,,,,,
Etv6,plex_1,1.4,1.11,1.51,0.95,0.58,0.53,,,,,,
Etv6,plex_1,1.4,1.11,1.51,0.95,0.58,0.53,,,,,,
Mrpl53,plex_1,1.19,1.0,1.03,0.71,0.76,0.41,,,,,,
Gcc2,plex_1,1.82,1.4,,0.57,,,,,,,,
Cdh2,plex_1,2.29,1.78,2.8,1.65,1.6,1.18,,,,,,
Mob4,plex_1,2.03,0.83,1.24,1.87,1.41,1.24,,,,,,
Ptk2b,plex_1,1.08,1.09,0.94,0.94,1.16,0.47,,,,,,
Aamdc,plex_1,1.1,1.53,1.24,1.19,1.06,1.56,,,,,,
C4b,plex_1,13.94,6.86,4.22,2.5,7.23,1.79,,,,,,
Ppp1r8,plex_1,8.08,3.94,6.86,6.16,3.38,1.5,,,,,,
Ppp1r8,plex_1,8.08,3.94,6.86,6.16,3.38,1.5,,,,,,
Abhd4,plex_1,1.14,1.31,0.92,0.72,0.9,0.57,,,,,,
Pkn2,plex_1,1.78,1.71,1.61,1.09,0.86,0.44,,,,,,
Pkn2,plex_1,1.78,1.71,1.61,1.09,0.86,0.44,,,,,,
Wdr61,plex_1,2.0,1.42,1.81,1.22,1.37,0.28,,,,,,
Wdr61,plex_1,2.0,1.42,1.81,1.22,1.37,0.28,,,,,,
Wdr61,plex_1,2.0,1.42,1.81,1.22,1.37,0.28,,,,,,
Wdr61,plex_1,2.0,1.42,1.81,1.22,1.37,0.28,,,,,,
Ago2,plex_1,1.59,1.22,0.9,0.84,1.01,0.66,,,,,,
Agtrap,plex_1,1.3,1.31,0.8,1.13,1.62,0.36,,,,,,
Ncbp1,plex_1,1.51,1.48,1.41,1.4,1.52,0.93,,,,,,
Nup210,plex_1,1.47,1.03,1.42,0.89,0.81,0.52,,,,,,
Nup210,plex_1,1.47,1.03,1.42,0.89,0.81,0.52,,,,,,
Ubfd1,plex_1,1.52,1.51,1.51,1.17,0.95,0.56,,,,,,
Igk,plex_1,,,,,,,,,,,,
Limd1,plex_1,0.65,,,,,,,,,,,
,plex_1,1.29,1.17,0.64,0.58,1.16,0.54,,,,,,
Fbln1,plex_1,1.17,1.08,0.97,0.95,0.94,0.51,,,,,,
Sbf1,plex_1,0.85,0.8,0.57,0.5,0.64,0.55,,,,,,
Sbf1,plex_1,0.85,0.8,0.57,0.5,0.64,0.55,,,,,,
Cnp,plex_1,1.2,1.07,1.03,0.85,0.84,0.66,,,,,,
Ntn4,plex_1,1.09,0.97,0.82,1.07,1.08,0.73,,,,,,
Ntn4,plex_1,1.09,0.97,0.82,1.07,1.08,0.73,,,,,,
Cox7a1,plex_1,1.51,1.23,1.18,1.06,0.68,0.53,,,,,,
Gucy1b3,plex_1,1.27,1.0,1.71,1.02,0.94,0.61,,,,,,
Gucy1b3,plex_1,1.27,1.0,1.71,1.02,0.94,0.61,,,,,,
Gucy1b3,plex_1,1.27,1.0,1.71,1.02,0.94,0.61,,,,,,
Ly6a,plex_1,,,,,,,,,,,,
2310061I04Rik,plex_1,3.0,2.02,2.53,1.94,1.37,0.68,,,,,,
2310061I04Rik,plex_1,3.0,2.02,2.53,1.94,1.37,0.68,,,,,,
2310061I04Rik,plex_1,3.0,2.02,2.53,1.94,1.37,0.68,,,,,,
2310061I04Rik,plex_1,3.0,2.02,2.53,1.94,1.37,0.68,,,,,,
2310061I04Rik,plex_1,3.0,2.02,2.53,1.94,1.37,0.68,,,,,,
2310061I04Rik,plex_1,3.0,2.02,2.53,1.94,1.37,0.68,,,,,,
2310061I04Rik,plex_1,3.0,2.02,2.53,1.94,1.37,0.68,,,,,,
Fam213b,plex_1,0.82,0.73,0.91,0.59,0.62,0.64,,,,,,
,plex_1,,,,,,,,,,,,
Obp1a,plex_1,,,,,,,,,,,,
Ankrd13a,plex_1,1.15,1.03,1.35,0.78,0.5,,,,,,,
Cox15,plex_1,1.53,1.19,1.22,0.89,0.49,0.62,,,,,,
Mpp7,plex_1,1.08,1.13,0.96,1.23,0.96,0.57,,,,,,
Atp5e,plex_1,1.08,0.96,0.9,0.78,1.12,0.59,,,,,,
Tceb3,plex_1,2.12,1.43,1.81,1.53,0.9,0.54,,,,,,
Sh3bp5l,plex_1,,,,,,,,,,,,
Dkc1,plex_1,1.17,1.23,1.52,0.97,1.17,0.56,,,,,,
Trappc11,plex_1,0.61,1.02,0.99,0.73,0.25,,,,,,,
Pdap1,plex_1,,,,,,,,,,,,
Myh2,plex_1,1.12,0.75,0.98,0.68,1.17,0.55,,,,,,
Ppm1g,plex_1,1.33,1.05,1.32,0.87,0.76,0.45,,,,,,
Ppm1g,plex_1,1.33,1.05,1.32,0.87,0.76,0.45,,,,,,
Bag1,plex_1,1.26,1.41,1.37,1.32,0.81,0.56,,,,,,
Plxdc2,plex_1,1.32,0.65,0.79,1.05,,0.57,,,,,,
Apoc1,plex_1,1.41,1.22,1.07,1.35,1.05,0.62,,,,,,
Ufsp2,plex_1,,,,,,,,,,,,
Rpia,plex_1,1.31,1.39,1.03,0.53,0.69,0.43,,,,,,
Cirbp,plex_1,1.15,0.78,0.79,0.89,0.78,0.6,,,,,,
Cirbp,plex_1,1.15,0.78,0.79,0.89,0.78,0.6,,,,,,
Uqcr11,plex_1,1.64,1.07,1.02,0.95,1.14,0.54,,,,,,
Pcif1,plex_1,1.54,1.49,1.95,1.15,1.09,0.68,,,,,,
Ubxn4,plex_1,1.18,,1.3,,1.02,,,,,,,
Ubxn4,plex_1,1.18,,1.3,,1.02,,,,,,,
Apob,plex_1,1.88,1.29,0.93,1.06,0.94,0.68,,,,,,
Map2k7,plex_1,,0.53,,0.95,,,,,,,,
Map2k7,plex_1,,0.53,,0.95,,,,,,,,
Map2k7,plex_1,,0.53,,0.95,,,,,,,,
Map2k7,plex_1,,0.53,,0.95,,,,,,,,
Map2k7,plex_1,,0.53,,0.95,,,,,,,,
Map2k7,plex_1,,0.53,,0.95,,,,,,,,
Tfip11,plex_1,0.84,0.88,0.87,0.67,0.55,0.52,,,,,,
Tfip11,plex_1,0.84,0.88,0.87,0.67,0.55,0.52,,,,,,
Vps37a,plex_1,1.32,1.35,1.22,1.09,0.89,0.66,,,,,,
Vps37a,plex_1,1.32,1.35,1.22,1.09,0.89,0.66,,,,,,
Vkorc1,plex_1,1.88,1.59,2.16,1.83,1.56,0.72,,,,,,
Reps1,plex_1,1.17,0.73,1.39,1.08,3.61,0.82,,,,,,
Reps1,plex_1,1.17,0.73,1.39,1.08,3.61,0.82,,,,,,
Reps1,plex_1,1.17,0.73,1.39,1.08,3.61,0.82,,,,,,
Reps1,plex_1,1.17,0.73,1.39,1.08,3.61,0.82,,,,,,
,plex_1,,,,,,,,,,,,
Prkci,plex_1,,,,,,,,,,,,
Tmem65,plex_1,1.29,1.02,0.69,1.38,1.37,0.37,,,,,,
Nphs1,plex_1,,,1.01,,,,,,,,,
Nphs1,plex_1,,,1.01,,,,,,,,,
Fbxo22,plex_1,,,,,,,,,,,,
Fbxo22,plex_1,,,,,,,,,,,,
Vps50,plex_1,,,,,,,,,,,,
Vps50,plex_1,,,,,,,,,,,,
Vps50,plex_1,,,,,,,,,,,,
Pdia3,plex_1,1.22,0.93,1.04,0.68,0.62,0.42,,,,,,
Cdc26,plex_1,2.55,1.72,2.43,1.69,1.55,0.63,,,,,,
Apoa2,plex_1,1.01,2.04,1.08,1.64,0.83,0.7,,,,,,
Apoa2,plex_1,1.01,2.04,1.08,1.64,0.83,0.7,,,,,,
Fmnl1,plex_1,2.67,1.68,2.63,1.57,1.58,0.67,,,,,,
Ppp2r5e,plex_1,2.73,1.73,1.28,2.56,1.78,,,,,,,
Hspa2,plex_1,3.58,,1.64,1.83,,2.3,,,,,,
Commd10,plex_1,1.28,1.0,1.44,0.57,0.81,1.04,,,,,,
Mcfd2,plex_1,1.32,1.33,1.22,1.3,1.06,0.37,,,,,,
Mcfd2,plex_1,1.32,1.33,1.22,1.3,1.06,0.37,,,,,,
F12,plex_1,1.05,1.13,1.17,0.91,0.91,0.58,,,,,,
Narfl,plex_1,,,,,,,,,,,,
Narfl,plex_1,,,,,,,,,,,,
Stk24,plex_1,1.32,1.26,1.05,0.9,0.9,0.67,,,,,,
Stk24,plex_1,1.32,1.26,1.05,0.9,0.9,0.67,,,,,,
Pelp1,plex_1,1.42,0.92,1.33,1.26,1.25,0.28,,,,,,
Pdia2,plex_1,1.65,1.04,1.3,0.7,0.73,0.36,,,,,,
Pdia2,plex_1,1.65,1.04,1.3,0.7,0.73,0.36,,,,,,
Rac2,plex_1,,,,,,,,,,,,
Dpy30,plex_1,1.06,1.01,1.13,1.29,0.42,0.36,,,,,,
Enpp5,plex_1,1.43,1.48,1.26,0.96,0.92,0.55,,,,,,
Enpp5,plex_1,1.43,1.48,1.26,0.96,0.92,0.55,,,,,,
Klhdc4,plex_1,,,,,,,,,,,,
Fblim1,plex_1,1.75,1.17,1.03,0.6,1.13,0.57,,,,,,
Cd82,plex_1,,,,,,,,,,,,
Kidins220,plex_1,1.68,0.94,1.32,1.0,0.27,0.75,,,,,,
Sec24a,plex_1,0.46,1.1,0.73,0.54,0.17,,,,,,,
Sec24a,plex_1,0.46,1.1,0.73,0.54,0.17,,,,,,,
Stx3,plex_1,1.38,1.1,0.91,0.89,0.61,0.98,,,,,,
Stx3,plex_1,1.38,1.1,0.91,0.89,0.61,0.98,,,,,,
Stx3,plex_1,1.38,1.1,0.91,0.89,0.61,0.98,,,,,,
Stx3,plex_1,1.38,1.1,0.91,0.89,0.61,0.98,,,,,,
Praf2,plex_1,1.04,1.04,1.5,1.59,1.77,2.38,,,,,,
Nhp2,plex_1,,,,,,,,,,,,
Pkm,plex_1,1.27,0.89,1.16,0.82,0.87,0.38,,,,,,
Slc27a1,plex_1,1.93,1.82,1.28,1.25,0.6,0.56,,,,,,
Slc27a1,plex_1,1.93,1.82,1.28,1.25,0.6,0.56,,,,,,
Slc27a1,plex_1,1.93,1.82,1.28,1.25,0.6,0.56,,,,,,
Mrps34,plex_1,1.74,1.34,1.34,1.35,1.27,0.6,,,,,,
Wash1,plex_1,1.17,0.88,0.79,0.82,0.6,0.59,,,,,,
Gm9392,plex_1,1.95,2.4,1.75,1.83,1.45,0.67,,,,,,
Rap1a,plex_1,1.95,2.4,1.75,1.83,1.45,0.67,,,,,,
Rap1a,plex_1,1.95,2.4,1.75,1.83,1.45,0.67,,,,,,
Nelfcd,plex_1,,,,,,,,,,,,
Nelfcd,plex_1,,,,,,,,,,,,
Plgrkt,plex_1,1.71,1.8,1.4,1.2,0.81,0.68,,,,,,
Tsc1,plex_1,1.5,,,,0.73,,,,,,,
Tsc1,plex_1,1.5,,,,0.73,,,,,,,
Tsc1,plex_1,1.5,,,,0.73,,,,,,,
Tsc1,plex_1,1.5,,,,0.73,,,,,,,
Alg2,plex_1,2.02,0.97,1.09,1.18,1.02,0.67,,,,,,
Lsm3,plex_1,1.08,0.7,0.79,0.8,0.74,0.49,,,,,,
Stk4,plex_1,,,,,,,,,,,,
Dock7,plex_1,,,,0.46,,,,,,,,
Dock7,plex_1,,,,0.46,,,,,,,,
Cstf2,plex_1,1.51,1.43,1.53,0.99,0.93,0.57,,,,,,
Cstf2,plex_1,1.51,1.43,1.53,0.99,0.93,0.57,,,,,,
B2m,plex_1,1.12,1.07,0.87,0.8,0.62,0.48,,,,,,
B2m,plex_1,1.12,1.07,0.87,0.8,0.62,0.48,,,,,,
Prkcdbp,plex_1,1.96,1.19,1.44,1.29,1.12,0.34,,,,,,
Tmem11,plex_1,,,,,,,,,,,,
Tmem11,plex_1,,,,,,,,,,,,
Prkacb,plex_1,1.39,1.07,0.89,0.97,0.66,0.14,,,,,,
Top3b,plex_1,2.75,2.02,2.71,2.54,2.37,,,,,,,
Mcur1,plex_1,2.14,1.49,1.28,1.25,1.41,0.49,,,,,,
,plex_1,1.2,1.56,0.74,1.19,1.09,0.49,,,,,,
Lrrc8d,plex_1,,,,,,,,,,,,
MHC,plex_1,,,,,,,,,,,,
Strn3,plex_1,1.53,1.0,1.17,0.94,0.91,0.59,,,,,,
Clip2,plex_1,1.35,1.93,0.89,0.96,0.78,0.54,,,,,,
Snapin,plex_1,2.06,0.94,,,,,,,,,,
Snapin,plex_1,2.06,0.94,,,,,,,,,,
Rsl1d1,plex_1,,3.01,1.93,1.75,1.76,,,,,,,
Luc7l2,plex_1,2.12,1.38,1.44,1.08,0.83,0.69,,,,,,
Luc7l2,plex_1,2.12,1.38,1.44,1.08,0.83,0.69,,,,,,
Cbfb,plex_1,0.75,1.38,1.75,0.29,0.95,,,,,,,
Cbfb,plex_1,0.75,1.38,1.75,0.29,0.95,,,,,,,
Cbfb,plex_1,0.75,1.38,1.75,0.29,0.95,,,,,,,
Cbfb,plex_1,0.75,1.38,1.75,0.29,0.95,,,,,,,
Asap1,plex_1,1.34,0.91,0.77,0.84,0.86,0.38,,,,,,
Asap1,plex_1,1.34,0.91,0.77,0.84,0.86,0.38,,,,,,
Sugp1,plex_1,1.59,0.93,,1.09,,,,,,,,
,plex_1,1.44,1.28,1.08,1.24,0.78,0.71,,,,,,
Scarb2,plex_1,1.27,1.4,1.23,0.85,0.75,0.32,,,,,,
Triap1,plex_1,0.65,0.8,0.96,0.66,0.61,0.44,,,,,,
Ublcp1,plex_1,0.84,0.8,0.84,0.9,0.84,0.7,,,,,,
Fam126b,plex_1,1.55,1.29,1.25,1.12,1.3,0.59,,,,,,
Fam126b,plex_1,1.55,1.29,1.25,1.12,1.3,0.59,,,,,,
Fryl,plex_1,1.74,1.54,1.68,1.66,1.37,0.78,,,,,,
Rab9,plex_1,1.11,0.99,0.93,0.83,0.65,0.71,,,,,,
Rab9,plex_1,1.11,0.99,0.93,0.83,0.65,0.71,,,,,,
Rab9,plex_1,1.11,0.99,0.93,0.83,0.65,0.71,,,,,,
Rbm10,plex_1,1.93,1.25,1.51,0.92,0.78,0.72,,,,,,
Rbm10,plex_1,1.93,1.25,1.51,0.92,0.78,0.72,,,,,,
Rbm10,plex_1,1.93,1.25,1.51,0.92,0.78,0.72,,,,,,
Galt,plex_1,2.31,1.23,1.38,1.52,1.66,0.91,,,,,,
Sh3bp1,plex_1,1.08,1.04,1.79,0.8,0.45,0.63,,,,,,
Sh3bp1,plex_1,1.08,1.04,1.79,0.8,0.45,0.63,,,,,,
Sh3bp1,plex_1,1.08,1.04,1.79,0.8,0.45,0.63,,,,,,
Sh3bp1,plex_1,1.08,1.04,1.79,0.8,0.45,0.63,,,,,,
Lsm4,plex_1,1.85,1.35,1.22,1.21,0.81,0.89,,,,,,
Lsm4,plex_1,1.85,1.35,1.22,1.21,0.81,0.89,,,,,,
Slc15a2,plex_1,1.47,1.02,1.38,1.01,0.84,0.68,,,,,,
Slc15a2,plex_1,1.47,1.02,1.38,1.01,0.84,0.68,,,,,,
Slc15a2,plex_1,1.47,1.02,1.38,1.01,0.84,0.68,,,,,,
Slc15a2,plex_1,1.47,1.02,1.38,1.01,0.84,0.68,,,,,,
Commd1,plex_1,1.46,1.57,1.45,1.12,0.73,0.83,,,,,,
Csnk1a1,plex_1,1.55,1.44,1.19,0.69,0.66,0.65,,,,,,
Csnk1a1,plex_1,1.55,1.44,1.19,0.69,0.66,0.65,,,,,,
Sdhaf2,plex_1,1.38,1.05,1.37,0.62,0.6,0.49,,,,,,
Pbdc1,plex_1,1.59,1.36,1.1,0.84,0.88,0.58,,,,,,
Ankib1,plex_1,0.85,0.81,0.61,0.45,0.53,0.37,,,,,,
Atpaf1,plex_1,1.37,1.16,0.76,0.56,0.63,0.78,,,,,,
Atpaf1,plex_1,1.37,1.16,0.76,0.56,0.63,0.78,,,,,,
Atpaf1,plex_1,1.37,1.16,0.76,0.56,0.63,0.78,,,,,,
Adap2,plex_1,1.58,1.06,1.18,0.92,0.85,0.57,,,,,,
Ndufaf4,plex_1,2.31,2.22,1.43,1.5,1.08,0.97,,,,,,
Atxn2l,plex_1,1.82,1.3,1.46,1.17,1.33,0.61,,,,,,
Atxn2l,plex_1,1.82,1.3,1.46,1.17,1.33,0.61,,,,,,
Atxn2l,plex_1,1.82,1.3,1.46,1.17,1.33,0.61,,,,,,
Txndc9,plex_1,1.61,0.6,1.09,1.01,1.1,,,,,,,
Txndc9,plex_1,1.61,0.6,1.09,1.01,1.1,,,,,,,
Txndc9,plex_1,1.61,0.6,1.09,1.01,1.1,,,,,,,
Aldh1a7,plex_1,0.93,1.3,0.82,0.4,0.67,0.38,,,,,,
Prkce,plex_1,,,,,,,,,,,,
Rabl6,plex_1,1.68,1.49,1.76,1.84,0.98,0.68,,,,,,
Mtatp8,plex_1,1.63,1.23,1.02,0.98,0.42,0.81,,,,,,
Mrpl3,plex_1,1.49,1.37,1.09,1.05,0.9,0.54,,,,,,
Mrpl3,plex_1,1.49,1.37,1.09,1.05,0.9,0.54,,,,,,
Dnajc9,plex_1,1.23,1.2,0.91,1.33,0.75,0.61,,,,,,
Polr2a,plex_1,1.52,1.19,1.26,0.89,0.84,0.55,,,,,,
Polr2a,plex_1,1.52,1.19,1.26,0.89,0.84,0.55,,,,,,
Wdr13,plex_1,1.77,0.91,1.13,0.79,0.97,0.56,,,,,,
Wdr13,plex_1,1.77,0.91,1.13,0.79,0.97,0.56,,,,,,
Cpox,plex_1,0.76,0.63,0.58,0.28,0.54,0.38,,,,,,
Dock6,plex_1,1.77,1.58,1.96,1.7,1.26,0.49,,,,,,
Dpt,plex_1,1.32,1.42,1.19,0.83,0.98,0.5,,,,,,
Mpv17,plex_1,,,,,,,,,,,,
Mpv17,plex_1,,,,,,,,,,,,
Mpv17,plex_1,,,,,,,,,,,,
Mpv17,plex_1,,,,,,,,,,,,
Mpv17,plex_1,,,,,,,,,,,,
Lyrm4,plex_1,1.24,1.15,0.95,1.04,0.91,0.57,,,,,,
Fam45a,plex_1,0.89,1.37,1.17,0.53,0.7,0.83,,,,,,
Casq1,plex_1,1.19,1.37,1.96,0.46,0.78,,,,,,,
Esam,plex_1,2.58,1.53,1.26,1.31,1.44,0.75,,,,,,
Arl6ip1,plex_1,1.67,1.49,1.06,1.01,0.87,0.73,,,,,,
Arl6ip1,plex_1,1.67,1.49,1.06,1.01,0.87,0.73,,,,,,
Arl6ip1,plex_1,1.67,1.49,1.06,1.01,0.87,0.73,,,,,,
Arl6ip1,plex_1,1.67,1.49,1.06,1.01,0.87,0.73,,,,,,
Arl6ip1,plex_1,1.67,1.49,1.06,1.01,0.87,0.73,,,,,,
Arl6ip1,plex_1,1.67,1.49,1.06,1.01,0.87,0.73,,,,,,
Abca8a,plex_1,1.51,1.19,1.42,0.81,0.74,0.55,,,,,,
Prcp,plex_1,0.93,1.11,1.24,0.86,0.68,0.6,,,,,,
Prcp,plex_1,0.93,1.11,1.24,0.86,0.68,0.6,,,,,,
Cpn2,plex_1,,,,,,,,,,,,
Myl12b,plex_1,,,,,,,,,,,,
Prps1l1,plex_1,,,,,,,,,,,,
Prps1l1,plex_1,,,,,,,,,,,,
Timm8b,plex_1,1.8,1.63,1.25,1.04,1.35,1.02,,,,,,
Osgep,plex_1,0.86,1.53,0.93,0.9,0.73,0.91,,,,,,
Cog5,plex_1,1.3,1.03,1.35,1.01,1.18,0.62,,,,,,
Adprh,plex_1,1.43,0.81,1.15,1.12,0.91,0.4,,,,,,
Bloc1s1,plex_1,,,,,,,,,,,,
Bloc1s1,plex_1,,,,,,,,,,,,
Bloc1s1,plex_1,,,,,,,,,,,,
Nbeal2,plex_1,1.7,1.0,0.85,0.74,0.59,0.51,,,,,,
Nbeal2,plex_1,1.7,1.0,0.85,0.74,0.59,0.51,,,,,,
Nbeal2,plex_1,1.7,1.0,0.85,0.74,0.59,0.51,,,,,,
Nbeal2,plex_1,1.7,1.0,0.85,0.74,0.59,0.51,,,,,,
Hist1h1a,plex_1,1.64,1.63,1.31,0.91,0.6,0.62,,,,,,
Rpl36a,plex_1,1.64,1.32,1.45,0.94,0.59,0.72,,,,,,
Slmap,plex_1,1.82,1.67,1.63,1.98,0.3,0.63,,,,,,
Mbnl1,plex_1,1.18,1.14,1.1,1.05,0.86,0.59,,,,,,
Mbnl1,plex_1,1.18,1.14,1.1,1.05,0.86,0.59,,,,,,
Mbnl1,plex_1,1.18,1.14,1.1,1.05,0.86,0.59,,,,,,
Mbnl1,plex_1,1.18,1.14,1.1,1.05,0.86,0.59,,,,,,
Mbnl1,plex_1,1.18,1.14,1.1,1.05,0.86,0.59,,,,,,
Mbnl1,plex_1,1.18,1.14,1.1,1.05,0.86,0.59,,,,,,
Mbnl1,plex_1,1.18,1.14,1.1,1.05,0.86,0.59,,,,,,
Fbxo7,plex_1,7.95,4.29,9.1,9.7,2.88,0.89,,,,,,
Nup54,plex_1,1.89,2.03,,2.61,,2.18,,,,,,
Mrpl9,plex_1,0.51,1.04,0.96,0.96,1.08,0.55,,,,,,
Zg16,plex_1,,,,,,,,,,,,
Parp1,plex_1,1.21,0.85,0.93,0.75,0.68,0.55,,,,,,
Parp1,plex_1,1.21,0.85,0.93,0.75,0.68,0.55,,,,,,
Mrps10,plex_1,1.2,1.15,1.03,0.62,0.72,0.67,,,,,,
Mrps10,plex_1,1.2,1.15,1.03,0.62,0.72,0.67,,,,,,
Mrps10,plex_1,1.2,1.15,1.03,0.62,0.72,0.67,,,,,,
Mrps10,plex_1,1.2,1.15,1.03,0.62,0.72,0.67,,,,,,
Mrps10,plex_1,1.2,1.15,1.03,0.62,0.72,0.67,,,,,,
Mrps10,plex_1,1.2,1.15,1.03,0.62,0.72,0.67,,,,,,
Smap,plex_1,,,,,,,,,,,,
Actb,plex_1,1.6,1.53,1.53,1.05,0.97,0.62,,,,,,
Cnot7,plex_1,1.76,1.24,1.03,0.87,0.75,0.52,,,,,,
,plex_1,0.91,1.14,0.56,0.72,0.71,0.33,,,,,,
Snrpg,plex_1,0.91,1.14,0.56,0.72,0.71,0.33,,,,,,
Grwd1,plex_1,1.49,0.91,1.0,0.96,0.87,,,,,,,
Grwd1,plex_1,1.49,0.91,1.0,0.96,0.87,,,,,,,
Chid1,plex_1,1.14,1.09,1.13,0.97,1.07,0.49,,,,,,
Reep5,plex_1,1.02,1.03,1.1,1.01,0.77,0.5,,,,,,
Neu1,plex_1,1.03,1.12,1.18,0.86,0.79,0.4,,,,,,
Cad,plex_1,1.2,1.61,1.02,1.06,1.07,,,,,,,
Cad,plex_1,1.2,1.61,1.02,1.06,1.07,,,,,,,
Cad,plex_1,1.2,1.61,1.02,1.06,1.07,,,,,,,
Tubb6,plex_1,1.15,1.16,1.19,0.78,0.82,0.6,,,,,,
Lrrk2,plex_1,2.19,1.37,2.0,1.49,0.95,0.55,,,,,,
Sap18,plex_1,1.13,1.2,0.91,0.83,0.86,0.43,,,,,,
Nt5dc1,plex_1,,,,,,,,,,,,
Nt5dc1,plex_1,,,,,,,,,,,,
Nhlrc2,plex_1,1.34,0.92,0.93,0.72,0.93,0.66,,,,,,
Rps27,plex_1,1.64,1.42,1.67,1.57,1.0,0.46,,,,,,
Rps27,plex_1,1.64,1.42,1.67,1.57,1.0,0.46,,,,,,
Ppm1a,plex_1,1.37,1.12,1.4,0.81,0.82,0.56,,,,,,
Ppm1a,plex_1,1.37,1.12,1.4,0.81,0.82,0.56,,,,,,
Ppm1a,plex_1,1.37,1.12,1.4,0.81,0.82,0.56,,,,,,
Ppm1a,plex_1,1.37,1.12,1.4,0.81,0.82,0.56,,,,,,
Eng,plex_1,1.79,1.82,1.3,1.32,1.0,0.68,,,,,,
Eng,plex_1,1.79,1.82,1.3,1.32,1.0,0.68,,,,,,
Eng,plex_1,1.79,1.82,1.3,1.32,1.0,0.68,,,,,,
Eng,plex_1,1.79,1.82,1.3,1.32,1.0,0.68,,,,,,
Inpp1,plex_1,1.75,1.23,1.11,1.18,1.09,0.36,,,,,,
Sdhaf4,plex_1,0.8,0.99,0.8,0.73,0.49,0.52,,,,,,
Pon3,plex_1,1.53,1.24,0.85,0.88,0.9,0.6,,,,,,
Uaca,plex_1,1.23,1.13,1.11,0.79,0.4,0.31,,,,,,
Uaca,plex_1,1.23,1.13,1.11,0.79,0.4,0.31,,,,,,
Pus1,plex_1,1.66,1.49,1.15,0.93,0.76,0.87,,,,,,
Cers2,plex_1,1.22,1.18,1.26,0.97,0.96,0.49,,,,,,
Fnta,plex_1,1.7,1.22,1.39,1.22,1.47,0.73,,,,,,
Pald1,plex_1,0.76,1.07,0.9,1.01,0.91,0.48,,,,,,
Pald1,plex_1,0.76,1.07,0.9,1.01,0.91,0.48,,,,,,
Pald1,plex_1,0.76,1.07,0.9,1.01,0.91,0.48,,,,,,
Pald1,plex_1,0.76,1.07,0.9,1.01,0.91,0.48,,,,,,
Efl1,plex_1,3.22,1.87,1.94,0.93,2.09,1.6,,,,,,
Iba57,plex_1,1.08,0.78,0.82,0.71,0.57,0.38,,,,,,
Rela,plex_1,1.14,1.16,1.01,0.96,0.91,0.45,,,,,,
Pex5,plex_1,1.29,0.97,1.02,0.88,0.69,0.52,,,,,,
Pex5,plex_1,1.29,0.97,1.02,0.88,0.69,0.52,,,,,,
Pex5,plex_1,1.29,0.97,1.02,0.88,0.69,0.52,,,,,,
G8(anti-MRBC),plex_1,1.71,1.67,1.27,,,,,,,,,
Igkv12-46,plex_1,1.71,1.67,1.27,,,,,,,,,
Inpp5f,plex_1,1.51,0.71,0.86,0.88,1.02,1.0,,,,,,
Exosc7,plex_1,,,,,,,,,,,,
Exosc7,plex_1,,,,,,,,,,,,
Exosc7,plex_1,,,,,,,,,,,,
Igkv5-43,plex_1,1.56,0.75,2.12,0.55,0.72,0.54,,,,,,
Eif2b3,plex_1,1.3,1.02,1.39,0.74,0.64,0.69,,,,,,
Eif2b3,plex_1,1.3,1.02,1.39,0.74,0.64,0.69,,,,,,
Eif2b3,plex_1,1.3,1.02,1.39,0.74,0.64,0.69,,,,,,
Eif2b3,plex_1,1.3,1.02,1.39,0.74,0.64,0.69,,,,,,
Eif2b3,plex_1,1.3,1.02,1.39,0.74,0.64,0.69,,,,,,
Mrpl49,plex_1,1.55,0.88,0.78,1.31,1.07,0.73,,,,,,
Gcnt1,plex_1,1.93,1.94,1.76,1.36,0.72,0.57,,,,,,
Gcnt1,plex_1,1.93,1.94,1.76,1.36,0.72,0.57,,,,,,
Lmo7,plex_1,0.81,1.96,0.91,0.79,0.83,1.09,,,,,,
Gusb,plex_1,1.0,1.08,1.17,1.13,1.08,,,,,,,
Pnliprp1,plex_1,1.61,1.43,1.0,0.73,0.27,,,,,,,
Babam1,plex_1,1.22,1.03,0.81,1.04,0.82,0.47,,,,,,
Pin1,plex_1,1.94,1.55,2.12,2.31,1.25,1.37,,,,,,
Dock8,plex_1,1.94,1.38,1.12,1.45,0.91,0.72,,,,,,
Myeov2,plex_1,,,,,,,,,,,,
Upp1,plex_1,1.25,1.27,0.86,1.02,2.62,0.66,,,,,,
Ap2s1,plex_1,1.2,1.07,0.93,0.76,0.89,0.5,,,,,,
Cox7c,plex_1,1.0,0.91,0.95,0.63,0.52,0.62,,,,,,
Trappc8,plex_1,1.17,1.48,1.26,1.06,0.75,0.59,,,,,,
Ralbp1,plex_1,3.19,2.15,3.26,3.51,2.28,0.71,,,,,,
Ralbp1,plex_1,3.19,2.15,3.26,3.51,2.28,0.71,,,,,,
Ralbp1,plex_1,3.19,2.15,3.26,3.51,2.28,0.71,,,,,,
Ralbp1,plex_1,3.19,2.15,3.26,3.51,2.28,0.71,,,,,,
Ralbp1,plex_1,3.19,2.15,3.26,3.51,2.28,0.71,,,,,,
Cd59a,plex_1,1.6,1.08,1.12,0.73,0.9,0.58,,,,,,
CD59A,plex_1,1.6,1.08,1.12,0.73,0.9,0.58,,,,,,
Wdr82,plex_1,1.31,1.14,1.31,1.18,0.84,0.59,,,,,,
Acot6,plex_1,,,,,,,,,,,,
Mt1,plex_1,1.66,1.89,2.2,0.48,0.9,0.39,,,,,,
Zpr1,plex_1,0.77,1.3,1.1,1.02,0.63,,,,,,,
Zpr1,plex_1,0.77,1.3,1.1,1.02,0.63,,,,,,,
Zpr1,plex_1,0.77,1.3,1.1,1.02,0.63,,,,,,,
Zpr1,plex_1,0.77,1.3,1.1,1.02,0.63,,,,,,,
Zpr1,plex_1,0.77,1.3,1.1,1.02,0.63,,,,,,,
Zpr1,plex_1,0.77,1.3,1.1,1.02,0.63,,,,,,,
Ganc,plex_1,2.65,1.91,2.44,2.18,1.29,0.73,,,,,,
Ngly1,plex_1,1.04,0.83,0.85,0.67,0.54,0.44,,,,,,
Crnkl1,plex_1,1.19,1.12,0.96,0.32,0.84,,,,,,,
Fcgrt,plex_1,1.8,1.42,1.42,1.08,1.07,0.81,,,,,,
Fcgrt,plex_1,1.8,1.42,1.42,1.08,1.07,0.81,,,,,,
Ccdc127,plex_1,1.22,1.01,0.85,0.6,0.83,1.03,,,,,,
Tomm20,plex_1,1.46,1.24,1.25,1.08,0.67,0.57,,,,,,
Tpm1,plex_1,1.5,1.49,1.34,1.56,1.2,0.8,,,,,,
Psen1,plex_1,,,,,,,,,,,,
Akr1b7,plex_1,0.99,0.94,1.06,0.74,0.93,0.47,,,,,,
Ttn,plex_1,1.29,1.16,1.2,0.99,0.91,0.61,,,,,,
Src,plex_1,1.33,1.02,1.07,1.19,0.86,0.39,,,,,,
Kap,plex_1,2.46,1.64,1.79,0.49,0.19,0.39,,,,,,
Kap,plex_1,2.46,1.64,1.79,0.49,0.19,0.39,,,,,,
Numb,plex_1,1.27,1.09,0.92,0.78,0.67,0.57,,,,,,
Numb,plex_1,1.27,1.09,0.92,0.78,0.67,0.57,,,,,,
Tmem87a,plex_1,1.2,1.18,0.96,0.92,0.66,0.7,,,,,,
Vps37c,plex_1,,,,,,,,,,,,
Scamp2,plex_1,1.03,0.85,1.22,0.66,0.62,0.41,,,,,,
Ppp1r11,plex_1,1.8,1.27,2.0,1.81,1.23,0.65,,,,,,
Ppp1r11,plex_1,1.8,1.27,2.0,1.81,1.23,0.65,,,,,,
Ppp1r11,plex_1,1.8,1.27,2.0,1.81,1.23,0.65,,,,,,
Ppp1r11,plex_1,1.8,1.27,2.0,1.81,1.23,0.65,,,,,,
Ppp1r11,plex_1,1.8,1.27,2.0,1.81,1.23,0.65,,,,,,
Ppp1r11,plex_1,1.8,1.27,2.0,1.81,1.23,0.65,,,,,,
Dcakd,plex_1,1.3,1.14,1.0,0.75,0.97,0.65,,,,,,
Tchp,plex_1,5.78,4.43,7.46,2.22,,1.0,,,,,,
Tchp,plex_1,5.78,4.43,7.46,2.22,,1.0,,,,,,
Atp5s,plex_1,1.1,0.83,0.69,0.82,0.64,0.54,,,,,,
Thrsp,plex_1,1.29,1.51,0.86,0.84,0.27,0.08,,,,,,
Irf3,plex_1,1.16,0.85,0.94,0.68,0.85,0.46,,,,,,
Irf3,plex_1,1.16,0.85,0.94,0.68,0.85,0.46,,,,,,
Cetn2,plex_1,3.77,1.89,3.55,2.73,1.95,0.5,,,,,,
Champ1,plex_1,,,,,,,,,,,,
Mars2,plex_1,1.41,0.87,1.13,0.71,1.09,0.74,,,,,,
Ptp4a1,plex_1,2.2,1.65,2.32,1.67,1.11,0.55,,,,,,
Ptp4a2,plex_1,2.2,1.65,2.32,1.67,1.11,0.55,,,,,,
Fhod3,plex_1,1.98,1.14,1.31,0.79,0.61,0.75,,,,,,
Pnkp,plex_1,1.44,1.09,1.61,1.04,0.81,0.66,,,,,,
Srsf6,plex_1,1.3,1.21,1.13,0.83,0.82,0.49,,,,,,
Mapk9,plex_1,3.69,2.06,2.49,3.08,1.68,0.74,,,,,,
Mapk9,plex_1,3.69,2.06,2.49,3.08,1.68,0.74,,,,,,
Mapk9,plex_1,3.69,2.06,2.49,3.08,1.68,0.74,,,,,,
Mapk9,plex_1,3.69,2.06,2.49,3.08,1.68,0.74,,,,,,
Eif4e2,plex_1,5.52,4.22,4.62,4.46,2.31,2.46,,,,,,
Wapl,plex_1,,,,,,,,,,,,
Wapl,plex_1,,,,,,,,,,,,
Mesdc2,plex_1,1.67,1.43,1.4,1.08,0.91,0.69,,,,,,
Mrpl2,plex_1,1.1,1.49,1.35,1.05,0.49,0.7,,,,,,
Mrpl2,plex_1,1.1,1.49,1.35,1.05,0.49,0.7,,,,,,
Slc16a1,plex_1,1.54,1.34,1.16,1.2,0.71,0.76,,,,,,
Slc16a1,plex_1,1.54,1.34,1.16,1.2,0.71,0.76,,,,,,
Slc16a1,plex_1,1.54,1.34,1.16,1.2,0.71,0.76,,,,,,
Slc16a1,plex_1,1.54,1.34,1.16,1.2,0.71,0.76,,,,,,
Slc16a1,plex_1,1.54,1.34,1.16,1.2,0.71,0.76,,,,,,
Impad1,plex_1,,,,,,,,,,,,
Tmem177,plex_1,1.11,1.0,0.98,0.89,0.62,0.6,,,,,,
Nop10,plex_1,1.01,1.0,0.96,1.05,0.73,0.4,,,,,,
Icam2,plex_1,1.45,1.43,1.27,1.08,0.72,0.62,,,,,,
Atpaf2,plex_1,1.54,1.21,1.2,1.36,0.92,0.44,,,,,,
Atpaf2,plex_1,1.54,1.21,1.2,1.36,0.92,0.44,,,,,,
Actb,plex_1,1.33,1.44,1.49,0.68,0.85,0.56,,,,,,
Hsd3b5,plex_1,1.02,0.7,1.04,0.65,0.56,0.54,,,,,,
Rufy1,plex_1,0.98,1.24,0.81,0.88,0.86,0.88,,,,,,
Nxf1,plex_1,1.22,0.92,0.86,0.79,0.87,0.53,,,,,,
Cd200,plex_1,1.02,1.05,0.91,0.9,0.88,0.53,,,,,,
Cd200,plex_1,1.02,1.05,0.91,0.9,0.88,0.53,,,,,,
Cd200,plex_1,1.02,1.05,0.91,0.9,0.88,0.53,,,,,,
Cd200,plex_1,1.02,1.05,0.91,0.9,0.88,0.53,,,,,,
Cd200,plex_1,1.02,1.05,0.91,0.9,0.88,0.53,,,,,,
Tubb2a,plex_1,0.9,1.13,0.84,0.5,0.37,0.61,,,,,,
Psph,plex_1,2.0,1.59,1.18,1.16,0.89,0.54,,,,,,
Psph,plex_1,2.0,1.59,1.18,1.16,0.89,0.54,,,,,,
Psph,plex_1,2.0,1.59,1.18,1.16,0.89,0.54,,,,,,
Wdr44,plex_1,,,,,,,,,,,,
Ostc,plex_1,2.14,1.82,1.64,1.23,1.04,0.61,,,,,,
Rbm33,plex_1,1.15,1.18,1.3,1.08,0.67,0.78,,,,,,
Rbm33,plex_1,1.15,1.18,1.3,1.08,0.67,0.78,,,,,,
Cpped1,plex_1,5.08,2.9,5.01,4.02,2.19,0.59,,,,,,
Tpd52,plex_1,0.74,0.8,0.88,0.65,0.88,,,,,,,
Fam98b,plex_1,1.78,1.65,1.6,1.24,0.93,0.53,,,,,,
Pex11b,plex_1,1.1,1.21,0.75,1.06,0.46,0.3,,,,,,
Pex11b,plex_1,1.1,1.21,0.75,1.06,0.46,0.3,,,,,,
Gm42957,plex_1,1.1,1.21,0.75,1.06,0.46,0.3,,,,,,
Chmp3,plex_1,1.03,0.61,1.14,0.73,0.86,0.26,,,,,,
Rras,plex_1,1.71,1.36,1.53,1.35,1.03,0.78,,,,,,
0610009B22Rik,plex_1,1.94,2.1,1.73,1.86,1.39,1.33,,,,,,
Trappc2,plex_1,1.94,2.1,1.73,1.86,1.39,1.33,,,,,,
Chmp6,plex_1,0.69,1.58,0.68,0.74,0.73,0.4,,,,,,
Gsta1,plex_1,1.02,0.9,0.74,1.28,1.07,0.64,,,,,,
Plekhg3,plex_1,3.04,1.38,1.54,0.92,0.84,,,,,,,
Plekhg3,plex_1,3.04,1.38,1.54,0.92,0.84,,,,,,,
Wdr37,plex_1,1.18,1.07,2.08,,2.31,,,,,,,
Ict1,plex_1,0.98,0.97,1.09,0.72,0.33,0.4,,,,,,
Ict1,plex_1,0.98,0.97,1.09,0.72,0.33,0.4,,,,,,
Sms,plex_1,,,,,,,,,,,,
Specc1l,plex_1,1.09,0.9,1.02,0.92,0.84,0.7,,,,,,
Kdm1a,plex_1,2.05,1.61,2.36,1.73,2.64,2.36,,,,,,
Tmem176b,plex_1,,,,,,,,,,,,
Tmem176b,plex_1,,,,,,,,,,,,
Tmem176b,plex_1,,,,,,,,,,,,
Tmem176b,plex_1,,,,,,,,,,,,
Sfrp1,plex_1,1.16,1.35,1.16,1.3,,0.67,,,,,,
Klkb1,plex_1,1.15,1.26,1.56,1.59,1.23,,,,,,,
Cyp4a14,plex_1,0.67,,0.26,0.7,,1.16,,,,,,
Wipi1,plex_1,0.92,1.24,0.9,0.36,0.69,0.52,,,,,,
Opa3,plex_1,0.7,0.85,0.67,0.18,1.71,,,,,,,
Mark2,plex_1,1.51,0.97,1.28,0.89,0.71,0.52,,,,,,
Mark2,plex_1,1.51,0.97,1.28,0.89,0.71,0.52,,,,,,
Mrps18a,plex_1,1.11,1.4,0.86,0.55,0.43,0.63,,,,,,
Mrps18a,plex_1,1.11,1.4,0.86,0.55,0.43,0.63,,,,,,
Tomm34,plex_1,1.12,1.09,1.46,1.22,0.83,0.47,,,,,,
Cwf19l1,plex_1,1.95,1.41,1.66,1.37,1.2,0.38,,,,,,
Cbwd1,plex_1,1.14,1.48,1.09,0.6,0.74,0.67,,,,,,
Cbwd1,plex_1,1.14,1.48,1.09,0.6,0.74,0.67,,,,,,
Slc6a6,plex_1,1.36,1.09,1.18,0.92,0.86,0.49,,,,,,
Dlg3,plex_1,1.18,1.01,1.07,0.8,0.69,0.48,,,,,,
Ptpmt1,plex_1,1.53,1.44,1.01,0.85,1.08,0.66,,,,,,
Ptpmt1,plex_1,1.53,1.44,1.01,0.85,1.08,0.66,,,,,,
Mob1a,plex_1,2.0,1.05,1.34,1.29,1.33,1.13,,,,,,
Rictor,plex_1,4.37,3.17,4.68,5.01,2.49,0.44,,,,,,
Rictor,plex_1,4.37,3.17,4.68,5.01,2.49,0.44,,,,,,
Fau,plex_1,1.3,1.4,1.24,0.76,0.07,0.68,,,,,,
fau,plex_1,1.3,1.4,1.24,0.76,0.07,0.68,,,,,,
Fau,plex_1,1.3,1.4,1.24,0.76,0.07,0.68,,,,,,
,plex_1,1.3,1.4,1.24,0.76,0.07,0.68,,,,,,
fau,plex_1,1.3,1.4,1.24,0.76,0.07,0.68,,,,,,
Zc3h4,plex_1,0.86,0.96,1.07,0.86,0.71,0.28,,,,,,
Zc3h4,plex_1,0.86,0.96,1.07,0.86,0.71,0.28,,,,,,
Zc3h4,plex_1,0.86,0.96,1.07,0.86,0.71,0.28,,,,,,
Smap1,plex_1,1.01,0.79,1.06,0.69,0.93,0.42,,,,,,
Ganab,plex_1,1.46,1.05,1.03,0.76,0.69,0.26,,,,,,
Cacybp,plex_1,1.25,1.05,1.09,0.73,0.66,0.36,,,,,,
Xpo4,plex_1,1.33,1.16,1.02,0.78,1.16,,,,,,,
Xpo4,plex_1,1.33,1.16,1.02,0.78,1.16,,,,,,,
Chpt1,plex_1,1.26,1.02,1.03,0.89,0.39,,,,,,,
Igk,plex_1,1.04,0.26,2.85,0.45,0.45,0.32,,,,,,
Col4a3bp,plex_1,1.24,1.05,0.92,0.97,0.7,0.46,,,,,,
Col4a3bp,plex_1,1.24,1.05,0.92,0.97,0.7,0.46,,,,,,
Lmtk2,plex_1,1.87,1.23,1.23,1.27,1.17,0.5,,,,,,
Lamc3,plex_1,,,,,,,,,,,,
Nars2,plex_1,1.32,0.95,0.88,0.82,0.57,0.55,,,,,,
Aftph,plex_1,,,,,,,,,,,,
Aftph,plex_1,,,,,,,,,,,,
Lmbrd2,plex_1,1.54,1.18,1.18,0.93,0.92,0.58,,,,,,
Lmbrd2,plex_1,1.54,1.18,1.18,0.93,0.92,0.58,,,,,,
Ubac1,plex_1,1.72,1.16,1.32,0.21,1.43,,,,,,,
Ubac1,plex_1,1.72,1.16,1.32,0.21,1.43,,,,,,,
Ubac1,plex_1,1.72,1.16,1.32,0.21,1.43,,,,,,,
Trpv4,plex_1,1.38,1.35,1.0,0.52,0.82,0.52,,,,,,
Trpv4,plex_1,1.38,1.35,1.0,0.52,0.82,0.52,,,,,,
Trpv4,plex_1,1.38,1.35,1.0,0.52,0.82,0.52,,,,,,
Trpv4,plex_1,1.38,1.35,1.0,0.52,0.82,0.52,,,,,,
Stau1,plex_1,1.14,0.95,1.17,0.86,0.93,0.63,,,,,,
Stau1,plex_1,1.14,0.95,1.17,0.86,0.93,0.63,,,,,,
Stau1,plex_1,1.14,0.95,1.17,0.86,0.93,0.63,,,,,,
Stau1,plex_1,1.14,0.95,1.17,0.86,0.93,0.63,,,,,,
Rcn1,plex_1,1.44,1.23,1.64,1.12,0.83,0.46,,,,,,
Slc12a7,plex_1,1.3,1.34,1.07,1.16,0.65,0.68,,,,,,
Itsn2,plex_1,1.15,1.15,1.48,1.04,1.25,0.43,,,,,,
Spcs2,plex_1,1.06,0.76,0.96,0.72,0.93,0.52,,,,,,
Spcs2,plex_1,1.06,0.76,0.96,0.72,0.93,0.52,,,,,,
Spcs2,plex_1,1.06,0.76,0.96,0.72,0.93,0.52,,,,,,
Spcs2,plex_1,1.06,0.76,0.96,0.72,0.93,0.52,,,,,,
Gnaz,plex_1,,,,,,,,,,,,
Gnaz,plex_1,,,,,,,,,,,,
S100a6,plex_1,1.29,1.24,1.33,1.47,1.1,0.41,,,,,,
Nsun2,plex_1,1.24,1.1,0.97,0.89,0.63,0.48,,,,,,
Chmp2b,plex_1,1.37,1.13,1.71,1.23,0.71,0.83,,,,,,
Stub1,plex_1,1.93,1.11,1.67,1.72,1.6,0.45,,,,,,
Stub1,plex_1,1.93,1.11,1.67,1.72,1.6,0.45,,,,,,
Tmem120a,plex_1,1.54,1.1,1.03,1.05,0.87,0.43,,,,,,
Sgpl1,plex_1,1.42,1.0,0.85,0.95,0.53,0.47,,,,,,
Sgpl1,plex_1,1.42,1.0,0.85,0.95,0.53,0.47,,,,,,
Sgpl1,plex_1,1.42,1.0,0.85,0.95,0.53,0.47,,,,,,
Sgpl1,plex_1,1.42,1.0,0.85,0.95,0.53,0.47,,,,,,
Sgpl1,plex_1,1.42,1.0,0.85,0.95,0.53,0.47,,,,,,
Nudt5,plex_1,1.3,1.05,1.02,0.8,0.55,0.49,,,,,,
Slc7a8,plex_1,1.87,1.25,1.39,1.1,0.96,0.53,,,,,,
Srsf10,plex_1,1.03,0.82,,1.84,,,,,,,,
Srsf10,plex_1,1.03,0.82,,1.84,,,,,,,,
Srsf10,plex_1,1.03,0.82,,1.84,,,,,,,,
Gnpat,plex_1,1.86,1.27,1.52,1.08,0.64,0.53,,,,,,
Gnpat,plex_1,1.86,1.27,1.52,1.08,0.64,0.53,,,,,,
Gnpat,plex_1,1.86,1.27,1.52,1.08,0.64,0.53,,,,,,
Gnpat,plex_1,1.86,1.27,1.52,1.08,0.64,0.53,,,,,,
Gnpat,plex_1,1.86,1.27,1.52,1.08,0.64,0.53,,,,,,
Smchd1,plex_1,1.07,0.94,1.2,0.69,0.75,0.41,,,,,,
Hspbp1,plex_1,0.84,1.03,0.9,0.45,1.51,0.31,,,,,,
Tmem160,plex_1,0.99,0.96,1.03,1.13,0.78,0.73,,,,,,
Me2,plex_1,1.5,1.21,1.22,0.63,0.86,0.42,,,,,,
Cpd,plex_1,1.23,1.48,0.88,0.97,0.86,0.48,,,,,,
Mon2,plex_1,2.84,1.27,2.38,1.61,0.9,1.57,,,,,,
Sepp1,plex_1,1.74,1.99,1.63,1.76,1.64,0.33,,,,,,
Paqr9,plex_1,2.11,1.44,1.72,1.16,0.57,0.44,,,,,,
Rcc2,plex_1,1.43,1.24,1.29,0.99,0.82,0.51,,,,,,
Rabac1,plex_1,1.02,0.84,1.07,0.62,0.36,0.34,,,,,,
Dmxl1,plex_1,2.29,1.26,2.25,1.38,1.12,0.2,,,,,,
Ascc1,plex_1,1.23,1.18,1.58,0.82,0.62,0.29,,,,,,
Xpr1,plex_1,0.69,0.9,0.69,0.87,4.31,0.54,,,,,,
Xpr1,plex_1,0.69,0.9,0.69,0.87,4.31,0.54,,,,,,
Xpr1,plex_1,0.69,0.9,0.69,0.87,4.31,0.54,,,,,,
Xpr1,plex_1,0.69,0.9,0.69,0.87,4.31,0.54,,,,,,
Xpr1,plex_1,0.69,0.9,0.69,0.87,4.31,0.54,,,,,,
Xpr1,plex_1,0.69,0.9,0.69,0.87,4.31,0.54,,,,,,
Atg4b,plex_1,,,,,,,,,,,,
Atg4b,plex_1,,,,,,,,,,,,
Atg4b,plex_1,,,,,,,,,,,,
Pon2,plex_1,1.59,1.68,1.47,1.13,0.78,0.48,,,,,,
Gltscr2,plex_1,,,,,,,,,,,,
Gltscr2,plex_1,,,,,,,,,,,,
Cpn1,plex_1,1.49,1.09,1.19,1.05,0.87,0.46,,,,,,
Tmod1,plex_1,2.39,2.16,1.45,1.32,1.51,0.89,,,,,,
Pisd,plex_1,1.18,1.07,1.09,1.12,0.56,0.48,,,,,,
Sap30bp,plex_1,,,,,,,,,,,,
Slc6a20b,plex_1,1.44,1.15,1.02,0.96,0.75,0.61,,,,,,
Acsl4,plex_1,2.11,1.07,2.72,2.37,2.78,0.56,,,,,,
Acsl4,plex_1,2.11,1.07,2.72,2.37,2.78,0.56,,,,,,
Arl8a,plex_1,1.53,1.73,1.51,1.16,1.23,0.62,,,,,,
Akr1d1,plex_1,1.98,1.19,1.12,1.23,0.97,0.58,,,,,,
Pde4c,plex_1,1.25,0.87,1.07,0.7,0.76,0.59,,,,,,
Pde4c,plex_1,1.25,0.87,1.07,0.7,0.76,0.59,,,,,,
Cnih4,plex_1,1.33,1.22,1.07,0.78,0.75,0.47,,,,,,
Cnih4,plex_1,1.33,1.22,1.07,0.78,0.75,0.47,,,,,,
Epb41l3,plex_1,,,,,,,,,,,,
Mrpl54,plex_1,1.7,1.14,1.31,0.94,0.52,0.64,,,,,,
Dnajb1,plex_1,1.95,1.33,1.09,0.96,0.65,0.51,,,,,,
Serpina1a,plex_1,1.61,0.99,1.36,0.39,1.64,0.51,,,,,,
Ssrp1,plex_1,1.53,1.0,1.42,1.11,0.86,,,,,,,
Ssrp1,plex_1,1.53,1.0,1.42,1.11,0.86,,,,,,,
Rilpl1,plex_1,1.71,1.47,1.09,1.35,0.77,0.67,,,,,,
Arf2,plex_1,1.17,1.28,1.12,0.81,0.51,0.6,,,,,,
Stk3,plex_1,1.2,1.06,1.38,1.3,2.54,0.46,,,,,,
Decr2,plex_1,1.12,1.62,1.5,1.18,1.48,0.58,,,,,,
Brk1,plex_1,2.4,1.77,1.37,1.96,1.73,1.42,,,,,,
Lsm2,plex_1,1.78,1.32,1.2,1.28,1.08,0.48,,,,,,
Lsm2,plex_1,1.78,1.32,1.2,1.28,1.08,0.48,,,,,,
Lsm2,plex_1,1.78,1.32,1.2,1.28,1.08,0.48,,,,,,
Ndufs1,plex_1,1.04,0.88,1.36,1.11,0.62,0.66,,,,,,
Chmp2a,plex_1,1.51,1.23,1.35,1.06,0.82,0.61,,,,,,
Vps13a,plex_1,1.2,1.24,1.77,1.14,0.71,0.49,,,,,,
Acox1,plex_1,,,,,,,,,,,,
Stat5a,plex_1,,,,,,,,,,,,
Stat5b,plex_1,,,,,,,,,,,,
Stat5a,plex_1,,,,,,,,,,,,
Gnpda2,plex_1,0.83,0.82,0.61,0.62,0.65,0.45,,,,,,
Strn4,plex_1,1.51,1.34,1.59,1.33,1.34,1.03,,,,,,
Strn4,plex_1,1.51,1.34,1.59,1.33,1.34,1.03,,,,,,
Strn4,plex_1,1.51,1.34,1.59,1.33,1.34,1.03,,,,,,
Ak2,plex_1,,,,,,,,,,,,
Rap2a,plex_1,1.44,0.87,1.15,0.93,0.85,0.29,,,,,,
Rap2a,plex_1,1.44,0.87,1.15,0.93,0.85,0.29,,,,,,
Rap2c,plex_1,1.44,0.87,1.15,0.93,0.85,0.29,,,,,,
Rap2b,plex_1,1.44,0.87,1.15,0.93,0.85,0.29,,,,,,
mFLJ00241,plex_1,1.07,1.16,1.08,1.43,0.64,0.65,,,,,,
Mlf2,plex_1,2.58,2.53,1.57,1.72,1.51,0.78,,,,,,
Fnbp1l,plex_1,1.92,0.92,1.19,0.92,1.16,0.83,,,,,,
Fnbp1l,plex_1,1.92,0.92,1.19,0.92,1.16,0.83,,,,,,
Aspg,plex_1,,,,,,,,,,,,
Dlgap4,plex_1,,,,,,,,,,,,
Dlgap4,plex_1,,,,,,,,,,,,
Sec16a,plex_1,1.66,1.2,1.23,1.13,0.74,0.54,,,,,,
Sec16a,plex_1,1.66,1.2,1.23,1.13,0.74,0.54,,,,,,
Serpina1e,plex_1,,,,,,,,,,,,
,plex_1,1.29,1.03,1.23,0.84,0.93,0.53,,,,,,
Nek7,plex_1,1.29,1.03,1.23,0.84,0.93,0.53,,,,,,
Nek7,plex_1,1.29,1.03,1.23,0.84,0.93,0.53,,,,,,
Carhsp1,plex_1,1.08,0.89,0.97,0.88,0.66,0.43,,,,,,
Carhsp1,plex_1,1.08,0.89,0.97,0.88,0.66,0.43,,,,,,
Cops7a,plex_1,0.98,1.03,,,1.23,,,,,,,
Uchl5,plex_1,1.1,0.71,0.87,0.47,0.33,0.87,,,,,,
Uchl5,plex_1,1.1,0.71,0.87,0.47,0.33,0.87,,,,,,
Ppp1r9b,plex_1,1.51,1.23,2.46,1.38,1.32,1.01,,,,,,
Zcchc8,plex_1,0.87,0.93,1.94,0.85,0.53,0.58,,,,,,
Zcchc8,plex_1,0.87,0.93,1.94,0.85,0.53,0.58,,,,,,
5730455P16Rik,plex_1,1.07,0.86,0.51,0.53,0.74,0.43,,,,,,
,plex_1,1.07,0.86,0.51,0.53,0.74,0.43,,,,,,
5730455P16Rik,plex_1,1.07,0.86,0.51,0.53,0.74,0.43,,,,,,
5730455P16Rik,plex_1,1.07,0.86,0.51,0.53,0.74,0.43,,,,,,
Il1rap,plex_1,2.45,1.52,2.02,1.8,1.69,0.8,,,,,,
2810408M09Rik,plex_1,,,,,,,,,,,,
Trp53rkb,plex_1,,,,,,,,,,,,
Tp53rk,plex_1,,,,,,,,,,,,
Spcs1,plex_1,1.32,1.25,1.17,1.27,0.65,0.8,,,,,,
Eif2b1,plex_1,1.15,1.21,1.06,0.71,0.71,0.57,,,,,,
Myo7a,plex_1,1.46,0.92,0.81,0.96,0.63,0.49,,,,,,
Myo7a,plex_1,1.46,0.92,0.81,0.96,0.63,0.49,,,,,,
Zranb2,plex_1,0.94,0.48,0.64,0.62,0.61,0.59,,,,,,
Zranb2,plex_1,0.94,0.48,0.64,0.62,0.61,0.59,,,,,,
Mrpl28,plex_1,1.35,1.09,1.19,1.07,0.96,0.59,,,,,,
Cav1,plex_1,1.3,1.19,1.0,1.14,0.74,0.53,,,,,,
Plekhf2,plex_1,1.39,1.1,1.31,1.08,0.91,0.52,,,,,,
Bag2,plex_1,1.11,1.35,1.33,0.75,0.74,0.53,,,,,,
Trip12,plex_1,1.67,1.07,0.8,1.01,0.78,0.93,,,,,,
,plex_1,1.14,1.16,1.25,0.68,0.53,0.5,,,,,,
Numbl,plex_1,,,,,,,,,,,,
Spint1,plex_1,0.41,0.39,0.71,0.26,0.58,,,,,,,
Spint1,plex_1,0.41,0.39,0.71,0.26,0.58,,,,,,,
Pdpr,plex_1,0.9,1.19,1.0,0.76,0.76,0.64,,,,,,
Fads3,plex_1,,,,,,,,,,,,
Fads3,plex_1,,,,,,,,,,,,
Acp2,plex_1,1.1,1.04,0.74,0.77,0.71,0.52,,,,,,
Acp2,plex_1,1.1,1.04,0.74,0.77,0.71,0.52,,,,,,
Tomm7,plex_1,1.53,1.31,1.3,1.01,0.85,0.52,,,,,,
Larp4,plex_1,1.0,1.06,1.41,0.87,0.75,0.52,,,,,,
Tmed5,plex_1,1.5,1.33,1.38,1.17,0.73,0.55,,,,,,
Tmed5,plex_1,1.5,1.33,1.38,1.17,0.73,0.55,,,,,,
Tmed5,plex_1,1.5,1.33,1.38,1.17,0.73,0.55,,,,,,
Tmed5,plex_1,1.5,1.33,1.38,1.17,0.73,0.55,,,,,,
Tmed5,plex_1,1.5,1.33,1.38,1.17,0.73,0.55,,,,,,
,plex_1,,,,,,,,,,,,
Cdc42ep1,plex_1,,,,,,,,,,,,
Cdc42ep1,plex_1,,,,,,,,,,,,
Esrra,plex_1,,,,,,,,,,,,
Mtif2,plex_1,1.1,1.66,1.67,1.18,0.83,0.75,,,,,,
Arf4,plex_1,,,,,,,,,,,,
Eps8l1,plex_1,1.63,0.95,1.07,1.07,0.78,0.56,,,,,,
Atrx,plex_1,1.52,0.88,1.24,1.95,0.81,0.59,,,,,,
Akap1,plex_1,1.26,2.04,1.97,1.29,,,,,,,,
Akap1,plex_1,1.26,2.04,1.97,1.29,,,,,,,,
Mrpl18,plex_1,0.5,1.18,0.66,0.46,0.83,0.33,,,,,,
Igh,plex_1,,,,,,,,,,,,
Sptan1,plex_1,,,,,,,,,,,,
Sptan1,plex_1,,,,,,,,,,,,
Sptan1,plex_1,,,,,,,,,,,,
Atg5,plex_1,1.5,1.72,1.32,1.11,0.66,0.61,,,,,,
Naa20,plex_1,1.59,0.99,1.0,0.93,0.93,0.16,,,,,,
Ylpm1,plex_1,0.96,0.86,0.72,0.49,0.44,0.6,,,,,,
Rps29,plex_1,1.74,1.97,1.25,0.88,0.7,0.62,,,,,,
Acot3,plex_1,1.11,0.92,0.82,0.76,0.5,0.46,,,,,,
Acot3,plex_1,1.11,0.92,0.82,0.76,0.5,0.46,,,,,,
Ptbp3,plex_1,1.3,1.1,1.22,1.18,0.82,0.67,,,,,,
Ptbp3,plex_1,1.3,1.1,1.22,1.18,0.82,0.67,,,,,,
Ptbp3,plex_1,1.3,1.1,1.22,1.18,0.82,0.67,,,,,,
Cacna2d1,plex_1,1.03,1.19,1.16,0.83,0.63,0.6,,,,,,
Cacna2d1,plex_1,1.03,1.19,1.16,0.83,0.63,0.6,,,,,,
Ttc37,plex_1,1.28,0.92,0.76,0.49,0.55,0.34,,,,,,
Prmt3,plex_1,1.3,1.15,1.0,1.37,1.02,0.38,,,,,,
Prmt3,plex_1,1.3,1.15,1.0,1.37,1.02,0.38,,,,,,
Golph3l,plex_1,1.33,1.15,1.25,0.89,0.96,0.46,,,,,,
Golph3l,plex_1,1.33,1.15,1.25,0.89,0.96,0.46,,,,,,
Rbm17,plex_1,1.06,1.09,0.94,0.95,0.66,0.56,,,,,,
Anxa9,plex_1,,,,,,,,,,,,
Paf1,plex_1,0.77,0.86,0.71,0.68,0.59,0.37,,,,,,
Calml4,plex_1,1.04,0.93,1.2,0.85,0.63,0.57,,,,,,
Parp3,plex_1,3.73,1.99,3.41,2.6,1.66,0.63,,,,,,
Parp3,plex_1,3.73,1.99,3.41,2.6,1.66,0.63,,,,,,
Parp3,plex_1,3.73,1.99,3.41,2.6,1.66,0.63,,,,,,
Parp3,plex_1,3.73,1.99,3.41,2.6,1.66,0.63,,,,,,
Parp3,plex_1,3.73,1.99,3.41,2.6,1.66,0.63,,,,,,
Arpin,plex_1,0.96,0.8,0.79,0.79,0.76,0.62,,,,,,
Lrrfip2,plex_1,,,,,,,,,,,,
Dnajc19,plex_1,1.51,1.39,1.02,0.86,0.54,0.57,,,,,,
Dnajc19,plex_1,1.51,1.39,1.02,0.86,0.54,0.57,,,,,,
Dnajc19,plex_1,1.51,1.39,1.02,0.86,0.54,0.57,,,,,,
Dnajc19,plex_1,1.51,1.39,1.02,0.86,0.54,0.57,,,,,,
Dnajc19,plex_1,1.51,1.39,1.02,0.86,0.54,0.57,,,,,,
Itgb5,plex_1,0.88,0.78,1.45,0.75,0.55,0.5,,,,,,
Itgb5,plex_1,0.88,0.78,1.45,0.75,0.55,0.5,,,,,,
Usp6nl,plex_1,0.9,0.82,0.82,0.56,0.56,0.56,,,,,,
Usp6nl,plex_1,0.9,0.82,0.82,0.56,0.56,0.56,,,,,,
Chm,plex_1,,,,,,,,,,,,
Chm,plex_1,,,,,,,,,,,,
Chm,plex_1,,,,,,,,,,,,
Nupl1,plex_1,1.23,1.04,0.5,0.92,0.93,0.6,,,,,,
Nup58,plex_1,1.23,1.04,0.5,0.92,0.93,0.6,,,,,,
Nupl1,plex_1,1.23,1.04,0.5,0.92,0.93,0.6,,,,,,
Nup58,plex_1,1.23,1.04,0.5,0.92,0.93,0.6,,,,,,
Nup58,plex_1,1.23,1.04,0.5,0.92,0.93,0.6,,,,,,
Nup58,plex_1,1.23,1.04,0.5,0.92,0.93,0.6,,,,,,
ND3,plex_1,1.37,1.38,1.24,1.19,0.44,0.53,,,,,,
mt-Nd3,plex_1,1.37,1.38,1.24,1.19,0.44,0.53,,,,,,
Fam195a,plex_1,1.32,0.98,0.87,1.07,0.47,0.92,,,,,,
Mcm2,plex_1,1.44,1.35,1.28,1.04,0.85,0.48,,,,,,
Mcm2,plex_1,1.44,1.35,1.28,1.04,0.85,0.48,,,,,,
Tm9sf1,plex_1,1.07,1.58,1.03,1.02,0.95,0.35,,,,,,
Tm9sf1,plex_1,1.07,1.58,1.03,1.02,0.95,0.35,,,,,,
Tm9sf1,plex_1,1.07,1.58,1.03,1.02,0.95,0.35,,,,,,
Tm9sf1,plex_1,1.07,1.58,1.03,1.02,0.95,0.35,,,,,,
Mapre3,plex_1,,,,2.19,1.08,0.92,,,,,,
Mapre3,plex_1,,,,2.19,1.08,0.92,,,,,,
Sppl2a,plex_1,1.46,0.81,1.1,1.3,0.75,0.38,,,,,,
Tpm2,plex_1,0.99,0.9,2.38,0.49,1.42,0.51,,,,,,
Pbld2,plex_1,1.79,0.93,0.9,1.23,0.95,0.71,,,,,,
Morf4l1,plex_1,1.57,1.18,1.1,1.4,0.77,0.77,,,,,,
Ndufb1,plex_1,1.22,1.02,0.96,0.93,0.67,0.61,,,,,,
Mp68,plex_1,1.28,1.03,0.66,0.8,1.14,0.4,,,,,,
Dnaja4,plex_1,1.88,1.25,1.43,0.76,0.39,0.56,,,,,,
Pard6b,plex_1,1.2,1.08,0.92,0.78,0.84,0.55,,,,,,
Pard6b,plex_1,1.2,1.08,0.92,0.78,0.84,0.55,,,,,,
Slc11a2,plex_1,1.58,,1.38,1.15,,,,,,,,
Slc11a2,plex_1,1.58,,1.38,1.15,,,,,,,,
Slc11a2,plex_1,1.58,,1.38,1.15,,,,,,,,
Slc11a2,plex_1,1.58,,1.38,1.15,,,,,,,,
Kng2,plex_1,1.03,0.62,0.86,0.83,0.77,0.56,,,,,,
Mrpl14,plex_1,2.16,2.26,1.86,1.56,1.56,0.92,,,,,,
Pdzd8,plex_1,1.92,1.18,1.1,1.55,1.15,0.72,,,,,,
Pdzd8,plex_1,1.92,1.18,1.1,1.55,1.15,0.72,,,,,,
Ang,plex_1,0.89,1.22,0.34,1.3,0.68,,,,,,,
Ampd3,plex_1,1.5,0.88,1.4,0.8,0.82,0.5,,,,,,
Xpot,plex_1,3.1,2.24,4.48,2.74,1.95,0.51,,,,,,
Kank3,plex_1,,,,,,,,,,,,
Enpp1,plex_1,0.83,1.12,0.67,0.7,0.52,0.54,,,,,,
Enpp1,plex_1,0.83,1.12,0.67,0.7,0.52,0.54,,,,,,
Lrp1,plex_1,1.07,1.22,1.74,1.34,1.69,1.29,,,,,,
Rrp12,plex_1,1.01,0.81,0.89,0.75,0.74,0.45,,,,,,
Nup50,plex_1,,,,,,,,,,,,
Nolc1,plex_1,1.31,1.11,1.16,1.32,0.8,,,,,,,
Cnpy3,plex_1,1.98,1.11,1.24,1.21,0.91,0.5,,,,,,
Pip4k2a,plex_1,1.11,1.38,1.33,0.73,0.72,0.58,,,,,,
Rtn1,plex_1,1.68,1.34,1.01,1.64,0.85,0.45,,,,,,
Derl1,plex_1,1.72,1.3,1.31,1.26,1.24,0.55,,,,,,
Derl1,plex_1,1.72,1.3,1.31,1.26,1.24,0.55,,,,,,
Ifi35,plex_1,1.59,1.46,1.77,0.74,1.23,,,,,,,
Arih1,plex_1,1.62,1.27,1.58,0.94,1.2,0.73,,,,,,
Arih1,plex_1,1.62,1.27,1.58,0.94,1.2,0.73,,,,,,
Tsr2,plex_1,1.09,0.3,0.88,0.58,0.63,0.34,,,,,,
Tsr2,plex_1,1.09,0.3,0.88,0.58,0.63,0.34,,,,,,
Tsr2,plex_1,1.09,0.3,0.88,0.58,0.63,0.34,,,,,,
Rbm15,plex_1,1.35,1.11,1.13,0.69,0.61,0.51,,,,,,
Rbm15,plex_1,1.35,1.11,1.13,0.69,0.61,0.51,,,,,,
Cfhr2,plex_1,1.31,1.01,1.36,0.55,0.51,0.64,,,,,,
Cfhr2,plex_1,1.31,1.01,1.36,0.55,0.51,0.64,,,,,,
Rragb,plex_1,1.59,0.84,1.21,0.77,0.96,0.59,,,,,,
Rraga,plex_1,1.59,0.84,1.21,0.77,0.96,0.59,,,,,,
Mcam,plex_1,1.49,0.85,1.24,0.94,0.88,0.49,,,,,,
Mcam,plex_1,1.49,0.85,1.24,0.94,0.88,0.49,,,,,,
Myo1b,plex_1,1.71,1.72,1.35,1.29,1.08,0.71,,,,,,
Myo1b,plex_1,1.71,1.72,1.35,1.29,1.08,0.71,,,,,,
Myo1b,plex_1,1.71,1.72,1.35,1.29,1.08,0.71,,,,,,
Myo1b,plex_1,1.71,1.72,1.35,1.29,1.08,0.71,,,,,,
Myo1b,plex_1,1.71,1.72,1.35,1.29,1.08,0.71,,,,,,
Myo1b,plex_1,1.71,1.72,1.35,1.29,1.08,0.71,,,,,,
Myo1b,plex_1,1.71,1.72,1.35,1.29,1.08,0.71,,,,,,
Eef1d,plex_1,1.11,0.82,,0.77,1.11,,,,,,,
Eef1d,plex_1,1.11,0.82,,0.77,1.11,,,,,,,
Rab11fip1,plex_1,1.43,1.45,1.16,1.05,1.25,0.41,,,,,,
Tmem173,plex_1,1.12,1.19,0.95,0.76,0.71,0.43,,,,,,
Tmem173,plex_1,1.12,1.19,0.95,0.76,0.71,0.43,,,,,,
Tmem173,plex_1,1.12,1.19,0.95,0.76,0.71,0.43,,,,,,
Zzef1,plex_1,2.52,1.84,2.67,1.92,1.82,0.42,,,,,,
Zzef1,plex_1,2.52,1.84,2.67,1.92,1.82,0.42,,,,,,
Zzef1,plex_1,2.52,1.84,2.67,1.92,1.82,0.42,,,,,,
Gga2,plex_1,2.02,1.64,1.4,1.31,0.55,0.54,,,,,,
Sf1,plex_1,1.06,0.84,0.77,0.71,0.91,0.36,,,,,,
Camk2g,plex_1,1.85,1.19,0.99,1.01,0.98,0.83,,,,,,
Camk2g,plex_1,1.85,1.19,0.99,1.01,0.98,0.83,,,,,,
Camk2g,plex_1,1.85,1.19,0.99,1.01,0.98,0.83,,,,,,
Mettl16,plex_1,1.66,1.23,1.19,1.42,0.77,0.61,,,,,,
Mettl16,plex_1,1.66,1.23,1.19,1.42,0.77,0.61,,,,,,
Mettl16,plex_1,1.66,1.23,1.19,1.42,0.77,0.61,,,,,,
Scrib,plex_1,1.46,1.42,0.9,0.98,0.64,0.82,,,,,,
Ttc39b,plex_1,,,,,,,,,,,,
Trappc5,plex_1,1.47,1.38,1.22,1.0,0.84,0.77,,,,,,
Uqcc3,plex_1,1.32,1.04,0.97,0.69,0.56,0.72,,,,,,
Hars2,plex_1,1.34,1.47,1.17,0.99,0.57,0.66,,,,,,
Hars2,plex_1,1.34,1.47,1.17,0.99,0.57,0.66,,,,,,
Myadm,plex_1,0.95,0.42,,,0.51,,,,,,,
Myadm,plex_1,0.95,0.42,,,0.51,,,,,,,
Snrpb,plex_1,1.17,0.99,0.88,0.74,0.74,0.49,,,,,,
Znrf2,plex_1,1.06,1.21,1.0,1.16,0.81,0.31,,,,,,
Mrps12,plex_1,1.34,1.17,1.08,0.98,0.63,0.74,,,,,,
Fam84a,plex_1,0.88,0.73,1.32,1.13,0.82,,,,,,,
Fam84a,plex_1,0.88,0.73,1.32,1.13,0.82,,,,,,,
Kif3a,plex_1,2.48,1.19,1.49,2.37,1.77,0.83,,,,,,
Ppp2ca,plex_1,1.98,1.87,2.68,2.03,1.22,0.91,,,,,,
Thoc2,plex_1,1.36,1.25,0.93,,,,,,,,,
Ireb2,plex_1,1.26,0.95,1.01,0.89,0.54,0.52,,,,,,
Plp2,plex_1,,,,,,,,,,,,
Plp2,plex_1,,,,,,,,,,,,
Pspc1,plex_1,0.99,1.05,0.73,0.87,0.92,0.51,,,,,,
Pspc1,plex_1,0.99,1.05,0.73,0.87,0.92,0.51,,,,,,
Plcg2,plex_1,0.63,1.49,1.31,1.14,1.26,0.39,,,,,,
Nudcd3,plex_1,11.52,4.69,8.57,6.69,3.24,,,,,,,
Nudcd3,plex_1,11.52,4.69,8.57,6.69,3.24,,,,,,,
Nudcd3,plex_1,11.52,4.69,8.57,6.69,3.24,,,,,,,
Ciao1,plex_1,,,,,,,,,,,,
Ciao1,plex_1,,,,,,,,,,,,
Ciao1,plex_1,,,,,,,,,,,,
Map3k5,plex_1,1.21,1.15,1.4,0.91,0.71,0.45,,,,,,
Vps53,plex_1,1.34,1.08,1.04,1.05,0.7,0.36,,,,,,
Slc25a36,plex_1,1.39,1.12,1.35,0.81,0.82,0.62,,,,,,
Slc25a36,plex_1,1.39,1.12,1.35,0.81,0.82,0.62,,,,,,
Slc25a36,plex_1,1.39,1.12,1.35,0.81,0.82,0.62,,,,,,
Ado,plex_1,1.45,1.36,1.22,0.85,0.92,0.58,,,,,,
Commd8,plex_1,1.69,1.35,1.56,1.01,1.04,0.54,,,,,,
Nhlrc3,plex_1,1.33,1.24,1.28,0.51,0.59,0.78,,,,,,
Nhlrc3,plex_1,1.33,1.24,1.28,0.51,0.59,0.78,,,,,,
Tmx4,plex_1,,,,,,,,,,,,
Tmx4,plex_1,,,,,,,,,,,,
Nenf,plex_1,1.62,1.49,1.4,0.88,0.99,0.87,,,,,,
Tp53bp1,plex_1,,,,,,,,,,,,
Mtm1,plex_1,1.0,0.69,0.6,0.61,0.76,0.34,,,,,,
Herc4,plex_1,1.0,0.85,0.75,0.46,0.79,0.39,,,,,,
Herc4,plex_1,1.0,0.85,0.75,0.46,0.79,0.39,,,,,,
Mien1,plex_1,1.11,1.02,0.9,0.81,0.98,0.48,,,,,,
Paip1,plex_1,1.15,1.06,0.93,0.75,0.74,0.35,,,,,,
Poglut1,plex_1,1.36,1.35,1.61,0.85,1.17,0.12,,,,,,
Poglut1,plex_1,1.36,1.35,1.61,0.85,1.17,0.12,,,,,,
Gpam,plex_1,1.97,1.63,1.46,1.04,1.05,0.7,,,,,,
Gpam,plex_1,1.97,1.63,1.46,1.04,1.05,0.7,,,,,,
Ghitm,plex_1,1.49,1.19,0.73,0.89,0.94,0.56,,,,,,
,plex_1,,,,,,,,,,,,
Pspc1,plex_1,1.56,1.12,1.73,1.47,1.17,0.57,,,,,,
Spats2,plex_1,0.88,1.17,1.08,1.08,0.66,0.31,,,,,,
Nudt12,plex_1,1.15,0.94,1.02,1.0,0.85,0.41,,,,,,
Nudt12,plex_1,1.15,0.94,1.02,1.0,0.85,0.41,,,,,,
Sgpp1,plex_1,1.13,1.07,1.07,0.89,0.98,0.39,,,,,,
Slc35a1,plex_1,1.45,1.04,1.37,1.26,0.83,0.82,,,,,,
Slc35a1,plex_1,1.45,1.04,1.37,1.26,0.83,0.82,,,,,,
Rwdd1,plex_1,1.45,1.39,1.41,1.13,0.98,0.52,,,,,,
Bhmt,plex_1,1.43,1.57,0.21,0.46,1.86,0.05,,,,,,
Kri1,plex_1,,,,,,,,,,,,
Cr1l,plex_1,1.21,1.2,1.22,0.79,0.74,0.57,,,,,,
Svip,plex_1,1.72,1.34,1.39,1.09,0.89,0.47,,,,,,
Kank1,plex_1,3.5,2.39,2.82,3.37,2.38,0.73,,,,,,
Ubqln4,plex_1,,,,,,,,,,,,
Fam3c,plex_1,1.3,1.35,1.85,1.13,0.54,0.82,,,,,,
Coq10b,plex_1,1.65,1.44,0.95,0.68,0.77,0.66,,,,,,
Coq10b,plex_1,1.65,1.44,0.95,0.68,0.77,0.66,,,,,,
Slc30a9,plex_1,1.1,1.01,0.84,0.68,0.71,0.5,,,,,,
Slc30a9,plex_1,1.1,1.01,0.84,0.68,0.71,0.5,,,,,,
Slc30a9,plex_1,1.1,1.01,0.84,0.68,0.71,0.5,,,,,,
Adgrf5,plex_1,,,,,,,,,,,,
Trmt112,plex_1,1.72,2.15,0.95,1.66,,0.99,,,,,,
Trmt112,plex_1,1.72,2.15,0.95,1.66,,0.99,,,,,,
Trmt112,plex_1,1.72,2.15,0.95,1.66,,0.99,,,,,,
Gga3,plex_1,1.6,1.22,,,,0.6,,,,,,
Gga3,plex_1,1.6,1.22,,,,0.6,,,,,,
Gga3,plex_1,1.6,1.22,,,,0.6,,,,,,
Dars2,plex_1,1.43,1.35,1.66,1.0,0.89,0.59,,,,,,
Letmd1,plex_1,1.05,0.43,0.58,0.6,0.89,0.3,,,,,,
Zbtb8os,plex_1,1.66,1.17,0.86,0.91,0.67,0.59,,,,,,
Zbtb8os,plex_1,1.66,1.17,0.86,0.91,0.67,0.59,,,,,,
Gtpbp3,plex_1,0.98,,0.93,1.06,,,,,,,,
Acta1,plex_1,,,,,,,,,,,,
Dis3,plex_1,1.3,0.47,0.7,,0.71,,,,,,,
Oraov1,plex_1,1.37,,,0.41,0.51,,,,,,,
Chp1,plex_1,1.35,1.38,1.11,0.93,1.14,0.6,,,,,,
Oard1,plex_1,0.87,0.88,0.98,0.84,0.92,0.44,,,,,,
Ssu72,plex_1,1.73,1.56,1.66,1.15,0.94,0.84,,,,,,
Tpm1,plex_1,1.44,0.82,1.23,0.85,1.19,0.26,,,,,,
Tmem261,plex_1,1.04,1.19,0.87,0.88,0.53,0.51,,,,,,
Xab2,plex_1,,,,,,,,,,,,
Tsc2,plex_1,,,,,,,,,,,,
Tsc2,plex_1,,,,,,,,,,,,
Tsc2,plex_1,,,,,,,,,,,,
Nup153,plex_1,1.61,1.31,1.32,1.26,1.24,0.73,,,,,,
Nup153,plex_1,1.61,1.31,1.32,1.26,1.24,0.73,,,,,,
Pcdh1,plex_1,1.18,0.93,0.77,0.69,0.73,0.61,,,,,,
Irf2bp1,plex_1,1.36,0.72,0.77,0.58,0.51,0.62,,,,,,
Irf2bp1,plex_1,1.36,0.72,0.77,0.58,0.51,0.62,,,,,,
Plekha6,plex_1,1.47,1.37,1.37,1.0,1.45,0.41,,,,,,
Dnajc12,plex_1,1.22,1.15,0.97,0.8,0.84,0.85,,,,,,
,plex_1,1.22,1.15,0.97,0.8,0.84,0.85,,,,,,
Dnajc12,plex_1,1.22,1.15,0.97,0.8,0.84,0.85,,,,,,
Tpm1,plex_1,,,,,,,,,,,,
Chchd1,plex_1,1.5,1.54,1.27,1.06,0.21,0.79,,,,,,
Lancl1,plex_1,1.56,1.7,0.91,0.71,1.01,,,,,,,
Scnn1b,plex_1,,1.15,1.14,,,,,,,,,
Hmgn2,plex_1,1.21,0.69,0.49,0.89,0.42,0.68,,,,,,
,plex_1,1.14,1.22,1.08,1.16,0.78,0.45,,,,,,
H2-Aa,plex_1,1.14,1.22,1.08,1.16,0.78,0.45,,,,,,
Tbc1d10a,plex_1,2.02,1.79,1.7,1.46,1.18,1.32,,,,,,
Tbc1d10a,plex_1,2.02,1.79,1.7,1.46,1.18,1.32,,,,,,
Twf2,plex_1,1.42,1.66,2.04,1.21,1.06,1.04,,,,,,
Twf2,plex_1,1.42,1.66,2.04,1.21,1.06,1.04,,,,,,
Espn,plex_1,1.42,1.12,1.16,0.81,0.8,0.53,,,,,,
Espn,plex_1,1.42,1.12,1.16,0.81,0.8,0.53,,,,,,
Mpdz,plex_1,3.37,1.25,3.55,2.46,1.8,0.81,,,,,,
Scd1,plex_1,1.51,1.57,1.28,1.05,0.59,0.4,,,,,,
Abhd6,plex_1,1.14,1.01,0.94,0.7,0.41,0.46,,,,,,
Abhd6,plex_1,1.14,1.01,0.94,0.7,0.41,0.46,,,,,,
Spcs3,plex_1,1.05,1.25,0.84,0.98,0.76,0.37,,,,,,
Spcs3,plex_1,1.05,1.25,0.84,0.98,0.76,0.37,,,,,,
Hexim1,plex_1,1.48,1.35,1.7,1.31,0.87,0.67,,,,,,
Mrps25,plex_1,1.87,1.8,1.28,1.77,1.23,0.52,,,,,,
Braf,plex_1,1.26,0.68,0.78,,0.66,0.6,,,,,,
Trappc12,plex_1,,,,,,,,,,,,
Trappc12,plex_1,,,,,,,,,,,,
Col6a5,plex_1,5.73,2.2,5.26,4.67,4.72,0.36,,,,,,
Tmx1,plex_1,,,,,,,,,,,,
Tmx1,plex_1,,,,,,,,,,,,
Txndc12,plex_1,1.17,1.11,1.15,1.02,0.92,0.49,,,,,,
Hspa13,plex_1,1.45,1.44,1.18,1.0,0.63,0.48,,,,,,
Dnajc28,plex_1,1.93,1.74,2.52,1.23,1.62,0.76,,,,,,
Dnajc28,plex_1,1.93,1.74,2.52,1.23,1.62,0.76,,,,,,
,plex_1,1.04,,,,,,,,,,,
Copz2,plex_1,1.3,1.23,1.28,1.2,0.76,0.48,,,,,,
Otud6b,plex_1,0.89,,1.28,0.86,,0.55,,,,,,
Pef1,plex_1,2.03,2.7,2.63,4.26,1.6,0.63,,,,,,
Rabep1,plex_1,,,,,,,,,,,,
Rabep1,plex_1,,,,,,,,,,,,
Rabep1,plex_1,,,,,,,,,,,,
Vwa1,plex_1,,0.39,,0.72,0.29,,,,,,,
Vcpip1,plex_1,0.83,0.69,1.25,0.82,0.72,0.59,,,,,,
Vcpip1,plex_1,0.83,0.69,1.25,0.82,0.72,0.59,,,,,,
Vcpip1,plex_1,0.83,0.69,1.25,0.82,0.72,0.59,,,,,,
Slc35a3,plex_1,,,,,,,,,,,,
Slc35a3,plex_1,,,,,,,,,,,,
Slc35a3,plex_1,,,,,,,,,,,,
Osbpl11,plex_1,,,,,,,,,,,,
Osbpl11,plex_1,,,,,,,,,,,,
Ispd,plex_1,1.28,1.28,1.15,0.77,1.09,0.67,,,,,,
Ispd,plex_1,1.28,1.28,1.15,0.77,1.09,0.67,,,,,,
Ispd,plex_1,1.28,1.28,1.15,0.77,1.09,0.67,,,,,,
Snu13,plex_1,1.09,1.0,0.86,0.55,0.53,0.47,,,,,,
Cmc1,plex_1,0.98,0.84,0.8,0.59,0.54,0.44,,,,,,
Mcm6,plex_1,1.47,1.47,1.24,0.96,1.32,0.3,,,,,,
Commd4,plex_1,0.93,1.55,1.81,0.69,0.87,0.89,,,,,,
Commd4,plex_1,0.93,1.55,1.81,0.69,0.87,0.89,,,,,,
Orm2,plex_1,,,7.57,,,,,,,,,
Gsk3a,plex_1,2.24,1.4,1.77,1.37,0.74,0.56,,,,,,
Gsk3a,plex_1,2.24,1.4,1.77,1.37,0.74,0.56,,,,,,
Plekhf1,plex_1,,,,,,,,,,,,
Vps13c,plex_1,1.86,1.57,1.73,1.64,1.29,0.52,,,,,,
Nup214,plex_1,0.88,0.54,0.59,0.24,0.5,,,,,,,
Fuca1,plex_1,1.01,0.92,1.03,0.99,0.91,0.5,,,,,,
Fuca1,plex_1,1.01,0.92,1.03,0.99,0.91,0.5,,,,,,
Chmp1b1,plex_1,0.8,0.58,0.63,0.47,0.56,0.29,,,,,,
Tapbp,plex_1,3.41,3.3,4.94,3.67,2.75,0.59,,,,,,
Tapbp,plex_1,3.41,3.3,4.94,3.67,2.75,0.59,,,,,,
Tapbp,plex_1,3.41,3.3,4.94,3.67,2.75,0.59,,,,,,
Tapbp,plex_1,3.41,3.3,4.94,3.67,2.75,0.59,,,,,,
Tapbp,plex_1,3.41,3.3,4.94,3.67,2.75,0.59,,,,,,
Tapbp,plex_1,3.41,3.3,4.94,3.67,2.75,0.59,,,,,,
Tapbp,plex_1,3.41,3.3,4.94,3.67,2.75,0.59,,,,,,
Rgs10,plex_1,,,,,,,,,,,,
Rgs10,plex_1,,,,,,,,,,,,
Rgs10,plex_1,,,,,,,,,,,,
Ptgs1,plex_1,1.52,0.85,1.27,1.1,1.13,0.67,,,,,,
Ptgs1,plex_1,1.52,0.85,1.27,1.1,1.13,0.67,,,,,,
,plex_1,,,,,,,,,,,,
Mup3,plex_1,2.29,2.38,2.92,0.63,0.25,0.2,,,,,,
Cdipt,plex_1,,,,,,,,,,,,
Cdipt,plex_1,,,,,,,,,,,,
Cdipt,plex_1,,,,,,,,,,,,
Cdipt,plex_1,,,,,,,,,,,,
Cdipt,plex_1,,,,,,,,,,,,
Cdipt,plex_1,,,,,,,,,,,,
Ppwd1,plex_1,,,,,,,,,,,,
Sncg,plex_1,,,,,,,,,,,,
Bckdk,plex_1,2.06,1.74,0.96,1.34,0.85,1.01,,,,,,
Sult1a1,plex_1,1.07,0.85,1.03,0.72,1.17,0.43,,,,,,
Exosc3,plex_1,,,,,,,,,,,,
Soat1,plex_1,,,,,,,,,,,,
Ccdc124,plex_1,1.81,1.11,1.09,0.91,0.93,0.44,,,,,,
Fxyd2,plex_1,1.34,1.0,0.85,0.87,0.62,0.6,,,,,,
Rasa1,plex_1,0.73,0.51,0.46,0.22,0.75,0.89,,,,,,
Rasa1,plex_1,0.73,0.51,0.46,0.22,0.75,0.89,,,,,,
Rasa1,plex_1,0.73,0.51,0.46,0.22,0.75,0.89,,,,,,
Rab3gap2,plex_1,0.82,0.73,0.93,0.62,0.55,0.47,,,,,,
Lgalsl,plex_1,,,,,,,,,,,,
Cttnbp2nl,plex_1,1.23,1.17,0.61,1.13,0.8,0.56,,,,,,
F11r,plex_1,0.87,1.26,1.06,1.0,0.47,0.4,,,,,,
Pitpnc1,plex_1,,,,,,,,,,,,
Gpm6a,plex_1,1.34,1.19,1.22,1.31,0.71,0.33,,,,,,
Gpm6a,plex_1,1.34,1.19,1.22,1.31,0.71,0.33,,,,,,
Gabarapl2,plex_1,0.91,1.07,0.8,0.86,0.59,0.56,,,,,,
Abcf3,plex_1,1.37,1.3,1.14,1.12,0.88,0.58,,,,,,
Hbbt1,plex_1,0.92,1.04,0.72,1.17,0.95,0.59,,,,,,
Emc9,plex_1,0.8,1.24,1.03,0.75,0.73,0.57,,,,,,
Wfs1,plex_1,1.34,1.26,0.93,1.58,0.74,0.62,,,,,,
Wfs1,plex_1,1.34,1.26,0.93,1.58,0.74,0.62,,,,,,
Wfs1,plex_1,1.34,1.26,0.93,1.58,0.74,0.62,,,,,,
Wfs1,plex_1,1.34,1.26,0.93,1.58,0.74,0.62,,,,,,
Nek8,plex_1,1.2,1.11,,0.57,1.41,,,,,,,
Prss3,plex_1,,,,,,,,,,,,
Prss3,plex_1,,,,,,,,,,,,
Mgat2,plex_1,2.12,1.05,2.32,1.51,0.91,0.51,,,,,,
Kras,plex_1,0.96,1.18,0.84,0.71,0.93,0.27,,,,,,
Kras,plex_1,0.96,1.18,0.84,0.71,0.93,0.27,,,,,,
Picalm,plex_1,,,,,,,,,,,,
Picalm,plex_1,,,,,,,,,,,,
Picalm,plex_1,,,,,,,,,,,,
Rapgef3,plex_1,,,,,,,,,,,,
Rapgef3,plex_1,,,,,,,,,,,,
Rapgef3,plex_1,,,,,,,,,,,,
Rapgef3,plex_1,,,,,,,,,,,,
Rapgef3,plex_1,,,,,,,,,,,,
Rapgef3,plex_1,,,,,,,,,,,,
Ncam1,plex_1,2.15,1.47,1.25,1.3,1.03,0.9,,,,,,
Ncam1,plex_1,2.15,1.47,1.25,1.3,1.03,0.9,,,,,,
Ncam1,plex_1,2.15,1.47,1.25,1.3,1.03,0.9,,,,,,
Ncam1,plex_1,2.15,1.47,1.25,1.3,1.03,0.9,,,,,,
Dnm2,plex_1,2.8,0.71,1.31,0.55,0.61,0.74,,,,,,
Dnm2,plex_1,2.8,0.71,1.31,0.55,0.61,0.74,,,,,,
Dnm2,plex_1,2.8,0.71,1.31,0.55,0.61,0.74,,,,,,
Itpr3,plex_1,3.82,2.23,3.95,2.9,1.85,0.51,,,,,,
Alas1,plex_1,3.71,2.43,3.05,2.09,1.55,0.6,,,,,,
Alas1,plex_1,3.71,2.43,3.05,2.09,1.55,0.6,,,,,,
Pak1,plex_1,1.1,1.16,0.88,0.7,0.68,0.38,,,,,,
Gstm7,plex_1,0.98,1.05,1.01,1.04,0.86,0.5,,,,,,
Csk,plex_1,1.36,1.19,1.29,1.16,0.71,0.54,,,,,,
Selm,plex_1,0.5,0.8,1.04,0.55,3.55,,,,,,,
Rab8b,plex_1,1.88,,0.89,,,,,,,,,
Rabgap1,plex_1,1.77,1.45,1.43,1.04,1.14,0.5,,,,,,
Ndufa1,plex_1,1.13,1.5,2.15,1.55,0.46,0.81,,,,,,
Cc2d1b,plex_1,1.44,1.35,1.26,1.14,0.9,0.63,,,,,,
Serpinb6b,plex_1,1.18,1.3,1.39,1.02,0.87,,,,,,,
1810043H04Rik,plex_1,1.33,1.47,4.93,1.48,1.39,0.56,,,,,,
,plex_1,1.33,1.47,4.93,1.48,1.39,0.56,,,,,,
Cyp27a1,plex_1,1.21,1.14,0.85,0.95,0.94,0.38,,,,,,
Ccdc50,plex_1,0.95,1.05,1.35,0.58,0.97,0.47,,,,,,
Ndufaf6,plex_1,1.64,1.1,1.34,1.13,0.69,0.63,,,,,,
Glb1l2,plex_1,,,,,,,,,,,,
Glb1l2,plex_1,,,,,,,,,,,,
Glb1l2,plex_1,,,,,,,,,,,,
Glb1l2,plex_1,,,,,,,,,,,,
Glb1l2,plex_1,,,,,,,,,,,,
Ppp6r1,plex_1,1.44,2.01,1.51,1.15,1.08,0.6,,,,,,
Ppp6r1,plex_1,1.44,2.01,1.51,1.15,1.08,0.6,,,,,,
Immt,plex_1,0.89,0.86,1.14,0.55,0.51,0.51,,,,,,
Lrch4,plex_1,2.14,1.74,2.26,3.0,,,,,,,,
,plex_1,2.14,1.74,2.26,3.0,,,,,,,,
Lrch4,plex_1,2.14,1.74,2.26,3.0,,,,,,,,
Lrch4,plex_1,2.14,1.74,2.26,3.0,,,,,,,,
mFLJ00248,plex_1,2.14,1.74,2.26,3.0,,,,,,,,
Pex1,plex_1,,,,,,,,,,,,
Pex1,plex_1,,,,,,,,,,,,
Ap3s1,plex_1,0.89,1.6,1.93,0.96,,,,,,,,
Myl6,plex_1,,,,,,,,,,,,
Rab34,plex_1,1.45,0.91,1.02,0.73,0.94,0.72,,,,,,
,plex_1,1.45,0.91,1.02,0.73,0.94,0.72,,,,,,
Rab34,plex_1,1.45,0.91,1.02,0.73,0.94,0.72,,,,,,
Rab34,plex_1,1.45,0.91,1.02,0.73,0.94,0.72,,,,,,
Chchd4,plex_1,1.52,1.55,1.3,0.63,0.87,0.58,,,,,,
Lama1,plex_1,1.02,1.09,1.07,0.89,0.79,0.46,,,,,,
Asah2,plex_1,1.29,1.22,1.27,1.0,0.78,0.5,,,,,,
Spns1,plex_1,1.59,1.58,0.9,1.06,1.21,0.38,,,,,,
Eml3,plex_1,0.96,0.62,0.96,0.63,0.79,0.45,,,,,,
Dhrs3,plex_1,1.98,1.79,0.74,1.24,0.52,0.58,,,,,,
Dhrs3,plex_1,1.98,1.79,0.74,1.24,0.52,0.58,,,,,,
Dhrs3,plex_1,1.98,1.79,0.74,1.24,0.52,0.58,,,,,,
Rab27a,plex_1,1.13,0.76,1.62,0.56,1.43,0.72,,,,,,
Lyrm5,plex_1,0.98,2.1,0.5,0.51,0.62,0.59,,,,,,
Mrpl57,plex_1,6.35,1.55,2.31,3.66,3.21,0.81,,,,,,
Stard4,plex_1,1.08,1.32,1.67,0.86,0.66,0.72,,,,,,
Stard4,plex_1,1.08,1.32,1.67,0.86,0.66,0.72,,,,,,
Stard4,plex_1,1.08,1.32,1.67,0.86,0.66,0.72,,,,,,
Stard4,plex_1,1.08,1.32,1.67,0.86,0.66,0.72,,,,,,
Gtf2a1,plex_1,2.23,4.04,2.55,2.39,1.87,1.3,,,,,,
Gm5435,plex_1,2.23,4.04,2.55,2.39,1.87,1.3,,,,,,
Gtf2a1,plex_1,2.23,4.04,2.55,2.39,1.87,1.3,,,,,,
Gtf2a1,plex_1,2.23,4.04,2.55,2.39,1.87,1.3,,,,,,
Pnpla2,plex_1,1.21,1.85,0.93,0.84,0.84,0.59,,,,,,
Pml,plex_1,1.04,0.85,1.11,0.83,0.73,0.38,,,,,,
Pml,plex_1,1.04,0.85,1.11,0.83,0.73,0.38,,,,,,
Kiaa0100,plex_1,0.57,0.79,0.7,0.55,0.41,0.23,,,,,,
Arhgap27,plex_1,1.53,1.2,1.54,1.3,1.42,0.57,,,,,,
Arhgap27,plex_1,1.53,1.2,1.54,1.3,1.42,0.57,,,,,,
Lamtor5,plex_1,1.2,1.05,1.05,0.79,0.9,0.61,,,,,,
Lamtor5,plex_1,1.2,1.05,1.05,0.79,0.9,0.61,,,,,,
Acp5,plex_1,,,,,,,,,,,,
0610012G03Rik,plex_1,1.9,1.59,1.09,0.96,0.79,0.49,,,,,,
Pla2g4a,plex_1,1.16,1.51,1.33,0.87,1.01,0.43,,,,,,
Pla2g4a,plex_1,1.16,1.51,1.33,0.87,1.01,0.43,,,,,,
Synj2bp,plex_1,1.24,1.16,1.05,1.1,0.57,0.58,,,,,,
SKI,plex_1,1.27,1.09,1.01,1.16,0.62,0.66,,,,,,
Skiv2l,plex_1,1.27,1.09,1.01,1.16,0.62,0.66,,,,,,
Mettl13,plex_1,1.31,1.22,0.84,1.09,0.7,0.4,,,,,,
Mettl13,plex_1,1.31,1.22,0.84,1.09,0.7,0.4,,,,,,
Rtn2,plex_1,,,,,,,,,,,,
Rtn2,plex_1,,,,,,,,,,,,
Rbm3,plex_1,0.83,0.97,1.37,1.24,1.82,0.62,,,,,,
Rbm3,plex_1,0.83,0.97,1.37,1.24,1.82,0.62,,,,,,
Rbm3,plex_1,0.83,0.97,1.37,1.24,1.82,0.62,,,,,,
Pctp,plex_1,,,,,,,,,,,,
Ubl7,plex_1,1.82,1.04,0.83,0.99,0.81,0.53,,,,,,
Ubl7,plex_1,1.82,1.04,0.83,0.99,0.81,0.53,,,,,,
Arglu1,plex_1,1.63,1.29,1.51,1.09,0.86,0.52,,,,,,
Anapc16,plex_1,,,,,,,,,,,,
Anapc16,plex_1,,,,,,,,,,,,
Anapc16,plex_1,,,,,,,,,,,,
Ppp4r2,plex_1,,,,,,,,,,,,
Ppp4r2,plex_1,,,,,,,,,,,,
Ppp4r2,plex_1,,,,,,,,,,,,
Srsf11,plex_1,1.23,1.27,1.13,0.99,0.9,0.48,,,,,,
Srsf11,plex_1,1.23,1.27,1.13,0.99,0.9,0.48,,,,,,
Srsf11,plex_1,1.23,1.27,1.13,0.99,0.9,0.48,,,,,,
Srsf11,plex_1,1.23,1.27,1.13,0.99,0.9,0.48,,,,,,
Cfi,plex_1,0.76,0.29,1.14,0.63,0.67,0.36,,,,,,
Lipe,plex_1,1.51,1.19,1.53,1.16,0.6,0.53,,,,,,
Lipe,plex_1,1.51,1.19,1.53,1.16,0.6,0.53,,,,,,
Znf638,plex_1,1.31,1.17,1.13,0.97,0.85,0.47,,,,,,
Znf638,plex_1,1.31,1.17,1.13,0.97,0.85,0.47,,,,,,
Zfp638,plex_1,1.31,1.17,1.13,0.97,0.85,0.47,,,,,,
Prorsd1,plex_1,1.84,1.56,1.38,1.17,1.06,0.77,,,,,,
Prorsd1,plex_1,1.84,1.56,1.38,1.17,1.06,0.77,,,,,,
Nup160,plex_1,0.9,1.06,0.87,1.02,0.84,0.73,,,,,,
Nudt3,plex_1,,,,,,,,,,,,
Nudt3,plex_1,,,,,,,,,,,,
Nudt3,plex_1,,,,,,,,,,,,
Rbx1,plex_1,1.13,0.97,1.09,1.17,0.81,0.32,,,,,,
Ly6c1,plex_1,1.02,0.62,0.83,0.6,0.43,0.58,,,,,,
Ly6c1,plex_1,1.02,0.62,0.83,0.6,0.43,0.58,,,,,,
Ly6c1,plex_1,1.02,0.62,0.83,0.6,0.43,0.58,,,,,,
Ly6c2,plex_1,1.02,0.62,0.83,0.6,0.43,0.58,,,,,,
Fbxo6,plex_1,1.1,1.19,1.12,0.72,0.59,0.39,,,,,,
Fbxo6,plex_1,1.1,1.19,1.12,0.72,0.59,0.39,,,,,,
Fbxo6,plex_1,1.1,1.19,1.12,0.72,0.59,0.39,,,,,,
Fbxo6,plex_1,1.1,1.19,1.12,0.72,0.59,0.39,,,,,,
Fbxo6,plex_1,1.1,1.19,1.12,0.72,0.59,0.39,,,,,,
Pld4,plex_1,1.97,0.3,3.0,1.64,1.61,,,,,,,
Pld4,plex_1,1.97,0.3,3.0,1.64,1.61,,,,,,,
Adck4,plex_1,1.22,1.15,0.9,1.04,0.66,0.51,,,,,,
Aip,plex_1,4.08,2.0,4.16,3.16,1.75,1.12,,,,,,
Fntb,plex_1,,,,,,,,,,,,
Snx29,plex_1,,,,,,,,,,,,
Kifap3,plex_1,1.33,1.08,0.85,1.58,0.64,0.47,,,,,,
Kifap3,plex_1,1.33,1.08,0.85,1.58,0.64,0.47,,,,,,
Nr2f1,plex_1,1.32,1.29,1.23,0.81,0.62,0.54,,,,,,
Stag2,plex_1,1.97,1.62,1.98,1.81,1.29,0.55,,,,,,
Ppp1r12b,plex_1,,,,,,,,,,,,
Ppp1r12b,plex_1,,,,,,,,,,,,
Vti1a,plex_1,,,,,,,,,,,,
Lpgat1,plex_1,,,,,,,,,,,,
Tes,plex_1,1.22,1.03,1.2,0.75,0.91,0.31,,,,,,
Cygb,plex_1,1.59,0.96,1.27,0.94,0.8,0.41,,,,,,
Cygb,plex_1,1.59,0.96,1.27,0.94,0.8,0.41,,,,,,
F13a1,plex_1,1.65,1.52,1.12,1.32,1.24,0.53,,,,,,
Cog2,plex_1,1.17,1.24,1.38,1.21,1.11,0.76,,,,,,
Vars2,plex_1,2.19,,1.11,0.49,0.98,,,,,,,
Ap1g2,plex_1,1.1,1.77,2.07,2.05,3.72,0.25,,,,,,
Ap1g2,plex_1,1.1,1.77,2.07,2.05,3.72,0.25,,,,,,
Ap1g2,plex_1,1.1,1.77,2.07,2.05,3.72,0.25,,,,,,
Cxadr,plex_1,2.63,1.41,3.3,2.2,3.31,0.35,,,,,,
Cxadr,plex_1,2.63,1.41,3.3,2.2,3.31,0.35,,,,,,
Cxadr,plex_1,2.63,1.41,3.3,2.2,3.31,0.35,,,,,,
Rbmxl1,plex_1,1.28,0.97,0.89,0.89,0.96,0.44,,,,,,
Smim8,plex_1,1.84,1.84,1.58,1.85,1.59,0.57,,,,,,
Bloc1s5,plex_1,,,,,,,,,,,,
Thy1,plex_1,1.0,0.91,0.79,1.09,0.48,0.3,,,,,,
Thy1,plex_1,1.0,0.91,0.79,1.09,0.48,0.3,,,,,,
Krt76,plex_1,0.85,1.11,0.69,0.77,1.0,0.27,,,,,,
Stk38,plex_1,3.02,1.52,2.26,2.08,1.52,1.99,,,,,,
Stk38,plex_1,3.02,1.52,2.26,2.08,1.52,1.99,,,,,,
Stk38,plex_1,3.02,1.52,2.26,2.08,1.52,1.99,,,,,,
Dnajb2,plex_1,2.29,1.49,1.3,1.07,0.68,0.71,,,,,,
Dnajb2,plex_1,2.29,1.49,1.3,1.07,0.68,0.71,,,,,,
Abhd5,plex_1,1.64,0.46,1.03,,,,,,,,,
Sort1,plex_1,1.2,1.18,0.44,0.45,0.53,0.53,,,,,,
Sort1,plex_1,1.2,1.18,0.44,0.45,0.53,0.53,,,,,,
Mtmr6,plex_1,1.32,0.9,0.64,0.76,0.69,0.5,,,,,,
Mtmr6,plex_1,1.32,0.9,0.64,0.76,0.69,0.5,,,,,,
G6pc,plex_1,0.8,0.83,0.73,0.75,0.59,0.64,,,,,,
Eif4e,plex_1,1.18,1.16,1.16,0.53,0.78,0.71,,,,,,
Eif4e,plex_1,1.18,1.16,1.16,0.53,0.78,0.71,,,,,,
Eif4e,plex_1,1.18,1.16,1.16,0.53,0.78,0.71,,,,,,
Gtf3c4,plex_1,1.67,1.64,2.0,1.24,1.32,0.44,,,,,,
Gtf3c4,plex_1,1.67,1.64,2.0,1.24,1.32,0.44,,,,,,
Cd38,plex_1,1.41,1.2,1.33,1.12,0.93,0.6,,,,,,
Cd38,plex_1,1.41,1.2,1.33,1.12,0.93,0.6,,,,,,
Sltm,plex_1,3.66,1.93,4.11,3.28,1.59,0.76,,,,,,
Sltm,plex_1,3.66,1.93,4.11,3.28,1.59,0.76,,,,,,
Actn4,plex_1,,,,,,,,,,,,
Cyp2s1,plex_1,1.41,0.75,1.02,1.88,0.7,0.65,,,,,,
Cyp2s1,plex_1,1.41,0.75,1.02,1.88,0.7,0.65,,,,,,
Cyp2s1,plex_1,1.41,0.75,1.02,1.88,0.7,0.65,,,,,,
Man1a2,plex_1,1.1,0.61,2.02,0.23,0.56,0.94,,,,,,
Hbb-bh0,plex_1,2.04,1.11,1.51,1.25,0.91,,,,,,,
Hbb-bh1,plex_1,2.04,1.11,1.51,1.25,0.91,,,,,,,
Hbb-bh1,plex_1,2.04,1.11,1.51,1.25,0.91,,,,,,,
Hbb-bh1,plex_1,2.04,1.11,1.51,1.25,0.91,,,,,,,
Sf3b6,plex_1,,,,,,,,,,,,
Aup1,plex_1,1.69,0.34,1.28,1.02,0.35,,,,,,,
Ctrl,plex_1,5.08,0.37,1.56,0.53,0.34,1.18,,,,,,
Ces2g,plex_1,1.66,1.4,1.5,1.12,0.71,0.57,,,,,,
Ces2g,plex_1,1.66,1.4,1.5,1.12,0.71,0.57,,,,,,
Sh3tc1,plex_1,1.35,0.93,1.24,1.13,0.9,0.51,,,,,,
Map7,plex_1,1.49,1.17,1.05,1.06,1.01,0.56,,,,,,
Map7,plex_1,1.49,1.17,1.05,1.06,1.01,0.56,,,,,,
Map7,plex_1,1.49,1.17,1.05,1.06,1.01,0.56,,,,,,
Map7,plex_1,1.49,1.17,1.05,1.06,1.01,0.56,,,,,,
Shtn1,plex_1,,,,,,,,,,,,
Dctn6,plex_1,1.15,1.1,0.89,1.34,0.94,0.58,,,,,,
Dctn6,plex_1,1.15,1.1,0.89,1.34,0.94,0.58,,,,,,
Rtkn,plex_1,2.13,1.3,2.44,1.09,0.91,0.37,,,,,,
Rtkn,plex_1,2.13,1.3,2.44,1.09,0.91,0.37,,,,,,
Sec14l3,plex_1,,,,,,,,,,,,
Dock9,plex_1,1.37,1.07,1.85,0.83,0.8,0.63,,,,,,
Tpm2,plex_1,1.01,1.33,0.69,0.77,1.09,0.53,,,,,,
Cdk5,plex_1,1.77,1.34,1.28,1.24,1.05,0.75,,,,,,
Rnf113a2,plex_1,1.16,1.46,0.92,0.75,0.65,1.01,,,,,,
Rnf113a1,plex_1,1.16,1.46,0.92,0.75,0.65,1.01,,,,,,
Rnf113a1,plex_1,1.16,1.46,0.92,0.75,0.65,1.01,,,,,,
Hint3,plex_1,1.21,1.07,1.01,0.79,0.44,0.57,,,,,,
Tor1a,plex_1,1.27,1.06,1.17,1.06,0.74,0.46,,,,,,
Psmg1,plex_1,0.99,0.77,0.87,0.64,0.83,0.75,,,,,,
Psmg1,plex_1,0.99,0.77,0.87,0.64,0.83,0.75,,,,,,
Tma7,plex_1,,,,,,,,,,,,
Shb,plex_1,,,,,,,,,,,,
Tdrd7,plex_1,0.85,1.0,0.88,0.72,0.6,,,,,,,
Abhd12,plex_1,,,,,,,,,,,,
Chchd10,plex_1,,,,,,,,,,,,
Chchd10,plex_1,,,,,,,,,,,,
Chchd10,plex_1,,,,,,,,,,,,
Col5a1,plex_1,1.89,1.03,2.25,1.89,0.65,0.93,,,,,,
Elmo2,plex_1,1.59,1.29,1.24,1.04,0.95,0.65,,,,,,
Elmo2,plex_1,1.59,1.29,1.24,1.04,0.95,0.65,,,,,,
Elmo2,plex_1,1.59,1.29,1.24,1.04,0.95,0.65,,,,,,
Ptprc,plex_1,4.57,2.75,4.49,4.96,1.98,0.57,,,,,,
Eny2,plex_1,1.33,1.22,1.47,1.2,1.19,0.5,,,,,,
Stx18,plex_1,1.06,0.87,0.66,0.52,,,,,,,,
Stx18,plex_1,1.06,0.87,0.66,0.52,,,,,,,,
Hkdc1,plex_1,2.06,1.47,1.82,1.56,0.89,0.67,,,,,,
Aplp2,plex_1,,,,,,,,,,,,
Aplp2,plex_1,,,,,,,,,,,,
Arfgap1,plex_1,1.88,1.4,1.2,0.97,1.29,0.35,,,,,,
Vps13d,plex_1,1.64,0.83,1.36,1.66,1.59,0.37,,,,,,
Kl,plex_1,,,,,,,,,,,,
Dcaf7,plex_1,1.72,1.64,1.51,1.11,1.05,0.47,,,,,,
Cox17,plex_1,1.55,1.04,1.16,0.89,0.83,0.45,,,,,,
Engase,plex_1,,,,,,,,,,,,
Limch1,plex_1,1.45,0.83,0.82,0.69,0.65,0.57,,,,,,
Ppbp,plex_1,2.25,1.09,0.86,1.37,0.63,0.75,,,,,,
S100a4,plex_1,1.36,0.94,1.28,1.05,1.14,0.36,,,,,,
Aebp1,plex_1,1.72,1.55,1.11,0.95,1.13,0.61,,,,,,
Mrps14,plex_1,1.88,1.47,0.81,0.82,0.93,0.64,,,,,,
Mrps14,plex_1,1.88,1.47,0.81,0.82,0.93,0.64,,,,,,
Prpf3,plex_1,2.25,1.8,1.47,1.08,0.98,0.59,,,,,,
Prpf3,plex_1,2.25,1.8,1.47,1.08,0.98,0.59,,,,,,
Camsap2,plex_1,1.06,0.95,0.77,1.13,0.97,0.48,,,,,,
Camsap2,plex_1,1.06,0.95,0.77,1.13,0.97,0.48,,,,,,
Bcas2,plex_1,2.17,0.94,1.07,0.58,0.96,0.7,,,,,,
Bcas2,plex_1,2.17,0.94,1.07,0.58,0.96,0.7,,,,,,
Cib1,plex_1,2.13,1.54,,,0.99,,,,,,,
Cib1,plex_1,2.13,1.54,,,0.99,,,,,,,
Cib1,plex_1,2.13,1.54,,,0.99,,,,,,,
Cib1,plex_1,2.13,1.54,,,0.99,,,,,,,
Aoah,plex_1,,,,,,,,,,,,
Mfap5,plex_1,1.62,1.22,1.57,0.38,0.63,0.41,,,,,,
Pdlim1,plex_1,,,,,,,,,,,,
Cplx2,plex_1,0.9,1.81,1.88,1.1,1.24,0.43,,,,,,
F10,plex_1,0.92,1.19,1.41,1.12,0.98,0.49,,,,,,
Ltbp4,plex_1,,,,,,,,,,,,
Mrps28,plex_1,0.93,0.81,0.89,0.79,0.65,0.7,,,,,,
Bloc1s3,plex_1,,,,,,,,,,,,
Sept6,plex_1,1.11,0.94,0.64,0.9,0.74,0.54,,,,,,
Sept6,plex_1,1.11,0.94,0.64,0.9,0.74,0.54,,,,,,
Sept6,plex_1,1.11,0.94,0.64,0.9,0.74,0.54,,,,,,
Thsd7a,plex_1,1.85,1.41,1.29,1.3,0.83,0.56,,,,,,
Jak1,plex_1,1.04,0.99,0.81,0.94,0.62,1.01,,,,,,
Ubl4a,plex_1,1.3,1.51,1.27,0.97,0.93,0.64,,,,,,
DXS254E,plex_1,1.3,1.51,1.27,0.97,0.93,0.64,,,,,,
Tu11,plex_1,1.3,1.51,1.27,0.97,0.93,0.64,,,,,,
Tu11,plex_1,1.3,1.51,1.27,0.97,0.93,0.64,,,,,,
,plex_1,1.3,1.51,1.27,0.97,0.93,0.64,,,,,,
Gle1,plex_1,1.09,1.24,0.78,0.82,0.81,0.58,,,,,,
Ndel1,plex_1,1.31,0.95,0.74,0.8,0.66,0.59,,,,,,
Ndel1,plex_1,1.31,0.95,0.74,0.8,0.66,0.59,,,,,,
Dnmt1,plex_1,0.9,0.87,0.64,0.84,0.48,0.54,,,,,,
Dnmt1,plex_1,0.9,0.87,0.64,0.84,0.48,0.54,,,,,,
Dnmt1,plex_1,0.9,0.87,0.64,0.84,0.48,0.54,,,,,,
Spg21,plex_1,,,,,,,,,,,,
Spg21,plex_1,,,,,,,,,,,,
Map1s,plex_1,,,1.86,,,,,,,,,
Map1s,plex_1,,,1.86,,,,,,,,,
Insr,plex_1,2.05,1.12,1.42,1.18,0.69,0.55,,,,,,
Casp6,plex_1,1.23,0.94,0.98,0.75,1.29,0.44,,,,,,
Casp6,plex_1,1.23,0.94,0.98,0.75,1.29,0.44,,,,,,
Casp6,plex_1,1.23,0.94,0.98,0.75,1.29,0.44,,,,,,
Snap29,plex_1,2.72,2.01,2.69,2.6,2.41,,,,,,,
Ctnnal1,plex_1,1.69,1.06,1.02,0.95,0.85,0.56,,,,,,
Supt4h1b,plex_1,2.23,1.46,1.73,1.62,0.82,0.75,,,,,,
Supt4h1a,plex_1,2.23,1.46,1.73,1.62,0.82,0.75,,,,,,
Nudt16,plex_1,1.06,1.21,0.75,0.88,0.73,0.43,,,,,,
Nudt16,plex_1,1.06,1.21,0.75,0.88,0.73,0.43,,,,,,
Lmf1,plex_1,,,,,,,,,,,,
Lmf1,plex_1,,,,,,,,,,,,
Scamp5,plex_1,0.92,0.92,0.73,1.27,0.4,0.41,,,,,,
Nup205,plex_1,1.05,0.94,0.98,0.98,1.21,0.59,,,,,,
Nup205,plex_1,1.05,0.94,0.98,0.98,1.21,0.59,,,,,,
Nup205,plex_1,1.05,0.94,0.98,0.98,1.21,0.59,,,,,,
Nup205,plex_1,1.05,0.94,0.98,0.98,1.21,0.59,,,,,,
Gosr1,plex_1,1.23,1.16,1.22,0.95,0.79,0.44,,,,,,
Gosr1,plex_1,1.23,1.16,1.22,0.95,0.79,0.44,,,,,,
Phyh,plex_1,1.11,1.08,1.46,0.79,0.87,0.62,,,,,,
Phyh,plex_1,1.11,1.08,1.46,0.79,0.87,0.62,,,,,,
Matn2,plex_1,1.12,0.96,1.14,1.02,0.79,0.56,,,,,,
Matn2,plex_1,1.12,0.96,1.14,1.02,0.79,0.56,,,,,,
Matn2,plex_1,1.12,0.96,1.14,1.02,0.79,0.56,,,,,,
Matn2,plex_1,1.12,0.96,1.14,1.02,0.79,0.56,,,,,,
Vamp8,plex_1,1.53,1.49,1.06,1.09,0.94,0.41,,,,,,
Vamp8,plex_1,1.53,1.49,1.06,1.09,0.94,0.41,,,,,,
Vamp8,plex_1,1.53,1.49,1.06,1.09,0.94,0.41,,,,,,
Rab12,plex_1,1.2,0.29,0.25,,0.64,0.29,,,,,,
Aqr,plex_1,1.91,0.76,1.62,1.82,5.98,1.0,,,,,,
Lmod1,plex_1,1.64,1.24,1.37,1.49,0.67,0.75,,,,,,
Dffa,plex_1,,,,,,,,,,,,
,plex_1,2.14,0.1,0.06,,,0.08,,,,,,
Rgcc,plex_1,,,,,,,,,,,,
Vamp7,plex_1,1.02,0.91,1.05,0.97,0.78,0.67,,,,,,
Adi1,plex_1,1.18,0.91,1.05,0.91,0.87,0.58,,,,,,
Micall1,plex_1,2.13,1.04,1.35,1.14,0.69,0.8,,,,,,
Pfdn1,plex_1,1.33,1.14,1.1,1.0,1.09,0.36,,,,,,
Pfdn1,plex_1,1.33,1.14,1.1,1.0,1.09,0.36,,,,,,
,plex_1,2.23,1.48,3.1,1.83,1.32,0.46,,,,,,
Evc2,plex_1,1.05,,,,,,,,,,,
Rffl,plex_1,2.12,1.32,1.46,1.36,0.84,0.6,,,,,,
Rffl,plex_1,2.12,1.32,1.46,1.36,0.84,0.6,,,,,,
Rffl,plex_1,2.12,1.32,1.46,1.36,0.84,0.6,,,,,,
Rffl,plex_1,2.12,1.32,1.46,1.36,0.84,0.6,,,,,,
Rffl,plex_1,2.12,1.32,1.46,1.36,0.84,0.6,,,,,,
Ttyh3,plex_1,,,,,,,,,,,,
Ttyh3,plex_1,,,,,,,,,,,,
Agfg1,plex_1,1.21,1.21,1.27,1.06,1.07,0.83,,,,,,
Agfg1,plex_1,1.21,1.21,1.27,1.06,1.07,0.83,,,,,,
Agfg1,plex_1,1.21,1.21,1.27,1.06,1.07,0.83,,,,,,
Agfg1,plex_1,1.21,1.21,1.27,1.06,1.07,0.83,,,,,,
Itgb6,plex_1,,,,,,,,,,,,
Itgb6,plex_1,,,,,,,,,,,,
Itgb6,plex_1,,,,,,,,,,,,
Wdr48,plex_1,1.21,0.92,1.05,1.17,1.0,0.58,,,,,,
Wdr48,plex_1,1.21,0.92,1.05,1.17,1.0,0.58,,,,,,
Slc22a4,plex_1,1.48,0.99,1.59,1.36,1.22,1.15,,,,,,
Igkv8-16,plex_1,1.94,1.37,0.94,0.53,0.72,0.8,,,,,,
Gm43218,plex_1,1.94,1.37,0.94,0.53,0.72,0.8,,,,,,
Igkv8-16,plex_1,1.94,1.37,0.94,0.53,0.72,0.8,,,,,,
Btbd1,plex_1,1.06,1.43,0.94,1.23,,0.51,,,,,,
Lims2,plex_1,1.45,1.41,1.05,1.17,0.94,1.21,,,,,,
Cdc42bpg,plex_1,3.01,2.05,3.11,1.96,1.14,0.59,,,,,,
Mbd2,plex_1,2.32,2.08,1.42,1.81,1.05,0.74,,,,,,
Parl,plex_1,1.21,1.32,0.97,0.75,0.59,0.53,,,,,,
Parl,plex_1,1.21,1.32,0.97,0.75,0.59,0.53,,,,,,
Gca,plex_1,,,,,,,,,,,,
Tmem106b,plex_1,1.15,1.04,1.21,0.82,0.85,0.45,,,,,,
Tmem106b,plex_1,1.15,1.04,1.21,0.82,0.85,0.45,,,,,,
Arl6ip4,plex_1,,,,,,,,,,,,
Dimt1,plex_1,,,,,,,,,,,,
Ptbp2,plex_1,0.77,,,,,,,,,,,
Ptbp2,plex_1,0.77,,,,,,,,,,,
Tiprl,plex_1,1.53,1.44,1.61,1.54,1.04,0.55,,,,,,
Plrg1,plex_1,,,,,,,,,,,,
Plrg1,plex_1,,,,,,,,,,,,
Plrg1,plex_1,,,,,,,,,,,,
Qsox1,plex_1,1.63,1.13,2.15,0.92,0.75,0.41,,,,,,
Qsox1,plex_1,1.63,1.13,2.15,0.92,0.75,0.41,,,,,,
Qsox1,plex_1,1.63,1.13,2.15,0.92,0.75,0.41,,,,,,
Abcc1,plex_1,1.11,0.82,0.86,0.6,0.56,0.44,,,,,,
Gatb,plex_1,,,,,0.88,,,,,,,
Slc6a11,plex_1,,,,,,,,,,,,
Slc6a11,plex_1,,,,,,,,,,,,
Lama4,plex_1,1.54,1.46,1.4,1.69,0.85,0.47,,,,,,
Myh1,plex_1,0.73,0.9,1.05,0.75,0.36,0.45,,,,,,
Ubxn8,plex_1,,,,,,,,,,,,
Ubxn8,plex_1,,,,,,,,,,,,
Thyn1,plex_1,1.32,1.13,0.91,0.88,0.76,0.56,,,,,,
Synpo2,plex_1,0.99,1.15,1.33,0.87,0.88,0.35,,,,,,
Synpo2,plex_1,0.99,1.15,1.33,0.87,0.88,0.35,,,,,,
Synpo2,plex_1,0.99,1.15,1.33,0.87,0.88,0.35,,,,,,
Cmtr1,plex_1,1.47,1.67,0.9,0.83,0.64,,,,,,,
Chkb,plex_1,1.94,1.73,1.67,1.17,1.37,0.59,,,,,,
Itsn1,plex_1,,,,,,,,,,,,
Pcnp,plex_1,1.2,1.43,,,,,,,,,,
Micu1,plex_1,1.38,0.96,1.2,1.33,0.84,0.83,,,,,,
Micu1,plex_1,1.38,0.96,1.2,1.33,0.84,0.83,,,,,,
Micu1,plex_1,1.38,0.96,1.2,1.33,0.84,0.83,,,,,,
Tmub1,plex_1,,,,,,,,,,,,
Tmub1,plex_1,,,,,,,,,,,,
Tmub1,plex_1,,,,,,,,,,,,
Tmub1,plex_1,,,,,,,,,,,,
Tmub1,plex_1,,,,,,,,,,,,
Aff4,plex_1,0.84,1.05,1.23,0.76,0.97,0.39,,,,,,
Lifr,plex_1,2.53,1.64,2.3,0.95,0.3,0.33,,,,,,
Lifr,plex_1,2.53,1.64,2.3,0.95,0.3,0.33,,,,,,
Sdhaf1,plex_1,1.14,1.36,1.16,0.8,0.84,0.55,,,,,,
D6Wsu163e,plex_1,1.39,1.69,1.33,0.65,0.69,0.59,,,,,,
Commd7,plex_1,1.26,1.13,0.68,0.64,0.67,0.45,,,,,,
Mob4,plex_1,1.19,1.27,1.08,0.52,0.93,0.43,,,,,,
Tmbim6,plex_1,1.14,0.94,1.09,0.56,0.64,0.49,,,,,,
Fam50a,plex_1,,,,,,,,,,,,
Igkv6-13,plex_1,0.66,0.43,1.32,0.85,1.31,0.21,,,,,,
Tmem43,plex_1,1.41,1.53,1.38,0.99,0.66,0.72,,,,,,
Spp2,plex_1,1.77,1.56,1.84,1.03,0.48,0.89,,,,,,
Spp2,plex_1,1.77,1.56,1.84,1.03,0.48,0.89,,,,,,
Gabarapl1,plex_1,1.13,1.17,1.02,0.93,0.78,0.58,,,,,,
Trabd,plex_1,1.07,0.92,0.86,0.55,0.62,,,,,,,
Os9,plex_1,1.33,0.56,1.08,0.59,0.76,0.26,,,,,,
Trappc2l,plex_1,1.53,1.2,1.86,1.33,0.85,0.81,,,,,,
Rfc2,plex_1,1.36,1.49,1.37,1.06,0.86,0.47,,,,,,
Rfc2,plex_1,1.36,1.49,1.37,1.06,0.86,0.47,,,,,,
Fam114a2,plex_1,1.28,0.98,0.98,1.18,0.83,0.48,,,,,,
Fam114a2,plex_1,1.28,0.98,0.98,1.18,0.83,0.48,,,,,,
Ddx3y,plex_1,,,,,,,,,,,,
Slc5a6,plex_1,,,,,,,,,,,,
Slc5a6,plex_1,,,,,,,,,,,,
Sun2,plex_1,1.21,1.36,1.25,1.1,1.12,0.56,,,,,,
Sun2,plex_1,1.21,1.36,1.25,1.1,1.12,0.56,,,,,,
mKIAA0668,plex_1,1.21,1.36,1.25,1.1,1.12,0.56,,,,,,
Sun2,plex_1,1.21,1.36,1.25,1.1,1.12,0.56,,,,,,
Abcb6,plex_1,1.86,2.19,1.62,1.88,1.48,1.24,,,,,,
Slc16a4,plex_1,,,,,,,,,,,,
Slc16a4,plex_1,,,,,,,,,,,,
Slc16a4,plex_1,,,,,,,,,,,,
Emb,plex_1,1.14,0.86,,,,0.93,,,,,,
Emb,plex_1,1.14,0.86,,,,0.93,,,,,,
Fdx1l,plex_1,,,,,,,,,,,,
Znf22,plex_1,1.24,0.84,0.96,0.91,0.78,0.49,,,,,,
Zfp422,plex_1,1.24,0.84,0.96,0.91,0.78,0.49,,,,,,
Rab22a,plex_1,2.63,1.55,2.57,2.05,1.24,0.99,,,,,,
Ankrd28,plex_1,0.87,0.61,0.46,0.73,0.54,0.6,,,,,,
Gbp9,plex_1,1.01,0.84,1.07,0.85,0.43,0.39,,,,,,
Dicer1,plex_1,1.06,1.13,1.05,1.01,0.68,0.57,,,,,,
Exosc6,plex_1,2.2,1.08,1.2,0.93,1.12,0.82,,,,,,
Polr2d,plex_1,0.99,0.88,0.92,0.82,0.89,0.34,,,,,,
Ldb3,plex_1,1.03,1.32,0.76,0.8,1.14,0.31,,,,,,
Ldb3,plex_1,1.03,1.32,0.76,0.8,1.14,0.31,,,,,,
Ldb3,plex_1,1.03,1.32,0.76,0.8,1.14,0.31,,,,,,
Prkca,plex_1,1.14,1.1,1.01,1.19,1.0,0.73,,,,,,
Sorl1,plex_1,1.91,1.06,1.71,0.51,0.97,2.33,,,,,,
Tmem109,plex_1,1.15,1.27,1.19,1.05,0.8,0.63,,,,,,
Tex2,plex_1,2.69,1.62,2.64,2.36,1.51,0.88,,,,,,
Gkn1,plex_1,,,,,,,,,,,,
Cystm1,plex_1,1.6,1.7,1.62,0.7,1.32,0.66,,,,,,
Cystm1,plex_1,1.6,1.7,1.62,0.7,1.32,0.66,,,,,,
Ap1m2,plex_1,1.87,1.73,1.52,1.06,0.77,,,,,,,
Polr2f,plex_1,0.92,1.31,1.34,0.76,0.73,0.35,,,,,,
Polr2f,plex_1,0.92,1.31,1.34,0.76,0.73,0.35,,,,,,
Polr2f,plex_1,0.92,1.31,1.34,0.76,0.73,0.35,,,,,,
Psmf1,plex_1,,,,,,,,,,,,
Dennd4c,plex_1,1.36,1.35,1.33,1.22,0.66,0.44,,,,,,
Dennd4c,plex_1,1.36,1.35,1.33,1.22,0.66,0.44,,,,,,
Tprg1l,plex_1,1.91,2.57,1.97,1.14,0.89,0.38,,,,,,
Tprgl,plex_1,1.91,2.57,1.97,1.14,0.89,0.38,,,,,,
Tmsb4x,plex_1,1.78,0.94,0.58,0.81,0.38,0.71,,,,,,
Tmsb4x,plex_1,1.78,0.94,0.58,0.81,0.38,0.71,,,,,,
Deptor,plex_1,1.19,1.22,1.24,1.01,0.88,0.64,,,,,,
Deptor,plex_1,1.19,1.22,1.24,1.01,0.88,0.64,,,,,,
Fubp3,plex_1,0.8,1.34,1.45,1.27,1.13,0.48,,,,,,
Fubp3,plex_1,0.8,1.34,1.45,1.27,1.13,0.48,,,,,,
Atg16l1,plex_1,1.96,1.29,1.31,0.99,0.73,0.53,,,,,,
Atg16l1,plex_1,1.96,1.29,1.31,0.99,0.73,0.53,,,,,,
Atg16l1,plex_1,1.96,1.29,1.31,0.99,0.73,0.53,,,,,,
Atg16l1,plex_1,1.96,1.29,1.31,0.99,0.73,0.53,,,,,,
Tmem135,plex_1,1.39,1.06,1.17,1.12,1.0,0.75,,,,,,
,plex_1,,,,,,,,,,,,
Igkv12-44,plex_1,,,,,,,,,,,,
Luzp1,plex_1,0.63,0.56,0.71,,0.2,0.49,,,,,,
Parp10,plex_1,,,,,,,,,,,,
Parp10,plex_1,,,,,,,,,,,,
Parp10,plex_1,,,,,,,,,,,,
Parp10,plex_1,,,,,,,,,,,,
Parp10,plex_1,,,,,,,,,,,,
Parp10,plex_1,,,,,,,,,,,,
Parp10,plex_1,,,,,,,,,,,,
COA4,plex_1,1.75,1.54,1.34,1.18,1.1,0.66,,,,,,
Igkv17-121,plex_1,0.99,1.12,1.34,0.8,0.85,,,,,,,
Igkv17-127,plex_1,0.99,1.12,1.34,0.8,0.85,,,,,,,
Igkv17-127,plex_1,0.99,1.12,1.34,0.8,0.85,,,,,,,
Igkv17-121,plex_1,0.99,1.12,1.34,0.8,0.85,,,,,,,
Sun1,plex_1,1.25,1.3,1.36,0.78,0.52,0.52,,,,,,
Sun1,plex_1,1.25,1.3,1.36,0.78,0.52,0.52,,,,,,
Sun1,plex_1,1.25,1.3,1.36,0.78,0.52,0.52,,,,,,
Sun1,plex_1,1.25,1.3,1.36,0.78,0.52,0.52,,,,,,
Sun1,plex_1,1.25,1.3,1.36,0.78,0.52,0.52,,,,,,
Zfp185,plex_1,0.89,0.74,0.62,0.72,0.5,0.72,,,,,,
Zfp185,plex_1,0.89,0.74,0.62,0.72,0.5,0.72,,,,,,
Zfp185,plex_1,0.89,0.74,0.62,0.72,0.5,0.72,,,,,,
Gtf2a2,plex_1,0.58,0.59,0.9,0.39,1.01,0.29,,,,,,
Uck1,plex_1,,,,,,,,,,,,
Uck1,plex_1,,,,,,,,,,,,
Baiap2l1,plex_1,1.08,0.89,1.03,0.95,1.06,0.78,,,,,,
Agfg2,plex_1,1.42,1.09,1.19,0.97,0.53,0.49,,,,,,
Agfg2,plex_1,1.42,1.09,1.19,0.97,0.53,0.49,,,,,,
Chchd2,plex_1,,,,,,,,,,,,
Lpl,plex_1,2.02,1.02,2.59,3.37,1.91,1.61,,,,,,
Lpl,plex_1,2.02,1.02,2.59,3.37,1.91,1.61,,,,,,
Lpl,plex_1,2.02,1.02,2.59,3.37,1.91,1.61,,,,,,
Lpl,plex_1,2.02,1.02,2.59,3.37,1.91,1.61,,,,,,
Lpl,plex_1,2.02,1.02,2.59,3.37,1.91,1.61,,,,,,
Lpl,plex_1,2.02,1.02,2.59,3.37,1.91,1.61,,,,,,
Lpl,plex_1,2.02,1.02,2.59,3.37,1.91,1.61,,,,,,
Lpl,plex_1,2.02,1.02,2.59,3.37,1.91,1.61,,,,,,
Lpl,plex_1,2.02,1.02,2.59,3.37,1.91,1.61,,,,,,
Lpl,plex_1,2.02,1.02,2.59,3.37,1.91,1.61,,,,,,
Lpl,plex_1,2.02,1.02,2.59,3.37,1.91,1.61,,,,,,
Lpl,plex_1,2.02,1.02,2.59,3.37,1.91,1.61,,,,,,
Lpl,plex_1,2.02,1.02,2.59,3.37,1.91,1.61,,,,,,
Lpl,plex_1,2.02,1.02,2.59,3.37,1.91,1.61,,,,,,
Lpl,plex_1,2.02,1.02,2.59,3.37,1.91,1.61,,,,,,
Lpl,plex_1,2.02,1.02,2.59,3.37,1.91,1.61,,,,,,
Lpl,plex_1,2.02,1.02,2.59,3.37,1.91,1.61,,,,,,
Bloc1s4,plex_1,2.32,2.06,1.08,2.04,1.44,0.47,,,,,,
Lin7a,plex_1,1.76,1.17,1.33,0.81,0.82,0.69,,,,,,
Cfp,plex_1,1.33,0.61,1.03,0.75,0.35,0.33,,,,,,
Scfd2,plex_1,,,,,,,,,,,,
Scfd2,plex_1,,,,,,,,,,,,
Scfd2,plex_1,,,,,,,,,,,,
Scfd2,plex_1,,,,,,,,,,,,
Scfd2,plex_1,,,,,,,,,,,,
Scfd2,plex_1,,,,,,,,,,,,
Cnpy4,plex_1,,,,,,,,,,,,
Cnpy4,plex_1,,,,,,,,,,,,
Mical3,plex_1,1.1,1.23,0.97,0.95,0.96,0.5,,,,,,
Shank3,plex_1,1.27,,0.46,,1.45,1.28,,,,,,
Ppp2r5a,plex_1,2.41,2.2,1.59,1.45,1.23,0.66,,,,,,
Cep290,plex_1,1.16,0.88,0.78,0.78,0.84,0.66,,,,,,
Hist1h1d,plex_1,1.42,1.27,1.16,1.42,0.48,0.57,,,,,,
Npnt,plex_1,1.35,1.31,1.31,0.83,0.92,0.38,,,,,,
Npnt,plex_1,1.35,1.31,1.31,0.83,0.92,0.38,,,,,,
Npnt,plex_1,1.35,1.31,1.31,0.83,0.92,0.38,,,,,,
Npnt,plex_1,1.35,1.31,1.31,0.83,0.92,0.38,,,,,,
Selh,plex_1,1.5,1.44,0.99,0.93,0.76,0.51,,,,,,
2700094K13Rik,plex_1,1.5,1.44,0.99,0.93,0.76,0.51,,,,,,
Slc39a7,plex_1,0.62,0.81,0.94,0.79,0.96,0.43,,,,,,
Slc39a7,plex_1,0.62,0.81,0.94,0.79,0.96,0.43,,,,,,
Arfgap2,plex_1,1.47,0.7,0.78,0.89,0.83,0.29,,,,,,
Arfgap2,plex_1,1.47,0.7,0.78,0.89,0.83,0.29,,,,,,
Atpif1,plex_1,1.4,0.66,0.7,0.94,1.01,0.58,,,,,,
Wdr77,plex_1,1.27,1.31,1.23,1.03,0.73,0.66,,,,,,
Wdr77,plex_1,1.27,1.31,1.23,1.03,0.73,0.66,,,,,,
Ptcd1,plex_1,5.98,3.37,3.6,2.5,2.94,0.66,,,,,,
Ngef,plex_1,1.66,1.22,1.77,1.42,0.79,0.47,,,,,,
Ngef,plex_1,1.66,1.22,1.77,1.42,0.79,0.47,,,,,,
Vps8,plex_1,0.99,,1.7,,,1.35,,,,,,
Vps8,plex_1,0.99,,1.7,,,1.35,,,,,,
Slc25a21,plex_1,1.75,1.24,1.4,1.23,0.94,0.61,,,,,,
Slc25a21,plex_1,1.75,1.24,1.4,1.23,0.94,0.61,,,,,,
Slc25a21,plex_1,1.75,1.24,1.4,1.23,0.94,0.61,,,,,,
Rbfa,plex_1,1.33,1.23,1.0,1.04,0.7,0.59,,,,,,
Ankrd33b,plex_1,,,,,,,,,,,,
Ankrd33b,plex_1,,,,,,,,,,,,
Stxbp6,plex_1,1.76,1.91,1.72,0.92,1.17,0.9,,,,,,
Lage3,plex_1,0.34,0.28,,0.51,0.48,0.25,,,,,,
Lage3,plex_1,0.34,0.28,,0.51,0.48,0.25,,,,,,
Carnmt1,plex_1,0.52,,0.47,,,,,,,,,
Jchain,plex_1,0.68,1.06,1.62,0.74,1.09,0.33,,,,,,
,plex_1,1.86,1.5,2.56,0.54,,0.99,,,,,,
Pde3a,plex_1,3.94,1.74,3.5,3.18,2.55,0.68,,,,,,
Ppp2r5d,plex_1,1.5,0.59,0.7,1.06,0.91,0.55,,,,,,
Brd4,plex_1,1.08,1.92,1.55,1.95,1.53,0.88,,,,,,
Birc6,plex_1,1.75,1.18,1.51,1.31,1.38,0.42,,,,,,
Birc6,plex_1,1.75,1.18,1.51,1.31,1.38,0.42,,,,,,
Birc6,plex_1,1.75,1.18,1.51,1.31,1.38,0.42,,,,,,
Sin3a,plex_1,1.06,1.32,1.96,1.07,1.08,0.9,,,,,,
Sin3a,plex_1,1.06,1.32,1.96,1.07,1.08,0.9,,,,,,
Slc29a1,plex_1,1.32,1.24,1.05,0.84,0.55,0.47,,,,,,
Prkg1,plex_1,1.37,1.19,1.5,1.17,0.97,0.71,,,,,,
Hdgfrp2,plex_1,1.17,1.2,0.98,0.51,0.64,0.43,,,,,,
Hdgfrp2,plex_1,1.17,1.2,0.98,0.51,0.64,0.43,,,,,,
Trim47,plex_1,0.25,0.8,0.87,,0.66,0.26,,,,,,
Trim47,plex_1,0.25,0.8,0.87,,0.66,0.26,,,,,,
Trim47,plex_1,0.25,0.8,0.87,,0.66,0.26,,,,,,
Trim47,plex_1,0.25,0.8,0.87,,0.66,0.26,,,,,,
Trim47,plex_1,0.25,0.8,0.87,,0.66,0.26,,,,,,
Trim47,plex_1,0.25,0.8,0.87,,0.66,0.26,,,,,,
Trim47,plex_1,0.25,0.8,0.87,,0.66,0.26,,,,,,
Smpd1,plex_1,1.9,1.98,,1.58,1.19,1.25,,,,,,
Smpd1,plex_1,1.9,1.98,,1.58,1.19,1.25,,,,,,
Smpd1,plex_1,1.9,1.98,,1.58,1.19,1.25,,,,,,
Smpd1,plex_1,1.9,1.98,,1.58,1.19,1.25,,,,,,
Tprkb,plex_1,,,0.48,0.75,,0.8,,,,,,
Fam234a,plex_1,1.17,1.18,1.08,1.2,0.52,0.46,,,,,,
Dido1,plex_1,0.77,0.56,,0.66,0.42,0.36,,,,,,
Xrn2,plex_1,1.58,1.0,1.24,1.35,1.37,0.52,,,,,,
Rogdi,plex_1,1.11,0.79,1.0,0.71,0.59,0.65,,,,,,
Rogdi,plex_1,1.11,0.79,1.0,0.71,0.59,0.65,,,,,,
Rogdi,plex_1,1.11,0.79,1.0,0.71,0.59,0.65,,,,,,
Saraf,plex_1,1.7,1.34,1.33,1.19,1.16,0.58,,,,,,
Tbl1xr1,plex_1,,,,,,,,,,,,
Tbl1xr1,plex_1,,,,,,,,,,,,
Ascc2,plex_1,,,,,,,,,,,,
Fam96b,plex_1,1.38,0.98,1.16,0.83,0.7,0.52,,,,,,
Mthfsd,plex_1,,,,,,,,,,,,
Mthfsd,plex_1,,,,,,,,,,,,
Rcsd1,plex_1,0.75,,,0.87,0.91,,,,,,,
Rcsd1,plex_1,0.75,,,0.87,0.91,,,,,,,
Swi5,plex_1,1.54,1.23,1.93,1.22,1.63,0.76,,,,,,
Kif21a,plex_1,1.64,1.26,1.37,1.42,0.82,0.6,,,,,,
Kif21a,plex_1,1.64,1.26,1.37,1.42,0.82,0.6,,,,,,
Kif21a,plex_1,1.64,1.26,1.37,1.42,0.82,0.6,,,,,,
Dhx16,plex_1,1.29,1.11,1.28,1.1,0.87,0.56,,,,,,
Dhx16,plex_1,1.29,1.11,1.28,1.1,0.87,0.56,,,,,,
Aldh1l2,plex_1,,,,,,,,,,,,
Gnb4,plex_1,,,,,,,,,,,,
Major,plex_1,1.09,0.85,0.86,0.87,0.46,0.57,,,,,,
Wdr81,plex_1,1.12,0.67,0.97,0.76,0.72,0.5,,,,,,
Wdr81,plex_1,1.12,0.67,0.97,0.76,0.72,0.5,,,,,,
Dst,plex_1,2.79,1.68,2.42,1.98,1.28,0.51,,,,,,
Rnf181,plex_1,,,,,,,,,,,,
Rnf181,plex_1,,,,,,,,,,,,
Rnf181,plex_1,,,,,,,,,,,,
Hbbt1,plex_1,1.71,1.97,1.06,1.83,2.1,1.06,,,,,,
Atp2a1,plex_1,1.09,0.95,0.91,0.98,0.74,0.73,,,,,,
Trappc9,plex_1,1.67,1.08,1.79,1.44,1.7,1.01,,,,,,
Trappc9,plex_1,1.67,1.08,1.79,1.44,1.7,1.01,,,,,,
Trappc9,plex_1,1.67,1.08,1.79,1.44,1.7,1.01,,,,,,
Cpb1,plex_1,1.83,0.54,1.29,0.39,0.56,0.56,,,,,,
Hivep1,plex_1,3.16,1.47,2.11,1.69,1.67,0.63,,,,,,
Hivep1,plex_1,3.16,1.47,2.11,1.69,1.67,0.63,,,,,,
Cdh5,plex_1,1.38,1.08,1.18,0.94,0.88,0.49,,,,,,
Rhof,plex_1,,,,,,,,,,,,
Plcg1,plex_1,1.66,1.54,1.18,1.26,0.88,0.5,,,,,,
Wipi2,plex_1,1.18,1.21,1.21,0.88,0.68,0.66,,,,,,
Ipo11,plex_1,1.22,0.98,0.97,0.39,0.47,0.22,,,,,,
Ipo11,plex_1,1.22,0.98,0.97,0.39,0.47,0.22,,,,,,
Prss2,plex_1,,,,,,,,,,,,
Gde1,plex_1,3.47,1.28,1.93,2.47,1.54,0.45,,,,,,
Pars2,plex_1,,,,,,,,,,,,
Pars2,plex_1,,,,,,,,,,,,
Pars2,plex_1,,,,,,,,,,,,
Srpk1,plex_1,1.63,1.82,1.11,0.92,1.23,0.58,,,,,,
Srpk1,plex_1,1.63,1.82,1.11,0.92,1.23,0.58,,,,,,
Rhbg,plex_1,1.34,1.07,1.01,0.53,0.67,0.4,,,,,,
Rhbg,plex_1,1.34,1.07,1.01,0.53,0.67,0.4,,,,,,
Gm38392,plex_1,1.34,1.07,1.01,0.53,0.67,0.4,,,,,,
Dtd2,plex_1,,,,,,,,,,,,
Lsm14a,plex_1,1.29,1.5,1.0,1.2,0.56,0.69,,,,,,
Ptprg,plex_1,0.92,1.05,0.83,0.66,0.81,0.25,,,,,,
Ptprg,plex_1,0.92,1.05,0.83,0.66,0.81,0.25,,,,,,
Met,plex_1,1.24,1.02,1.38,0.64,0.65,0.39,,,,,,
Met,plex_1,1.24,1.02,1.38,0.64,0.65,0.39,,,,,,
Met,plex_1,1.24,1.02,1.38,0.64,0.65,0.39,,,,,,
Met,plex_1,1.24,1.02,1.38,0.64,0.65,0.39,,,,,,
Cdc42bpa,plex_1,1.64,1.23,1.26,0.98,0.74,0.75,,,,,,
Cdc42bpa,plex_1,1.64,1.23,1.26,0.98,0.74,0.75,,,,,,
Cdc42bpa,plex_1,1.64,1.23,1.26,0.98,0.74,0.75,,,,,,
Cdc42bpa,plex_1,1.64,1.23,1.26,0.98,0.74,0.75,,,,,,
Glrx2,plex_1,0.99,0.87,0.76,0.65,0.78,0.41,,,,,,
Glrx2,plex_1,0.99,0.87,0.76,0.65,0.78,0.41,,,,,,
Glrx2,plex_1,0.99,0.87,0.76,0.65,0.78,0.41,,,,,,
Tmem9b,plex_1,,,,,,,,,,,,
Tmem9b,plex_1,,,,,,,,,,,,
Tmem9b,plex_1,,,,,,,,,,,,
Myo1e,plex_1,2.76,2.32,3.39,3.97,2.69,0.97,,,,,,
Fto,plex_1,3.46,1.8,3.5,3.06,2.4,2.74,,,,,,
Cul4a,plex_1,1.55,1.22,1.14,0.8,0.79,0.54,,,,,,
Rtn4,plex_1,1.49,1.64,1.18,1.25,0.79,0.7,,,,,,
H2afy2,plex_1,1.79,1.66,1.29,1.27,1.42,0.4,,,,,,
Appl2,plex_1,1.26,0.77,0.84,0.89,0.43,0.6,,,,,,
Bud31,plex_1,2.33,2.47,1.96,2.27,1.71,0.64,,,,,,
Ghdc,plex_1,1.7,0.95,1.0,1.08,0.48,0.64,,,,,,
Ghdc,plex_1,1.7,0.95,1.0,1.08,0.48,0.64,,,,,,
Ghdc,plex_1,1.7,0.95,1.0,1.08,0.48,0.64,,,,,,
Micu3,plex_1,,,,,,,,,,,,
Tmem245,plex_1,,,,,,,,,,,,
Gpkow,plex_1,1.8,1.33,1.16,1.22,0.78,0.68,,,,,,
Vps41,plex_1,,,,,,,,,,,,
Arhgef16,plex_1,2.56,1.59,2.43,1.96,1.29,0.54,,,,,,
Cacfd1,plex_1,1.28,1.06,1.08,1.33,0.56,0.93,,,,,,
Cacfd1,plex_1,1.28,1.06,1.08,1.33,0.56,0.93,,,,,,
Adrbk1,plex_1,1.98,1.21,1.3,1.08,0.91,0.86,,,,,,
ND4,plex_1,0.69,0.93,1.32,0.82,0.77,0.52,,,,,,
ND4,plex_1,0.69,0.93,1.32,0.82,0.77,0.52,,,,,,
ND4,plex_1,0.69,0.93,1.32,0.82,0.77,0.52,,,,,,
ND4,plex_1,0.69,0.93,1.32,0.82,0.77,0.52,,,,,,
mt-Nd4,plex_1,0.69,0.93,1.32,0.82,0.77,0.52,,,,,,
ND4,plex_1,0.69,0.93,1.32,0.82,0.77,0.52,,,,,,
Sec31b,plex_1,,,,,,,,,,,,
Sec31b,plex_1,,,,,,,,,,,,
Fam21,plex_1,,,,,,,,,,,,
Hook2,plex_1,1.41,1.25,1.08,0.82,0.86,0.46,,,,,,
Hook2,plex_1,1.41,1.25,1.08,0.82,0.86,0.46,,,,,,
Prpf4b,plex_1,2.93,1.41,2.85,1.79,1.41,0.46,,,,,,
Skt,plex_1,1.55,1.29,1.51,1.15,1.11,0.43,,,,,,
Skt,plex_1,1.55,1.29,1.51,1.15,1.11,0.43,,,,,,
Sssca1,plex_1,1.54,0.86,1.11,0.77,1.04,0.49,,,,,,
Sssca1,plex_1,1.54,0.86,1.11,0.77,1.04,0.49,,,,,,
Sssca1,plex_1,1.54,0.86,1.11,0.77,1.04,0.49,,,,,,
Ilkap,plex_1,1.32,1.68,1.17,1.36,0.95,0.8,,,,,,
Nvl,plex_1,1.45,0.71,1.7,1.77,1.12,1.44,,,,,,
Pik3r4,plex_1,1.15,1.2,1.15,1.13,1.12,0.54,,,,,,
Timm22,plex_1,0.57,0.89,0.29,0.63,0.61,0.74,,,,,,
Brix1,plex_1,0.72,0.5,1.18,0.39,0.51,,,,,,,
Mtmr9,plex_1,1.23,0.95,0.8,0.74,1.51,1.19,,,,,,
,plex_1,1.23,1.58,1.35,1.55,1.54,0.83,,,,,,
Tspo,plex_1,1.37,1.38,1.16,0.81,0.88,0.52,,,,,,
Ppp1r12c,plex_1,1.54,1.31,1.66,0.64,0.66,0.57,,,,,,
Ppp1r12c,plex_1,1.54,1.31,1.66,0.64,0.66,0.57,,,,,,
Obscn,plex_1,3.57,2.23,2.91,3.21,2.29,0.36,,,,,,
Ctu1,plex_1,,1.14,,0.54,,0.92,,,,,,
Prpf31,plex_1,1.25,1.23,1.09,1.02,0.8,0.76,,,,,,
Prpf31,plex_1,1.25,1.23,1.09,1.02,0.8,0.76,,,,,,
Ahdc1,plex_1,1.61,1.21,2.01,1.64,1.35,1.04,,,,,,
Zw10,plex_1,1.42,1.19,1.29,1.28,0.79,0.38,,,,,,
Golga5,plex_1,1.3,1.42,1.32,0.94,1.13,0.58,,,,,,
Usp19,plex_1,,,,,,,,,,,,
Usp19,plex_1,,,,,,,,,,,,
Usp19,plex_1,,,,,,,,,,,,
Usp19,plex_1,,,,,,,,,,,,
Usp19,plex_1,,,,,,,,,,,,
Ranbp10,plex_1,1.08,1.31,2.54,1.15,0.84,,,,,,,
Ranbp10,plex_1,1.08,1.31,2.54,1.15,0.84,,,,,,,
Scaf4,plex_1,1.5,1.16,1.05,0.88,0.52,0.47,,,,,,
Scaf4,plex_1,1.5,1.16,1.05,0.88,0.52,0.47,,,,,,
Scaf4,plex_1,1.5,1.16,1.05,0.88,0.52,0.47,,,,,,
Synj1,plex_1,1.36,1.28,1.04,0.79,0.78,0.43,,,,,,
Calcrl,plex_1,,,,,,,,,,,,
Wbscr16,plex_1,,,,,,,,,,,,
Ube4b,plex_1,1.23,,0.66,0.34,,,,,,,,
Pds5a,plex_1,1.31,1.08,1.15,1.05,1.19,0.66,,,,,,
Pds5a,plex_1,1.31,1.08,1.15,1.05,1.19,0.66,,,,,,
Rnf214,plex_1,,,,,,,,,,,,
Efnb1,plex_1,1.54,1.29,1.72,1.2,0.97,0.61,,,,,,
Gopc,plex_1,1.28,1.31,1.2,0.99,0.73,0.59,,,,,,
Gopc,plex_1,1.28,1.31,1.2,0.99,0.73,0.59,,,,,,
Atp6v0a1,plex_1,1.4,1.2,1.44,1.02,0.95,0.65,,,,,,
Atp6v0a1,plex_1,1.4,1.2,1.44,1.02,0.95,0.65,,,,,,
Atp6v0a1,plex_1,1.4,1.2,1.44,1.02,0.95,0.65,,,,,,
Atp6v0a1,plex_1,1.4,1.2,1.44,1.02,0.95,0.65,,,,,,
Atp6v0a1,plex_1,1.4,1.2,1.44,1.02,0.95,0.65,,,,,,
Atp6v0a1,plex_1,1.4,1.2,1.44,1.02,0.95,0.65,,,,,,
Atp6v0a1,plex_1,1.4,1.2,1.44,1.02,0.95,0.65,,,,,,
Aspn,plex_1,2.01,1.42,0.91,1.74,0.6,0.5,,,,,,
Acta2,plex_1,1.49,1.74,1.06,0.97,0.23,0.57,,,,,,
Trim23,plex_1,,,,,,,,,,,,
Trim23,plex_1,,,,,,,,,,,,
Trim23,plex_1,,,,,,,,,,,,
Acbd3,plex_1,1.66,1.45,1.2,1.32,0.87,0.62,,,,,,
Acbd3,plex_1,1.66,1.45,1.2,1.32,0.87,0.62,,,,,,
Acbd3,plex_1,1.66,1.45,1.2,1.32,0.87,0.62,,,,,,
Acbd3,plex_1,1.66,1.45,1.2,1.32,0.87,0.62,,,,,,
Seh1l,plex_1,2.39,1.67,2.19,1.98,1.4,0.82,,,,,,
Seh1l,plex_1,2.39,1.67,2.19,1.98,1.4,0.82,,,,,,
Cdc73,plex_1,0.87,0.83,0.62,0.7,0.75,0.46,,,,,,
Rabgap1l,plex_1,1.68,0.72,1.51,1.26,1.4,1.0,,,,,,
Bet1l,plex_1,0.92,1.12,1.66,1.11,2.17,,,,,,,
Bet1l,plex_1,0.92,1.12,1.66,1.11,2.17,,,,,,,
Cldn10,plex_1,0.64,0.72,0.68,0.78,0.77,0.43,,,,,,
Cldn10,plex_1,0.64,0.72,0.68,0.78,0.77,0.43,,,,,,
Cldn10,plex_1,0.64,0.72,0.68,0.78,0.77,0.43,,,,,,
Cldn10,plex_1,0.64,0.72,0.68,0.78,0.77,0.43,,,,,,
Cldn10,plex_1,0.64,0.72,0.68,0.78,0.77,0.43,,,,,,
Cldn10,plex_1,0.64,0.72,0.68,0.78,0.77,0.43,,,,,,
Gtf2f2,plex_1,,,,,,,,,,,,
Rps6ka1,plex_1,,,,,,,,,,,,
Rps6ka1,plex_1,,,,,,,,,,,,
Rps6ka1,plex_1,,,,,,,,,,,,
Rps6ka1,plex_1,,,,,,,,,,,,
Rps6ka1,plex_1,,,,,,,,,,,,
Aif1,plex_1,0.96,0.56,0.65,1.02,0.76,0.32,,,,,,
Tsc22d2,plex_1,1.2,0.98,0.98,0.79,0.75,0.27,,,,,,
Tsc22d2,plex_1,1.2,0.98,0.98,0.79,0.75,0.27,,,,,,
Tax1bp3,plex_1,0.91,0.89,1.24,1.26,1.04,0.59,,,,,,
Zbtb10,plex_1,,,,,,,,,,,,
Aqp4,plex_1,1.29,1.02,0.88,0.67,0.75,0.73,,,,,,
Pde4dip,plex_1,1.4,1.28,0.98,0.8,0.6,0.57,,,,,,
Akr1c12,plex_1,,,,,,,,,,,,
Edf1,plex_1,0.87,0.74,0.88,1.13,0.7,0.3,,,,,,
Eif2b4,plex_1,,,,,,,,,,,,
Eif2b4,plex_1,,,,,,,,,,,,
Eif2b4,plex_1,,,,,,,,,,,,
Cpsf3,plex_1,1.56,1.3,1.56,1.19,0.74,0.48,,,,,,
Eml1,plex_1,,,,,0.61,,,,,,,
Eml1,plex_1,,,,,0.61,,,,,,,
Eml1,plex_1,,,,,0.61,,,,,,,
Eml1,plex_1,,,,,0.61,,,,,,,
Eml1,plex_1,,,,,0.61,,,,,,,
Msh2,plex_1,,,,,,,,,,,,
Msh2,plex_1,,,,,,,,,,,,
Commd6,plex_1,1.75,1.33,1.68,1.0,0.92,0.58,,,,,,
Commd6,plex_1,1.75,1.33,1.68,1.0,0.92,0.58,,,,,,
Nectin1,plex_1,,,,,,,,,,,,
Plscr2,plex_1,1.31,0.69,0.79,0.8,1.01,0.75,,,,,,
Plscr2,plex_1,1.31,0.69,0.79,0.8,1.01,0.75,,,,,,
Ifitm2,plex_1,1.0,1.03,1.25,1.16,1.8,1.59,,,,,,
Tldc1,plex_1,1.33,1.1,0.7,0.77,,1.17,,,,,,
Srp19,plex_1,0.84,1.77,0.98,1.31,0.67,0.65,,,,,,
Srp19,plex_1,0.84,1.77,0.98,1.31,0.67,0.65,,,,,,
Tomm6,plex_1,0.89,1.36,0.79,0.67,0.41,0.58,,,,,,
Rmnd1,plex_1,1.06,0.93,0.83,0.7,0.71,0.59,,,,,,
Txnrd3,plex_1,1.52,1.3,1.48,0.74,0.38,0.69,,,,,,
Wdr11,plex_1,1.14,0.96,1.03,1.04,0.9,0.42,,,,,,
Wdr11,plex_1,1.14,0.96,1.03,1.04,0.9,0.42,,,,,,
AK157302,plex_1,1.07,0.46,1.04,0.93,0.8,0.39,,,,,,
Isca1,plex_1,1.07,0.46,1.04,0.93,0.8,0.39,,,,,,
Ptpn1,plex_1,1.59,1.43,1.18,1.02,1.07,0.78,,,,,,
Prkcz,plex_1,,,,,,,,,,,,
Prkcz,plex_1,,,,,,,,,,,,
Rap1gap,plex_1,1.62,1.34,1.67,1.28,1.02,0.44,,,,,,
Smdt1,plex_1,,,,,,,,,,,,
Mrps21,plex_1,1.03,0.53,1.1,0.45,,,,,,,,
Fry,plex_1,,,,,,,,,,,,
Fry,plex_1,,,,,,,,,,,,
Zscan21,plex_1,2.06,1.71,2.04,1.62,1.36,0.99,,,,,,
Synrg,plex_1,0.54,0.5,0.45,0.48,0.47,0.39,,,,,,
Synrg,plex_1,0.54,0.5,0.45,0.48,0.47,0.39,,,,,,
Synrg,plex_1,0.54,0.5,0.45,0.48,0.47,0.39,,,,,,
Synrg,plex_1,0.54,0.5,0.45,0.48,0.47,0.39,,,,,,
Sh2d4a,plex_1,1.69,0.96,1.25,1.19,0.7,0.47,,,,,,
Anapc13,plex_1,1.82,0.82,,1.91,,,,,,,,
Phactr1,plex_1,1.47,0.57,1.66,1.17,1.81,0.96,,,,,,
Phactr1,plex_1,1.47,0.57,1.66,1.17,1.81,0.96,,,,,,
Phactr1,plex_1,1.47,0.57,1.66,1.17,1.81,0.96,,,,,,
Phactr1,plex_1,1.47,0.57,1.66,1.17,1.81,0.96,,,,,,
Phactr1,plex_1,1.47,0.57,1.66,1.17,1.81,0.96,,,,,,
Fam96a,plex_1,1.29,1.03,1.23,1.06,0.48,,,,,,,
,plex_1,1.42,1.14,1.07,1.08,0.33,0.58,,,,,,
Nmnat1,plex_1,1.42,1.14,1.07,1.08,0.33,0.58,,,,,,
Bpnt1,plex_1,1.24,1.22,1.06,0.82,0.96,0.53,,,,,,
Fmnl3,plex_1,,,,,,,,,,,,
Fmnl3,plex_1,,,,,,,,,,,,
Abcb1a,plex_1,1.79,1.31,1.26,1.32,0.69,0.55,,,,,,
Abcb1b,plex_1,1.79,1.31,1.26,1.32,0.69,0.55,,,,,,
Slc43a1,plex_1,1.79,1.6,1.37,1.39,0.97,0.83,,,,,,
Slc43a1,plex_1,1.79,1.6,1.37,1.39,0.97,0.83,,,,,,
Vps51,plex_1,1.38,1.53,1.73,1.14,1.62,0.6,,,,,,
Gtf2e1,plex_1,,,,,,,,,,,,
Tmem176a,plex_1,,,,,,,,,,,,
Tmem176a,plex_1,,,,,,,,,,,,
Ahsp,plex_1,,0.46,2.94,,0.64,,,,,,,
Sco1,plex_1,1.32,1.13,1.0,0.86,0.75,0.66,,,,,,
Kif16b,plex_1,1.1,1.75,1.99,1.47,0.46,0.42,,,,,,
Ifit2,plex_1,,,,,,,,,,,,
Ca4,plex_1,1.07,1.08,1.06,0.97,0.87,0.46,,,,,,
Plscr1,plex_1,3.82,1.61,4.49,2.88,1.35,,,,,,,
Plscr1,plex_1,3.82,1.61,4.49,2.88,1.35,,,,,,,
Plscr1,plex_1,3.82,1.61,4.49,2.88,1.35,,,,,,,
Plscr1,plex_1,3.82,1.61,4.49,2.88,1.35,,,,,,,
Gar1,plex_1,0.95,0.87,0.79,0.68,0.69,0.46,,,,,,
Gar1,plex_1,0.95,0.87,0.79,0.68,0.69,0.46,,,,,,
Gar1,plex_1,0.95,0.87,0.79,0.68,0.69,0.46,,,,,,
Pstpip1,plex_1,1.81,1.0,1.32,1.01,1.06,0.6,,,,,,
Pstpip1,plex_1,1.81,1.0,1.32,1.01,1.06,0.6,,,,,,
Slc19a3,plex_1,,,,,,,,,,,,
Tubb3,plex_1,,,,,,,,,,,,
Cdo1,plex_1,1.16,0.75,0.96,0.62,0.7,0.46,,,,,,
Mrps24,plex_1,,,,,,,,,,,,
Get4,plex_1,1.61,1.35,1.41,1.17,1.1,0.57,,,,,,
Phax,plex_1,2.51,,,,,,,,,,,
Phax,plex_1,2.51,,,,,,,,,,,
Rwdd4,plex_1,1.59,1.37,1.36,1.13,0.73,0.69,,,,,,
Ighg,plex_1,2.29,0.22,2.29,0.72,1.24,0.2,,,,,,
Ttc7b,plex_1,2.03,1.48,1.78,1.34,1.18,0.5,,,,,,
Mrpl48,plex_1,1.49,1.07,1.26,1.09,0.89,0.64,,,,,,
Mrpl48,plex_1,1.49,1.07,1.26,1.09,0.89,0.64,,,,,,
Mrpl48,plex_1,1.49,1.07,1.26,1.09,0.89,0.64,,,,,,
Mrpl48,plex_1,1.49,1.07,1.26,1.09,0.89,0.64,,,,,,
Igh,plex_1,0.92,1.47,0.81,0.72,0.65,0.61,,,,,,
Gypa,plex_1,1.99,3.32,2.39,2.65,,,,,,,,
Gypa,plex_1,1.99,3.32,2.39,2.65,,,,,,,,
Gypa,plex_1,1.99,3.32,2.39,2.65,,,,,,,,
Igh-V7183,plex_1,,,,,,,,,,,,
Clcn5,plex_1,1.76,1.61,1.35,0.93,0.63,0.69,,,,,,
Nrf1,plex_1,1.13,1.08,1.04,1.02,0.81,0.52,,,,,,
Sec24d,plex_1,1.15,2.35,,,,,,,,,,
Rnf114,plex_1,1.29,1.05,1.41,1.03,0.91,0.5,,,,,,
Tapt1,plex_1,1.74,0.29,1.28,,0.77,0.34,,,,,,
Hbbt1,plex_1,,,,,,,,,,,,
Atl2,plex_1,1.24,1.44,0.5,1.05,1.22,0.46,,,,,,
Pgk1,plex_1,1.52,1.25,1.41,1.04,1.25,0.52,,,,,,
Wls,plex_1,1.22,1.0,0.8,0.55,0.76,0.35,,,,,,
Wls,plex_1,1.22,1.0,0.8,0.55,0.76,0.35,,,,,,
Pdcd2,plex_1,1.46,1.3,1.24,0.88,0.77,0.46,,,,,,
Pcd2,plex_1,1.46,1.3,1.24,0.88,0.77,0.46,,,,,,
Pdcd2,plex_1,1.46,1.3,1.24,0.88,0.77,0.46,,,,,,
Zc3hav1,plex_1,1.76,1.07,1.47,2.07,1.35,,,,,,,
Slc16a7,plex_1,1.43,0.96,1.16,1.53,0.66,0.68,,,,,,
Slc16a7,plex_1,1.43,0.96,1.16,1.53,0.66,0.68,,,,,,
Slc16a7,plex_1,1.43,0.96,1.16,1.53,0.66,0.68,,,,,,
Slc16a7,plex_1,1.43,0.96,1.16,1.53,0.66,0.68,,,,,,
Rbm27,plex_1,0.54,0.96,1.83,1.0,0.81,0.21,,,,,,
Spon1,plex_1,,,,,,,,,,,,
Klc2,plex_1,1.41,1.2,1.78,0.97,1.03,1.01,,,,,,
Grid2,plex_1,,,,,,,,,,,,
Ubxn7,plex_1,1.14,0.4,1.05,0.32,0.5,,,,,,,
Ubxn7,plex_1,1.14,0.4,1.05,0.32,0.5,,,,,,,
Pank1,plex_1,2.35,1.16,2.65,1.41,1.43,0.63,,,,,,
Pank1,plex_1,2.35,1.16,2.65,1.41,1.43,0.63,,,,,,
Wdfy3,plex_1,2.6,1.39,1.24,1.19,0.67,0.77,,,,,,
Pex13,plex_1,0.96,1.04,,0.74,,,,,,,,
Pum3,plex_1,0.98,0.51,2.45,1.2,0.84,,,,,,,
Hspb11,plex_1,,,,,,,,,,,,
Tubb1,plex_1,1.22,,1.13,1.75,2.21,,,,,,,
Sptlc2,plex_1,,,,,,,,,,,,
,plex_1,,,,,,,,,,,,
Sptlc2,plex_1,,,,,,,,,,,,
Sptlc2,plex_1,,,,,,,,,,,,
Sptlc2,plex_1,,,,,,,,,,,,
Nol7,plex_1,3.52,3.41,4.42,2.63,1.43,1.7,,,,,,
Sdhd,plex_1,1.77,1.64,1.47,1.37,0.74,0.79,,,,,,
Sdhd,plex_1,1.77,1.64,1.47,1.37,0.74,0.79,,,,,,
Atp2a3,plex_1,1.49,0.83,1.36,,0.68,1.1,,,,,,
Ttc39c,plex_1,,,,,,,,,,,,
Ttc39c,plex_1,,,,,,,,,,,,
Actr1a,plex_1,1.57,1.2,1.14,0.89,0.92,0.52,,,,,,
Chchd7,plex_1,1.12,0.9,0.28,0.36,0.55,0.52,,,,,,
Chchd7,plex_1,1.12,0.9,0.28,0.36,0.55,0.52,,,,,,
Chchd7,plex_1,1.12,0.9,0.28,0.36,0.55,0.52,,,,,,
Chchd7,plex_1,1.12,0.9,0.28,0.36,0.55,0.52,,,,,,
Chchd7,plex_1,1.12,0.9,0.28,0.36,0.55,0.52,,,,,,
Chchd7,plex_1,1.12,0.9,0.28,0.36,0.55,0.52,,,,,,
Arhgap12,plex_1,1.33,0.63,0.58,0.93,,0.3,,,,,,
Arhgap12,plex_1,1.33,0.63,0.58,0.93,,0.3,,,,,,
Rilp,plex_1,,,,,,,,,,,,
Kcnj16,plex_1,1.25,1.73,1.09,0.85,0.75,0.67,,,,,,
Commd5,plex_1,1.22,0.84,0.92,0.58,0.57,0.55,,,,,,
Commd5,plex_1,1.22,0.84,0.92,0.58,0.57,0.55,,,,,,
Plet1,plex_1,,,,,,,,,,,,
Stx16,plex_1,1.05,0.94,1.11,1.09,,0.73,,,,,,
Stx16,plex_1,1.05,0.94,1.11,1.09,,0.73,,,,,,
Stx16,plex_1,1.05,0.94,1.11,1.09,,0.73,,,,,,
Stx16,plex_1,1.05,0.94,1.11,1.09,,0.73,,,,,,
Syvn1,plex_1,,,,,,,,,,,,
Syvn1,plex_1,,,,,,,,,,,,
Syvn1,plex_1,,,,,,,,,,,,
Syvn1,plex_1,,,,,,,,,,,,
Syvn1,plex_1,,,,,,,,,,,,
Msl2,plex_1,,,,,,,,,,,,
Vsig10,plex_1,1.54,2.12,2.07,1.08,1.06,1.07,,,,,,
Mcmbp,plex_1,2.61,2.26,2.52,1.0,2.49,,,,,,,
Pcna,plex_1,,,,,,,,,,,,
Pcna-ps2,plex_1,,,,,,,,,,,,
Pcna,plex_1,,,,,,,,,,,,
Pcna,plex_1,,,,,,,,,,,,
Actb,plex_1,0.83,1.31,1.11,0.83,0.77,0.49,,,,,,
Them7,plex_1,1.88,1.32,1.97,0.59,0.85,0.42,,,,,,
Pttg1ip,plex_1,0.85,0.85,0.72,0.74,0.45,0.48,,,,,,
Pttg1ip,plex_1,0.85,0.85,0.72,0.74,0.45,0.48,,,,,,
Tcerg1,plex_1,1.19,1.07,1.17,0.95,0.91,0.56,,,,,,
Tcerg1,plex_1,1.19,1.07,1.17,0.95,0.91,0.56,,,,,,
Fam102a,plex_1,1.22,1.3,1.34,0.7,0.49,0.3,,,,,,
Arfgap3,plex_1,1.72,0.97,1.89,,0.97,1.03,,,,,,
Spats2l,plex_1,1.72,1.4,1.36,1.3,1.01,0.61,,,,,,
Spats2l,plex_1,1.72,1.4,1.36,1.3,1.01,0.61,,,,,,
Spats2l,plex_1,1.72,1.4,1.36,1.3,1.01,0.61,,,,,,
Bccip,plex_1,2.94,1.69,2.84,2.27,1.1,0.55,,,,,,
Pigu,plex_1,,1.0,,1.73,0.91,,,,,,,
Pigu,plex_1,,1.0,,1.73,0.91,,,,,,,
Pigu,plex_1,,1.0,,1.73,0.91,,,,,,,
U2surp,plex_1,1.86,1.99,1.5,1.26,1.0,0.61,,,,,,
U2surp,plex_1,1.86,1.99,1.5,1.26,1.0,0.61,,,,,,
U2surp,plex_1,1.86,1.99,1.5,1.26,1.0,0.61,,,,,,
Mepce,plex_1,,,,,,,,,,,,
Gm10639,plex_1,0.86,1.15,0.94,1.44,1.38,0.52,,,,,,
Lhpp,plex_1,,,,,,,,,,,,
Lhpp,plex_1,,,,,,,,,,,,
Mfsd4b5,plex_1,1.39,1.12,0.54,1.91,0.43,1.0,,,,,,
Lyrm7,plex_1,1.87,1.75,2.21,1.22,0.91,1.33,,,,,,
Lyrm7,plex_1,1.87,1.75,2.21,1.22,0.91,1.33,,,,,,
Dmrtb1,plex_1,,,,,,,,,,,,
Srek1,plex_1,1.47,0.88,1.19,1.17,0.97,0.47,,,,,,
Srek1,plex_1,1.47,0.88,1.19,1.17,0.97,0.47,,,,,,
Atp6ap1,plex_1,1.53,1.34,0.89,0.37,0.87,1.0,,,,,,
Tcirg1,plex_1,,,,,,,,,,,,
Tbc1d8b,plex_1,,,,,,,,,,,,
Tomm5,plex_1,1.09,1.19,1.09,0.88,0.75,0.63,,,,,,
Zfand2b,plex_1,1.53,1.32,1.33,0.94,0.86,0.61,,,,,,
Zfand2b,plex_1,1.53,1.32,1.33,0.94,0.86,0.61,,,,,,
Tmco3,plex_1,,,,,,,,,,,,
Tmco3,plex_1,,,,,,,,,,,,
Ptprb,plex_1,,,,,,,,,,,,
Ube2o,plex_1,0.82,1.02,1.31,0.88,5.17,0.09,,,,,,
Csnk2a2,plex_1,1.4,1.17,1.09,0.94,0.93,0.46,,,,,,
Nhsl2,plex_1,1.21,1.28,1.1,0.66,0.71,0.59,,,,,,
mt-Cytb,plex_1,0.84,0.95,0.84,0.77,0.53,0.67,,,,,,
cytb,plex_1,0.84,0.95,0.84,0.77,0.53,0.67,,,,,,
cytb,plex_1,0.84,0.95,0.84,0.77,0.53,0.67,,,,,,
,plex_1,0.84,0.95,0.84,0.77,0.53,0.67,,,,,,
cytb,plex_1,0.84,0.95,0.84,0.77,0.53,0.67,,,,,,
cytb,plex_1,0.84,0.95,0.84,0.77,0.53,0.67,,,,,,
cytb,plex_1,0.84,0.95,0.84,0.77,0.53,0.67,,,,,,
cytb,plex_1,0.84,0.95,0.84,0.77,0.53,0.67,,,,,,
,plex_1,0.84,0.95,0.84,0.77,0.53,0.67,,,,,,
cytb,plex_1,0.84,0.95,0.84,0.77,0.53,0.67,,,,,,
cytb,plex_1,0.84,0.95,0.84,0.77,0.53,0.67,,,,,,
,plex_1,0.84,0.95,0.84,0.77,0.53,0.67,,,,,,
cytb,plex_1,0.84,0.95,0.84,0.77,0.53,0.67,,,,,,
,plex_1,0.84,0.95,0.84,0.77,0.53,0.67,,,,,,
cytb,plex_1,0.84,0.95,0.84,0.77,0.53,0.67,,,,,,
cytb,plex_1,0.84,0.95,0.84,0.77,0.53,0.67,,,,,,
Atxn2,plex_1,1.12,1.41,0.98,1.16,0.79,0.51,,,,,,
Pikfyve,plex_1,1.33,0.9,0.97,1.07,1.15,0.46,,,,,,
Pikfyve,plex_1,1.33,0.9,0.97,1.07,1.15,0.46,,,,,,
Raver1,plex_1,,,,,,,,,,,,
Atp1a4,plex_1,2.8,0.81,1.68,1.65,0.92,0.62,,,,,,
Mark3,plex_1,9.44,3.48,7.13,6.97,1.73,0.92,,,,,,
Mark3,plex_1,9.44,3.48,7.13,6.97,1.73,0.92,,,,,,
Mark3,plex_1,9.44,3.48,7.13,6.97,1.73,0.92,,,,,,
Asb9,plex_1,0.85,0.85,0.84,0.78,1.23,0.57,,,,,,
Trappc4,plex_1,0.57,0.91,0.71,0.62,0.58,0.54,,,,,,
Trappc4,plex_1,0.57,0.91,0.71,0.62,0.58,0.54,,,,,,
Slc25a19,plex_1,1.36,1.2,0.88,0.72,0.58,0.47,,,,,,
Dnajc1,plex_1,2.08,1.14,1.47,1.26,1.16,0.92,,,,,,
Mrpl20,plex_1,1.33,1.19,1.08,1.1,0.84,0.55,,,,,,
Heatr5b,plex_1,1.11,0.95,0.95,0.56,0.48,0.37,,,,,,
Lrriq3,plex_1,6.76,4.76,8.59,7.5,4.82,0.89,,,,,,
Prc1,plex_1,,,,,,,,,,,,
Arhgap18,plex_1,0.83,0.95,1.12,0.77,0.59,0.78,,,,,,
Map7d1,plex_1,0.63,0.98,0.94,1.08,0.66,,,,,,,
Map7d1,plex_1,0.63,0.98,0.94,1.08,0.66,,,,,,,
Slc25a46,plex_1,2.18,2.21,1.68,1.32,1.39,0.87,,,,,,
Slc25a46,plex_1,2.18,2.21,1.68,1.32,1.39,0.87,,,,,,
Ptprj,plex_1,1.09,1.29,1.0,1.12,0.61,0.68,,,,,,
Ptprj,plex_1,1.09,1.29,1.0,1.12,0.61,0.68,,,,,,
Ptprj,plex_1,1.09,1.29,1.0,1.12,0.61,0.68,,,,,,
Ptprj,plex_1,1.09,1.29,1.0,1.12,0.61,0.68,,,,,,
Abcd1,plex_1,0.94,1.47,1.02,0.54,1.06,0.89,,,,,,
Olfml3,plex_1,,,,,,,,,,,,
Olfml3,plex_1,,,,,,,,,,,,
Zbed3,plex_1,1.46,1.32,1.78,1.19,0.74,0.55,,,,,,
Zbed3,plex_1,1.46,1.32,1.78,1.19,0.74,0.55,,,,,,
Ddrgk1,plex_1,1.99,1.44,2.15,2.27,1.05,0.64,,,,,,
Ada,plex_1,1.01,1.08,0.91,0.72,0.71,0.4,,,,,,
Ada,plex_1,1.01,1.08,0.91,0.72,0.71,0.4,,,,,,
Ube2z,plex_1,1.56,1.11,1.21,0.89,0.82,0.6,,,,,,
Mak,plex_1,6.26,3.14,3.06,2.0,1.89,0.95,,,,,,
Mak,plex_1,6.26,3.14,3.06,2.0,1.89,0.95,,,,,,
Mak,plex_1,6.26,3.14,3.06,2.0,1.89,0.95,,,,,,
Gm11744,plex_1,,,,,,,,,,,,
Gm11744,plex_1,,,,,,,,,,,,
Wdr45b,plex_1,1.4,1.12,1.14,0.68,0.62,0.51,,,,,,
Trrap,plex_1,1.88,2.1,1.4,1.72,0.64,1.01,,,,,,
Flnc,plex_1,0.79,0.92,0.71,0.56,0.84,0.34,,,,,,
Flnc,plex_1,0.79,0.92,0.71,0.56,0.84,0.34,,,,,,
Rab24,plex_1,2.93,1.38,2.82,2.38,0.86,0.52,,,,,,
Ror2,plex_1,2.94,1.96,2.47,2.45,1.34,1.27,,,,,,
Ror2,plex_1,2.94,1.96,2.47,2.45,1.34,1.27,,,,,,
Ror2,plex_1,2.94,1.96,2.47,2.45,1.34,1.27,,,,,,
Ror2,plex_1,2.94,1.96,2.47,2.45,1.34,1.27,,,,,,
Rnf40,plex_1,1.29,1.03,1.15,1.12,2.15,0.06,,,,,,
Dus3l,plex_1,,,,,,,,,,,,
Dus3l,plex_1,,,,,,,,,,,,
Vps33a,plex_1,2.37,1.63,2.24,2.19,1.28,0.53,,,,,,
Apobec1,plex_1,2.66,2.11,2.04,1.43,0.69,1.06,,,,,,
Oxld1,plex_1,2.3,1.21,1.19,1.68,0.81,0.51,,,,,,
Oxld1,plex_1,2.3,1.21,1.19,1.68,0.81,0.51,,,,,,
Srp9,plex_1,1.17,0.95,1.27,0.83,0.93,0.63,,,,,,
Srp9,plex_1,1.17,0.95,1.27,0.83,0.93,0.63,,,,,,
Srp9,plex_1,1.17,0.95,1.27,0.83,0.93,0.63,,,,,,
Rab23,plex_1,,,,,,,,,,,,
Rab23,plex_1,,,,,,,,,,,,
Actbl2,plex_1,,,,,,,,,,,,
Tapbpl,plex_1,1.53,1.01,1.52,1.16,0.53,,,,,,,
Pabpn1,plex_1,1.87,2.05,2.02,1.38,1.02,,,,,,,
Pabpn1,plex_1,1.87,2.05,2.02,1.38,1.02,,,,,,,
N6amt1,plex_1,,,,,,,,,,,,
N6amt1,plex_1,,,,,,,,,,,,
Pcmtd1,plex_1,,,,,,,,,,,,
Pcmtd1,plex_1,,,,,,,,,,,,
Pcmtd1,plex_1,,,,,,,,,,,,
Pcmtd1,plex_1,,,,,,,,,,,,
Sftpb,plex_1,1.57,1.29,2.19,2.46,1.45,0.75,,,,,,
Sftpb,plex_1,1.57,1.29,2.19,2.46,1.45,0.75,,,,,,
Sftpb,plex_1,1.57,1.29,2.19,2.46,1.45,0.75,,,,,,
Calu,plex_1,1.25,1.01,1.21,0.93,0.94,0.51,,,,,,
Bmp2k,plex_1,0.99,0.85,0.62,0.64,0.42,0.31,,,,,,
Qtrt1,plex_1,0.83,0.89,0.78,0.63,1.21,0.38,,,,,,
Hccs,plex_1,0.94,1.19,0.71,0.83,0.55,0.62,,,,,,
Sirt2,plex_1,1.33,1.25,1.34,0.96,0.74,0.52,,,,,,
Bspry,plex_1,1.42,1.7,,,,0.49,,,,,,
Bspry,plex_1,1.42,1.7,,,,0.49,,,,,,
Bspry,plex_1,1.42,1.7,,,,0.49,,,,,,
Edc3,plex_1,,0.45,1.67,0.9,0.86,,,,,,,
Pir,plex_1,1.6,1.71,1.41,1.2,1.09,0.69,,,,,,
Itch,plex_1,6.09,3.77,7.4,7.24,3.21,0.91,,,,,,
Rnaseh2a,plex_1,1.74,1.63,1.49,1.57,2.04,0.94,,,,,,
Rnaseh2a,plex_1,1.74,1.63,1.49,1.57,2.04,0.94,,,,,,
Tmem201,plex_1,1.4,1.04,0.89,1.36,0.82,0.66,,,,,,
Pet100,plex_1,1.74,1.02,0.97,0.73,0.84,0.65,,,,,,
Golga1,plex_1,3.72,2.61,2.98,3.16,0.69,0.93,,,,,,
Golga1,plex_1,3.72,2.61,2.98,3.16,0.69,0.93,,,,,,
Rnf25,plex_1,1.47,0.94,1.23,1.05,0.63,0.46,,,,,,
Rnf25,plex_1,1.47,0.94,1.23,1.05,0.63,0.46,,,,,,
Cep131,plex_1,0.83,0.94,1.1,0.74,0.59,0.33,,,,,,
Ctnnbl1,plex_1,1.18,1.01,1.11,0.87,0.82,0.44,,,,,,
Arhgef19,plex_1,1.53,1.42,1.34,1.2,0.88,0.53,,,,,,
Enpp4,plex_1,1.46,1.22,1.01,1.08,0.64,0.35,,,,,,
Enpp4,plex_1,1.46,1.22,1.01,1.08,0.64,0.35,,,,,,
Dnah7a,plex_1,1.15,1.2,0.92,0.72,0.77,0.73,,,,,,
Clasp1,plex_1,2.74,1.6,2.13,1.88,1.11,0.43,,,,,,
Clasp1,plex_1,2.74,1.6,2.13,1.88,1.11,0.43,,,,,,
Lsm6,plex_1,1.62,1.58,1.16,1.16,0.84,0.67,,,,,,
Col2a1,plex_1,2.45,2.01,2.73,2.22,1.24,1.53,,,,,,
Olfr460,plex_1,1.27,1.38,1.05,1.16,0.59,0.37,,,,,,
P3h2,plex_1,,,,,,,,,,,,
Add2,plex_1,,,,,,,,,,,,
Hectd1,plex_1,1.23,1.03,0.77,1.19,0.61,,,,,,,
Mtmr12,plex_1,1.36,1.24,0.85,0.36,0.86,,,,,,,
Cdc16,plex_1,1.73,1.44,1.16,1.4,1.04,0.78,,,,,,
Asap2,plex_1,1.07,0.75,1.38,1.05,0.53,0.43,,,,,,
Zc3h7b,plex_1,0.86,0.63,0.48,0.96,0.07,0.39,,,,,,
Ston2,plex_1,2.22,1.39,1.93,1.49,0.87,0.57,,,,,,
Myh8,plex_1,0.58,0.48,0.62,0.48,0.49,0.49,,,,,,
Gm20431,plex_1,1.53,1.32,1.08,1.18,0.75,0.43,,,,,,
Plcl1,plex_1,1.34,0.73,0.76,0.55,0.97,0.57,,,,,,
Jakmip3,plex_1,1.69,1.38,1.12,0.63,5.42,,,,,,,
Trpm5,plex_1,1.49,1.74,0.86,1.32,1.29,0.54,,,,,,
Trpm5,plex_1,1.49,1.74,0.86,1.32,1.29,0.54,,,,,,
Trpm5,plex_1,1.49,1.74,0.86,1.32,1.29,0.54,,,,,,
Ccdc88b,plex_1,1.08,0.93,0.95,0.84,0.74,0.55,,,,,,
Ccdc88b,plex_1,1.08,0.93,0.95,0.84,0.74,0.55,,,,,,
Rqcd1,plex_1,1.48,1.08,1.22,0.64,0.94,,,,,,,
,plex_1,2.07,,0.9,3.59,0.62,0.72,,,,,,
Zfyve19,plex_1,1.55,1.15,1.14,1.12,0.81,0.63,,,,,,
Zfyve19,plex_1,1.55,1.15,1.14,1.12,0.81,0.63,,,,,,
Hax1,plex_1,2.53,3.29,2.55,1.72,1.7,1.7,,,,,,
Hax1,plex_1,2.53,3.29,2.55,1.72,1.7,1.7,,,,,,
Hax1,plex_1,2.53,3.29,2.55,1.72,1.7,1.7,,,,,,
Lyn,plex_1,1.3,1.03,1.05,0.96,0.75,0.49,,,,,,
Lyn,plex_1,1.3,1.03,1.05,0.96,0.75,0.49,,,,,,
Epb41,plex_1,0.95,0.73,0.93,0.66,1.15,0.54,,,,,,
Erbb2,plex_1,1.42,1.18,1.19,1.08,0.75,0.5,,,,,,
Adamts18,plex_1,3.13,1.47,2.96,2.25,1.55,0.55,,,,,,
Sema4f,plex_1,,,,,,,,,,,,
Nasp,plex_1,0.98,1.41,1.06,1.2,0.93,0.41,,,,,,
Spag7,plex_1,,,,,,,,,,,,
Pcm1,plex_1,1.41,1.07,1.42,0.76,0.48,0.46,,,,,,
Pcm1,plex_1,1.41,1.07,1.42,0.76,0.48,0.46,,,,,,
Ccser2,plex_1,,,,,,,,,,,,
Dio1,plex_1,1.89,1.24,1.25,1.29,1.4,1.48,,,,,,
Zfpl1,plex_1,1.01,0.55,0.6,0.82,0.41,0.34,,,,,,
Zfpl1,plex_1,1.01,0.55,0.6,0.82,0.41,0.34,,,,,,
Zfpl1,plex_1,1.01,0.55,0.6,0.82,0.41,0.34,,,,,,
Zfpl1,plex_1,1.01,0.55,0.6,0.82,0.41,0.34,,,,,,
Zfpl1,plex_1,1.01,0.55,0.6,0.82,0.41,0.34,,,,,,
mKIAA1589,plex_1,1.6,1.11,1.34,1.02,0.66,0.51,,,,,,
Zfyve1,plex_1,1.6,1.11,1.34,1.02,0.66,0.51,,,,,,
Rnf2,plex_1,,,,,,,,,,,,
Rnf2,plex_1,,,,,,,,,,,,
Rnf2,plex_1,,,,,,,,,,,,
Evl,plex_1,2.41,1.36,1.22,1.67,1.16,0.91,,,,,,
Evl,plex_1,2.41,1.36,1.22,1.67,1.16,0.91,,,,,,
Pdlim3,plex_1,0.79,0.61,0.71,0.94,0.56,,,,,,,
Als2,plex_1,,,,,,,,,,,,
Cog1,plex_1,,,,,,,,,,,,
Rbm42,plex_1,1.24,0.89,0.89,0.99,0.53,0.61,,,,,,
Rbm42,plex_1,1.24,0.89,0.89,0.99,0.53,0.61,,,,,,
Rbm42,plex_1,1.24,0.89,0.89,0.99,0.53,0.61,,,,,,
Col24a1,plex_1,1.5,1.29,1.12,2.05,0.39,0.62,,,,,,
Serpind1,plex_1,1.36,1.11,1.3,1.27,0.89,0.5,,,,,,
Serpind1,plex_1,1.36,1.11,1.3,1.27,0.89,0.5,,,,,,
Bad,plex_1,,,,,,,,,,,,
Soga1,plex_1,1.41,1.27,1.28,0.9,0.83,0.53,,,,,,
Clns1a,plex_1,,,,,,,,,,,,
Lnp,plex_1,1.22,2.19,1.33,0.87,0.78,0.75,,,,,,
Smad4,plex_1,1.2,0.96,1.24,0.7,0.66,0.55,,,,,,
Smad4,plex_1,1.2,0.96,1.24,0.7,0.66,0.55,,,,,,
Smad4,plex_1,1.2,0.96,1.24,0.7,0.66,0.55,,,,,,
Smad4,plex_1,1.2,0.96,1.24,0.7,0.66,0.55,,,,,,
Smad4,plex_1,1.2,0.96,1.24,0.7,0.66,0.55,,,,,,
Wdr5,plex_1,1.09,0.65,1.02,0.9,0.77,,,,,,,
Fam208a,plex_1,2.57,1.61,1.21,,,,,,,,,
Taok1,plex_1,,,,,,,,,,,,
Utp14b,plex_1,,,,,,,,,,,,
Utp14b,plex_1,,,,,,,,,,,,
Phf24,plex_1,4.44,2.12,4.32,3.21,2.5,0.86,,,,,,
Edc4,plex_1,1.26,0.84,1.05,0.95,0.37,0.98,,,,,,
Edc4,plex_1,1.26,0.84,1.05,0.95,0.37,0.98,,,,,,
Hnmt,plex_1,1.48,1.14,0.94,1.01,0.9,0.48,,,,,,
Ikbkg,plex_1,31.57,8.85,36.8,23.27,15.87,0.49,,,,,,
Ikbkg,plex_1,31.57,8.85,36.8,23.27,15.87,0.49,,,,,,
Ikbkg,plex_1,31.57,8.85,36.8,23.27,15.87,0.49,,,,,,
Ikbkg,plex_1,31.57,8.85,36.8,23.27,15.87,0.49,,,,,,
Ikbkg,plex_1,31.57,8.85,36.8,23.27,15.87,0.49,,,,,,
Nipsnap3b,plex_1,1.28,1.63,1.78,0.99,1.01,0.42,,,,,,
Nipsnap3b,plex_1,1.28,1.63,1.78,0.99,1.01,0.42,,,,,,
Utp20,plex_1,1.05,0.81,0.97,0.61,0.85,0.53,,,,,,
Utp20,plex_1,1.05,0.81,0.97,0.61,0.85,0.53,,,,,,
Slc16a10,plex_1,1.56,1.53,1.13,1.11,0.67,0.74,,,,,,
Sarg,plex_1,2.09,1.8,2.75,3.31,1.13,1.7,,,,,,
Cldn16,plex_1,1.36,1.04,1.09,0.92,0.76,0.59,,,,,,
Ttc39a,plex_1,1.04,0.64,1.5,0.99,0.81,0.65,,,,,,
Ttc39a,plex_1,1.04,0.64,1.5,0.99,0.81,0.65,,,,,,
Arl15,plex_1,4.46,2.61,3.88,1.9,,,,,,,,
Mib1,plex_1,,,,,,,,,,,,
BC034090,plex_1,1.02,,0.86,,0.9,0.95,,,,,,
Tff1,plex_1,1.51,0.68,0.51,3.85,0.68,1.14,,,,,,
Tmf1,plex_1,2.25,1.4,1.78,1.27,0.86,0.64,,,,,,
4921513D11Rik,plex_1,1.48,1.28,1.23,1.0,0.91,0.63,,,,,,
4921513D11Rik,plex_1,1.48,1.28,1.23,1.0,0.91,0.63,,,,,,
Ppfia2,plex_1,,,,,,,,,,,,
Kiaa1522,plex_1,0.7,1.2,1.17,0.95,0.73,0.66,,,,,,
Hist1h1d,plex_1,1.62,1.88,0.76,1.37,0.34,0.43,,,,,,
Dda1,plex_1,0.85,1.1,1.34,0.88,0.84,0.57,,,,,,
Dda1,plex_1,0.85,1.1,1.34,0.88,0.84,0.57,,,,,,
Pax8,plex_1,1.03,0.97,1.02,0.69,1.15,0.4,,,,,,
Pax8,plex_1,1.03,0.97,1.02,0.69,1.15,0.4,,,,,,
Pax8,plex_1,1.03,0.97,1.02,0.69,1.15,0.4,,,,,,
Cml3,plex_1,1.86,1.68,1.09,1.83,0.54,0.76,,,,,,
Nat8f7,plex_1,1.86,1.68,1.09,1.83,0.54,0.76,,,,,,
Nat8f3,plex_1,1.86,1.68,1.09,1.83,0.54,0.76,,,,,,
Marf1,plex_1,3.31,2.05,3.64,2.39,2.01,0.76,,,,,,
Marf1,plex_1,3.31,2.05,3.64,2.39,2.01,0.76,,,,,,
Marf1,plex_1,3.31,2.05,3.64,2.39,2.01,0.76,,,,,,
Slc25a17,plex_1,,,,,,,,,,,,
Mettl17,plex_1,0.97,1.04,1.26,0.81,0.78,0.59,,,,,,
Trip11,plex_1,1.73,1.21,1.93,1.56,1.15,0.44,,,,,,
Ighv1-76,plex_1,2.69,0.47,2.24,0.79,0.38,,,,,,,
Ighv1-76,plex_1,2.69,0.47,2.24,0.79,0.38,,,,,,,
Fbxo30,plex_1,1.34,1.38,1.2,1.06,0.96,0.39,,,,,,
Tigd5,plex_1,,,,,,,,,,,,
Dnah9,plex_1,1.73,1.25,2.54,1.26,0.9,,,,,,,
Cox7a2l,plex_1,1.48,1.08,0.88,1.21,0.88,0.64,,,,,,
Cox7a2l,plex_1,1.48,1.08,0.88,1.21,0.88,0.64,,,,,,
Cox7a2l,plex_1,1.48,1.08,0.88,1.21,0.88,0.64,,,,,,
Prrc2c,plex_1,1.23,0.89,1.19,0.91,0.68,0.74,,,,,,
Lman2l,plex_1,1.4,1.36,1.64,1.53,1.13,0.81,,,,,,
Lman2l,plex_1,1.4,1.36,1.64,1.53,1.13,0.81,,,,,,
Higd2a,plex_1,,,,,,,,,,,,
Evi5,plex_1,2.77,2.24,2.0,1.75,1.33,0.71,,,,,,
Rbm12,plex_1,0.56,0.59,1.04,,4.56,,,,,,,
Plk1,plex_1,1.21,1.29,1.0,0.78,0.61,0.56,,,,,,
Fam63b,plex_1,1.04,0.92,0.81,1.1,1.12,0.89,,,,,,
,plex_1,1.21,1.18,1.26,0.83,0.74,0.5,,,,,,
LOC207685,plex_1,1.21,1.18,1.26,0.83,0.74,0.5,,,,,,
Lrp2,plex_2,,,,,,,0.6,1.14,0.58,0.62,0.69,0.99
Sptan1,plex_2,,,,,,,0.62,1.14,0.54,0.68,0.69,1.1
Dync1h1,plex_2,,,,,,,0.62,1.08,0.54,0.63,0.66,1.1
Flnb,plex_2,,,,,,,0.61,1.15,0.52,0.67,0.71,1.1
Hspg2,plex_2,,,,,,,0.62,1.23,0.54,0.84,0.71,1.21
Sptbn1,plex_2,,,,,,,0.59,1.07,0.54,0.66,0.69,1.13
Tln1,plex_2,,,,,,,0.62,1.12,0.55,0.72,0.72,1.16
Cltc,plex_2,,,,,,,0.64,0.99,0.58,0.66,0.74,1.05
Myh9,plex_2,,,,,,,0.63,1.1,0.54,0.7,0.66,1.14
Flna,plex_2,,,,,,,0.69,1.16,0.59,0.71,0.6,1.09
Fasn,plex_2,,,,,,,0.5,0.45,0.51,0.76,0.38,0.94
Cubn,plex_2,,,,,,,0.57,0.95,0.52,0.66,0.72,0.98
Aldh1l1,plex_2,,,,,,,0.55,1.19,0.53,0.73,0.81,1.14
Pcx,plex_2,,,,,,,0.57,1.05,0.53,1.02,0.72,1.1
Pcx,plex_2,,,,,,,0.57,1.05,0.53,1.02,0.72,1.1
Pcx,plex_2,,,,,,,0.57,1.05,0.53,1.02,0.72,1.1
Atp5b,plex_2,,,,,,,0.63,1.05,0.57,0.71,0.65,0.94
Alb,plex_2,,,,,,,0.74,1.08,0.58,0.67,0.73,0.89
Atp1a1,plex_2,,,,,,,0.62,0.96,0.46,0.64,0.63,1.12
Ehhadh,plex_2,,,,,,,0.65,1.34,0.53,0.7,0.64,1.03
Actn4,plex_2,,,,,,,0.74,1.15,0.58,0.92,0.75,1.14
Ttn,plex_2,,,,,,,0.62,0.97,0.55,0.64,0.72,0.95
Ahnak,plex_2,,,,,,,0.67,1.24,0.56,0.69,0.67,1.17
Myh4,plex_2,,,,,,,0.8,0.93,0.67,0.81,0.8,0.87
Hadha,plex_2,,,,,,,0.58,1.22,0.53,0.87,0.66,1.08
Col6a3,plex_2,,,,,,,0.59,1.07,0.5,0.57,0.68,1.26
Vcl,plex_2,,,,,,,0.59,1.15,0.54,0.68,0.72,1.11
Lrpprc,plex_2,,,,,,,0.66,1.02,0.57,0.67,0.74,1.06
Vwa8,plex_2,,,,,,,0.62,1.07,0.56,0.7,0.71,1.04
Eef2,plex_2,,,,,,,0.68,1.16,0.59,0.66,0.63,1.1
Sdha,plex_2,,,,,,,0.64,1.14,0.54,0.77,0.76,1.06
Vcp,plex_2,,,,,,,0.68,1.24,0.58,0.74,0.72,1.11
C3,plex_2,,,,,,,0.55,1.12,0.4,0.52,0.66,0.88
Ogdh,plex_2,,,,,,,0.69,1.04,0.57,0.72,0.68,0.98
Iqgap1,plex_2,,,,,,,0.66,1.07,0.53,0.66,0.7,1.11
Aco2,plex_2,,,,,,,0.6,0.97,0.64,0.69,0.7,1.05
Pzp,plex_2,,,,,,,0.64,1.2,0.43,0.67,0.82,1.06
Anpep,plex_2,,,,,,,0.7,1.21,0.67,0.74,0.76,1.23
Aldh6a1,plex_2,,,,,,,0.57,1.17,0.59,0.66,0.81,1.03
Aldh2,plex_2,,,,,,,0.49,1.0,0.53,0.66,0.73,1.15
Vil1,plex_2,,,,,,,0.63,1.19,0.54,0.79,0.73,1.12
Tf,plex_2,,,,,,,0.65,1.1,0.44,0.59,0.63,0.83
Hspd1,plex_2,,,,,,,0.61,1.25,0.57,0.76,0.69,1.06
Sardh,plex_2,,,,,,,0.66,1.22,0.62,0.73,0.85,1.22
Sardh,plex_2,,,,,,,0.66,1.22,0.62,0.73,0.85,1.22
Pkm,plex_2,,,,,,,0.66,1.15,0.62,0.73,0.67,0.98
Aco1,plex_2,,,,,,,0.62,1.1,0.51,0.62,0.72,1.09
Mthfd1,plex_2,,,,,,,0.61,1.04,0.54,0.71,0.69,1.03
Pdzk1,plex_2,,,,,,,0.56,1.28,0.53,0.72,0.68,1.05
Tns1,plex_2,,,,,,,0.63,1.39,0.54,0.84,0.82,1.24
Tns1,plex_2,,,,,,,0.63,1.39,0.54,0.84,0.82,1.24
Ank3,plex_2,,,,,,,0.66,1.23,0.54,0.71,0.72,1.11
Fn1,plex_2,,,,,,,0.61,1.11,0.51,0.52,0.62,1.03
Fn1,plex_2,,,,,,,0.61,1.11,0.51,0.52,0.62,1.03
Fn1,plex_2,,,,,,,0.61,1.11,0.51,0.52,0.62,1.03
Fn1,plex_2,,,,,,,0.61,1.11,0.51,0.52,0.62,1.03
Fn1,plex_2,,,,,,,0.61,1.11,0.51,0.52,0.62,1.03
Fn1,plex_2,,,,,,,0.61,1.11,0.51,0.52,0.62,1.03
Atp6v1a,plex_2,,,,,,,0.59,0.97,0.56,0.78,0.78,1.09
Glud1,plex_2,,,,,,,0.59,1.2,0.51,0.68,0.73,1.11
Acox1,plex_2,,,,,,,0.68,1.21,0.55,0.77,0.84,1.08
Immt,plex_2,,,,,,,0.62,1.04,0.55,0.76,0.65,1.15
Gatm,plex_2,,,,,,,0.56,1.08,0.68,0.71,0.65,0.98
Hspa9,plex_2,,,,,,,0.63,1.19,0.55,0.73,0.68,1.06
Ndufs1,plex_2,,,,,,,0.66,1.09,0.56,0.72,0.74,1.09
Cat,plex_2,,,,,,,0.63,1.24,0.57,0.81,0.75,1.24
Acad10,plex_2,,,,,,,0.61,1.08,0.51,0.67,0.7,1.08
Aadat,plex_2,,,,,,,0.66,1.38,0.62,0.67,0.8,0.98
Slc27a2,plex_2,,,,,,,0.64,1.26,0.54,0.66,0.82,0.98
Atp5a1,plex_2,,,,,,,0.68,1.05,0.54,0.64,0.77,0.97
Agrn,plex_2,,,,,,,0.77,1.22,0.5,0.65,0.72,1.09
Actb,plex_2,,,,,,,0.75,1.17,0.66,0.78,0.8,0.95
Actg1,plex_2,,,,,,,0.75,1.17,0.66,0.78,0.8,0.95
Selenbp1,plex_2,,,,,,,0.6,1.28,0.53,0.66,0.83,1.1
Myo6,plex_2,,,,,,,0.66,1.12,0.57,0.7,0.77,1.15
Abat,plex_2,,,,,,,0.52,0.96,0.56,0.57,0.77,0.92
Tkfc,plex_2,,,,,,,0.62,1.13,0.5,0.71,0.63,1.1
Hsp90ab1,plex_2,,,,,,,0.78,1.31,0.59,0.67,0.74,1.09
Pgk1,plex_2,,,,,,,0.72,1.17,0.63,0.7,0.67,1.0
Pck1,plex_2,,,,,,,0.93,1.24,0.61,0.41,0.78,0.96
Uba1,plex_2,,,,,,,0.54,1.08,0.56,0.62,0.62,1.12
Hspa8,plex_2,,,,,,,0.71,1.17,0.58,0.66,0.76,1.05
Hspa8,plex_2,,,,,,,0.71,1.17,0.58,0.66,0.76,1.05
Ace,plex_2,,,,,,,0.64,1.18,0.56,0.67,0.82,1.17
Hk1,plex_2,,,,,,,0.68,1.23,0.52,0.62,0.75,1.19
Hk1,plex_2,,,,,,,0.68,1.23,0.52,0.62,0.75,1.19
Hk1,plex_2,,,,,,,0.68,1.23,0.52,0.62,0.75,1.19
Hk1,plex_2,,,,,,,0.68,1.23,0.52,0.62,0.75,1.19
Hk1,plex_2,,,,,,,0.68,1.23,0.52,0.62,0.75,1.19
Cndp2,plex_2,,,,,,,0.62,1.02,0.53,0.64,0.62,1.0
EG433182,plex_2,,,,,,,0.64,1.2,0.58,0.74,0.7,1.02
Tkt,plex_2,,,,,,,0.61,1.02,0.53,0.77,0.69,1.18
Acaa2,plex_2,,,,,,,0.58,1.26,0.57,0.96,0.69,1.06
Pcca,plex_2,,,,,,,0.63,1.14,0.57,0.73,0.85,1.17
Acadvl,plex_2,,,,,,,0.62,1.32,0.55,0.73,0.69,1.03
Ctnna1,plex_2,,,,,,,0.66,1.05,0.54,0.72,0.75,1.08
Lap3,plex_2,,,,,,,0.65,1.32,0.54,0.76,0.63,0.93
Lap3,plex_2,,,,,,,0.65,1.32,0.54,0.76,0.63,0.93
Tln2,plex_2,,,,,,,0.66,1.24,0.47,0.73,0.67,1.27
Tubb4b,plex_2,,,,,,,0.56,1.11,0.54,0.64,0.7,1.06
Ap1b1,plex_2,,,,,,,0.68,1.08,0.52,0.63,0.79,1.04
Fh,plex_2,,,,,,,0.66,0.99,0.51,0.73,0.66,1.08
Myh11,plex_2,,,,,,,0.7,0.77,0.58,0.84,0.53,1.11
Myo1c,plex_2,,,,,,,0.57,1.03,0.47,0.7,0.72,1.05
Acsm2,plex_2,,,,,,,0.58,0.93,0.47,0.76,0.7,0.96
Slc25a12,plex_2,,,,,,,0.7,1.14,0.53,0.65,0.76,1.29
Aass,plex_2,,,,,,,0.44,0.94,0.55,0.66,0.88,1.24
Mccc1,plex_2,,,,,,,0.62,1.22,0.59,0.85,0.82,1.12
Cdh16,plex_2,,,,,,,0.66,1.07,0.5,0.77,0.72,1.41
Slc25a13,plex_2,,,,,,,0.7,1.12,0.55,0.69,0.73,1.26
Slc25a13,plex_2,,,,,,,0.7,1.12,0.55,0.69,0.73,1.26
Eef1a1,plex_2,,,,,,,0.64,1.13,0.74,0.77,0.73,1.02
Aldh4a1,plex_2,,,,,,,0.63,1.24,0.58,0.72,0.7,1.04
Pccb,plex_2,,,,,,,0.6,1.02,0.53,0.67,0.72,0.99
Gapdh,plex_2,,,,,,,0.72,1.11,0.64,0.79,0.68,0.97
Gdi2,plex_2,,,,,,,0.67,1.15,0.52,0.62,0.65,1.06
Mep1a,plex_2,,,,,,,0.7,1.18,0.52,0.74,0.74,1.14
Mep1a,plex_2,,,,,,,0.7,1.18,0.52,0.74,0.74,1.14
Mme,plex_2,,,,,,,0.76,1.22,0.53,0.56,0.86,1.13
Plec,plex_2,,,,,,,0.69,1.14,0.55,0.72,0.71,1.15
Plec,plex_2,,,,,,,0.69,1.14,0.55,0.72,0.71,1.15
Aldh8a1,plex_2,,,,,,,0.59,1.08,0.46,0.6,0.74,0.93
Aldoa,plex_2,,,,,,,0.63,1.07,0.57,0.7,0.63,0.89
Gpi,plex_2,,,,,,,0.8,1.0,0.7,0.84,0.71,1.1
Aldh9a1,plex_2,,,,,,,0.63,1.19,0.62,0.76,0.76,1.03
Aifm1,plex_2,,,,,,,0.62,1.25,0.54,0.7,0.76,1.09
Vdac1,plex_2,,,,,,,0.76,1.14,0.61,0.66,0.7,1.14
Vdac1,plex_2,,,,,,,0.76,1.14,0.61,0.66,0.7,1.14
Papss2,plex_2,,,,,,,0.62,1.11,0.54,0.73,0.78,1.15
Atp2a2,plex_2,,,,,,,0.66,1.03,0.55,0.63,0.67,0.94
Atp2a2,plex_2,,,,,,,0.66,1.03,0.55,0.63,0.67,0.94
Dpysl2,plex_2,,,,,,,0.54,1.14,0.53,0.64,0.63,1.05
Hsp90b1,plex_2,,,,,,,0.77,1.31,0.52,0.6,0.62,0.99
Oplah,plex_2,,,,,,,0.64,1.19,0.5,0.71,0.77,1.08
Aldob,plex_2,,,,,,,0.79,1.25,0.63,0.81,0.82,1.02
Lmna,plex_2,,,,,,,0.64,1.25,0.53,0.84,0.77,1.2
Got2,plex_2,,,,,,,0.53,1.12,0.5,0.7,0.69,1.02
Acly,plex_2,,,,,,,0.56,0.8,0.54,0.74,0.57,0.97
Pls3,plex_2,,,,,,,0.6,1.14,0.52,0.68,0.74,1.05
Pls3,plex_2,,,,,,,0.6,1.14,0.52,0.68,0.74,1.05
Pls3,plex_2,,,,,,,0.6,1.14,0.52,0.68,0.74,1.05
Hsd17b4,plex_2,,,,,,,0.66,1.27,0.58,0.74,0.79,1.13
Anxa6,plex_2,,,,,,,0.67,1.16,0.59,0.79,0.68,1.17
Ass1,plex_2,,,,,,,0.56,0.93,0.53,0.83,0.69,1.07
Ezr,plex_2,,,,,,,0.6,1.17,0.51,0.73,0.66,1.08
Tuba1b,plex_2,,,,,,,0.65,1.12,0.79,0.7,0.69,1.11
Dlat,plex_2,,,,,,,0.68,1.16,0.61,0.74,0.77,1.14
Trap1,plex_2,,,,,,,0.65,1.11,0.55,0.68,0.66,1.02
Trap1,plex_2,,,,,,,0.65,1.11,0.55,0.68,0.66,1.02
Trap1,plex_2,,,,,,,0.65,1.11,0.55,0.68,0.66,1.02
Trap1,plex_2,,,,,,,0.65,1.11,0.55,0.68,0.66,1.02
Gk,plex_2,,,,,,,0.6,1.25,0.5,0.58,0.77,1.0
Gk,plex_2,,,,,,,0.6,1.25,0.5,0.58,0.77,1.0
Idh1,plex_2,,,,,,,0.71,1.11,0.6,0.64,0.65,1.23
Idh1,plex_2,,,,,,,0.71,1.11,0.6,0.64,0.65,1.23
Cand1,plex_2,,,,,,,0.69,1.18,0.72,0.73,0.85,1.22
Hnrnpm,plex_2,,,,,,,0.66,1.36,0.56,0.68,0.73,1.17
Etfa,plex_2,,,,,,,0.6,1.19,0.52,0.65,0.8,0.9
Ndrg1,plex_2,,,,,,,0.59,1.22,0.6,0.78,0.69,1.06
Ndrg1,plex_2,,,,,,,0.59,1.22,0.6,0.78,0.69,1.06
Ivd,plex_2,,,,,,,0.56,1.26,0.57,0.65,0.88,1.01
Ap2a2,plex_2,,,,,,,0.65,1.11,0.56,0.6,0.74,1.06
Acat1,plex_2,,,,,,,0.61,1.2,0.57,0.79,0.74,1.15
Hspa4,plex_2,,,,,,,0.67,1.01,0.48,0.65,0.64,1.08
Atp6v1b2,plex_2,,,,,,,0.61,1.02,0.55,0.66,0.74,1.03
Got1,plex_2,,,,,,,0.62,1.28,0.56,0.72,0.75,1.04
Cobll1,plex_2,,,,,,,0.66,1.23,0.51,0.73,0.78,1.17
Cobll1,plex_2,,,,,,,0.66,1.23,0.51,0.73,0.78,1.17
Mdh2,plex_2,,,,,,,0.72,1.16,0.75,0.78,0.73,1.0
Acss1,plex_2,,,,,,,0.59,0.99,0.55,0.81,0.71,1.14
Ldhb,plex_2,,,,,,,0.64,1.16,0.58,0.77,0.76,1.1
Pgm2,plex_2,,,,,,,0.78,1.15,0.56,0.71,0.8,0.88
Pgm2,plex_2,,,,,,,0.78,1.15,0.56,0.71,0.8,0.88
Pgm1,plex_2,,,,,,,0.78,1.15,0.56,0.71,0.8,0.88
Pgm2,plex_2,,,,,,,0.78,1.15,0.56,0.71,0.8,0.88
Hgd,plex_2,,,,,,,0.63,1.02,0.49,0.55,0.7,0.87
Oxct1,plex_2,,,,,,,0.64,1.24,0.56,0.84,0.73,1.1
Mccc2,plex_2,,,,,,,0.71,1.1,0.5,0.64,0.75,1.0
Eprs,plex_2,,,,,,,0.63,1.17,0.56,0.65,0.72,1.08
Dmgdh,plex_2,,,,,,,0.51,1.11,0.55,0.6,0.71,1.19
Idh2,plex_2,,,,,,,0.74,1.2,0.62,0.67,0.85,0.93
Cpt2,plex_2,,,,,,,0.53,1.3,0.54,0.97,0.84,1.14
Hspa5,plex_2,,,,,,,0.63,1.14,0.51,0.61,0.5,0.9
,plex_2,,,,,,,0.67,1.43,0.63,0.76,0.77,0.99
Pdia3,plex_2,,,,,,,0.72,1.33,0.57,0.71,0.63,1.11
Copa,plex_2,,,,,,,0.62,1.05,0.48,0.62,0.67,1.07
Acsl1,plex_2,,,,,,,0.61,1.33,0.55,0.91,0.73,1.15
Akr1a1,plex_2,,,,,,,0.56,1.11,0.6,0.79,0.76,1.12
Copb1,plex_2,,,,,,,0.69,1.13,0.58,0.58,0.75,1.02
,plex_2,,,,,,,0.6,1.23,0.59,0.75,0.84,1.15
Hadhb,plex_2,,,,,,,0.67,1.33,0.55,0.9,0.79,1.03
Etfdh,plex_2,,,,,,,0.59,1.19,0.51,0.8,0.75,1.04
Actn1,plex_2,,,,,,,0.67,1.17,0.61,0.86,0.6,1.09
Cct2,plex_2,,,,,,,0.65,1.27,0.61,0.82,0.63,1.09
Cth,plex_2,,,,,,,0.64,1.28,0.54,0.6,0.74,1.13
Acsm1,plex_2,,,,,,,0.55,1.07,0.57,0.52,0.71,1.06
Eif4a1,plex_2,,,,,,,0.75,1.27,0.61,0.75,0.69,1.14
Gpd2,plex_2,,,,,,,0.67,1.25,0.51,0.77,0.6,0.92
Ggt1,plex_2,,,,,,,0.64,1.3,0.59,0.73,0.78,1.16
Uroc1,plex_2,,,,,,,0.61,1.15,0.53,0.84,0.77,1.31
Usp5,plex_2,,,,,,,0.73,1.36,0.52,0.71,0.86,1.16
Scin,plex_2,,,,,,,0.69,1.27,0.54,0.57,0.68,1.15
Lonp1,plex_2,,,,,,,0.6,1.23,0.56,0.71,0.75,1.01
Uqcrc2,plex_2,,,,,,,0.61,1.13,0.54,0.81,0.73,1.11
Nid1,plex_2,,,,,,,0.7,1.17,0.54,0.69,0.71,1.01
Ehd4,plex_2,,,,,,,0.61,1.16,0.54,0.69,0.71,1.15
Ahcy,plex_2,,,,,,,0.7,1.32,0.59,0.63,0.84,1.04
Gpd1,plex_2,,,,,,,0.61,1.16,0.58,0.77,0.58,1.02
Ldhd,plex_2,,,,,,,0.69,1.11,0.55,0.75,0.65,1.05
Hdlbp,plex_2,,,,,,,0.65,1.12,0.51,0.69,0.65,1.04
Lrba,plex_2,,,,,,,0.61,1.02,0.5,0.64,0.71,1.16
Dld,plex_2,,,,,,,0.65,1.26,0.55,0.71,0.67,1.03
Fbp1,plex_2,,,,,,,0.67,1.2,0.53,0.7,0.71,1.11
Crot,plex_2,,,,,,,0.77,1.32,0.52,0.69,0.64,0.83
Suclg2,plex_2,,,,,,,0.64,1.26,0.6,0.8,0.79,1.05
Suclg2,plex_2,,,,,,,0.64,1.26,0.6,0.8,0.79,1.05
Chdh,plex_2,,,,,,,0.66,1.25,0.54,0.79,0.76,1.17
Gcdh,plex_2,,,,,,,0.49,1.06,0.58,0.58,0.74,1.0
Gcdh,plex_2,,,,,,,0.49,1.06,0.58,0.58,0.74,1.0
Myh10,plex_2,,,,,,,0.71,1.0,0.57,0.61,0.75,1.45
Tgm2,plex_2,,,,,,,0.71,0.95,0.58,0.71,0.65,1.09
Hbbt1,plex_2,,,,,,,0.62,1.07,0.44,0.64,0.84,0.9
Cs,plex_2,,,,,,,0.67,1.15,0.64,0.79,0.72,1.17
Acot2,plex_2,,,,,,,0.8,1.6,0.61,1.05,1.02,1.29
Apeh,plex_2,,,,,,,0.69,1.17,0.57,0.63,0.63,0.99
Apeh,plex_2,,,,,,,0.69,1.17,0.57,0.63,0.63,0.99
Acads,plex_2,,,,,,,0.59,1.24,0.56,0.83,0.77,1.17
Wdr1,plex_2,,,,,,,0.59,1.03,0.55,0.65,0.68,1.1
Ddx3x,plex_2,,,,,,,0.59,1.11,0.46,0.7,0.63,1.06
Fah,plex_2,,,,,,,0.55,1.26,0.63,0.65,0.82,1.14
Acaa1b,plex_2,,,,,,,0.58,0.94,0.53,0.77,0.72,1.26
Acaa1b,plex_2,,,,,,,0.58,0.94,0.53,0.77,0.72,1.26
Ganab,plex_2,,,,,,,0.67,1.11,0.58,0.59,0.72,1.01
Acadm,plex_2,,,,,,,0.64,1.27,0.58,0.62,0.58,1.0
Tufm,plex_2,,,,,,,0.61,1.21,0.53,0.69,0.76,1.05
Acox2,plex_2,,,,,,,0.63,1.13,0.49,0.74,0.83,1.19
Me1,plex_2,,,,,,,0.81,1.17,0.68,0.77,0.62,1.0
Dpep1,plex_2,,,,,,,0.83,1.33,0.59,0.95,0.93,1.12
Sord,plex_2,,,,,,,0.6,1.17,0.51,0.72,0.83,1.16
Hsp90aa1,plex_2,,,,,,,0.74,1.21,0.58,0.67,0.65,0.9
Sult1d1,plex_2,,,,,,,0.6,1.66,0.46,0.82,0.86,1.12
Mug1,plex_2,,,,,,,0.61,1.16,0.37,0.48,0.58,0.95
Dbt,plex_2,,,,,,,0.61,1.22,0.61,0.68,0.82,1.07
Dbt,plex_2,,,,,,,0.61,1.22,0.61,0.68,0.82,1.07
Aldh7a1,plex_2,,,,,,,0.57,1.17,0.62,0.75,0.69,1.2
Nudt19,plex_2,,,,,,,0.75,1.49,0.52,0.68,0.85,1.04
Phb,plex_2,,,,,,,0.59,1.2,0.54,0.66,0.84,1.09
Cbr1,plex_2,,,,,,,0.56,1.38,0.6,0.72,0.88,1.11
Pdcd6ip,plex_2,,,,,,,0.63,1.07,0.55,0.62,0.7,1.1
Pdcd6ip,plex_2,,,,,,,0.63,1.07,0.55,0.62,0.7,1.1
Gls,plex_2,,,,,,,0.64,1.01,0.49,0.76,0.68,1.06
Xylb,plex_2,,,,,,,0.54,0.87,0.51,0.71,0.79,1.19
Xylb,plex_2,,,,,,,0.54,0.87,0.51,0.71,0.79,1.19
Dhx9,plex_2,,,,,,,0.64,1.17,0.64,0.65,0.7,1.23
Dhx9,plex_2,,,,,,,0.64,1.17,0.64,0.65,0.7,1.23
Vim,plex_2,,,,,,,0.59,1.14,0.58,0.71,0.58,1.14
Vim,plex_2,,,,,,,0.59,1.14,0.58,0.71,0.58,1.14
Vim,plex_2,,,,,,,0.59,1.14,0.58,0.71,0.58,1.14
Psmd2,plex_2,,,,,,,0.64,1.1,0.56,0.63,0.63,0.94
Psmd2,plex_2,,,,,,,0.64,1.1,0.56,0.63,0.63,0.94
Psmd2,plex_2,,,,,,,0.64,1.1,0.56,0.63,0.63,0.94
Iars2,plex_2,,,,,,,0.57,1.01,0.56,0.63,0.7,0.97
Lpp,plex_2,,,,,,,0.61,1.35,0.53,0.78,0.66,1.02
Ndufv1,plex_2,,,,,,,0.57,1.13,0.53,0.78,0.69,1.05
Uqcrc1,plex_2,,,,,,,0.7,1.01,0.61,0.67,0.71,1.1
Uqcrc1,plex_2,,,,,,,0.7,1.01,0.61,0.67,0.71,1.1
Hyou1,plex_2,,,,,,,0.69,1.1,0.48,0.67,0.79,1.33
Acadl,plex_2,,,,,,,0.64,1.24,0.6,0.86,0.69,1.05
Pls1,plex_2,,,,,,,0.73,1.08,0.56,0.71,0.74,1.11
Gsn,plex_2,,,,,,,0.57,1.08,0.49,0.71,0.67,1.06
Hibadh,plex_2,,,,,,,0.62,1.22,0.6,0.71,0.71,1.01
Mut,plex_2,,,,,,,1.0,1.41,0.55,0.85,0.7,1.11
Nampt,plex_2,,,,,,,0.66,1.18,0.49,0.58,0.73,1.04
Ppp2r1a,plex_2,,,,,,,0.69,1.06,0.52,0.69,0.71,1.11
Cryl1,plex_2,,,,,,,0.57,1.0,0.57,0.59,0.82,1.02
Acy3,plex_2,,,,,,,0.75,1.18,0.53,0.5,0.77,1.01
Prdx6,plex_2,,,,,,,0.69,1.21,0.52,0.6,0.7,1.07
Col14a1,plex_2,,,,,,,0.56,1.16,0.46,0.74,0.74,1.44
Col14a1,plex_2,,,,,,,0.56,1.16,0.46,0.74,0.74,1.44
Pdha1,plex_2,,,,,,,0.59,1.21,0.58,0.69,0.75,0.96
Mdh1,plex_2,,,,,,,0.69,1.05,0.67,0.71,0.71,1.09
,plex_2,,,,,,,0.7,1.16,0.58,0.68,0.74,0.99
Spta1,plex_2,,,,,,,0.49,0.99,0.38,0.71,0.65,1.05
Cct3,plex_2,,,,,,,0.72,1.1,0.65,0.64,0.69,1.11
Opa1,plex_2,,,,,,,0.63,0.97,0.52,0.68,0.68,1.04
Opa1,plex_2,,,,,,,0.63,0.97,0.52,0.68,0.68,1.04
Rpl4,plex_2,,,,,,,0.58,0.99,0.54,0.74,0.62,0.94
Tpi1,plex_2,,,,,,,0.62,1.17,0.63,0.76,0.66,0.93
Ddx5,plex_2,,,,,,,0.63,1.19,0.56,0.65,0.71,1.1
Copg1,plex_2,,,,,,,0.69,1.17,0.58,0.74,0.77,1.25
Pdhb,plex_2,,,,,,,0.64,1.24,0.54,0.76,0.74,1.05
Sucla2,plex_2,,,,,,,0.66,1.18,0.57,0.74,0.69,1.11
Sucla2,plex_2,,,,,,,0.66,1.18,0.57,0.74,0.69,1.11
Sucla2,plex_2,,,,,,,0.66,1.18,0.57,0.74,0.69,1.11
Esd,plex_2,,,,,,,0.72,1.39,0.53,0.66,0.73,1.22
Ddb1,plex_2,,,,,,,0.6,1.07,0.51,0.6,0.69,1.06
Macf1,plex_2,,,,,,,0.67,1.05,0.59,0.66,0.7,1.16
Rpn1,plex_2,,,,,,,0.7,1.22,0.55,0.65,0.65,1.26
Rpn1,plex_2,,,,,,,0.7,1.22,0.55,0.65,0.65,1.26
Rpn1,plex_2,,,,,,,0.7,1.22,0.55,0.65,0.65,1.26
Rpn1,plex_2,,,,,,,0.7,1.22,0.55,0.65,0.65,1.26
Cp,plex_2,,,,,,,0.62,1.29,0.47,0.62,0.73,1.01
Kpnb1,plex_2,,,,,,,0.72,1.08,0.57,0.58,0.71,1.13
Rnh1,plex_2,,,,,,,0.62,1.2,0.58,0.68,0.72,1.04
Rnh1,plex_2,,,,,,,0.62,1.2,0.58,0.68,0.72,1.04
Ndufa9,plex_2,,,,,,,0.56,0.93,0.45,0.57,0.72,1.04
Ndufa9,plex_2,,,,,,,0.56,0.93,0.45,0.57,0.72,1.04
Slc25a5,plex_2,,,,,,,0.71,1.05,0.53,0.61,0.71,1.05
Hao2,plex_2,,,,,,,0.68,1.36,0.54,0.59,0.81,1.14
Letm1,plex_2,,,,,,,0.65,1.16,0.47,0.67,0.75,1.06
Nit2,plex_2,,,,,,,0.66,1.31,0.51,0.81,0.79,1.24
Thnsl2,plex_2,,,,,,,0.58,0.87,0.48,0.57,0.74,1.03
Bpnt1,plex_2,,,,,,,0.56,1.03,0.53,0.63,0.64,1.07
Ndufa10,plex_2,,,,,,,0.59,1.1,0.51,0.61,0.79,0.92
Ugt3a2,plex_2,,,,,,,0.73,1.26,0.55,0.45,0.81,1.22
Rrbp1,plex_2,,,,,,,0.58,1.23,0.52,0.71,0.6,1.09
Acad9,plex_2,,,,,,,0.57,1.03,0.48,0.67,0.61,1.04
Shmt2,plex_2,,,,,,,0.7,1.16,0.57,0.73,0.89,1.03
Shmt2,plex_2,,,,,,,0.7,1.16,0.57,0.73,0.89,1.03
Dnm1l,plex_2,,,,,,,0.74,1.64,0.69,0.92,0.86,1.34
Gclc,plex_2,,,,,,,0.68,1.3,0.47,0.68,0.65,0.88
Mep1b,plex_2,,,,,,,0.67,1.23,0.45,0.71,0.8,1.01
P4hb,plex_2,,,,,,,0.73,1.46,0.61,0.78,0.66,1.2
P4hb,plex_2,,,,,,,0.73,1.46,0.61,0.78,0.66,1.2
P4hb,plex_2,,,,,,,0.73,1.46,0.61,0.78,0.66,1.2
P4hb,plex_2,,,,,,,0.73,1.46,0.61,0.78,0.66,1.2
Ephx2,plex_2,,,,,,,0.7,1.05,0.39,0.71,0.79,1.27
Cct8,plex_2,,,,,,,0.69,1.11,0.56,0.64,0.66,1.07
Cct8,plex_2,,,,,,,0.69,1.11,0.56,0.64,0.66,1.07
Gldc,plex_2,,,,,,,0.59,1.17,0.56,0.79,0.81,0.96
Itga1,plex_2,,,,,,,0.62,1.04,0.49,0.74,0.73,1.19
Msn,plex_2,,,,,,,0.7,1.29,0.65,0.67,0.83,1.18
Gm28062,plex_2,,,,,,,0.65,1.16,0.51,0.71,0.65,1.17
Hnrnpu,plex_2,,,,,,,0.65,1.16,0.51,0.71,0.65,1.17
Hnrnpu,plex_2,,,,,,,0.65,1.16,0.51,0.71,0.65,1.17
Acad8,plex_2,,,,,,,0.58,1.18,0.52,0.92,0.82,1.1
Acad8,plex_2,,,,,,,0.58,1.18,0.52,0.92,0.82,1.1
Npepps,plex_2,,,,,,,0.57,1.16,0.53,0.69,0.67,1.16
Actr3,plex_2,,,,,,,0.69,1.24,0.59,0.66,0.7,1.08
Tinag,plex_2,,,,,,,0.73,1.43,0.66,1.15,0.93,1.22
Tinag,plex_2,,,,,,,0.73,1.43,0.66,1.15,0.93,1.22
Ndufv2,plex_2,,,,,,,0.59,1.21,0.49,0.77,0.63,1.08
Ckm,plex_2,,,,,,,1.09,0.67,0.86,1.03,0.44,0.71
Asl,plex_2,,,,,,,0.56,0.92,0.55,0.7,0.76,1.04
Ctnnd1,plex_2,,,,,,,0.56,1.21,0.5,0.65,0.7,1.03
Ctnnd1,plex_2,,,,,,,0.56,1.21,0.5,0.65,0.7,1.03
Ctnnd1,plex_2,,,,,,,0.56,1.21,0.5,0.65,0.7,1.03
Krt18,plex_2,,,,,,,0.83,1.04,0.54,0.85,0.6,1.18
Pcbp1,plex_2,,,,,,,0.69,1.2,0.61,0.68,0.7,1.11
Gcn1,plex_2,,,,,,,0.79,1.18,0.6,0.73,0.73,1.24
Glyat,plex_2,,,,,,,0.51,1.01,0.55,0.66,0.64,0.97
Mecr,plex_2,,,,,,,0.54,1.06,0.55,0.67,0.75,0.99
Tagln2,plex_2,,,,,,,0.56,1.18,0.52,0.61,0.68,1.09
Pfkp,plex_2,,,,,,,0.63,1.34,0.45,0.74,0.56,1.01
Sec31a,plex_2,,,,,,,0.57,1.08,0.57,0.65,0.65,1.02
Txnrd1,plex_2,,,,,,,0.66,1.39,0.56,0.72,0.77,1.06
Ugdh,plex_2,,,,,,,0.64,1.28,0.55,0.68,0.82,1.27
Mpp1,plex_2,,,,,,,0.51,1.1,0.5,0.78,0.7,1.06
Ces1f,plex_2,,,,,,,0.74,1.35,0.48,0.44,0.52,0.88
Dab2,plex_2,,,,,,,0.56,1.25,0.52,0.74,0.71,1.09
Add1,plex_2,,,,,,,0.55,1.15,0.5,0.64,0.72,0.96
Ndufs2,plex_2,,,,,,,0.57,1.08,0.59,0.73,0.66,1.06
Anxa2,plex_2,,,,,,,0.67,1.33,0.62,0.77,0.71,1.23
Atp5o,plex_2,,,,,,,0.57,1.19,0.49,0.75,0.71,1.14
Pdia4,plex_2,,,,,,,0.66,1.32,0.55,0.71,0.73,1.09
Pdia4,plex_2,,,,,,,0.66,1.32,0.55,0.71,0.73,1.09
Snd1,plex_2,,,,,,,0.55,1.13,0.52,0.77,0.66,1.0
Snd1,plex_2,,,,,,,0.55,1.13,0.52,0.77,0.66,1.0
Uggt1,plex_2,,,,,,,0.69,1.16,0.71,0.47,0.62,1.22
Aldh5a1,plex_2,,,,,,,0.72,1.43,0.57,0.83,0.74,1.07
Xpnpep1,plex_2,,,,,,,0.64,1.19,0.62,0.74,0.64,1.0
Xpnpep1,plex_2,,,,,,,0.64,1.19,0.62,0.74,0.64,1.0
HC,plex_2,,,,,,,0.54,1.13,0.46,0.87,0.9,0.99
Ighg2b,plex_2,,,,,,,0.54,1.13,0.46,0.87,0.9,0.99
HC,plex_2,,,,,,,0.54,1.13,0.46,0.87,0.9,0.99
Cryz,plex_2,,,,,,,0.62,1.21,0.59,0.64,0.78,1.05
Ehd1,plex_2,,,,,,,0.65,1.15,0.54,0.69,0.65,1.16
Ehd1,plex_2,,,,,,,0.65,1.15,0.54,0.69,0.65,1.16
Cct4,plex_2,,,,,,,0.66,1.17,0.59,0.71,0.71,1.07
Cct4,plex_2,,,,,,,0.66,1.17,0.59,0.71,0.71,1.07
Ccbl2,plex_2,,,,,,,0.69,1.23,0.53,0.65,0.74,0.98
Grhpr,plex_2,,,,,,,0.61,1.27,0.55,0.71,0.68,1.27
Paics,plex_2,,,,,,,0.63,1.15,0.58,0.74,0.76,1.16
Dnm2,plex_2,,,,,,,0.63,1.14,0.54,0.84,0.77,1.26
Dnm2,plex_2,,,,,,,0.63,1.14,0.54,0.84,0.77,1.26
Gstz1,plex_2,,,,,,,0.62,1.3,0.58,0.68,0.92,1.14
Vdac2,plex_2,,,,,,,0.51,0.95,0.45,0.53,0.6,1.03
Canx,plex_2,,,,,,,0.62,1.18,0.55,0.75,0.7,1.0
Psmc3,plex_2,,,,,,,0.65,1.34,0.56,0.79,0.7,1.02
Psmc3,plex_2,,,,,,,0.65,1.34,0.56,0.79,0.7,1.02
Crat,plex_2,,,,,,,0.53,1.04,0.52,0.79,0.73,1.07
Ptbp1,plex_2,,,,,,,0.6,1.09,0.48,0.63,0.7,1.09
Sfpq,plex_2,,,,,,,0.56,1.24,0.54,0.71,0.52,1.16
Hnrnpa2b1,plex_2,,,,,,,0.77,1.57,0.74,0.9,0.97,1.44
Ugt1a7c,plex_2,,,,,,,0.54,0.82,0.53,0.65,0.77,1.2
Plg,plex_2,,,,,,,0.49,1.19,0.4,0.58,0.72,0.98
Scrn2,plex_2,,,,,,,0.69,0.97,0.45,0.58,0.82,0.95
Gss,plex_2,,,,,,,0.68,1.23,0.61,0.8,0.72,1.22
Ces1c,plex_2,,,,,,,0.59,1.17,0.45,0.63,0.73,1.0
Hsd17b10,plex_2,,,,,,,0.65,1.34,0.74,0.81,1.0,1.26
Hsd17b10,plex_2,,,,,,,0.65,1.34,0.74,0.81,1.0,1.26
Enpep,plex_2,,,,,,,0.61,0.85,0.51,0.56,0.67,1.08
Bdh1,plex_2,,,,,,,0.73,1.25,0.54,0.65,0.75,1.02
Pgam1,plex_2,,,,,,,0.53,1.05,0.58,0.69,0.58,1.05
Lmnb2,plex_2,,,,,,,0.54,1.23,0.5,0.68,0.71,1.08
Lmnb2,plex_2,,,,,,,0.54,1.23,0.5,0.68,0.71,1.08
Cct5,plex_2,,,,,,,0.72,1.0,0.53,0.67,0.65,1.14
Ncl,plex_2,,,,,,,0.64,1.16,0.57,0.7,0.59,1.15
Pfkm,plex_2,,,,,,,0.73,1.03,0.67,0.73,0.78,0.89
Pfkm,plex_2,,,,,,,0.73,1.03,0.67,0.73,0.78,0.89
Pfkm,plex_2,,,,,,,0.73,1.03,0.67,0.73,0.78,0.89
Phb2,plex_2,,,,,,,0.62,1.15,0.51,0.72,0.68,1.09
Keg1,plex_2,,,,,,,0.65,1.25,0.53,0.76,0.73,1.01
Map4,plex_2,,,,,,,0.73,1.35,0.56,0.76,0.59,1.2
Map4,plex_2,,,,,,,0.73,1.35,0.56,0.76,0.59,1.2
Slc12a1,plex_2,,,,,,,0.57,1.16,0.42,0.58,0.66,1.17
Slc12a1,plex_2,,,,,,,0.57,1.16,0.42,0.58,0.66,1.17
Slc12a1,plex_2,,,,,,,0.57,1.16,0.42,0.58,0.66,1.17
Slc12a1,plex_2,,,,,,,0.57,1.16,0.42,0.58,0.66,1.17
Slc12a1,plex_2,,,,,,,0.57,1.16,0.42,0.58,0.66,1.17
Slc12a1,plex_2,,,,,,,0.57,1.16,0.42,0.58,0.66,1.17
Khk,plex_2,,,,,,,0.6,1.28,0.64,0.77,0.85,0.94
Myo18a,plex_2,,,,,,,0.67,1.27,0.57,0.7,0.69,1.1
Myo18a,plex_2,,,,,,,0.67,1.27,0.57,0.7,0.69,1.1
Myo18a,plex_2,,,,,,,0.67,1.27,0.57,0.7,0.69,1.1
Myo18a,plex_2,,,,,,,0.67,1.27,0.57,0.7,0.69,1.1
Myo18a,plex_2,,,,,,,0.67,1.27,0.57,0.7,0.69,1.1
Myo18a,plex_2,,,,,,,0.67,1.27,0.57,0.7,0.69,1.1
Myo18a,plex_2,,,,,,,0.67,1.27,0.57,0.7,0.69,1.1
Pah,plex_2,,,,,,,0.6,0.77,0.42,0.62,0.68,0.95
Hsdl2,plex_2,,,,,,,0.72,1.15,0.58,0.98,0.62,0.99
Pipox,plex_2,,,,,,,0.61,1.15,0.52,0.73,0.77,1.28
Fmo1,plex_2,,,,,,,0.58,0.86,0.51,0.48,0.84,0.88
Fermt2,plex_2,,,,,,,0.66,1.02,0.49,0.72,0.73,1.15
Pabpc1,plex_2,,,,,,,0.71,1.24,0.61,0.72,0.69,1.1
Pabpc1,plex_2,,,,,,,0.71,1.24,0.61,0.72,0.69,1.1
Pabpc1,plex_2,,,,,,,0.71,1.24,0.61,0.72,0.69,1.1
Pgd,plex_2,,,,,,,0.6,0.99,0.56,0.76,0.67,1.13
Ldha,plex_2,,,,,,,0.68,1.01,0.56,0.6,0.59,1.0
Ldha,plex_2,,,,,,,0.68,1.01,0.56,0.6,0.59,1.0
Fggy,plex_2,,,,,,,0.64,1.09,0.69,0.68,0.81,1.12
Miox,plex_2,,,,,,,0.66,1.02,0.77,0.82,0.61,0.9
Gpx1,plex_2,,,,,,,0.57,1.19,0.6,0.79,0.67,0.95
Nsf,plex_2,,,,,,,0.6,1.26,0.54,0.8,0.69,1.18
Slc25a3,plex_2,,,,,,,0.8,1.06,0.6,0.7,0.78,1.23
Picalm,plex_2,,,,,,,0.63,1.24,0.56,0.61,0.83,1.23
Picalm,plex_2,,,,,,,0.63,1.24,0.56,0.61,0.83,1.23
Pdxk,plex_2,,,,,,,0.7,1.15,0.57,0.7,0.77,1.23
Dnajc13,plex_2,,,,,,,0.65,1.0,0.5,0.71,0.71,1.06
Acnat1,plex_2,,,,,,,0.62,1.23,0.48,0.56,0.57,1.01
Gsr,plex_2,,,,,,,0.57,0.98,0.5,0.65,0.58,0.97
Gsr,plex_2,,,,,,,0.57,0.98,0.5,0.65,0.58,0.97
Uso1,plex_2,,,,,,,0.65,1.04,0.53,0.6,0.69,0.97
Ak3,plex_2,,,,,,,0.75,1.25,0.52,0.76,0.89,1.03
Ide,plex_2,,,,,,,0.76,1.2,0.59,0.72,0.74,1.33
Ide,plex_2,,,,,,,0.76,1.2,0.59,0.72,0.74,1.33
Pter,plex_2,,,,,,,0.58,1.12,0.51,0.62,0.75,1.29
Calb1,plex_2,,,,,,,0.54,0.85,0.46,0.8,0.59,0.94
Enpp3,plex_2,,,,,,,0.66,1.17,0.58,0.6,0.67,0.98
Atp1b1,plex_2,,,,,,,0.63,0.97,0.46,0.62,0.61,1.17
Tcp1,plex_2,,,,,,,0.72,1.17,0.58,0.77,0.67,1.17
Psmc2,plex_2,,,,,,,0.62,1.19,0.48,0.74,0.6,1.07
Atp6v1h,plex_2,,,,,,,0.64,0.97,0.56,0.75,0.77,1.13
Atp6v1h,plex_2,,,,,,,0.64,0.97,0.56,0.75,0.77,1.13
Hibch,plex_2,,,,,,,0.55,1.32,0.45,0.74,0.78,1.14
Adh5,plex_2,,,,,,,0.71,1.44,0.64,0.84,0.81,1.14
Ppia,plex_2,,,,,,,0.76,1.45,0.68,0.84,0.6,1.13
Ppia,plex_2,,,,,,,0.76,1.45,0.68,0.84,0.6,1.13
Gstm1,plex_2,,,,,,,0.61,1.19,0.52,0.62,0.75,1.1
Bcam,plex_2,,,,,,,0.61,1.23,0.5,0.62,0.68,1.1
Ddx1,plex_2,,,,,,,0.63,1.1,0.53,0.53,0.62,0.98
Hpx,plex_2,,,,,,,0.76,1.0,0.37,0.58,0.41,0.83
Pecr,plex_2,,,,,,,0.72,1.1,0.56,0.6,0.54,0.84
Pecr,plex_2,,,,,,,0.72,1.1,0.56,0.6,0.54,0.84
Anxa5,plex_2,,,,,,,0.64,1.24,0.5,0.64,0.76,1.16
Oat,plex_2,,,,,,,0.81,1.22,0.58,0.67,0.81,1.11
Atp6v1b1,plex_2,,,,,,,0.41,0.99,0.48,0.71,0.62,0.97
Ighm,plex_2,,,,,,,0.39,1.18,0.72,0.81,0.56,1.18
Ap2b1,plex_2,,,,,,,0.64,1.16,0.54,0.76,0.74,1.13
Ap2b1,plex_2,,,,,,,0.64,1.16,0.54,0.76,0.74,1.13
Idh3b,plex_2,,,,,,,0.65,1.24,0.54,0.75,0.73,1.02
Csad,plex_2,,,,,,,0.67,1.25,0.47,0.77,0.77,1.15
Gm20390,plex_2,,,,,,,0.76,1.17,0.58,0.72,0.6,1.08
Shmt1,plex_2,,,,,,,0.63,1.03,0.47,0.62,0.71,0.98
Shmt1,plex_2,,,,,,,0.63,1.03,0.47,0.62,0.71,0.98
Slc4a4,plex_2,,,,,,,0.55,0.86,0.5,0.58,0.64,1.01
Lta4h,plex_2,,,,,,,0.64,1.17,0.58,0.77,0.77,1.24
Prodh,plex_2,,,,,,,0.49,0.95,0.48,0.67,0.79,0.94
Ywhaz,plex_2,,,,,,,0.68,1.16,0.58,0.66,0.8,1.03
Fga,plex_2,,,,,,,0.47,1.19,0.38,0.64,0.79,0.99
Cyp2j5,plex_2,,,,,,,0.63,1.09,0.53,0.71,0.77,1.16
Khsrp,plex_2,,,,,,,0.68,1.27,0.55,0.79,0.75,1.25
Pnp,plex_2,,,,,,,0.67,1.08,0.48,0.68,0.81,1.17
Rack1,plex_2,,,,,,,0.68,1.2,0.63,0.77,0.65,1.18
Uap1l1,plex_2,,,,,,,0.75,1.18,0.63,0.86,0.72,1.13
Uap1l1,plex_2,,,,,,,0.75,1.18,0.63,0.86,0.72,1.13
Dars,plex_2,,,,,,,0.62,1.09,0.54,0.68,0.66,1.04
Acot9,plex_2,,,,,,,0.57,1.14,0.48,0.69,0.72,0.91
Itpr1,plex_2,,,,,,,0.6,1.08,0.56,0.68,0.7,1.14
Itpr1,plex_2,,,,,,,0.6,1.08,0.56,0.68,0.7,1.14
Calr,plex_2,,,,,,,0.76,1.41,0.56,0.74,0.64,1.01
Adhfe1,plex_2,,,,,,,0.57,1.22,0.51,0.75,0.66,1.12
Adhfe1,plex_2,,,,,,,0.57,1.22,0.51,0.75,0.66,1.12
Pebp1,plex_2,,,,,,,0.72,1.15,0.56,0.67,0.6,1.13
Fgb,plex_2,,,,,,,0.51,1.25,0.4,0.7,0.79,0.94
Lamc1,plex_2,,,,,,,0.62,1.16,0.53,0.65,0.6,0.88
Coasy,plex_2,,,,,,,0.71,1.38,0.46,0.71,1.02,1.19
Psap,plex_2,,,,,,,0.68,1.31,0.55,0.82,0.63,0.98
Psap,plex_2,,,,,,,0.68,1.31,0.55,0.82,0.63,0.98
Psap,plex_2,,,,,,,0.68,1.31,0.55,0.82,0.63,0.98
Psap,plex_2,,,,,,,0.68,1.31,0.55,0.82,0.63,0.98
Psap,plex_2,,,,,,,0.68,1.31,0.55,0.82,0.63,0.98
Psap,plex_2,,,,,,,0.68,1.31,0.55,0.82,0.63,0.98
Psap,plex_2,,,,,,,0.68,1.31,0.55,0.82,0.63,0.98
Psap,plex_2,,,,,,,0.68,1.31,0.55,0.82,0.63,0.98
Psap,plex_2,,,,,,,0.68,1.31,0.55,0.82,0.63,0.98
Psap,plex_2,,,,,,,0.68,1.31,0.55,0.82,0.63,0.98
Mylk,plex_2,,,,,,,0.65,1.15,0.52,0.7,0.75,1.0
Atic,plex_2,,,,,,,0.7,1.1,0.48,0.66,0.7,1.17
Sec23b,plex_2,,,,,,,0.69,1.11,0.55,0.57,0.7,1.04
Iah1,plex_2,,,,,,,0.57,1.18,0.57,0.68,0.87,1.07
Ctnnb1,plex_2,,,,,,,0.62,1.15,0.49,0.65,0.72,1.15
Ca2,plex_2,,,,,,,0.57,1.07,0.48,0.68,0.77,0.97
Acsm5,plex_2,,,,,,,0.51,1.2,0.56,0.87,0.64,1.11
Vwa5a,plex_2,,,,,,,0.59,1.14,0.49,0.58,0.76,1.08
Clybl,plex_2,,,,,,,0.68,1.26,0.73,0.9,0.81,1.1
Serpinh1,plex_2,,,,,,,0.66,1.37,0.55,0.59,0.48,1.11
Serpinh1,plex_2,,,,,,,0.66,1.37,0.55,0.59,0.48,1.11
Serpinh1,plex_2,,,,,,,0.66,1.37,0.55,0.59,0.48,1.11
Hnrnpk,plex_2,,,,,,,0.74,1.13,0.58,0.94,0.68,1.14
Hnrnpk,plex_2,,,,,,,0.74,1.13,0.58,0.94,0.68,1.14
Hnrnpk,plex_2,,,,,,,0.74,1.13,0.58,0.94,0.68,1.14
Hnrnpk,plex_2,,,,,,,0.74,1.13,0.58,0.94,0.68,1.14
Syncrip,plex_2,,,,,,,0.59,1.15,0.58,0.68,0.71,1.05
Syncrip,plex_2,,,,,,,0.59,1.15,0.58,0.68,0.71,1.05
Syncrip,plex_2,,,,,,,0.59,1.15,0.58,0.68,0.71,1.05
Vps35,plex_2,,,,,,,0.72,0.95,0.53,0.71,0.76,1.01
Sptb,plex_2,,,,,,,0.58,0.96,0.35,0.57,0.72,1.02
Eps8l2,plex_2,,,,,,,0.73,1.53,0.57,0.9,0.65,1.06
Prpf8,plex_2,,,,,,,0.65,1.37,0.58,0.65,0.69,1.17
Bphl,plex_2,,,,,,,0.6,1.17,0.57,0.67,0.75,1.01
Bphl,plex_2,,,,,,,0.6,1.17,0.57,0.67,0.75,1.01
Hadh,plex_2,,,,,,,0.55,1.26,0.54,0.86,0.64,1.07
Nid2,plex_2,,,,,,,0.61,1.01,0.51,0.7,0.89,1.09
Nid2,plex_2,,,,,,,0.61,1.01,0.51,0.7,0.89,1.09
Glod4,plex_2,,,,,,,0.73,1.1,0.52,0.6,0.66,1.18
Ak2,plex_2,,,,,,,0.62,1.18,0.47,0.77,0.71,1.03
Ak2,plex_2,,,,,,,0.62,1.18,0.47,0.77,0.71,1.03
Pygb,plex_2,,,,,,,0.67,1.06,0.55,0.78,0.65,1.0
Sptbn2,plex_2,,,,,,,0.69,1.1,0.53,0.76,0.72,1.34
Samm50,plex_2,,,,,,,0.68,0.97,0.58,0.63,0.79,1.03
Blmh,plex_2,,,,,,,0.65,1.1,0.53,0.66,0.71,1.08
Slc25a11,plex_2,,,,,,,0.68,1.02,0.59,0.64,0.77,1.21
Atp6v0a4,plex_2,,,,,,,0.56,0.9,0.56,0.85,0.69,1.11
Apoa4,plex_2,,,,,,,0.68,1.35,0.44,0.84,0.73,1.17
Psme1,plex_2,,,,,,,0.74,1.1,0.55,0.61,0.54,1.16
Psme1,plex_2,,,,,,,0.74,1.1,0.55,0.61,0.54,1.16
Snrnp200,plex_2,,,,,,,0.69,1.2,0.53,0.65,0.7,1.14
Snx2,plex_2,,,,,,,0.65,1.09,0.56,0.61,0.73,1.11
Cyb5r3,plex_2,,,,,,,0.63,1.02,0.55,0.72,0.7,1.37
Cyb5r3,plex_2,,,,,,,0.63,1.02,0.55,0.72,0.7,1.37
Hacl1,plex_2,,,,,,,0.54,1.04,0.49,0.92,0.66,1.12
Hacl1,plex_2,,,,,,,0.54,1.04,0.49,0.92,0.66,1.12
Spr,plex_2,,,,,,,0.71,1.24,0.61,0.71,0.7,1.16
Spr,plex_2,,,,,,,0.71,1.24,0.61,0.71,0.7,1.16
Acy1,plex_2,,,,,,,0.61,1.66,0.68,0.49,0.75,1.04
Ca3,plex_2,,,,,,,0.73,0.77,0.74,0.92,0.51,0.83
Dhrs1,plex_2,,,,,,,0.53,1.07,0.52,0.59,0.66,1.06
Akr7a2,plex_2,,,,,,,0.64,1.27,0.62,0.8,0.8,1.14
Gnb2,plex_2,,,,,,,0.64,1.19,0.56,0.74,0.76,1.02
Eci1,plex_2,,,,,,,0.55,1.31,0.58,0.76,0.68,1.03
Dpp4,plex_2,,,,,,,0.6,0.98,0.5,0.63,0.72,0.97
Atp6v1c1,plex_2,,,,,,,0.59,1.02,0.57,0.63,0.61,1.07
,plex_2,,,,,,,0.43,1.17,0.33,0.5,1.01,0.83
Epb41,plex_2,,,,,,,0.6,1.1,0.46,0.7,0.65,0.93
Pa2g4,plex_2,,,,,,,0.82,1.34,0.73,0.97,0.88,1.28
Pa2g4,plex_2,,,,,,,0.82,1.34,0.73,0.97,0.88,1.28
Pa2g4,plex_2,,,,,,,0.82,1.34,0.73,0.97,0.88,1.28
Ctsd,plex_2,,,,,,,0.65,1.13,0.59,0.64,0.7,0.99
Abcd3,plex_2,,,,,,,0.61,1.09,0.49,0.64,0.68,0.98
Pbld1,plex_2,,,,,,,0.6,1.1,0.59,0.79,0.73,1.17
Pbld2,plex_2,,,,,,,0.6,1.1,0.59,0.79,0.73,1.17
Dctn1,plex_2,,,,,,,0.85,1.34,0.59,0.96,0.76,1.26
Dctn1,plex_2,,,,,,,0.85,1.34,0.59,0.96,0.76,1.26
Cox4i1,plex_2,,,,,,,0.56,1.11,0.54,0.67,0.7,0.98
Tjp1,plex_2,,,,,,,0.6,1.17,0.49,0.86,0.66,1.04
Lmo7,plex_2,,,,,,,0.66,1.31,0.5,0.67,0.69,1.09
Hnrnpf,plex_2,,,,,,,0.66,1.27,0.59,0.69,0.65,1.09
Amacr,plex_2,,,,,,,0.66,1.18,0.56,0.73,0.71,1.14
Krt7,plex_2,,,,,,,0.69,0.88,0.5,0.82,0.64,1.06
Ppa2,plex_2,,,,,,,0.57,1.19,0.57,0.75,0.69,1.14
Slc25a10,plex_2,,,,,,,0.58,0.79,0.43,0.53,0.72,0.93
D10Jhu81e,plex_2,,,,,,,0.54,1.1,0.54,0.74,0.7,1.02
Rpn2,plex_2,,,,,,,0.8,0.98,0.46,0.55,0.68,0.93
Rpn2,plex_2,,,,,,,0.8,0.98,0.46,0.55,0.68,0.93
Rpn2,plex_2,,,,,,,0.8,0.98,0.46,0.55,0.68,0.93
Iqgap2,plex_2,,,,,,,0.53,0.9,0.46,0.74,0.78,1.15
Dlst,plex_2,,,,,,,0.52,1.19,0.55,0.64,0.68,1.06
Cyp2d26,plex_2,,,,,,,0.6,1.25,0.55,0.87,0.91,1.54
Rpsa,plex_2,,,,,,,0.68,1.27,0.59,0.89,0.69,1.11
Col18a1,plex_2,,,,,,,0.67,1.35,0.51,0.77,0.77,1.17
Col18a1,plex_2,,,,,,,0.67,1.35,0.51,0.77,0.77,1.17
Col18a1,plex_2,,,,,,,0.67,1.35,0.51,0.77,0.77,1.17
Decr1,plex_2,,,,,,,0.61,1.09,0.67,0.81,0.7,1.15
Anxa11,plex_2,,,,,,,0.69,1.16,0.5,0.76,0.68,1.26
Arcn1,plex_2,,,,,,,0.77,1.28,0.62,0.72,0.72,1.0
Rtcb,plex_2,,,,,,,0.73,1.32,0.61,0.73,0.71,1.22
Rtcb,plex_2,,,,,,,0.73,1.32,0.61,0.73,0.71,1.22
Myo7b,plex_2,,,,,,,0.58,1.1,0.52,0.71,0.77,1.09
Gstp1,plex_2,,,,,,,0.63,1.2,0.55,0.7,0.75,1.06
Erlin2,plex_2,,,,,,,0.56,1.07,0.57,0.56,0.76,0.97
Vdac3,plex_2,,,,,,,0.67,1.07,0.47,0.54,0.62,1.1
Vdac3-ps1,plex_2,,,,,,,0.67,1.07,0.47,0.54,0.62,1.1
Pitrm1,plex_2,,,,,,,0.6,1.07,0.52,0.74,0.75,1.13
Pitrm1,plex_2,,,,,,,0.6,1.07,0.52,0.74,0.75,1.13
Akr1b1,plex_2,,,,,,,0.91,1.0,0.58,0.69,0.5,0.95
,plex_2,,,,,,,0.56,0.98,0.36,0.64,0.75,0.93
Hba-a1,plex_2,,,,,,,0.56,0.98,0.36,0.64,0.75,0.93
Pklr,plex_2,,,,,,,0.78,1.21,0.45,0.95,0.6,1.41
Pklr,plex_2,,,,,,,0.78,1.21,0.45,0.95,0.6,1.41
Pklr,plex_2,,,,,,,0.78,1.21,0.45,0.95,0.6,1.41
Pklr,plex_2,,,,,,,0.78,1.21,0.45,0.95,0.6,1.41
Myo1d,plex_2,,,,,,,0.64,0.97,0.52,0.61,0.73,1.04
Lmnb1,plex_2,,,,,,,0.7,1.12,0.68,0.66,0.72,1.02
Stip1,plex_2,,,,,,,0.64,1.35,0.58,0.65,0.65,1.11
Acadsb,plex_2,,,,,,,0.62,1.1,0.55,0.64,0.72,1.02
Eef1d,plex_2,,,,,,,0.89,1.37,0.65,0.73,0.79,1.05
Hykk,plex_2,,,,,,,0.57,1.06,0.46,0.59,0.83,1.05
Prosc,plex_2,,,,,,,0.65,1.08,0.54,0.66,0.77,1.1
Pdia6,plex_2,,,,,,,0.8,1.28,0.56,0.7,0.7,1.02
Pdia6,plex_2,,,,,,,0.8,1.28,0.56,0.7,0.7,1.02
Idh3g,plex_2,,,,,,,0.53,0.99,0.51,0.6,0.66,0.89
Ddah1,plex_2,,,,,,,0.63,1.22,0.61,0.7,0.75,1.16
Hsph1,plex_2,,,,,,,0.9,1.54,0.63,0.72,0.61,1.03
Hsph1,plex_2,,,,,,,0.9,1.54,0.63,0.72,0.61,1.03
Rab7a,plex_2,,,,,,,0.72,1.01,0.55,0.6,0.68,1.0
Prdx1,plex_2,,,,,,,0.69,1.2,0.53,0.69,0.6,1.05
Capn2,plex_2,,,,,,,0.63,1.05,0.47,0.57,0.67,0.97
Rpl7,plex_2,,,,,,,0.64,1.19,0.54,0.79,0.67,0.98
Rpl7,plex_2,,,,,,,0.64,1.19,0.54,0.79,0.67,0.98
Gbas,plex_2,,,,,,,0.6,1.08,0.49,0.62,0.68,1.14
Gbas,plex_2,,,,,,,0.6,1.08,0.49,0.62,0.68,1.14
Ren1,plex_2,,,,,,,0.6,1.0,0.48,0.93,0.55,1.28
Mvp,plex_2,,,,,,,0.63,1.22,0.72,0.7,0.58,1.34
Mvp,plex_2,,,,,,,0.63,1.22,0.72,0.7,0.58,1.34
Gnai2,plex_2,,,,,,,0.69,1.06,0.6,0.66,0.76,1.16
Gfm1,plex_2,,,,,,,0.56,1.14,0.53,0.79,0.65,1.04
Cyp51a1,plex_2,,,,,,,0.54,1.06,0.46,0.69,0.73,1.18
Actc1,plex_2,,,,,,,0.68,1.1,0.84,0.92,0.71,0.76
Zyx,plex_2,,,,,,,0.62,1.33,0.49,0.68,0.67,1.03
Zyx,plex_2,,,,,,,0.62,1.33,0.49,0.68,0.67,1.03
Zyx,plex_2,,,,,,,0.62,1.33,0.49,0.68,0.67,1.03
Hnrnpl,plex_2,,,,,,,0.59,1.06,0.53,0.59,0.65,1.01
Vill,plex_2,,,,,,,0.64,1.23,0.54,0.67,0.72,1.14
Fahd2a,plex_2,,,,,,,0.71,1.36,0.59,0.84,0.94,1.18
Echs1,plex_2,,,,,,,0.6,1.17,0.49,0.69,0.77,0.99
Rps2,plex_2,,,,,,,0.69,1.25,0.61,0.72,0.76,1.16
Cap1,plex_2,,,,,,,0.58,1.22,0.53,0.62,0.62,1.15
Acox3,plex_2,,,,,,,0.69,1.26,0.56,0.54,0.69,1.0
Itgb1,plex_2,,,,,,,0.55,0.84,0.45,0.65,0.5,1.06
Etfb,plex_2,,,,,,,0.59,1.19,0.53,0.84,0.78,1.04
Gdi1,plex_2,,,,,,,0.64,1.15,0.54,0.72,0.62,0.99
Aldh16a1,plex_2,,,,,,,0.58,1.1,0.49,0.67,0.7,1.12
Qdpr,plex_2,,,,,,,0.58,1.1,0.56,0.62,0.69,0.97
Abhd14b,plex_2,,,,,,,0.62,1.12,0.5,0.63,0.83,1.03
Pfn1,plex_2,,,,,,,0.61,1.05,0.62,0.65,0.63,1.17
Kif5b,plex_2,,,,,,,0.64,1.13,0.5,0.7,0.61,1.17
Eea1,plex_2,,,,,,,0.57,1.24,0.55,0.84,0.8,1.13
Cnn3,plex_2,,,,,,,0.54,1.56,0.56,0.8,0.68,1.0
Gc,plex_2,,,,,,,0.63,1.13,0.45,0.52,0.59,0.9
Cyc1,plex_2,,,,,,,0.72,1.04,0.45,0.84,0.83,0.99
Ank1,plex_2,,,,,,,0.45,0.92,0.39,0.57,0.59,0.92
Dhrs4,plex_2,,,,,,,0.57,1.04,0.49,0.66,0.65,1.05
Dhrs4,plex_2,,,,,,,0.57,1.04,0.49,0.66,0.65,1.05
Ethe1,plex_2,,,,,,,0.55,1.18,0.53,0.8,0.67,0.86
Serpina1d,plex_2,,,,,,,0.58,1.27,0.41,0.68,0.72,0.94
Retsat,plex_2,,,,,,,0.6,1.25,0.51,1.08,0.79,0.96
Utrn,plex_2,,,,,,,0.64,1.24,0.48,0.76,0.62,1.18
Krt8,plex_2,,,,,,,0.97,1.21,0.57,0.74,0.49,1.24
Sqrdl,plex_2,,,,,,,0.61,1.17,0.53,0.62,0.66,1.13
Abcg2,plex_2,,,,,,,0.64,0.92,0.55,0.62,0.78,1.05
Copb2,plex_2,,,,,,,0.69,1.17,0.49,0.76,0.7,1.08
Por,plex_2,,,,,,,0.61,1.11,0.53,0.55,0.58,1.03
Gnpda1,plex_2,,,,,,,0.76,1.26,0.59,0.82,0.79,1.14
Napsa,plex_2,,,,,,,0.55,1.19,0.53,0.72,0.94,1.11
Ap1g1,plex_2,,,,,,,0.64,1.01,0.5,0.68,0.72,0.92
Ap1g1,plex_2,,,,,,,0.64,1.01,0.5,0.68,0.72,0.92
Ap1g1,plex_2,,,,,,,0.64,1.01,0.5,0.68,0.72,0.92
Ptgr2,plex_2,,,,,,,0.54,1.07,0.41,0.5,0.72,0.91
Glul,plex_2,,,,,,,0.8,1.52,0.6,0.81,0.71,1.03
Ces2c,plex_2,,,,,,,0.66,1.34,0.56,0.54,0.63,1.18
Myh14,plex_2,,,,,,,0.69,1.16,0.48,0.56,0.68,1.15
Myh14,plex_2,,,,,,,0.69,1.16,0.48,0.56,0.68,1.15
Myh14,plex_2,,,,,,,0.69,1.16,0.48,0.56,0.68,1.15
Gstk1,plex_2,,,,,,,0.65,1.22,0.65,0.67,0.95,1.05
Prdx5,plex_2,,,,,,,0.62,1.24,0.5,0.66,0.72,1.01
Prdx5,plex_2,,,,,,,0.62,1.24,0.5,0.66,0.72,1.01
Prdx5,plex_2,,,,,,,0.62,1.24,0.5,0.66,0.72,1.01
Prdx5,plex_2,,,,,,,0.62,1.24,0.5,0.66,0.72,1.01
Prdx2,plex_2,,,,,,,0.74,1.3,0.47,0.89,0.89,1.29
Acss2,plex_2,,,,,,,0.62,0.93,0.55,0.66,0.76,1.27
Ttc38,plex_2,,,,,,,0.68,1.36,0.6,0.76,0.86,1.04
Ywhae,plex_2,,,,,,,0.79,1.41,0.59,0.84,0.91,1.07
Snx1,plex_2,,,,,,,0.64,1.16,0.54,0.68,0.63,1.07
Snx1,plex_2,,,,,,,0.64,1.16,0.54,0.68,0.63,1.07
Suclg1,plex_2,,,,,,,0.52,0.96,0.52,0.63,0.65,0.91
Fgg,plex_2,,,,,,,0.5,1.2,0.39,0.68,0.73,0.84
Fgg,plex_2,,,,,,,0.5,1.2,0.39,0.68,0.73,0.84
Arhgdia,plex_2,,,,,,,0.69,1.14,0.51,0.63,0.67,1.02
Eif4g1,plex_2,,,,,,,0.68,1.27,0.58,0.7,0.71,1.16
Rdx,plex_2,,,,,,,0.67,1.33,0.58,0.72,0.67,1.2
Nucb1,plex_2,,,,,,,0.68,1.24,0.55,0.73,0.64,1.08
Capg,plex_2,,,,,,,0.63,1.33,0.53,0.61,0.65,1.14
Capg,plex_2,,,,,,,0.63,1.33,0.53,0.61,0.65,1.14
Gart,plex_2,,,,,,,0.5,0.99,0.43,0.51,0.62,0.96
Acad11,plex_2,,,,,,,0.63,1.17,0.49,0.8,0.78,1.06
Ugp2,plex_2,,,,,,,0.74,1.16,0.56,0.77,0.75,1.18
Clic1,plex_2,,,,,,,0.68,1.19,0.55,0.59,0.88,1.0
Hspa1b,plex_2,,,,,,,0.63,1.25,0.51,0.65,0.62,0.98
H6pd,plex_2,,,,,,,0.62,1.03,0.46,0.7,0.67,1.1
H6pd,plex_2,,,,,,,0.62,1.03,0.46,0.7,0.67,1.1
Upf1,plex_2,,,,,,,0.66,1.16,0.54,0.71,0.68,1.13
Upf1,plex_2,,,,,,,0.66,1.16,0.54,0.71,0.68,1.13
Actr2,plex_2,,,,,,,0.69,1.16,0.53,0.65,0.67,1.11
BC089597,plex_2,,,,,,,0.64,1.05,0.57,0.53,0.83,1.05
Ahsg,plex_2,,,,,,,0.7,1.35,0.64,0.64,0.67,0.86
Ahsg,plex_2,,,,,,,0.7,1.35,0.64,0.64,0.67,0.86
Ahsg,plex_2,,,,,,,0.7,1.35,0.64,0.64,0.67,0.86
Serpina3k,plex_2,,,,,,,0.66,1.4,0.34,0.69,0.53,0.81
Rars,plex_2,,,,,,,0.69,1.14,0.51,0.65,0.72,1.17
Eif3a,plex_2,,,,,,,0.67,1.1,0.52,0.64,0.63,1.06
Slc4a1,plex_2,,,,,,,0.91,0.98,0.33,0.92,0.79,1.23
Slc4a1,plex_2,,,,,,,0.91,0.98,0.33,0.92,0.79,1.23
Pdlim5,plex_2,,,,,,,0.72,1.41,0.6,0.81,0.67,1.18
Hrsp12,plex_2,,,,,,,0.55,0.96,0.54,0.59,0.75,1.03
Ptges2,plex_2,,,,,,,0.66,1.21,0.56,0.8,0.72,1.2
Cluh,plex_2,,,,,,,0.65,1.07,0.54,0.67,0.65,1.09
Col6a1,plex_2,,,,,,,0.64,1.02,0.56,0.53,0.7,1.27
Afg3l2,plex_2,,,,,,,0.78,1.2,0.55,0.87,0.69,1.26
Ckmt1,plex_2,,,,,,,0.63,1.23,0.5,0.82,0.74,1.09
Ppp1cb,plex_2,,,,,,,0.7,1.12,0.64,0.6,0.85,0.78
Cdh1,plex_2,,,,,,,0.64,1.06,0.41,0.77,0.77,1.07
Gm4450,plex_2,,,,,,,0.64,1.32,0.51,0.73,0.88,0.99
Rplp0,plex_2,,,,,,,0.72,1.23,0.56,0.75,0.79,1.0
Hmgcl,plex_2,,,,,,,0.64,1.18,0.56,0.72,0.8,1.18
Rab1a,plex_2,,,,,,,0.69,0.95,0.56,0.7,0.61,1.16
Lypla1,plex_2,,,,,,,0.75,1.45,0.61,0.75,0.99,1.32
Slc9a3r1,plex_2,,,,,,,0.64,1.3,0.54,0.85,0.82,1.06
Atad3,plex_2,,,,,,,0.52,0.93,0.49,0.55,0.64,1.01
Acp6,plex_2,,,,,,,0.56,1.13,0.6,0.75,0.74,1.17
Park7,plex_2,,,,,,,0.91,1.12,0.75,0.92,0.7,1.15
Ak4,plex_2,,,,,,,0.6,1.17,0.56,0.59,0.62,1.07
Hnrnpa1,plex_2,,,,,,,0.64,1.29,0.54,0.72,0.68,0.95
Hnrnpa1,plex_2,,,,,,,0.64,1.29,0.54,0.72,0.68,0.95
Hnrnpa1,plex_2,,,,,,,0.64,1.29,0.54,0.72,0.68,0.95
Hnrnpa1,plex_2,,,,,,,0.64,1.29,0.54,0.72,0.68,0.95
Hnrnpa1,plex_2,,,,,,,0.64,1.29,0.54,0.72,0.68,0.95
Neb,plex_2,,,,,,,0.7,0.96,0.67,0.79,0.82,0.82
Glb1,plex_2,,,,,,,0.67,1.18,0.58,0.62,0.67,1.16
Sdhb,plex_2,,,,,,,0.57,1.09,0.51,0.65,0.69,1.02
Mat2a,plex_2,,,,,,,0.5,1.14,0.5,0.72,0.63,1.02
Eif4a2,plex_2,,,,,,,0.71,1.34,0.53,0.67,0.68,1.07
Eif4a2,plex_2,,,,,,,0.71,1.34,0.53,0.67,0.68,1.07
Ppa1,plex_2,,,,,,,0.58,1.32,0.58,0.69,0.66,1.04
Psmc1,plex_2,,,,,,,0.66,1.33,0.52,0.72,0.8,1.24
Gas2,plex_2,,,,,,,0.62,1.25,0.58,0.85,0.78,1.09
Slc3a1,plex_2,,,,,,,0.68,0.99,0.52,0.61,0.7,1.05
Akr1c21,plex_2,,,,,,,0.74,0.7,0.57,0.39,0.84,1.02
Add3,plex_2,,,,,,,0.63,1.28,0.54,0.76,0.74,1.17
Idh3a,plex_2,,,,,,,0.69,1.15,0.6,0.8,0.76,1.21
Msra,plex_2,,,,,,,0.6,1.04,0.5,0.65,0.78,1.06
Msra,plex_2,,,,,,,0.6,1.04,0.5,0.65,0.78,1.06
Slc3a2,plex_2,,,,,,,0.76,0.85,0.7,0.76,0.68,1.34
Slc3a2,plex_2,,,,,,,0.76,0.85,0.7,0.76,0.68,1.34
Alad,plex_2,,,,,,,0.63,1.39,0.54,0.61,0.83,1.08
Alad,plex_2,,,,,,,0.63,1.39,0.54,0.61,0.83,1.08
Apool,plex_2,,,,,,,0.65,1.03,0.48,0.62,0.6,1.05
Carkd,plex_2,,,,,,,0.54,1.29,0.49,0.75,0.62,1.1
Carkd,plex_2,,,,,,,0.54,1.29,0.49,0.75,0.62,1.1
Carkd,plex_2,,,,,,,0.54,1.29,0.49,0.75,0.62,1.1
Carkd,plex_2,,,,,,,0.54,1.29,0.49,0.75,0.62,1.1
Ech1,plex_2,,,,,,,0.59,1.31,0.49,0.76,0.75,0.98
Uqcrfs1,plex_2,,,,,,,0.67,1.16,0.55,0.72,0.71,1.17
Lactb2,plex_2,,,,,,,0.67,1.25,0.52,0.68,0.72,1.31
Sec24c,plex_2,,,,,,,0.58,1.02,0.53,0.72,0.63,1.2
Sec24c,plex_2,,,,,,,0.58,1.02,0.53,0.72,0.63,1.2
Sec24c,plex_2,,,,,,,0.58,1.02,0.53,0.72,0.63,1.2
Nccrp1,plex_2,,,,,,,0.56,1.57,0.45,0.63,0.82,0.89
Nccrp1,plex_2,,,,,,,0.56,1.57,0.45,0.63,0.82,0.89
Cmpk1,plex_2,,,,,,,0.78,1.21,0.58,0.63,0.66,1.15
Atp5h,plex_2,,,,,,,0.63,1.11,0.55,0.62,0.7,1.03
Psmd11,plex_2,,,,,,,0.55,0.96,0.49,0.71,0.6,1.01
Psmd11,plex_2,,,,,,,0.55,0.96,0.49,0.71,0.6,1.01
Psmd11,plex_2,,,,,,,0.55,0.96,0.49,0.71,0.6,1.01
Hp1bp3,plex_2,,,,,,,0.44,1.04,0.45,0.61,0.73,1.3
Hp1bp3,plex_2,,,,,,,0.44,1.04,0.45,0.61,0.73,1.3
Apoa1,plex_2,,,,,,,0.66,1.16,0.42,0.59,0.72,0.99
Apoa1,plex_2,,,,,,,0.66,1.16,0.42,0.59,0.72,0.99
Arf3,plex_2,,,,,,,0.7,1.07,0.53,0.64,0.79,1.09
Dhx15,plex_2,,,,,,,0.65,1.14,0.55,0.61,0.64,1.16
Pyroxd2,plex_2,,,,,,,0.64,0.96,0.6,0.52,0.69,1.05
Ap3b1,plex_2,,,,,,,0.75,1.24,0.53,0.78,0.72,1.15
Bckdha,plex_2,,,,,,,0.55,1.24,0.52,0.75,0.79,1.08
Bckdha,plex_2,,,,,,,0.55,1.24,0.52,0.75,0.79,1.08
Sept2,plex_2,,,,,,,0.67,1.0,0.59,0.68,0.67,0.95
Eif3b,plex_2,,,,,,,0.62,1.16,0.57,0.68,0.73,1.2
C1qbp,plex_2,,,,,,,0.68,1.51,0.68,1.02,0.95,1.39
Atp6v1e1,plex_2,,,,,,,0.63,1.27,0.63,0.87,0.73,1.09
Stxbp2,plex_2,,,,,,,0.63,1.09,0.48,0.85,0.75,1.39
Sult1c2,plex_2,,,,,,,0.61,1.05,0.59,0.9,0.7,1.06
Sars,plex_2,,,,,,,0.67,1.08,0.46,0.75,0.62,1.16
Sars,plex_2,,,,,,,0.67,1.08,0.46,0.75,0.62,1.16
Sars,plex_2,,,,,,,0.67,1.08,0.46,0.75,0.62,1.16
Sars,plex_2,,,,,,,0.67,1.08,0.46,0.75,0.62,1.16
Sod2,plex_2,,,,,,,0.56,1.19,0.52,0.68,0.7,0.99
Hnrnpul2,plex_2,,,,,,,0.76,1.38,0.58,0.74,0.83,1.18
Isoc2a,plex_2,,,,,,,0.54,1.04,0.56,0.78,0.79,1.0
Gm20441,plex_2,,,,,,,0.6,1.16,0.54,0.57,0.79,1.05
Psmd3,plex_2,,,,,,,0.71,1.04,0.49,0.75,0.65,1.26
Hnrnph2,plex_2,,,,,,,0.63,1.26,0.53,0.66,0.76,1.07
Ctsb,plex_2,,,,,,,0.66,1.44,0.62,0.78,0.81,1.35
Ddost,plex_2,,,,,,,0.64,1.14,0.54,0.59,0.7,1.13
Bcat2,plex_2,,,,,,,0.65,1.16,0.51,0.76,0.82,1.06
Asah1,plex_2,,,,,,,0.6,1.25,0.6,0.95,0.76,1.33
Pgls,plex_2,,,,,,,0.64,1.15,0.55,0.76,0.75,1.32
Umod,plex_2,,,,,,,0.7,1.09,0.63,0.72,0.7,0.88
Pfkl,plex_2,,,,,,,0.77,1.32,0.68,0.72,0.64,0.97
Fahd1,plex_2,,,,,,,0.65,1.04,0.56,0.62,0.73,0.98
Pacsin2,plex_2,,,,,,,0.55,1.12,0.5,0.77,0.67,1.13
,plex_2,,,,,,,0.56,0.95,0.59,0.48,2.59,0.9
Ddc,plex_2,,,,,,,0.69,1.37,0.58,0.8,0.9,1.06
Pdhx,plex_2,,,,,,,0.57,1.38,0.66,1.01,0.72,1.0
Apoh,plex_2,,,,,,,0.54,1.2,0.54,0.7,0.82,1.11
H2afy,plex_2,,,,,,,0.52,1.02,0.42,0.68,0.91,0.86
Rpl3,plex_2,,,,,,,0.7,1.16,0.57,0.66,0.61,1.06
Psmc6,plex_2,,,,,,,0.62,1.19,0.62,0.69,0.55,1.09
Zadh2,plex_2,,,,,,,0.79,1.38,0.56,0.82,0.89,1.29
Tst,plex_2,,,,,,,0.56,0.94,0.52,0.63,0.74,1.0
Gstt2,plex_2,,,,,,,0.67,1.12,0.54,0.76,0.78,1.26
Dnaja2,plex_2,,,,,,,0.64,1.74,0.47,0.66,0.56,1.35
Epb41l3,plex_2,,,,,,,0.56,1.07,0.54,0.82,0.76,1.03
Glyctk,plex_2,,,,,,,0.61,1.39,0.51,0.68,0.79,1.11
Tpr,plex_2,,,,,,,0.58,1.2,0.35,0.72,0.85,0.95
Grn,plex_2,,,,,,,0.65,1.15,0.56,0.88,0.63,1.1
Grn,plex_2,,,,,,,0.65,1.15,0.56,0.88,0.63,1.1
Grn,plex_2,,,,,,,0.65,1.15,0.56,0.88,0.63,1.1
Grn,plex_2,,,,,,,0.65,1.15,0.56,0.88,0.63,1.1
Grn,plex_2,,,,,,,0.65,1.15,0.56,0.88,0.63,1.1
Grn,plex_2,,,,,,,0.65,1.15,0.56,0.88,0.63,1.1
Grn,plex_2,,,,,,,0.65,1.15,0.56,0.88,0.63,1.1
Grn,plex_2,,,,,,,0.65,1.15,0.56,0.88,0.63,1.1
Grn,plex_2,,,,,,,0.65,1.15,0.56,0.88,0.63,1.1
Grn,plex_2,,,,,,,0.65,1.15,0.56,0.88,0.63,1.1
Gclm,plex_2,,,,,,,0.68,1.22,0.59,0.78,0.92,1.04
Eci3,plex_2,,,,,,,0.7,1.37,0.53,0.57,0.7,1.13
Ndufs3,plex_2,,,,,,,0.58,1.21,0.54,0.81,0.81,1.16
Ephx1,plex_2,,,,,,,0.69,0.97,0.47,0.68,0.66,1.06
Cct6a,plex_2,,,,,,,0.66,1.19,0.59,0.68,0.67,1.12
Cct6a,plex_2,,,,,,,0.66,1.19,0.59,0.68,0.67,1.12
Nit1,plex_2,,,,,,,0.62,1.32,0.52,0.61,0.73,1.2
Nit1,plex_2,,,,,,,0.62,1.32,0.52,0.61,0.73,1.2
Csrp1,plex_2,,,,,,,0.59,1.28,0.45,0.76,0.54,0.85
Me3,plex_2,,,,,,,0.64,1.19,0.57,0.81,0.89,1.33
,plex_2,,,,,,,0.58,0.89,0.42,0.6,0.74,1.28
Alpl,plex_2,,,,,,,0.58,0.89,0.42,0.6,0.74,1.28
Alpl,plex_2,,,,,,,0.58,0.89,0.42,0.6,0.74,1.28
Alpl,plex_2,,,,,,,0.58,0.89,0.42,0.6,0.74,1.28
Alpl,plex_2,,,,,,,0.58,0.89,0.42,0.6,0.74,1.28
Psma5,plex_2,,,,,,,0.75,1.02,0.57,0.61,0.68,1.09
Psma5,plex_2,,,,,,,0.75,1.02,0.57,0.61,0.68,1.09
Psma5,plex_2,,,,,,,0.75,1.02,0.57,0.61,0.68,1.09
Acat2,plex_2,,,,,,,0.58,1.28,0.54,0.76,0.66,1.2
Acat2,plex_2,,,,,,,0.58,1.28,0.54,0.76,0.66,1.2
Dctn2,plex_2,,,,,,,0.59,1.31,0.53,0.79,0.64,1.13
Xdh,plex_2,,,,,,,0.64,1.08,0.43,0.65,0.73,1.2
Xdh,plex_2,,,,,,,0.64,1.08,0.43,0.65,0.73,1.2
Asna1,plex_2,,,,,,,0.57,1.15,0.57,0.69,0.66,0.98
Hprt1,plex_2,,,,,,,0.75,1.31,0.61,0.78,0.72,1.18
Hprt,plex_2,,,,,,,0.75,1.31,0.61,0.78,0.72,1.18
Tgm1,plex_2,,,,,,,0.65,1.22,0.47,0.65,0.68,0.97
Tgm1,plex_2,,,,,,,0.65,1.22,0.47,0.65,0.68,0.97
Comt,plex_2,,,,,,,0.73,1.32,0.73,0.84,0.79,1.22
Comt,plex_2,,,,,,,0.73,1.32,0.73,0.84,0.79,1.22
Rsu1,plex_2,,,,,,,0.58,1.19,0.55,0.66,0.74,1.1
Susd2,plex_2,,,,,,,0.64,0.92,0.53,0.63,0.72,1.2
Psmd13,plex_2,,,,,,,0.63,1.31,0.47,0.69,0.6,1.31
Mpi,plex_2,,,,,,,0.84,1.71,0.65,0.77,0.87,1.95
Mybbp1a,plex_2,,,,,,,0.67,1.19,0.63,0.8,0.76,1.17
Bgn,plex_2,,,,,,,0.61,1.38,0.52,0.67,0.72,1.18
Taldo1,plex_2,,,,,,,0.65,1.2,0.55,0.67,0.72,1.29
Clic4,plex_2,,,,,,,0.63,1.22,0.59,0.64,0.79,1.11
Haao,plex_2,,,,,,,0.64,1.47,0.62,0.81,1.07,1.26
Npl,plex_2,,,,,,,0.66,1.11,0.69,0.81,0.6,1.17
Rtn4ip1,plex_2,,,,,,,0.58,1.26,0.62,0.81,0.83,1.28
Rtn4ip1,plex_2,,,,,,,0.58,1.26,0.62,0.81,0.83,1.28
Lad1,plex_2,,,,,,,0.52,1.4,0.51,0.77,0.74,1.1
Cpt1a,plex_2,,,,,,,0.75,1.03,0.48,0.71,0.76,1.08
Matr3,plex_2,,,,,,,0.68,1.26,0.57,0.85,0.81,1.2
Gipc2,plex_2,,,,,,,0.55,1.29,0.52,0.78,0.74,1.24
Wars,plex_2,,,,,,,0.68,1.27,0.56,0.57,0.68,1.19
Wars,plex_2,,,,,,,0.68,1.27,0.56,0.57,0.68,1.19
Lamb1,plex_2,,,,,,,0.67,1.06,0.53,0.69,0.69,0.97
Fabp4,plex_2,,,,,,,0.61,0.92,0.55,1.16,0.45,1.06
Kng1,plex_2,,,,,,,0.59,1.08,0.45,0.6,0.62,1.0
Actr1b,plex_2,,,,,,,0.64,1.16,0.5,0.63,0.66,1.04
Sfxn1,plex_2,,,,,,,0.45,0.8,0.36,0.58,1.06,2.48
Dstn,plex_2,,,,,,,0.69,1.24,0.54,0.67,0.76,0.99
Slc23a1,plex_2,,,,,,,0.66,1.3,0.5,0.62,0.97,1.07
Timm44,plex_2,,,,,,,0.67,1.14,0.53,0.72,0.66,0.98
Rhoa,plex_2,,,,,,,0.61,0.87,0.48,0.75,0.8,1.05
Adck3,plex_2,,,,,,,0.63,1.36,0.61,0.71,0.77,1.27
Bdh2,plex_2,,,,,,,0.68,1.08,0.44,0.54,0.73,1.02
Tagln,plex_2,,,,,,,0.67,1.24,0.63,0.71,0.52,0.88
Gna11,plex_2,,,,,,,0.74,1.22,0.53,0.71,0.81,1.16
Dbnl,plex_2,,,,,,,0.58,1.18,0.52,0.72,0.61,0.96
Dbnl,plex_2,,,,,,,0.58,1.18,0.52,0.72,0.61,0.96
Dbnl,plex_2,,,,,,,0.58,1.18,0.52,0.72,0.61,0.96
Farsb,plex_2,,,,,,,0.68,1.11,0.56,0.66,0.65,1.08
Farsb,plex_2,,,,,,,0.68,1.11,0.56,0.66,0.65,1.08
Farsb,plex_2,,,,,,,0.68,1.11,0.56,0.66,0.65,1.08
Ran,plex_2,,,,,,,0.52,1.21,0.45,0.57,0.75,1.06
Ssb,plex_2,,,,,,,0.65,1.37,0.53,0.79,0.74,1.27
Lcp1,plex_2,,,,,,,0.73,1.18,0.64,0.61,0.56,1.28
Rps4x,plex_2,,,,,,,0.65,1.12,0.51,0.65,0.7,1.03
Rab14,plex_2,,,,,,,0.57,0.81,0.51,0.47,0.6,1.04
Aars,plex_2,,,,,,,0.58,1.03,0.54,0.78,0.71,1.22
Aars,plex_2,,,,,,,0.58,1.03,0.54,0.78,0.71,1.22
Aars,plex_2,,,,,,,0.58,1.03,0.54,0.78,0.71,1.22
Lama5,plex_2,,,,,,,0.62,1.17,0.56,0.81,0.69,1.06
Psmc5,plex_2,,,,,,,0.64,1.25,0.5,0.67,0.69,1.13
Kars,plex_2,,,,,,,0.63,1.12,0.53,0.71,0.66,1.04
Dpp7,plex_2,,,,,,,0.6,0.83,0.41,1.52,0.46,0.91
Acsl5,plex_2,,,,,,,0.66,1.19,0.45,0.78,0.87,1.42
Ap2a1,plex_2,,,,,,,0.67,1.13,0.5,0.67,0.93,1.25
Ap2a1,plex_2,,,,,,,0.67,1.13,0.5,0.67,0.93,1.25
Rps3a,plex_2,,,,,,,0.79,1.25,0.67,0.81,0.68,1.17
Rps3a1,plex_2,,,,,,,0.79,1.25,0.67,0.81,0.68,1.17
Mettl7a1,plex_2,,,,,,,0.63,0.88,0.47,0.53,0.97,1.06
Hnrnpd,plex_2,,,,,,,0.65,1.34,0.55,0.81,0.72,1.06
Hnrnpd,plex_2,,,,,,,0.65,1.34,0.55,0.81,0.72,1.06
Hnrnpd,plex_2,,,,,,,0.65,1.34,0.55,0.81,0.72,1.06
Hnrnpd,plex_2,,,,,,,0.65,1.34,0.55,0.81,0.72,1.06
Hnrnpd,plex_2,,,,,,,0.65,1.34,0.55,0.81,0.72,1.06
Hint2,plex_2,,,,,,,0.6,1.18,0.56,0.82,0.61,1.19
Ehd2,plex_2,,,,,,,0.67,0.92,0.56,0.81,1.0,1.02
Rpl7a,plex_2,,,,,,,0.63,1.21,0.58,0.7,0.64,1.07
Rpl7a,plex_2,,,,,,,0.63,1.21,0.58,0.7,0.64,1.07
Rpl7a,plex_2,,,,,,,0.63,1.21,0.58,0.7,0.64,1.07
Rpl7a,plex_2,,,,,,,0.63,1.21,0.58,0.7,0.64,1.07
Rab18,plex_2,,,,,,,0.68,1.35,0.62,0.65,0.9,1.1
Tmod3,plex_2,,,,,,,0.63,1.17,0.48,0.62,0.72,1.1
Tmod3,plex_2,,,,,,,0.63,1.17,0.48,0.62,0.72,1.1
Ctsz,plex_2,,,,,,,0.53,1.13,0.53,0.83,0.66,0.95
Tubb2b,plex_2,,,,,,,0.79,1.1,0.46,0.75,0.52,1.12
Ces1d,plex_2,,,,,,,0.59,0.85,0.43,0.59,0.62,1.03
Anxa4,plex_2,,,,,,,0.76,1.12,0.6,0.77,0.75,1.17
Ppp2ca,plex_2,,,,,,,0.64,1.03,0.48,0.69,0.71,0.86
Apmap,plex_2,,,,,,,0.72,1.19,0.62,0.61,0.76,1.23
Rab5c,plex_2,,,,,,,0.64,1.01,0.55,0.67,0.65,1.0
Rab5c,plex_2,,,,,,,0.64,1.01,0.55,0.67,0.65,1.0
Vars,plex_2,,,,,,,0.63,1.12,0.53,0.68,0.8,1.12
Vars,plex_2,,,,,,,0.63,1.12,0.53,0.68,0.8,1.12
Vars,plex_2,,,,,,,0.63,1.12,0.53,0.68,0.8,1.12
Vat1,plex_2,,,,,,,0.64,1.15,0.58,0.81,0.64,1.1
Vat1,plex_2,,,,,,,0.64,1.15,0.58,0.81,0.64,1.1
Vat1,plex_2,,,,,,,0.64,1.15,0.58,0.81,0.64,1.1
Eef1g,plex_2,,,,,,,0.7,1.27,0.53,0.74,0.79,1.19
Cmpk2,plex_2,,,,,,,1.19,1.39,0.42,0.75,0.64,1.12
Psmb4,plex_2,,,,,,,0.74,0.99,0.48,0.62,0.69,1.05
Kif13b,plex_2,,,,,,,0.75,1.52,0.47,0.62,0.87,1.41
Echdc3,plex_2,,,,,,,0.56,1.1,0.56,0.74,0.78,1.0
Tmpo,plex_2,,,,,,,0.63,1.06,0.48,0.53,0.54,1.25
Hoga1,plex_2,,,,,,,0.5,1.41,0.56,0.97,0.99,1.42
Rps3,plex_2,,,,,,,0.67,1.03,0.51,0.61,0.77,1.15
Cyfip1,plex_2,,,,,,,0.64,0.96,0.57,0.59,0.74,1.09
Ywhaq,plex_2,,,,,,,0.72,1.41,0.57,0.75,0.93,1.24
Ywhaq,plex_2,,,,,,,0.72,1.41,0.57,0.75,0.93,1.24
Ywhaq,plex_2,,,,,,,0.72,1.41,0.57,0.75,0.93,1.24
Ywhaq,plex_2,,,,,,,0.72,1.41,0.57,0.75,0.93,1.24
Pgm3,plex_2,,,,,,,0.65,1.34,0.53,0.77,0.7,1.24
Gars,plex_2,,,,,,,0.62,1.0,0.48,0.6,0.66,1.08
Ap2m1,plex_2,,,,,,,0.76,1.33,0.67,0.85,0.78,1.35
Ddx17,plex_2,,,,,,,0.7,1.43,0.52,0.76,0.63,1.15
Nomo1,plex_2,,,,,,,0.68,1.1,0.82,0.77,0.88,1.24
Galm,plex_2,,,,,,,0.51,1.07,0.52,0.68,0.64,0.99
Aldh1a1,plex_2,,,,,,,0.64,1.07,0.34,0.64,0.74,1.01
Txnl1,plex_2,,,,,,,0.62,1.04,0.58,0.72,0.7,1.1
Txnl1,plex_2,,,,,,,0.62,1.04,0.58,0.72,0.7,1.1
Pak2,plex_2,,,,,,,0.68,1.25,0.51,0.64,0.6,0.9
Gstm5,plex_2,,,,,,,0.58,1.0,0.51,0.54,0.71,1.0
Rbbp9,plex_2,,,,,,,0.54,0.99,0.47,0.56,0.67,1.01
Lyplal1,plex_2,,,,,,,0.56,0.99,0.52,0.68,0.71,1.07
Erp44,plex_2,,,,,,,0.68,1.19,0.46,0.62,0.71,0.87
Jup,plex_2,,,,,,,0.55,1.85,0.58,0.72,0.68,1.08
Coro7,plex_2,,,,,,,0.58,1.1,0.65,0.64,0.71,1.2
Gcat,plex_2,,,,,,,0.52,1.26,0.57,0.71,0.91,1.17
Ipo5,plex_2,,,,,,,0.55,1.1,0.53,0.82,0.63,1.11
Nap1l4,plex_2,,,,,,,0.59,1.48,0.63,0.56,0.88,1.16
Nap1l4,plex_2,,,,,,,0.59,1.48,0.63,0.56,0.88,1.16
Nap1l4,plex_2,,,,,,,0.59,1.48,0.63,0.56,0.88,1.16
Slc9a3r2,plex_2,,,,,,,0.62,1.32,0.51,0.76,0.92,1.18
Slc9a3r2,plex_2,,,,,,,0.62,1.32,0.51,0.76,0.92,1.18
Slc9a3r2,plex_2,,,,,,,0.62,1.32,0.51,0.76,0.92,1.18
Dao,plex_2,,,,,,,0.59,1.16,0.47,0.71,0.74,1.1
Dao,plex_2,,,,,,,0.59,1.16,0.47,0.71,0.74,1.1
Blvra,plex_2,,,,,,,0.55,1.07,0.47,0.59,0.71,1.1
Anxa7,plex_2,,,,,,,0.71,1.07,0.57,0.76,0.7,1.23
Numa1,plex_2,,,,,,,0.72,0.85,0.46,0.67,0.57,1.22
Echdc2,plex_2,,,,,,,0.55,1.05,0.47,0.74,0.86,1.21
Pcbp2,plex_2,,,,,,,0.75,1.61,0.73,0.81,0.89,1.41
Klc4,plex_2,,,,,,,0.66,1.31,0.61,0.67,0.61,1.28
Arpc1b,plex_2,,,,,,,0.61,0.88,0.5,0.49,0.74,1.14
Huwe1,plex_2,,,,,,,1.03,1.84,0.74,1.01,0.85,1.57
Mtap,plex_2,,,,,,,0.62,1.33,0.68,0.79,0.85,1.06
Ndufs4,plex_2,,,,,,,0.55,1.13,0.49,0.66,0.57,0.94
Ndufs4,plex_2,,,,,,,0.55,1.13,0.49,0.66,0.57,0.94
Ndufs4,plex_2,,,,,,,0.55,1.13,0.49,0.66,0.57,0.94
G6pdx,plex_2,,,,,,,0.7,1.11,0.52,0.82,0.74,1.2
G6pdx,plex_2,,,,,,,0.7,1.11,0.52,0.82,0.74,1.2
Mars,plex_2,,,,,,,0.58,1.09,0.56,0.62,0.59,1.17
Itga6,plex_2,,,,,,,0.63,0.81,0.44,0.58,0.7,1.07
Itga6,plex_2,,,,,,,0.63,0.81,0.44,0.58,0.7,1.07
Nfs1,plex_2,,,,,,,0.64,1.21,0.56,0.65,0.7,1.01
Nfs1,plex_2,,,,,,,0.64,1.21,0.56,0.65,0.7,1.01
Nfs1,plex_2,,,,,,,0.64,1.21,0.56,0.65,0.7,1.01
Ndufa7,plex_2,,,,,,,0.56,1.2,0.5,0.79,0.63,0.96
Amt,plex_2,,,,,,,0.5,0.96,0.63,0.7,0.86,1.17
COX2,plex_2,,,,,,,0.85,1.09,0.59,0.78,0.87,1.15
Mtco2,plex_2,,,,,,,0.85,1.09,0.59,0.78,0.87,1.15
Anxa3,plex_2,,,,,,,0.57,1.3,0.65,0.68,0.63,1.23
Eif4a3,plex_2,,,,,,,0.62,1.18,0.49,0.8,0.63,1.21
Apoa1bp,plex_2,,,,,,,0.65,1.21,0.6,0.66,0.66,1.15
Ndrg2,plex_2,,,,,,,0.74,1.41,0.65,0.83,0.73,1.05
Ndrg2,plex_2,,,,,,,0.74,1.41,0.65,0.83,0.73,1.05
Calm1,plex_2,,,,,,,0.7,1.73,0.58,1.0,0.82,1.29
Scly,plex_2,,,,,,,0.72,1.47,0.54,0.68,0.69,1.07
Scly,plex_2,,,,,,,0.72,1.47,0.54,0.68,0.69,1.07
Gpx3,plex_2,,,,,,,0.58,1.19,0.48,0.96,0.77,1.13
Osbp,plex_2,,,,,,,0.6,1.0,0.41,0.59,0.68,1.05
Mavs,plex_2,,,,,,,0.65,1.27,0.53,0.83,0.72,1.1
Rpl10a,plex_2,,,,,,,0.68,1.07,0.59,0.71,0.69,1.18
Prdx3,plex_2,,,,,,,0.63,1.26,0.57,0.78,0.76,0.97
Hsd11b2,plex_2,,,,,,,0.71,0.86,0.4,0.58,0.82,1.25
Lactb,plex_2,,,,,,,0.68,1.29,0.65,0.74,0.82,1.09
Rab11b,plex_2,,,,,,,0.71,1.09,0.58,0.74,0.73,0.98
Rab11b,plex_2,,,,,,,0.71,1.09,0.58,0.74,0.73,0.98
Tpm1,plex_2,,,,,,,0.65,1.01,0.66,0.75,0.65,0.85
Tardbp,plex_2,,,,,,,0.65,1.14,0.6,0.69,0.73,0.98
Tardbp,plex_2,,,,,,,0.65,1.14,0.6,0.69,0.73,0.98
Qars,plex_2,,,,,,,0.5,1.16,0.47,0.76,0.59,0.97
Qars,plex_2,,,,,,,0.5,1.16,0.47,0.76,0.59,0.97
Qars,plex_2,,,,,,,0.5,1.16,0.47,0.76,0.59,0.97
G3bp1,plex_2,,,,,,,0.56,1.31,0.58,0.77,0.61,1.23
Bsnd,plex_2,,,,,,,0.57,0.99,0.47,0.65,0.63,1.11
Ppib,plex_2,,,,,,,0.8,1.23,0.6,0.67,0.58,1.17
Agxt2,plex_2,,,,,,,0.59,1.21,0.77,1.04,0.94,1.69
Prep,plex_2,,,,,,,0.65,0.87,0.52,0.67,0.64,1.17
Prep,plex_2,,,,,,,0.65,0.87,0.52,0.67,0.64,1.17
Prep,plex_2,,,,,,,0.65,0.87,0.52,0.67,0.64,1.17
Ddx39b,plex_2,,,,,,,0.63,1.33,0.59,0.74,0.79,1.33
Entpd5,plex_2,,,,,,,0.66,1.11,0.47,0.61,0.63,0.98
Entpd5,plex_2,,,,,,,0.66,1.11,0.47,0.61,0.63,0.98
Cald1,plex_2,,,,,,,0.66,1.35,0.56,0.83,0.67,1.22
Acot4,plex_2,,,,,,,0.52,1.11,0.46,0.65,0.64,1.12
Myl1,plex_2,,,,,,,0.69,1.12,0.66,1.05,0.83,1.11
Erp29,plex_2,,,,,,,0.68,1.19,0.59,0.52,0.63,1.01
Acsf2,plex_2,,,,,,,0.68,1.11,0.57,0.96,0.84,1.19
Glg1,plex_2,,,,,,,0.77,1.24,0.57,0.65,0.77,1.22
Nmt1,plex_2,,,,,,,0.84,1.35,0.51,0.65,0.89,1.15
Qprt,plex_2,,,,,,,0.69,1.34,0.62,0.83,0.82,1.01
Aspa,plex_2,,,,,,,0.6,1.24,0.63,0.7,0.91,1.14
Nono,plex_2,,,,,,,0.55,1.41,0.62,0.68,0.66,0.99
Nono,plex_2,,,,,,,0.55,1.41,0.62,0.68,0.66,0.99
Nono,plex_2,,,,,,,0.55,1.41,0.62,0.68,0.66,0.99
Hnrnpa3,plex_2,,,,,,,0.59,1.61,0.56,0.94,0.79,1.04
Hnrnpa3,plex_2,,,,,,,0.59,1.61,0.56,0.94,0.79,1.04
Hnrnpa3,plex_2,,,,,,,0.59,1.61,0.56,0.94,0.79,1.04
Hnrnpa3,plex_2,,,,,,,0.59,1.61,0.56,0.94,0.79,1.04
Gstt1,plex_2,,,,,,,0.53,1.04,0.55,0.65,0.73,1.11
Sri,plex_2,,,,,,,0.62,1.16,0.54,0.6,0.76,0.92
Sri,plex_2,,,,,,,0.62,1.16,0.54,0.6,0.76,0.92
Eif3e,plex_2,,,,,,,0.74,1.21,0.55,0.64,0.67,1.19
Gbe1,plex_2,,,,,,,0.55,1.0,0.65,0.53,0.65,0.78
Auh,plex_2,,,,,,,0.73,1.19,0.54,0.76,0.84,1.14
Ndufb9,plex_2,,,,,,,0.5,1.26,0.45,0.92,0.65,1.02
Pycrl,plex_2,,,,,,,0.63,1.11,0.52,0.66,0.76,1.1
Fabp5,plex_2,,,,,,,0.59,0.8,0.48,0.69,0.5,0.86
Ppt1,plex_2,,,,,,,0.81,1.2,0.67,0.89,0.66,1.09
Ppt1,plex_2,,,,,,,0.81,1.2,0.67,0.89,0.66,1.09
Ppt1,plex_2,,,,,,,0.81,1.2,0.67,0.89,0.66,1.09
Ppt1,plex_2,,,,,,,0.81,1.2,0.67,0.89,0.66,1.09
Ppt1,plex_2,,,,,,,0.81,1.2,0.67,0.89,0.66,1.09
Abce1,plex_2,,,,,,,0.76,1.39,0.66,0.84,0.74,1.15
Hspa12a,plex_2,,,,,,,0.57,0.89,0.46,0.67,0.6,0.97
Col15a1,plex_2,,,,,,,0.76,1.38,0.63,0.86,0.7,0.98
Rps27a,plex_2,,,,,,,0.66,1.24,0.72,0.91,0.79,1.12
Hist1h2bf,plex_2,,,,,,,0.76,1.19,0.68,0.69,0.67,1.05
Hist1h1d,plex_2,,,,,,,0.67,1.22,0.57,0.75,0.55,1.22
Dcxr,plex_2,,,,,,,0.69,1.17,0.65,0.72,0.76,1.26
Cd2ap,plex_2,,,,,,,0.63,1.16,0.48,0.68,0.68,1.06
Tsfm,plex_2,,,,,,,0.54,1.2,0.5,0.8,0.71,0.94
Tsfm,plex_2,,,,,,,0.54,1.2,0.5,0.8,0.71,0.94
Fkbp4,plex_2,,,,,,,0.66,1.09,0.51,0.59,0.59,0.88
Cda,plex_2,,,,,,,0.59,1.35,0.49,0.62,0.79,0.95
Ddx6,plex_2,,,,,,,0.56,1.02,0.5,0.52,0.57,0.93
Ctsa,plex_2,,,,,,,0.65,1.06,0.53,1.01,0.77,0.88
Ndufa12,plex_2,,,,,,,0.58,1.1,0.46,0.66,0.81,1.03
Ndufa12,plex_2,,,,,,,0.58,1.1,0.46,0.66,0.81,1.03
Ndufa12,plex_2,,,,,,,0.58,1.1,0.46,0.66,0.81,1.03
Acsf3,plex_2,,,,,,,0.6,1.25,0.58,0.71,0.79,1.3
Igkc,plex_2,,,,,,,0.4,1.08,0.72,1.0,0.79,1.03
Gsta2,plex_2,,,,,,,0.57,1.17,0.69,0.74,0.93,1.12
Rbm14,plex_2,,,,,,,0.63,1.22,0.44,0.77,0.71,1.11
Baiap2,plex_2,,,,,,,0.7,1.33,0.38,0.91,0.6,1.48
Baiap2,plex_2,,,,,,,0.7,1.33,0.38,0.91,0.6,1.48
Baiap2,plex_2,,,,,,,0.7,1.33,0.38,0.91,0.6,1.48
Baiap2,plex_2,,,,,,,0.7,1.33,0.38,0.91,0.6,1.48
Prkar2a,plex_2,,,,,,,0.65,1.06,0.51,0.69,0.61,1.02
Prkar2a,plex_2,,,,,,,0.65,1.06,0.51,0.69,0.61,1.02
Acmsd,plex_2,,,,,,,0.61,1.18,0.48,0.77,0.56,0.85
Dpp3,plex_2,,,,,,,0.66,1.18,0.63,0.79,0.85,1.2
Dpp3,plex_2,,,,,,,0.66,1.18,0.63,0.79,0.85,1.2
Dpp3,plex_2,,,,,,,0.66,1.18,0.63,0.79,0.85,1.2
Hint1,plex_2,,,,,,,0.72,1.44,0.71,0.97,0.78,1.22
Pgam2,plex_2,,,,,,,0.69,1.02,0.61,0.85,0.77,1.01
Rdh16,plex_2,,,,,,,0.53,1.0,0.42,0.74,0.7,1.24
Amn,plex_2,,,,,,,0.61,1.0,0.54,0.76,0.82,1.37
Vapb,plex_2,,,,,,,0.64,1.11,0.62,0.87,0.62,1.11
Vapb,plex_2,,,,,,,0.64,1.11,0.62,0.87,0.62,1.11
Nedd4,plex_2,,,,,,,0.76,0.84,0.64,0.61,0.67,1.03
Isoc1,plex_2,,,,,,,0.61,1.17,0.46,0.6,0.71,1.04
Eftud2,plex_2,,,,,,,0.66,1.41,0.58,0.76,0.82,1.14
Eftud2,plex_2,,,,,,,0.66,1.41,0.58,0.76,0.82,1.14
Eftud2,plex_2,,,,,,,0.66,1.41,0.58,0.76,0.82,1.14
Eftud2,plex_2,,,,,,,0.66,1.41,0.58,0.76,0.82,1.14
Eftud2,plex_2,,,,,,,0.66,1.41,0.58,0.76,0.82,1.14
Eftud2,plex_2,,,,,,,0.66,1.41,0.58,0.76,0.82,1.14
Phgdh,plex_2,,,,,,,0.74,1.3,0.79,0.98,0.73,1.22
Napa,plex_2,,,,,,,0.73,0.84,0.5,0.61,0.76,1.28
Rpl6,plex_2,,,,,,,0.75,1.49,0.6,0.83,0.69,1.3
Mpst,plex_2,,,,,,,0.58,0.9,0.55,0.77,0.68,1.01
Mpst,plex_2,,,,,,,0.58,0.9,0.55,0.77,0.68,1.01
Mpst,plex_2,,,,,,,0.58,0.9,0.55,0.77,0.68,1.01
Samhd1,plex_2,,,,,,,0.83,1.11,0.51,0.6,0.62,1.4
Eif3f,plex_2,,,,,,,0.73,0.96,0.63,0.68,0.67,1.15
Eif3f,plex_2,,,,,,,0.73,0.96,0.63,0.68,0.67,1.15
Eif3f,plex_2,,,,,,,0.73,0.96,0.63,0.68,0.67,1.15
Eif3f,plex_2,,,,,,,0.73,0.96,0.63,0.68,0.67,1.15
Ahcyl2,plex_2,,,,,,,0.72,1.27,0.63,0.7,0.89,1.09
Ahcyl2,plex_2,,,,,,,0.72,1.27,0.63,0.7,0.89,1.09
Kmo,plex_2,,,,,,,0.49,1.09,0.43,0.87,0.7,0.97
Kmo,plex_2,,,,,,,0.49,1.09,0.43,0.87,0.7,0.97
Crk,plex_2,,,,,,,0.61,1.3,0.52,0.68,0.67,0.97
Etf1,plex_2,,,,,,,0.75,1.27,0.57,0.78,0.87,1.19
Etf1,plex_2,,,,,,,0.75,1.27,0.57,0.78,0.87,1.19
Etf1,plex_2,,,,,,,0.75,1.27,0.57,0.78,0.87,1.19
Etf1,plex_2,,,,,,,0.75,1.27,0.57,0.78,0.87,1.19
Etf1,plex_2,,,,,,,0.75,1.27,0.57,0.78,0.87,1.19
Atp5c1,plex_2,,,,,,,0.67,1.25,0.56,0.89,0.75,1.11
Arhgap1,plex_2,,,,,,,0.59,1.14,0.55,0.75,0.7,1.22
Cgnl1,plex_2,,,,,,,0.72,1.3,0.64,0.8,0.82,1.17
Cgnl1,plex_2,,,,,,,0.72,1.3,0.64,0.8,0.82,1.17
Nipsnap1,plex_2,,,,,,,0.55,1.27,0.55,0.67,0.8,1.07
Suox,plex_2,,,,,,,0.57,1.15,0.54,0.7,0.77,1.15
Ywhab,plex_2,,,,,,,0.66,1.05,0.52,0.74,0.74,0.89
Ywhab,plex_2,,,,,,,0.66,1.05,0.52,0.74,0.74,0.89
Galk1,plex_2,,,,,,,0.56,1.09,0.5,0.59,0.76,1.15
Galk1,plex_2,,,,,,,0.56,1.09,0.5,0.59,0.76,1.15
Arpc2,plex_2,,,,,,,0.74,1.3,0.72,0.72,0.72,1.35
Marc2,plex_2,,,,,,,0.63,0.93,0.54,0.62,0.71,1.16
Gphn,plex_2,,,,,,,0.63,1.0,0.6,0.62,0.79,1.18
Gphn,plex_2,,,,,,,0.63,1.0,0.6,0.62,0.79,1.18
Rps8,plex_2,,,,,,,0.54,1.1,0.54,0.71,0.54,0.94
Ube2l3,plex_2,,,,,,,0.59,1.09,0.46,0.72,0.65,0.74
Scp2,plex_2,,,,,,,0.59,1.42,0.51,0.82,0.71,1.08
Clpx,plex_2,,,,,,,0.58,1.11,0.54,0.68,0.64,1.1
Pgm2,plex_2,,,,,,,0.77,1.37,0.78,0.84,0.79,1.56
Ndufa3,plex_2,,,,,,,0.71,0.99,0.48,0.63,0.72,0.84
Lima1,plex_2,,,,,,,0.58,1.29,0.48,0.66,0.7,1.14
Tinagl1,plex_2,,,,,,,0.74,1.22,0.55,0.49,0.61,1.14
Tinagl1,plex_2,,,,,,,0.74,1.22,0.55,0.49,0.61,1.14
Acot13,plex_2,,,,,,,0.65,1.25,0.54,0.84,0.63,0.78
Cfl1,plex_2,,,,,,,0.55,1.11,0.53,0.67,0.55,1.01
Pygm,plex_2,,,,,,,0.62,0.94,0.59,0.67,0.65,1.02
Plxnb2,plex_2,,,,,,,0.74,1.06,0.66,0.87,0.8,1.19
Dlg1,plex_2,,,,,,,0.56,1.22,0.5,0.7,0.63,1.08
Dlg1,plex_2,,,,,,,0.56,1.22,0.5,0.7,0.63,1.08
Cse1l,plex_2,,,,,,,0.58,0.99,0.53,0.58,0.62,1.08
Akr1c14,plex_2,,,,,,,0.79,1.12,0.49,0.39,0.58,1.05
Sorbs2,plex_2,,,,,,,0.64,1.55,0.63,0.87,0.85,1.08
Psma6,plex_2,,,,,,,0.59,1.2,0.52,0.73,0.77,1.11
Ehd3,plex_2,,,,,,,0.49,0.95,0.47,0.68,0.69,1.05
Psmd12,plex_2,,,,,,,0.73,1.25,0.56,0.7,0.71,1.27
Rap1b,plex_2,,,,,,,0.69,0.94,0.45,0.6,0.7,1.06
Ola1,plex_2,,,,,,,0.72,1.35,0.55,0.7,0.77,1.09
Ighg3,plex_2,,,,,,,0.39,0.81,0.62,0.92,0.85,0.49
,plex_2,,,,,,,0.39,0.81,0.62,0.92,0.85,0.49
Prps2,plex_2,,,,,,,0.6,0.99,0.6,0.61,0.7,0.97
Hmgb1,plex_2,,,,,,,0.57,1.06,0.52,0.65,0.56,1.05
Hmgb1,plex_2,,,,,,,0.57,1.06,0.52,0.65,0.56,1.05
Capza2,plex_2,,,,,,,0.68,0.85,0.54,0.54,0.65,0.98
Gsta4,plex_2,,,,,,,0.47,0.99,0.64,0.78,0.76,1.24
Eif5a,plex_2,,,,,,,0.58,0.99,0.69,0.73,0.81,1.08
Sfxn3,plex_2,,,,,,,0.59,1.13,0.46,0.68,0.81,1.3
Sfxn3,plex_2,,,,,,,0.59,1.13,0.46,0.68,0.81,1.3
Rpl12,plex_2,,,,,,,0.56,1.16,0.48,0.69,0.6,1.02
Ckb,plex_2,,,,,,,0.77,1.27,0.65,0.69,0.71,1.16
Ca1,plex_2,,,,,,,0.51,1.08,0.37,0.66,0.7,1.04
Hsd17b8,plex_2,,,,,,,0.56,1.14,0.53,0.59,0.67,1.02
Hsd17b8,plex_2,,,,,,,0.56,1.14,0.53,0.59,0.67,1.02
Ndufv3,plex_2,,,,,,,0.56,1.15,0.57,0.75,0.59,1.0
Ndufv3,plex_2,,,,,,,0.56,1.15,0.57,0.75,0.59,1.0
Clint1,plex_2,,,,,,,0.56,1.22,0.59,0.68,0.7,1.25
Gfm2,plex_2,,,,,,,0.44,1.22,0.52,0.57,0.65,1.18
Gfm2,plex_2,,,,,,,0.44,1.22,0.52,0.57,0.65,1.18
Gfm2,plex_2,,,,,,,0.44,1.22,0.52,0.57,0.65,1.18
Asph,plex_2,,,,,,,0.65,0.94,0.44,0.54,0.56,1.08
Aprt,plex_2,,,,,,,0.85,1.32,0.8,0.83,0.91,1.22
Strap,plex_2,,,,,,,0.71,1.3,0.69,0.79,0.58,1.21
Sec23a,plex_2,,,,,,,0.76,0.9,0.43,0.66,0.66,0.99
Tpk1,plex_2,,,,,,,0.73,1.37,0.61,0.63,0.79,1.16
Psma7,plex_2,,,,,,,0.7,1.21,0.55,0.72,0.69,0.93
Psma7,plex_2,,,,,,,0.7,1.21,0.55,0.72,0.69,0.93
Psma7,plex_2,,,,,,,0.7,1.21,0.55,0.72,0.69,0.93
Txndc5,plex_2,,,,,,,0.74,1.09,0.38,0.46,0.66,1.01
Txndc5,plex_2,,,,,,,0.74,1.09,0.38,0.46,0.66,1.01
Cbr4,plex_2,,,,,,,0.7,0.96,0.45,0.65,0.83,1.12
Eif2s3x,plex_2,,,,,,,0.55,1.06,0.52,0.64,0.59,1.02
Eif2s3x,plex_2,,,,,,,0.55,1.06,0.52,0.64,0.59,1.02
Capn1,plex_2,,,,,,,0.7,0.84,0.54,0.8,0.6,1.19
Mgam,plex_2,,,,,,,0.52,0.96,0.41,0.61,0.87,1.01
Sf3b1,plex_2,,,,,,,0.57,1.39,0.65,0.78,0.72,1.3
Aadac,plex_2,,,,,,,0.67,1.0,0.53,0.65,0.73,1.17
FAM120A,plex_2,,,,,,,0.6,0.93,0.47,0.67,0.54,1.0
Igfbp7,plex_2,,,,,,,0.71,1.25,0.44,0.54,0.53,1.0
Igfbp7,plex_2,,,,,,,0.71,1.25,0.44,0.54,0.53,1.0
Endog,plex_2,,,,,,,0.54,1.6,0.64,0.78,0.83,1.19
Camk2d,plex_2,,,,,,,0.56,1.06,0.49,0.62,0.65,1.0
Camk2d,plex_2,,,,,,,0.56,1.06,0.49,0.62,0.65,1.0
Camk2d,plex_2,,,,,,,0.56,1.06,0.49,0.62,0.65,1.0
Camk2d,plex_2,,,,,,,0.56,1.06,0.49,0.62,0.65,1.0
Col1a2,plex_2,,,,,,,0.78,1.02,0.66,0.81,1.18,2.16
Col1a2,plex_2,,,,,,,0.78,1.02,0.66,0.81,1.18,2.16
Cdc42bpb,plex_2,,,,,,,0.64,1.22,0.6,0.64,0.75,1.35
Psmd7,plex_2,,,,,,,0.68,1.12,0.58,0.67,0.56,1.0
Glo1,plex_2,,,,,,,0.69,1.35,0.57,0.78,0.74,1.03
Osbpl8,plex_2,,,,,,,0.63,1.4,0.49,0.58,0.59,1.46
Xpo1,plex_2,,,,,,,0.64,1.04,0.54,0.71,0.78,1.1
Pafah2,plex_2,,,,,,,0.66,1.42,0.52,0.76,0.91,1.21
Pafah2,plex_2,,,,,,,0.66,1.42,0.52,0.76,0.91,1.21
Pafah2,plex_2,,,,,,,0.66,1.42,0.52,0.76,0.91,1.21
Pafah2,plex_2,,,,,,,0.66,1.42,0.52,0.76,0.91,1.21
Clic5,plex_2,,,,,,,0.47,0.98,0.49,0.78,0.73,1.01
Ndufb8,plex_2,,,,,,,0.71,0.89,0.52,0.69,0.53,1.13
Lypla2,plex_2,,,,,,,0.62,1.39,0.54,0.79,0.72,1.19
Farsa,plex_2,,,,,,,0.78,1.66,0.71,0.94,0.95,1.35
Farsa,plex_2,,,,,,,0.78,1.66,0.71,0.94,0.95,1.35
Urod,plex_2,,,,,,,0.54,1.12,0.5,0.6,0.6,1.07
Sept7,plex_2,,,,,,,0.5,0.89,0.42,0.66,0.61,0.95
Hnrnpab,plex_2,,,,,,,0.67,1.48,0.58,0.84,0.62,1.15
Kctd12,plex_2,,,,,,,0.67,1.51,0.47,0.62,0.97,1.42
Stat3,plex_2,,,,,,,0.73,1.27,0.61,0.67,0.6,1.28
Stat3,plex_2,,,,,,,0.73,1.27,0.61,0.67,0.6,1.28
Rps11,plex_2,,,,,,,0.65,1.16,0.56,0.66,0.71,1.05
Akr1c18,plex_2,,,,,,,1.05,0.96,0.39,0.21,0.43,0.79
Chil3,plex_2,,,,,,,0.75,2.51,0.48,0.71,0.91,0.98
Aacs,plex_2,,,,,,,0.75,1.06,0.54,0.54,0.5,0.9
Mpp6,plex_2,,,,,,,0.67,1.24,0.58,0.7,0.74,1.14
Cfh,plex_2,,,,,,,0.56,1.06,0.4,0.6,0.59,0.98
Cct7,plex_2,,,,,,,0.6,1.15,0.54,0.62,0.68,0.97
Cct7,plex_2,,,,,,,0.6,1.15,0.54,0.62,0.68,0.97
Cct7,plex_2,,,,,,,0.6,1.15,0.54,0.62,0.68,0.97
Dync1li1,plex_2,,,,,,,0.62,1.14,0.5,0.53,0.63,0.93
Fis1,plex_2,,,,,,,0.77,1.42,0.51,0.8,0.89,0.95
Atp6v0d1,plex_2,,,,,,,0.66,1.09,0.55,0.72,0.77,1.03
Ugt1a2,plex_2,,,,,,,0.52,0.67,0.55,0.54,0.88,1.06
Adsl,plex_2,,,,,,,0.62,1.02,0.51,0.74,0.71,1.01
Adsl,plex_2,,,,,,,0.62,1.02,0.51,0.74,0.71,1.01
Adsl,plex_2,,,,,,,0.62,1.02,0.51,0.74,0.71,1.01
Cnn2,plex_2,,,,,,,0.62,1.49,0.47,0.53,0.79,1.04
Flot1,plex_2,,,,,,,0.7,1.1,0.66,0.59,0.74,1.15
Tpm2,plex_2,,,,,,,0.99,1.06,1.12,0.98,0.71,0.81
Hnrnpc,plex_2,,,,,,,0.61,1.34,0.53,0.78,0.6,1.06
Tpm3,plex_2,,,,,,,0.61,1.1,0.58,0.6,0.71,1.04
HC,plex_2,,,,,,,0.53,1.25,0.3,0.83,0.48,0.77
Dmtn,plex_2,,,,,,,0.65,1.46,0.5,0.73,0.82,1.25
Dmtn,plex_2,,,,,,,0.65,1.46,0.5,0.73,0.82,1.25
Nceh1,plex_2,,,,,,,0.65,1.12,0.41,0.49,0.51,0.84
Ndufs8,plex_2,,,,,,,0.65,1.16,0.58,0.91,0.84,1.34
Gsk3b,plex_2,,,,,,,0.78,1.2,0.58,0.77,0.73,1.16
Fhl2,plex_2,,,,,,,0.61,1.38,0.46,0.74,0.63,0.85
Emc1,plex_2,,,,,,,0.61,1.24,0.41,0.6,0.65,1.09
Mrpl10,plex_2,,,,,,,0.45,0.81,0.22,0.6,0.53,0.9
Cmbl,plex_2,,,,,,,0.53,1.13,0.54,0.69,0.76,1.0
Aldh3a2,plex_2,,,,,,,0.66,1.06,0.51,0.69,0.73,1.24
Cox5a,plex_2,,,,,,,0.48,1.49,0.57,0.85,0.68,1.16
Dnpep,plex_2,,,,,,,0.8,1.26,0.75,0.92,0.8,1.26
Sugct,plex_2,,,,,,,0.58,0.87,0.5,0.68,0.64,1.07
Sugct,plex_2,,,,,,,0.58,0.87,0.5,0.68,0.64,1.07
Capzb,plex_2,,,,,,,0.6,1.17,0.54,0.54,0.53,1.08
Capzb,plex_2,,,,,,,0.6,1.17,0.54,0.54,0.53,1.08
Hist1h4a,plex_2,,,,,,,0.5,0.82,0.5,0.47,0.69,1.56
Stard10,plex_2,,,,,,,0.71,1.2,0.59,0.76,0.99,1.1
Gns,plex_2,,,,,,,0.67,1.0,0.45,0.88,0.64,1.08
Adk,plex_2,,,,,,,0.56,1.07,0.5,0.69,0.74,0.96
Lyz2,plex_2,,,,,,,0.64,1.36,0.45,0.5,0.56,1.27
Arl8b,plex_2,,,,,,,0.68,0.89,0.44,0.65,0.69,0.96
Atp2b1,plex_2,,,,,,,0.63,0.94,0.51,0.71,0.77,1.31
Klk1,plex_2,,,,,,,0.42,0.93,0.43,0.73,0.86,0.6
Arpc1a,plex_2,,,,,,,0.49,0.94,0.48,0.54,0.72,0.94
Rpl5,plex_2,,,,,,,0.63,1.18,0.53,0.66,0.71,1.15
Nt5c2,plex_2,,,,,,,0.66,1.05,0.54,0.81,0.59,1.16
Scpep1,plex_2,,,,,,,0.77,1.29,0.47,1.06,0.78,1.12
Ranbp2,plex_2,,,,,,,0.82,1.27,0.72,0.8,0.87,1.32
Psmd5,plex_2,,,,,,,0.67,1.21,0.54,0.73,0.72,1.09
Ctsh,plex_2,,,,,,,0.69,1.32,0.66,0.84,0.59,1.16
Nup155,plex_2,,,,,,,0.63,1.17,0.55,0.78,0.8,1.17
Nup155,plex_2,,,,,,,0.63,1.17,0.55,0.78,0.8,1.17
Nup155,plex_2,,,,,,,0.63,1.17,0.55,0.78,0.8,1.17
Nup155,plex_2,,,,,,,0.63,1.17,0.55,0.78,0.8,1.17
Bsg,plex_2,,,,,,,0.81,1.32,0.77,0.9,0.76,1.31
Bsg,plex_2,,,,,,,0.81,1.32,0.77,0.9,0.76,1.31
Bsg,plex_2,,,,,,,0.81,1.32,0.77,0.9,0.76,1.31
Bsg,plex_2,,,,,,,0.81,1.32,0.77,0.9,0.76,1.31
Bsg,plex_2,,,,,,,0.81,1.32,0.77,0.9,0.76,1.31
Nqo2,plex_2,,,,,,,0.63,1.36,0.53,0.76,0.79,1.35
Nqo2,plex_2,,,,,,,0.63,1.36,0.53,0.76,0.79,1.35
Stx7,plex_2,,,,,,,0.7,1.13,0.82,0.7,0.77,1.17
Stx7,plex_2,,,,,,,0.7,1.13,0.82,0.7,0.77,1.17
Stx7,plex_2,,,,,,,0.7,1.13,0.82,0.7,0.77,1.17
Ccdc22,plex_2,,,,,,,0.62,1.31,0.59,0.77,0.86,1.39
Adss,plex_2,,,,,,,0.52,1.28,0.6,0.52,0.56,0.96
Lman2,plex_2,,,,,,,0.75,1.24,0.55,0.66,0.68,1.14
Atp5f1,plex_2,,,,,,,0.61,1.07,0.49,0.77,0.76,1.21
Fbp2,plex_2,,,,,,,0.53,1.17,0.61,0.91,0.87,1.36
Fbp2,plex_2,,,,,,,0.53,1.17,0.61,0.91,0.87,1.36
Itih4,plex_2,,,,,,,0.59,0.91,0.44,0.55,0.65,0.87
Pepd,plex_2,,,,,,,0.68,1.32,0.55,0.69,0.74,1.15
Sod3,plex_2,,,,,,,0.7,1.85,0.56,1.03,0.95,1.75
Psmb2,plex_2,,,,,,,0.7,1.2,0.55,0.7,0.8,1.03
Des,plex_2,,,,,,,0.93,1.74,0.49,0.93,0.71,1.22
Des,plex_2,,,,,,,0.93,1.74,0.49,0.93,0.71,1.22
Naga,plex_2,,,,,,,0.64,1.08,0.57,0.78,0.65,1.08
Naga,plex_2,,,,,,,0.64,1.08,0.57,0.78,0.65,1.08
Cenpv,plex_2,,,,,,,0.49,1.22,0.67,0.95,0.7,0.93
Anxa1,plex_2,,,,,,,0.58,1.06,0.52,0.77,0.64,1.04
Rpl18,plex_2,,,,,,,0.72,1.09,0.55,0.69,0.72,1.0
Col1a1,plex_2,,,,,,,0.53,0.9,0.6,0.78,0.93,1.62
Eif4g2,plex_2,,,,,,,0.74,1.26,0.58,0.65,0.7,1.24
Eif4g2,plex_2,,,,,,,0.74,1.26,0.58,0.65,0.7,1.24
Ak1,plex_2,,,,,,,0.67,1.26,0.67,0.78,0.78,1.0
Ak1,plex_2,,,,,,,0.67,1.26,0.67,0.78,0.78,1.0
Cpq,plex_2,,,,,,,0.55,0.94,0.64,0.64,0.6,1.0
Cpq,plex_2,,,,,,,0.55,0.94,0.64,0.64,0.6,1.0
Gmpr,plex_2,,,,,,,0.71,1.27,0.54,0.69,0.68,1.0
Cast,plex_2,,,,,,,0.66,1.14,0.55,0.72,0.66,1.12
Cast,plex_2,,,,,,,0.66,1.14,0.55,0.72,0.66,1.12
Cast,plex_2,,,,,,,0.66,1.14,0.55,0.72,0.66,1.12
Cox5b,plex_2,,,,,,,0.59,1.31,0.55,0.86,0.96,0.96
Cox5b,plex_2,,,,,,,0.59,1.31,0.55,0.86,0.96,0.96
Myl6,plex_2,,,,,,,0.69,1.35,0.66,0.94,0.57,1.24
Ndufb10,plex_2,,,,,,,0.66,1.58,0.65,0.89,0.78,1.0
Psmd1,plex_2,,,,,,,0.54,1.1,0.56,0.67,0.61,1.05
Plvap,plex_2,,,,,,,0.69,1.52,0.61,0.84,0.92,1.29
Plvap,plex_2,,,,,,,0.69,1.52,0.61,0.84,0.92,1.29
Ndufa8,plex_2,,,,,,,0.51,0.87,0.47,0.79,0.54,0.91
Clpp,plex_2,,,,,,,0.55,1.5,0.63,0.71,0.7,1.06
Tcn2,plex_2,,,,,,,0.47,1.57,0.42,0.99,0.97,1.13
Eif4h,plex_2,,,,,,,0.69,1.45,0.64,0.78,0.92,1.24
Eif4h,plex_2,,,,,,,0.69,1.45,0.64,0.78,0.92,1.24
Eif4h,plex_2,,,,,,,0.69,1.45,0.64,0.78,0.92,1.24
Eci2,plex_2,,,,,,,0.69,1.38,0.62,0.81,0.87,1.27
L2hgdh,plex_2,,,,,,,0.47,1.27,0.49,0.88,1.0,1.29
Fmo2,plex_2,,,,,,,0.59,0.93,0.53,0.46,0.67,0.78
Psma4,plex_2,,,,,,,0.67,1.1,0.48,0.7,0.68,1.02
Nars,plex_2,,,,,,,0.66,0.73,0.43,0.63,0.61,0.98
Rtn4,plex_2,,,,,,,0.75,0.95,0.58,0.73,0.68,1.18
Hist1h3i,plex_2,,,,,,,0.65,1.26,0.62,0.6,0.67,1.51
Hist1h3a,plex_2,,,,,,,0.65,1.26,0.62,0.6,0.67,1.51
Eif2a,plex_2,,,,,,,0.6,1.27,0.53,0.68,0.81,0.99
Itgav,plex_2,,,,,,,0.54,1.13,0.53,0.7,0.7,1.11
Dnaja1,plex_2,,,,,,,0.69,1.46,0.71,0.96,0.73,1.31
Pmpca,plex_2,,,,,,,0.62,1.1,0.64,0.7,0.74,1.04
Coq6,plex_2,,,,,,,0.52,1.31,0.52,0.82,0.63,1.1
Cd36,plex_2,,,,,,,0.5,1.13,0.39,0.69,0.6,0.9
Cd36,plex_2,,,,,,,0.5,1.13,0.39,0.69,0.6,0.9
Cd36,plex_2,,,,,,,0.5,1.13,0.39,0.69,0.6,0.9
Cd36,plex_2,,,,,,,0.5,1.13,0.39,0.69,0.6,0.9
Mtx2,plex_2,,,,,,,0.63,0.95,0.48,0.54,0.83,1.11
Mtx2,plex_2,,,,,,,0.63,0.95,0.48,0.54,0.83,1.11
Mtx2,plex_2,,,,,,,0.63,0.95,0.48,0.54,0.83,1.11
Sh3bgrl,plex_2,,,,,,,0.66,1.31,0.51,0.79,0.64,1.07
Sh3bgrl,plex_2,,,,,,,0.66,1.31,0.51,0.79,0.64,1.07
Akr1c19,plex_2,,,,,,,0.58,1.08,0.58,0.71,0.82,1.01
Myh1,plex_2,,,,,,,1.05,0.72,0.79,0.63,0.68,0.82
Psma1,plex_2,,,,,,,0.65,1.1,0.43,0.59,0.66,0.98
Nqo1,plex_2,,,,,,,0.55,1.28,0.51,0.71,0.84,1.23
Ndufs6,plex_2,,,,,,,0.61,1.13,0.52,0.72,0.71,0.93
Grpel1,plex_2,,,,,,,0.58,1.26,0.53,0.66,0.67,0.97
Coq9,plex_2,,,,,,,0.59,1.23,0.58,0.84,0.72,0.98
Cox6b1,plex_2,,,,,,,0.75,1.25,0.58,0.93,0.61,1.05
Clu,plex_2,,,,,,,0.57,1.28,0.43,0.68,0.72,1.08
Atp5l,plex_2,,,,,,,0.46,1.02,0.41,0.58,0.61,1.05
Atp5l,plex_2,,,,,,,0.46,1.02,0.41,0.58,0.61,1.05
Atp5l,plex_2,,,,,,,0.46,1.02,0.41,0.58,0.61,1.05
Rad23b,plex_2,,,,,,,0.73,1.42,0.63,0.76,0.87,1.25
Folh1,plex_2,,,,,,,0.51,0.89,0.49,0.58,0.7,1.35
Nudc,plex_2,,,,,,,0.73,1.39,0.56,0.76,0.64,1.15
Pck2,plex_2,,,,,,,0.65,1.14,0.46,0.83,0.76,1.09
Pck2,plex_2,,,,,,,0.65,1.14,0.46,0.83,0.76,1.09
Pck2,plex_2,,,,,,,0.65,1.14,0.46,0.83,0.76,1.09
Cttn,plex_2,,,,,,,0.67,1.2,0.53,0.55,0.56,0.8
Cttn,plex_2,,,,,,,0.67,1.2,0.53,0.55,0.56,0.8
Ywhag,plex_2,,,,,,,0.61,1.15,0.68,0.71,0.84,1.09
Gpd1l,plex_2,,,,,,,0.68,1.16,0.63,0.94,0.81,1.16
Gpd1l,plex_2,,,,,,,0.68,1.16,0.63,0.94,0.81,1.16
Abcc2,plex_2,,,,,,,0.73,0.86,0.6,0.77,0.69,1.19
Lum,plex_2,,,,,,,0.58,0.94,0.55,0.66,0.72,1.13
Mrpl37,plex_2,,,,,,,0.66,1.27,0.59,0.65,0.96,1.18
Tpd52,plex_2,,,,,,,0.88,1.56,0.62,0.89,0.54,1.38
Ilk,plex_2,,,,,,,0.53,1.07,0.51,0.65,0.69,1.04
Gstm2,plex_2,,,,,,,0.62,1.18,0.5,0.55,0.67,1.03
Hcfc1,plex_2,,,,,,,0.64,1.21,0.44,0.62,0.82,1.1
Ppif,plex_2,,,,,,,0.6,1.39,0.78,0.97,0.77,0.92
Rpl23,plex_2,,,,,,,0.69,1.32,0.54,0.71,0.66,1.14
Actn3,plex_2,,,,,,,0.79,1.12,1.45,1.19,1.24,0.71
Nsfl1c,plex_2,,,,,,,0.6,1.17,0.51,0.74,0.58,1.11
Nsfl1c,plex_2,,,,,,,0.6,1.17,0.51,0.74,0.58,1.11
Vnn1,plex_2,,,,,,,0.58,1.11,0.43,0.61,0.7,1.11
Prpf19,plex_2,,,,,,,0.67,1.13,0.54,0.76,0.72,1.18
Psmb5,plex_2,,,,,,,0.61,1.18,0.56,0.75,0.73,0.99
Slc25a20,plex_2,,,,,,,0.66,1.04,0.64,0.75,0.81,1.06
Cecr5,plex_2,,,,,,,0.61,1.24,0.65,0.83,0.91,0.87
Pdxdc1,plex_2,,,,,,,0.67,1.13,0.51,0.6,0.69,1.02
Pdxdc1,plex_2,,,,,,,0.67,1.13,0.51,0.6,0.69,1.02
Pdxdc1,plex_2,,,,,,,0.67,1.13,0.51,0.6,0.69,1.02
Dera,plex_2,,,,,,,0.7,1.25,0.36,0.79,0.72,1.18
Slc25a4,plex_2,,,,,,,0.62,1.03,0.63,0.61,0.76,1.27
Sec22b,plex_2,,,,,,,0.61,0.98,0.52,0.48,0.66,1.18
Lars,plex_2,,,,,,,0.87,1.42,0.51,1.22,0.93,1.44
Scfd1,plex_2,,,,,,,0.8,1.16,0.42,0.69,0.5,1.11
Scfd1,plex_2,,,,,,,0.8,1.16,0.42,0.69,0.5,1.11
Cycs,plex_2,,,,,,,0.63,1.18,0.56,0.8,0.6,1.02
,plex_2,,,,,,,0.75,1.33,0.56,0.73,0.77,1.46
Nap1l1,plex_2,,,,,,,0.64,1.05,0.53,0.63,0.62,0.94
Anp32a,plex_2,,,,,,,0.69,1.26,0.61,0.83,0.65,1.17
Rpl10,plex_2,,,,,,,0.61,1.11,0.48,0.64,0.72,1.29
Iars,plex_2,,,,,,,0.59,1.07,0.63,0.69,0.7,1.0
rps14,plex_2,,,,,,,0.7,1.53,0.66,0.96,0.79,1.03
Rps14,plex_2,,,,,,,0.7,1.53,0.66,0.96,0.79,1.03
Hagh,plex_2,,,,,,,0.7,1.34,0.53,0.67,0.97,1.2
Hagh,plex_2,,,,,,,0.7,1.34,0.53,0.67,0.97,1.2
Hagh,plex_2,,,,,,,0.7,1.34,0.53,0.67,0.97,1.2
Hagh,plex_2,,,,,,,0.7,1.34,0.53,0.67,0.97,1.2
Arfgef2,plex_2,,,,,,,0.74,0.93,0.53,0.8,0.62,1.14
Npm1,plex_2,,,,,,,0.69,1.36,0.63,0.69,0.71,1.03
Lmcd1,plex_2,,,,,,,0.54,1.31,0.69,0.73,0.62,1.18
Chd4,plex_2,,,,,,,0.66,1.22,0.6,0.73,0.84,1.24
Ube2n,plex_2,,,,,,,0.77,1.26,0.57,0.64,0.67,1.06
Rnpep,plex_2,,,,,,,0.71,1.24,0.59,0.63,0.72,1.16
Aldoc,plex_2,,,,,,,0.71,1.1,0.49,0.67,0.57,1.08
Cops2,plex_2,,,,,,,0.47,0.91,0.42,0.58,0.6,1.03
Cops2,plex_2,,,,,,,0.47,0.91,0.42,0.58,0.6,1.03
Sod1,plex_2,,,,,,,0.61,1.35,0.63,0.69,0.68,1.09
Syne2,plex_2,,,,,,,0.62,1.13,0.6,0.71,0.62,1.1
Pura,plex_2,,,,,,,0.6,1.09,0.4,0.6,0.72,0.85
Itga3,plex_2,,,,,,,0.71,1.5,0.58,0.81,1.07,1.32
Itga3,plex_2,,,,,,,0.71,1.5,0.58,0.81,1.07,1.32
Slc8a1,plex_2,,,,,,,0.64,0.63,0.42,0.71,0.9,1.48
Mogs,plex_2,,,,,,,0.65,0.83,0.46,0.61,0.56,1.13
Mogs,plex_2,,,,,,,0.65,0.83,0.46,0.61,0.56,1.13
Mogs,plex_2,,,,,,,0.65,0.83,0.46,0.61,0.56,1.13
Rpl17,plex_2,,,,,,,0.61,1.07,0.5,0.64,0.56,1.2
Rpl17,plex_2,,,,,,,0.61,1.07,0.5,0.64,0.56,1.2
Rpl17,plex_2,,,,,,,0.61,1.07,0.5,0.64,0.56,1.2
Rpl17,plex_2,,,,,,,0.61,1.07,0.5,0.64,0.56,1.2
Rpl17,plex_2,,,,,,,0.61,1.07,0.5,0.64,0.56,1.2
Prelp,plex_2,,,,,,,0.48,0.95,0.58,0.57,0.66,1.07
Pxn,plex_2,,,,,,,0.86,1.41,0.61,0.88,0.83,1.05
Pxn,plex_2,,,,,,,0.86,1.41,0.61,0.88,0.83,1.05
Pxn,plex_2,,,,,,,0.86,1.41,0.61,0.88,0.83,1.05
Pxn,plex_2,,,,,,,0.86,1.41,0.61,0.88,0.83,1.05
Blvrb,plex_2,,,,,,,0.6,1.04,0.41,0.67,0.75,1.13
Gimap4,plex_2,,,,,,,0.48,1.23,0.58,0.68,0.85,1.1
Lasp1,plex_2,,,,,,,0.68,1.57,0.56,0.76,0.79,0.89
Prkcsh,plex_2,,,,,,,0.63,1.32,0.56,0.71,0.62,1.04
Prkcsh,plex_2,,,,,,,0.63,1.32,0.56,0.71,0.62,1.04
Prkcsh,plex_2,,,,,,,0.63,1.32,0.56,0.71,0.62,1.04
Adh1,plex_2,,,,,,,0.83,1.08,0.46,0.65,0.66,1.07
Abhd11,plex_2,,,,,,,0.66,1.21,0.59,0.62,0.75,1.15
Ubqln1,plex_2,,,,,,,0.57,1.43,0.58,0.56,0.75,1.13
Ubqln1,plex_2,,,,,,,0.57,1.43,0.58,0.56,0.75,1.13
Rps13,plex_2,,,,,,,0.58,1.09,0.54,0.72,0.73,1.21
Rps13,plex_2,,,,,,,0.58,1.09,0.54,0.72,0.73,1.21
Pm20d1,plex_2,,,,,,,0.61,1.19,0.59,0.71,0.91,1.05
Slc5a10,plex_2,,,,,,,0.69,1.25,0.56,0.71,1.03,0.89
Slc5a10,plex_2,,,,,,,0.69,1.25,0.56,0.71,1.03,0.89
Pnpt1,plex_2,,,,,,,0.74,0.94,0.49,0.79,0.77,1.26
Pnpt1,plex_2,,,,,,,0.74,0.94,0.49,0.79,0.77,1.26
Acot8,plex_2,,,,,,,0.6,1.21,0.52,0.65,0.61,1.01
Trim28,plex_2,,,,,,,0.69,1.19,0.46,0.59,0.73,1.3
Agps,plex_2,,,,,,,0.83,1.22,0.6,0.86,0.73,1.16
Pkp4,plex_2,,,,,,,0.56,1.19,0.52,0.66,0.63,1.14
Pkp4,plex_2,,,,,,,0.56,1.19,0.52,0.66,0.63,1.14
Ftl1,plex_2,,,,,,,0.61,0.93,0.63,0.58,0.92,1.21
,plex_2,,,,,,,0.61,0.93,0.63,0.58,0.92,1.21
Smc1a,plex_2,,,,,,,0.65,1.33,0.64,0.51,0.73,1.11
Rps5,plex_2,,,,,,,0.6,0.94,0.62,0.6,0.64,1.08
Rps5,plex_2,,,,,,,0.6,0.94,0.62,0.6,0.64,1.08
Ccar2,plex_2,,,,,,,0.65,1.26,0.64,0.69,0.75,1.62
Bpgm,plex_2,,,,,,,0.57,1.15,0.37,0.74,0.85,1.23
Tpp1,plex_2,,,,,,,0.72,1.38,0.54,1.25,0.64,1.03
Tpp1,plex_2,,,,,,,0.72,1.38,0.54,1.25,0.64,1.03
Tpp1,plex_2,,,,,,,0.72,1.38,0.54,1.25,0.64,1.03
Tpp1,plex_2,,,,,,,0.72,1.38,0.54,1.25,0.64,1.03
Dhfr,plex_2,,,,,,,0.58,1.26,0.51,0.66,0.83,1.11
Elavl1,plex_2,,,,,,,0.77,1.34,0.51,0.78,0.7,1.22
Eef1b,plex_2,,,,,,,0.68,1.3,0.63,0.79,0.8,0.85
Mcu,plex_2,,,,,,,0.8,1.2,0.69,0.64,0.85,1.33
Gna13,plex_2,,,,,,,0.64,1.19,0.62,0.74,0.71,1.18
Gna13,plex_2,,,,,,,0.64,1.19,0.62,0.74,0.71,1.18
Pafah1b1,plex_2,,,,,,,0.65,1.29,0.56,0.71,0.82,1.01
Pafah1b1,plex_2,,,,,,,0.65,1.29,0.56,0.71,0.82,1.01
Apoo,plex_2,,,,,,,0.7,1.01,0.52,0.57,0.88,0.93
Apoo,plex_2,,,,,,,0.7,1.01,0.52,0.57,0.88,0.93
Apoo,plex_2,,,,,,,0.7,1.01,0.52,0.57,0.88,0.93
Cotl1,plex_2,,,,,,,0.74,1.24,0.61,0.82,0.94,1.12
Mrpl12,plex_2,,,,,,,0.64,1.24,0.47,0.72,0.62,1.19
Serpinb9,plex_2,,,,,,,0.55,1.08,0.52,0.78,0.75,1.3
Ecm29,plex_2,,,,,,,0.66,1.78,0.68,0.96,0.7,1.44
Ecm29,plex_2,,,,,,,0.66,1.78,0.68,0.96,0.7,1.44
Psmb3,plex_2,,,,,,,0.6,1.2,0.64,0.59,0.78,1.17
Acad12,plex_2,,,,,,,0.77,1.58,0.65,0.66,0.63,1.54
Acin1,plex_2,,,,,,,0.66,1.29,0.52,0.65,0.67,1.18
Acin1,plex_2,,,,,,,0.66,1.29,0.52,0.65,0.67,1.18
Coq5,plex_2,,,,,,,0.71,1.02,0.62,0.61,0.77,1.21
Acaa1a,plex_2,,,,,,,0.46,0.95,0.39,0.61,0.6,1.08
Ndufa13,plex_2,,,,,,,0.58,0.88,0.41,0.67,0.62,1.2
Gstt3,plex_2,,,,,,,0.65,1.09,0.54,0.76,0.78,1.06
Gstt3,plex_2,,,,,,,0.65,1.09,0.54,0.76,0.78,1.06
Mettl7b,plex_2,,,,,,,0.67,1.25,0.52,0.58,0.68,1.02
Fech,plex_2,,,,,,,0.61,1.03,0.46,0.59,0.78,1.04
Fech,plex_2,,,,,,,0.61,1.03,0.46,0.59,0.78,1.04
Tceb2,plex_2,,,,,,,0.54,0.84,0.61,0.52,0.58,1.13
Pdk1,plex_2,,,,,,,0.61,1.3,0.44,0.72,0.91,1.08
Pdk1,plex_2,,,,,,,0.61,1.3,0.44,0.72,0.91,1.08
Slco1a6,plex_2,,,,,,,0.76,1.21,0.46,0.58,0.74,0.86
Mrps30,plex_2,,,,,,,0.69,1.08,0.48,0.86,0.7,1.29
Nadk2,plex_2,,,,,,,0.5,1.24,0.52,0.62,0.61,1.03
Eif3d,plex_2,,,,,,,0.55,0.97,0.52,0.73,0.65,1.09
Metap1,plex_2,,,,,,,0.62,1.12,0.45,0.66,0.65,0.91
Twf1,plex_2,,,,,,,0.75,1.47,0.69,0.98,0.85,1.27
Psma2,plex_2,,,,,,,0.57,1.04,0.53,0.6,0.51,1.09
Psma2,plex_2,,,,,,,0.57,1.04,0.53,0.6,0.51,1.09
Rac1,plex_2,,,,,,,0.49,0.96,0.49,0.69,0.58,0.94
Rac1,plex_2,,,,,,,0.49,0.96,0.49,0.69,0.58,0.94
Rac1,plex_2,,,,,,,0.49,0.96,0.49,0.69,0.58,0.94
Rac1,plex_2,,,,,,,0.49,0.96,0.49,0.69,0.58,0.94
Cfb,plex_2,,,,,,,0.59,0.95,0.4,0.51,0.63,1.05
Myom2,plex_2,,,,,,,1.73,0.89,0.73,1.56,1.12,
Myom2,plex_2,,,,,,,1.73,0.89,0.73,1.56,1.12,
,plex_2,,,,,,,0.66,1.09,0.54,0.78,0.8,0.78
Slc22a12,plex_2,,,,,,,0.61,1.31,0.62,0.77,1.0,1.19
Slc22a12,plex_2,,,,,,,0.61,1.31,0.62,0.77,1.0,1.19
Tars,plex_2,,,,,,,0.69,1.28,0.66,0.93,0.71,1.21
Man2c1,plex_2,,,,,,,0.77,0.98,0.57,0.57,0.71,1.13
Man2c1,plex_2,,,,,,,0.77,0.98,0.57,0.57,0.71,1.13
Man2c1,plex_2,,,,,,,0.77,0.98,0.57,0.57,0.71,1.13
Man2c1,plex_2,,,,,,,0.77,0.98,0.57,0.57,0.71,1.13
Sf3b3,plex_2,,,,,,,1.1,2.74,0.99,1.08,1.42,1.73
Sf3b3,plex_2,,,,,,,1.1,2.74,0.99,1.08,1.42,1.73
Snx3,plex_2,,,,,,,0.66,1.15,0.54,0.66,0.64,1.01
Metap2,plex_2,,,,,,,0.63,1.1,0.51,0.57,0.65,0.99
Metap2,plex_2,,,,,,,0.63,1.1,0.51,0.57,0.65,0.99
Prmt1,plex_2,,,,,,,0.58,1.15,0.62,0.67,0.67,1.1
Prmt1,plex_2,,,,,,,0.58,1.15,0.62,0.67,0.67,1.1
Prmt1,plex_2,,,,,,,0.58,1.15,0.62,0.67,0.67,1.1
As3mt,plex_2,,,,,,,0.51,1.13,0.45,0.72,0.59,0.96
Cnn1,plex_2,,,,,,,0.87,0.98,0.95,0.85,0.36,0.78
Impa1,plex_2,,,,,,,0.66,1.18,0.67,0.62,0.67,1.02
Impa1,plex_2,,,,,,,0.66,1.18,0.67,0.62,0.67,1.02
Impa1,plex_2,,,,,,,0.66,1.18,0.67,0.62,0.67,1.02
Impa1,plex_2,,,,,,,0.66,1.18,0.67,0.62,0.67,1.02
Hspe1,plex_2,,,,,,,0.66,1.29,0.55,0.71,0.69,1.17
Fus,plex_2,,,,,,,0.51,1.21,0.53,0.61,0.73,1.14
Rps19,plex_2,,,,,,,0.6,1.29,0.57,0.67,0.48,1.06
Rps19,plex_2,,,,,,,0.6,1.29,0.57,0.67,0.48,1.06
Psmb1,plex_2,,,,,,,0.69,1.24,0.56,0.75,0.82,0.98
Mif,plex_2,,,,,,,0.61,1.03,0.59,0.6,0.65,0.9
Cops3,plex_2,,,,,,,0.64,0.98,0.58,0.64,0.83,0.58
Oxsm,plex_2,,,,,,,1.0,1.46,0.72,0.81,0.75,1.29
Oxsm,plex_2,,,,,,,1.0,1.46,0.72,0.81,0.75,1.29
Bub3,plex_2,,,,,,,0.64,1.04,0.49,0.67,0.64,1.01
Bub3,plex_2,,,,,,,0.64,1.04,0.49,0.67,0.64,1.01
Gsto1,plex_2,,,,,,,0.63,1.37,0.55,0.84,0.68,1.03
,plex_2,,,,,,,0.46,0.95,0.48,0.59,2.43,1.19
Mpc2,plex_2,,,,,,,0.7,0.97,0.5,0.6,0.66,1.17
Rps10,plex_2,,,,,,,0.61,1.13,0.52,0.59,0.58,0.95
Dhrs11,plex_2,,,,,,,0.62,1.32,0.37,0.49,0.45,0.9
Plcb1,plex_2,,,,,,,0.65,0.89,0.88,0.83,1.03,1.49
Plcb1,plex_2,,,,,,,0.65,0.89,0.88,0.83,1.03,1.49
Myof,plex_2,,,,,,,0.66,1.12,0.5,0.72,0.59,1.28
Myof,plex_2,,,,,,,0.66,1.12,0.5,0.72,0.59,1.28
Myof,plex_2,,,,,,,0.66,1.12,0.5,0.72,0.59,1.28
Myof,plex_2,,,,,,,0.66,1.12,0.5,0.72,0.59,1.28
Sacm1l,plex_2,,,,,,,0.59,0.96,0.52,0.59,0.69,1.09
Ndufa2,plex_2,,,,,,,0.59,1.13,0.5,0.64,0.74,1.03
Maoa,plex_2,,,,,,,0.62,0.78,0.36,0.48,0.49,0.97
Tpm4,plex_2,,,,,,,0.67,1.33,0.59,0.89,0.63,1.17
Gspt1,plex_2,,,,,,,0.73,1.23,0.55,0.7,0.77,1.25
Gspt1,plex_2,,,,,,,0.73,1.23,0.55,0.7,0.77,1.25
Psmd14,plex_2,,,,,,,0.58,1.2,0.52,0.78,0.66,1.19
Rmdn3,plex_2,,,,,,,0.81,1.18,0.48,0.51,0.72,1.09
S100g,plex_2,,,,,,,0.75,0.78,0.44,0.69,0.64,1.28
Gnb1,plex_2,,,,,,,0.69,1.18,0.53,0.81,0.61,1.45
Fth1,plex_2,,,,,,,0.57,0.96,0.75,0.46,1.15,1.17
Nop56,plex_2,,,,,,,0.5,1.23,0.78,0.7,0.91,1.1
Mapt,plex_2,,,,,,,0.57,1.51,0.6,0.75,0.6,1.07
Mllt4,plex_2,,,,,,,0.52,1.07,0.48,0.73,0.6,1.0
Atp6v1d,plex_2,,,,,,,0.56,1.05,0.55,0.71,0.83,1.18
Arg2,plex_2,,,,,,,0.87,2.39,0.78,0.72,1.01,1.18
Cyp2a4,plex_2,,,,,,,0.56,1.43,0.43,0.65,0.69,1.08
Tuba4a,plex_2,,,,,,,0.63,1.44,0.69,0.8,0.86,1.3
Tuba4a,plex_2,,,,,,,0.63,1.44,0.69,0.8,0.86,1.3
Dazap1,plex_2,,,,,,,0.69,1.36,0.61,0.66,0.71,1.28
H2-Q10,plex_2,,,,,,,0.61,1.11,0.4,0.57,0.67,1.07
Lgals3bp,plex_2,,,,,,,1.45,1.15,0.46,0.67,0.51,1.14
Txn,plex_2,,,,,,,0.71,1.32,0.57,0.79,0.58,1.15
Sec23ip,plex_2,,,,,,,0.64,1.4,0.51,0.77,0.84,1.11
Mpc1,plex_2,,,,,,,0.65,1.01,0.51,0.62,0.87,1.06
Mpc1,plex_2,,,,,,,0.65,1.01,0.51,0.62,0.87,1.06
Kras,plex_2,,,,,,,0.77,0.87,0.44,0.63,0.85,1.13
Kras,plex_2,,,,,,,0.77,0.87,0.44,0.63,0.85,1.13
Pycard,plex_2,,,,,,,1.2,0.82,0.91,1.1,0.44,0.98
Bag6,plex_2,,,,,,,0.71,1.12,0.64,0.8,0.74,1.41
Rpl9,plex_2,,,,,,,0.64,1.21,0.68,0.93,0.67,1.23
Rpl9-ps6,plex_2,,,,,,,0.64,1.21,0.68,0.93,0.67,1.23
Pvalb,plex_2,,,,,,,1.17,0.96,0.54,1.16,0.63,0.75
Gm2a,plex_2,,,,,,,0.63,1.1,0.53,0.57,0.64,1.0
F2,plex_2,,,,,,,0.44,0.99,0.45,0.51,0.71,1.01
F2,plex_2,,,,,,,0.44,0.99,0.45,0.51,0.71,1.01
Sept11,plex_2,,,,,,,0.64,1.29,0.56,1.04,0.8,1.08
Sept11,plex_2,,,,,,,0.64,1.29,0.56,1.04,0.8,1.08
Sept11,plex_2,,,,,,,0.64,1.29,0.56,1.04,0.8,1.08
Sept11,plex_2,,,,,,,0.64,1.29,0.56,1.04,0.8,1.08
Sept11,plex_2,,,,,,,0.64,1.29,0.56,1.04,0.8,1.08
Gnaq,plex_2,,,,,,,0.42,1.01,0.48,0.63,0.67,0.93
Echdc1,plex_2,,,,,,,0.64,1.11,0.48,0.84,0.78,1.15
Echdc1,plex_2,,,,,,,0.64,1.11,0.48,0.84,0.78,1.15
Ndufs7,plex_2,,,,,,,0.61,1.16,0.54,0.75,0.7,1.13
Rab2a,plex_2,,,,,,,0.67,0.84,0.53,0.59,0.71,1.09
Ndufa5,plex_2,,,,,,,0.71,1.16,0.52,0.77,0.74,0.95
Ruvbl2,plex_2,,,,,,,0.52,1.06,0.46,0.67,0.59,0.99
Ndufaf2,plex_2,,,,,,,0.51,1.1,0.47,0.78,0.79,1.06
Tpt1,plex_2,,,,,,,0.87,1.21,0.87,0.9,0.61,0.98
Rab6a,plex_2,,,,,,,0.6,1.02,0.52,0.6,0.62,1.02
Rab6a,plex_2,,,,,,,0.6,1.02,0.52,0.6,0.62,1.02
Atp5d,plex_2,,,,,,,0.83,1.29,0.67,0.86,0.86,0.75
Acaca,plex_2,,,,,,,0.46,0.36,0.65,0.79,0.47,1.01
Acaca,plex_2,,,,,,,0.46,0.36,0.65,0.79,0.47,1.01
Mrps36,plex_2,,,,,,,0.56,1.28,0.52,0.84,0.55,1.08
Synpo,plex_2,,,,,,,0.57,0.91,0.53,0.58,0.65,0.98
Slc12a3,plex_2,,,,,,,0.63,0.78,0.51,0.7,0.72,1.14
L3hypdh,plex_2,,,,,,,0.66,0.94,0.68,0.6,0.88,0.96
Uba2,plex_2,,,,,,,0.42,0.97,0.47,0.5,0.63,1.12
Sephs2,plex_2,,,,,,,0.56,1.11,0.57,0.63,0.62,1.13
Mrpl46,plex_2,,,,,,,0.7,1.37,0.64,0.83,0.8,1.4
Gorasp2,plex_2,,,,,,,0.83,1.22,0.63,0.62,0.68,1.05
Gorasp2,plex_2,,,,,,,0.83,1.22,0.63,0.62,0.68,1.05
Igh,plex_2,,,,,,,0.45,0.93,0.6,1.34,0.31,0.91
Pygl,plex_2,,,,,,,0.56,0.96,0.44,0.6,0.72,0.89
St13,plex_2,,,,,,,0.63,1.26,0.6,0.8,0.68,1.13
Nfu1,plex_2,,,,,,,0.75,1.3,0.63,0.64,0.68,1.01
Nfu1,plex_2,,,,,,,0.75,1.3,0.63,0.64,0.68,1.01
Mtx1,plex_2,,,,,,,0.62,1.11,0.59,0.67,0.62,1.06
Cdhr5,plex_2,,,,,,,0.65,1.05,0.47,0.61,0.72,1.11
Cdhr5,plex_2,,,,,,,0.65,1.05,0.47,0.61,0.72,1.11
Cdhr5,plex_2,,,,,,,0.65,1.05,0.47,0.61,0.72,1.11
Glrx3,plex_2,,,,,,,0.55,0.91,0.52,0.67,0.6,0.98
Cdc37,plex_2,,,,,,,0.59,1.01,0.54,0.67,0.52,1.07
Tmed4,plex_2,,,,,,,0.7,1.06,0.5,0.57,0.86,1.04
Emilin1,plex_2,,,,,,,1.17,1.21,0.57,0.77,0.55,1.66
Rpl13,plex_2,,,,,,,0.86,1.42,0.59,0.89,0.6,1.25
Arpc5,plex_2,,,,,,,0.68,1.33,0.65,0.76,0.68,1.16
Aimp1,plex_2,,,,,,,0.66,1.26,0.55,0.61,0.64,1.02
Rps6ka3,plex_2,,,,,,,0.67,1.04,0.69,0.64,0.62,1.14
Flii,plex_2,,,,,,,0.77,1.17,0.58,0.9,0.73,1.33
Mapk3,plex_2,,,,,,,0.53,1.21,0.52,0.8,0.6,1.16
Gbf1,plex_2,,,,,,,0.51,0.83,0.49,0.58,0.75,0.83
Rhot2,plex_2,,,,,,,0.62,0.89,0.59,0.7,0.58,1.24
Rpl14,plex_2,,,,,,,0.72,1.32,0.58,0.75,0.71,1.26
Hars,plex_2,,,,,,,0.7,1.08,0.56,0.72,0.71,1.15
Ndufb4,plex_2,,,,,,,0.66,1.26,0.51,0.71,0.71,1.08
Ndufb4,plex_2,,,,,,,0.66,1.26,0.51,0.71,0.71,1.08
Sdr39u1,plex_2,,,,,,,0.75,1.16,0.62,0.76,0.84,1.12
Sdr39u1,plex_2,,,,,,,0.75,1.16,0.62,0.76,0.84,1.12
Lnpep,plex_2,,,,,,,0.54,0.88,0.55,0.66,0.69,0.97
Tfg,plex_2,,,,,,,0.74,1.36,0.48,0.78,0.56,1.37
Tfg,plex_2,,,,,,,0.74,1.36,0.48,0.78,0.56,1.37
Smc3,plex_2,,,,,,,0.51,1.37,0.57,0.76,0.79,0.73
Smc3,plex_2,,,,,,,0.51,1.37,0.57,0.76,0.79,0.73
Esyt1,plex_2,,,,,,,0.85,2.08,0.69,1.24,1.29,1.67
Ccbl1,plex_2,,,,,,,0.8,1.55,0.56,0.76,0.85,1.06
Rps15a,plex_2,,,,,,,0.67,1.21,0.52,0.66,0.7,1.13
Hdhd2,plex_2,,,,,,,0.62,1.61,0.7,1.11,1.1,1.29
Eif3i,plex_2,,,,,,,0.56,1.09,0.53,0.68,0.57,1.03
Eif3i,plex_2,,,,,,,0.56,1.09,0.53,0.68,0.57,1.03
Tpmt,plex_2,,,,,,,0.69,1.27,0.49,0.67,0.83,1.07
Tpmt,plex_2,,,,,,,0.69,1.27,0.49,0.67,0.83,1.07
Ttr,plex_2,,,,,,,0.74,1.29,0.52,0.55,0.67,0.99
Prom1,plex_2,,,,,,,0.72,1.18,0.71,0.62,1.01,1.45
Prom1,plex_2,,,,,,,0.72,1.18,0.71,0.62,1.01,1.45
Prom1,plex_2,,,,,,,0.72,1.18,0.71,0.62,1.01,1.45
Prom1,plex_2,,,,,,,0.72,1.18,0.71,0.62,1.01,1.45
Prom1,plex_2,,,,,,,0.72,1.18,0.71,0.62,1.01,1.45
Prom1,plex_2,,,,,,,0.72,1.18,0.71,0.62,1.01,1.45
Prom1,plex_2,,,,,,,0.72,1.18,0.71,0.62,1.01,1.45
Prom1,plex_2,,,,,,,0.72,1.18,0.71,0.62,1.01,1.45
Chchd3,plex_2,,,,,,,0.84,1.25,0.72,0.99,0.77,1.15
Chchd3,plex_2,,,,,,,0.84,1.25,0.72,0.99,0.77,1.15
Manf,plex_2,,,,,,,0.74,1.25,0.55,0.78,0.72,1.07
Manf,plex_2,,,,,,,0.74,1.25,0.55,0.78,0.72,1.07
Hsd17b12,plex_2,,,,,,,0.49,1.05,0.55,0.52,0.65,0.85
Rbmx,plex_2,,,,,,,0.75,1.41,0.61,0.8,0.71,1.27
Psma3,plex_2,,,,,,,0.79,1.17,0.63,0.7,0.68,0.94
Psma3,plex_2,,,,,,,0.79,1.17,0.63,0.7,0.68,0.94
Naca,plex_2,,,,,,,0.76,1.04,0.58,0.66,0.39,1.11
Eif4b,plex_2,,,,,,,0.7,1.36,0.67,0.87,0.7,1.17
Myl12a,plex_2,,,,,,,0.68,1.43,0.67,0.8,0.71,1.1
Armc1,plex_2,,,,,,,0.71,1.41,0.55,0.69,0.78,1.3
,plex_2,,,,,,,0.54,0.92,0.48,0.61,0.68,0.78
Atp5i,plex_2,,,,,,,0.74,1.37,0.54,0.94,0.75,1.25
Irf2bp2,plex_2,,,,,,,0.52,1.46,0.55,0.8,0.76,1.02
Pdzd11,plex_2,,,,,,,0.72,1.44,0.62,1.02,0.77,1.24
Plin3,plex_2,,,,,,,0.59,1.63,0.53,0.87,0.88,1.44
Mecp2,plex_2,,,,,,,0.58,1.03,0.52,0.72,0.66,1.29
Mecp2,plex_2,,,,,,,0.58,1.03,0.52,0.72,0.66,1.29
Ppp1r7,plex_2,,,,,,,0.65,1.17,0.53,0.56,0.49,0.99
Cryab,plex_2,,,,,,,1.06,1.54,0.68,0.5,0.59,0.8
Api5,plex_2,,,,,,,0.52,0.94,0.62,0.63,0.7,1.01
Rpl22,plex_2,,,,,,,0.81,1.71,0.61,0.88,0.92,1.07
Cops4,plex_2,,,,,,,0.61,1.12,0.46,0.74,0.63,0.99
Tmed10,plex_2,,,,,,,0.68,1.18,0.49,0.66,0.67,1.01
Parp1,plex_2,,,,,,,0.65,1.04,0.46,0.6,0.55,1.03
Tpd52l2,plex_2,,,,,,,0.47,1.04,0.59,0.68,0.63,0.64
Tpd52l2,plex_2,,,,,,,0.47,1.04,0.59,0.68,0.63,0.64
Tpd52l2,plex_2,,,,,,,0.47,1.04,0.59,0.68,0.63,0.64
Tpd52l2,plex_2,,,,,,,0.47,1.04,0.59,0.68,0.63,0.64
Gm10020,plex_2,,,,,,,0.56,0.91,0.49,0.67,0.57,1.03
Rpl15,plex_2,,,,,,,0.56,0.91,0.49,0.67,0.57,1.03
Rpl15,plex_2,,,,,,,0.56,0.91,0.49,0.67,0.57,1.03
Hexb,plex_2,,,,,,,0.57,0.95,0.5,0.66,0.61,1.16
Hnrnpa0,plex_2,,,,,,,0.69,1.35,0.67,0.95,0.64,1.55
Actg1,plex_2,,,,,,,,,,,,
Timm50,plex_2,,,,,,,0.58,1.08,0.46,0.52,0.74,0.86
Scrn3,plex_2,,,,,,,0.57,0.98,0.39,0.64,0.67,0.84
Eif5,plex_2,,,,,,,0.69,1.22,0.5,0.75,0.84,1.15
Alyref,plex_2,,,,,,,0.75,1.16,0.5,0.72,0.7,1.13
Dbi,plex_2,,,,,,,0.57,1.28,0.54,0.73,0.54,0.94
Lamb2,plex_2,,,,,,,0.69,1.07,0.76,1.24,0.68,0.82
Pcyox1,plex_2,,,,,,,0.7,1.26,0.6,0.7,0.72,0.97
Pcyox1,plex_2,,,,,,,0.7,1.26,0.6,0.7,0.72,0.97
Pcyox1,plex_2,,,,,,,0.7,1.26,0.6,0.7,0.72,0.97
Pfas,plex_2,,,,,,,0.67,1.33,0.73,0.65,0.91,1.09
Coro1b,plex_2,,,,,,,0.6,1.06,0.56,0.66,0.7,0.9
Rps16,plex_2,,,,,,,0.68,1.31,0.63,0.89,0.8,1.32
Ptcd3,plex_2,,,,,,,0.67,0.88,0.51,0.7,0.66,0.98
Sfxn2,plex_2,,,,,,,0.53,0.98,0.43,0.55,0.73,1.17
Mlycd,plex_2,,,,,,,0.54,1.13,0.58,0.93,0.71,0.98
Ugt3a1,plex_2,,,,,,,0.76,1.75,0.61,0.74,0.61,1.13
Hist1h3e,plex_2,,,,,,,0.65,0.5,0.57,0.41,0.6,1.25
Hist1h3b,plex_2,,,,,,,0.65,0.5,0.57,0.41,0.6,1.25
C2cd2l,plex_2,,,,,,,0.69,1.08,0.62,0.7,0.87,1.11
Iscu,plex_2,,,,,,,0.54,1.24,0.63,0.64,0.67,1.06
Tgfbi,plex_2,,,,,,,0.63,1.13,0.45,0.51,0.75,1.17
Tgfbi,plex_2,,,,,,,0.63,1.13,0.45,0.51,0.75,1.17
Cpne3,plex_2,,,,,,,0.76,1.19,0.65,0.77,0.74,1.14
Aimp2,plex_2,,,,,,,0.54,0.87,0.46,0.54,0.45,1.25
Cpt1b,plex_2,,,,,,,0.66,1.0,0.44,0.65,0.71,1.09
U2af2,plex_2,,,,,,,0.91,2.1,0.72,1.04,0.91,1.28
U2af2,plex_2,,,,,,,0.91,2.1,0.72,1.04,0.91,1.28
Eif2s1,plex_2,,,,,,,0.64,1.17,0.66,0.73,0.86,1.1
Ppic,plex_2,,,,,,,0.74,1.39,0.59,0.7,0.61,1.17
Pmm2,plex_2,,,,,,,0.63,1.21,0.62,0.85,0.68,1.14
Plekha7,plex_2,,,,,,,0.54,1.39,0.45,0.79,0.81,1.19
Plekha7,plex_2,,,,,,,0.54,1.39,0.45,0.79,0.81,1.19
Atp6v0d2,plex_2,,,,,,,0.91,1.33,0.71,1.3,1.47,0.77
Eif3l,plex_2,,,,,,,0.65,1.16,0.58,0.68,0.81,1.14
Chchd6,plex_2,,,,,,,0.83,1.34,0.52,0.91,0.83,1.33
Chchd6,plex_2,,,,,,,0.83,1.34,0.52,0.91,0.83,1.33
Ilvbl,plex_2,,,,,,,0.51,1.07,0.65,0.86,0.72,1.44
Rmdn1,plex_2,,,,,,,0.63,1.31,0.55,0.94,0.85,1.28
Atl3,plex_2,,,,,,,0.66,1.05,0.49,0.71,0.9,1.15
Mgst3,plex_2,,,,,,,0.77,1.28,0.31,0.46,1.14,1.24
Lman1,plex_2,,,,,,,0.7,1.17,0.62,0.76,0.66,1.25
Isoc2b,plex_2,,,,,,,0.49,1.02,0.56,0.69,0.62,1.18
Tmed7,plex_2,,,,,,,0.52,1.27,0.61,0.88,0.79,1.09
Lonp2,plex_2,,,,,,,0.56,1.13,0.53,0.72,0.46,0.85
Fhl1,plex_2,,,,,,,0.74,1.33,0.51,0.73,0.63,0.78
PSME2b,plex_2,,,,,,,0.76,1.17,0.53,0.68,0.63,1.17
Ptpn11,plex_2,,,,,,,0.59,1.19,0.5,0.73,0.56,1.21
Ptpn11,plex_2,,,,,,,0.59,1.19,0.5,0.73,0.56,1.21
Tns3,plex_2,,,,,,,0.79,1.02,0.59,0.7,0.65,1.12
,plex_2,,,,,,,0.51,0.88,0.52,0.7,1.62,1.24
Ubap2l,plex_2,,,,,,,0.73,1.57,0.58,0.59,0.6,1.02
Ubap2l,plex_2,,,,,,,0.73,1.57,0.58,0.59,0.6,1.02
Ubap2l,plex_2,,,,,,,0.73,1.57,0.58,0.59,0.6,1.02
Ubap2l,plex_2,,,,,,,0.73,1.57,0.58,0.59,0.6,1.02
Ubap2l,plex_2,,,,,,,0.73,1.57,0.58,0.59,0.6,1.02
Ubap2l,plex_2,,,,,,,0.73,1.57,0.58,0.59,0.6,1.02
Ubap2l,plex_2,,,,,,,0.73,1.57,0.58,0.59,0.6,1.02
lig-2a,plex_2,,,,,,,0.73,1.57,0.58,0.59,0.6,1.02
Ubap2l,plex_2,,,,,,,0.73,1.57,0.58,0.59,0.6,1.02
Ubap2l,plex_2,,,,,,,0.73,1.57,0.58,0.59,0.6,1.02
,plex_2,,,,,,,0.41,0.86,0.66,0.42,2.77,0.99
Vbp1,plex_2,,,,,,,0.49,1.1,0.45,0.68,0.57,1.13
Vbp1,plex_2,,,,,,,0.49,1.1,0.45,0.68,0.57,1.13
Rps6,plex_2,,,,,,,0.68,1.26,0.64,0.95,0.53,1.16
Arsb,plex_2,,,,,,,0.59,1.24,0.59,0.85,0.67,1.0
Arsb,plex_2,,,,,,,0.59,1.24,0.59,0.85,0.67,1.0
Rplp1,plex_2,,,,,,,0.6,1.42,0.51,0.8,0.6,0.96
Hrg,plex_2,,,,,,,0.56,1.4,0.5,0.74,0.76,1.12
Pdk3,plex_2,,,,,,,0.53,1.06,0.42,0.65,0.78,1.09
Clptm1,plex_2,,,,,,,0.57,0.83,0.35,0.63,0.57,0.8
Atad1,plex_2,,,,,,,0.74,0.82,0.52,0.55,0.86,1.52
Pdk2,plex_2,,,,,,,0.67,1.21,0.52,0.74,0.89,0.95
Afm,plex_2,,,,,,,0.55,0.96,0.49,0.73,0.77,1.04
Afm,plex_2,,,,,,,0.55,0.96,0.49,0.73,0.77,1.04
Gng12,plex_2,,,,,,,0.71,0.85,0.42,0.73,0.85,0.97
Gng12,plex_2,,,,,,,0.71,0.85,0.42,0.73,0.85,0.97
Gng12,plex_2,,,,,,,0.71,0.85,0.42,0.73,0.85,0.97
Manba,plex_2,,,,,,,0.78,1.43,0.6,0.68,0.71,1.38
Rbpms,plex_2,,,,,,,0.59,1.61,0.53,0.92,0.81,1.19
Hdac6,plex_2,,,,,,,0.73,1.54,0.74,1.15,0.78,1.24
Hdac6,plex_2,,,,,,,0.73,1.54,0.74,1.15,0.78,1.24
Hdac6,plex_2,,,,,,,0.73,1.54,0.74,1.15,0.78,1.24
Hdac6,plex_2,,,,,,,0.73,1.54,0.74,1.15,0.78,1.24
Col6a2,plex_2,,,,,,,0.77,1.51,0.59,0.65,0.91,1.36
Rps12-ps3,plex_2,,,,,,,0.66,1.33,0.6,0.85,0.6,1.01
Cdc42,plex_2,,,,,,,0.65,1.01,0.47,0.75,0.86,1.21
Mark2,plex_2,,,,,,,0.64,1.19,0.59,0.62,0.59,1.1
Mark2,plex_2,,,,,,,0.64,1.19,0.59,0.62,0.59,1.1
Mark2,plex_2,,,,,,,0.64,1.19,0.59,0.62,0.59,1.1
Mark2,plex_2,,,,,,,0.64,1.19,0.59,0.62,0.59,1.1
Uqcrb,plex_2,,,,,,,0.7,1.51,0.61,0.9,0.9,1.25
Uqcrb,plex_2,,,,,,,0.7,1.51,0.61,0.9,0.9,1.25
Lrpap1,plex_2,,,,,,,0.68,1.31,0.57,0.7,0.62,1.04
Snx6,plex_2,,,,,,,0.64,1.24,0.59,0.64,0.66,1.07
Mybpc2,plex_2,,,,,,,0.75,0.87,0.54,0.75,0.82,1.14
Ptrh2,plex_2,,,,,,,0.65,0.96,0.54,0.65,0.66,1.08
Plbd2,plex_2,,,,,,,0.62,1.22,0.39,0.72,0.66,1.21
Dnajc11,plex_2,,,,,,,0.79,1.03,0.5,0.84,0.65,1.35
Snx18,plex_2,,,,,,,0.67,1.47,0.73,1.24,1.0,1.48
Snx18,plex_2,,,,,,,0.67,1.47,0.73,1.24,1.0,1.48
Snx18,plex_2,,,,,,,0.67,1.47,0.73,1.24,1.0,1.48
Rras2,plex_2,,,,,,,0.7,1.18,0.58,0.76,0.71,1.25
Ccdc47,plex_2,,,,,,,0.65,1.09,0.53,0.77,0.69,1.22
Sh3bgrl3,plex_2,,,,,,,0.79,1.16,0.68,0.78,0.85,1.05
Ptprk,plex_2,,,,,,,0.7,1.17,0.57,0.77,0.8,1.17
Gpx4,plex_2,,,,,,,0.7,1.2,0.51,0.74,0.72,0.97
Rdh13,plex_2,,,,,,,0.52,1.03,0.37,0.67,0.53,1.17
Rdh13,plex_2,,,,,,,0.52,1.03,0.37,0.67,0.53,1.17
Tnpo1,plex_2,,,,,,,0.63,1.06,0.47,0.5,0.6,1.16
Tnpo1,plex_2,,,,,,,0.63,1.06,0.47,0.5,0.6,1.16
Isyna1,plex_2,,,,,,,0.49,1.42,0.58,0.59,0.55,1.27
Akr1e2,plex_2,,,,,,,0.51,0.97,0.47,0.55,0.67,0.98
Psmb6,plex_2,,,,,,,0.62,1.32,0.53,0.63,0.79,0.96
Eml2,plex_2,,,,,,,0.54,1.16,0.6,0.72,0.71,1.02
Otub1,plex_2,,,,,,,0.68,1.12,0.56,0.6,0.72,1.03
Otub1,plex_2,,,,,,,0.68,1.12,0.56,0.6,0.72,1.03
Fam129a,plex_2,,,,,,,1.01,1.49,0.5,0.75,0.56,1.85
Coro1c,plex_2,,,,,,,0.62,1.11,0.5,0.82,0.71,1.16
Ndufa6,plex_2,,,,,,,0.66,1.14,0.5,0.71,0.68,1.01
Ppp2r4,plex_2,,,,,,,0.61,1.07,0.53,0.62,0.64,0.95
Mrps31,plex_2,,,,,,,0.75,1.47,0.53,0.76,0.82,1.28
Erlin1,plex_2,,,,,,,0.64,1.35,0.57,0.44,0.55,1.24
Erlin1,plex_2,,,,,,,0.64,1.35,0.57,0.44,0.55,1.24
Mapre1,plex_2,,,,,,,0.53,1.13,0.56,0.65,0.54,0.98
Ybx1,plex_2,,,,,,,0.78,1.47,0.71,0.81,0.49,1.21
Ybx1,plex_2,,,,,,,0.78,1.47,0.71,0.81,0.49,1.21
Ybx1,plex_2,,,,,,,0.78,1.47,0.71,0.81,0.49,1.21
Ybx1,plex_2,,,,,,,0.78,1.47,0.71,0.81,0.49,1.21
Itih2,plex_2,,,,,,,0.61,0.99,0.53,0.9,0.6,1.23
H1f0,plex_2,,,,,,,0.57,1.17,0.57,0.61,0.58,1.13
Ewsr1,plex_2,,,,,,,0.56,1.14,0.46,0.58,0.57,0.92
Dap3,plex_2,,,,,,,0.49,0.85,0.43,0.68,0.72,1.06
Lrrc40,plex_2,,,,,,,0.84,1.61,0.77,1.05,1.02,1.68
Lrrc40,plex_2,,,,,,,0.84,1.61,0.77,1.05,1.02,1.68
Gnas,plex_2,,,,,,,0.62,1.07,0.4,0.75,0.63,1.19
Gnas,plex_2,,,,,,,0.62,1.07,0.4,0.75,0.63,1.19
Vps4b,plex_2,,,,,,,0.77,0.87,0.57,0.61,0.69,1.27
Serbp1,plex_2,,,,,,,0.75,1.51,0.64,0.85,0.72,1.23
Serbp1,plex_2,,,,,,,0.75,1.51,0.64,0.85,0.72,1.23
Serbp1,plex_2,,,,,,,0.75,1.51,0.64,0.85,0.72,1.23
Cops8,plex_2,,,,,,,0.74,1.37,0.62,0.72,0.87,1.09
Serpinb6a,plex_2,,,,,,,0.63,1.13,0.54,0.8,0.74,1.11
Grsf1,plex_2,,,,,,,0.7,1.15,0.52,0.73,0.63,1.21
Grsf1,plex_2,,,,,,,0.7,1.15,0.52,0.73,0.63,1.21
Krt19,plex_2,,,,,,,0.62,1.12,0.61,0.82,0.41,1.19
Cul3,plex_2,,,,,,,0.72,1.18,0.62,0.87,1.34,1.39
Arpc3,plex_2,,,,,,,0.87,1.65,0.87,1.15,0.79,1.28
Mtfr1l,plex_2,,,,,,,0.61,1.24,0.51,0.73,0.73,1.16
Mthfs,plex_2,,,,,,,0.59,1.02,0.57,0.71,0.68,0.98
Sae1,plex_2,,,,,,,0.59,1.19,0.48,0.66,0.74,1.3
Sae1,plex_2,,,,,,,0.59,1.19,0.48,0.66,0.74,1.3
Sf3a1,plex_2,,,,,,,0.64,1.15,0.47,0.72,0.68,1.27
Sdpr,plex_2,,,,,,,0.63,1.07,0.5,0.91,0.8,0.95
Aspscr1,plex_2,,,,,,,0.55,1.01,0.52,0.55,0.68,0.96
Ociad1,plex_2,,,,,,,0.7,1.27,0.58,0.75,0.77,1.17
Slc34a1,plex_2,,,,,,,0.52,0.97,0.64,0.75,0.72,1.03
Slc34a1,plex_2,,,,,,,0.52,0.97,0.64,0.75,0.72,1.03
Lin7c,plex_2,,,,,,,0.67,1.34,0.61,0.93,0.73,1.17
Lin7c,plex_2,,,,,,,0.67,1.34,0.61,0.93,0.73,1.17
Lin7c,plex_2,,,,,,,0.67,1.34,0.61,0.93,0.73,1.17
Arl3,plex_2,,,,,,,0.54,1.06,0.47,0.65,0.7,0.96
Epb41l2,plex_2,,,,,,,0.59,1.09,0.56,0.75,0.67,1.13
Rabggta,plex_2,,,,,,,0.61,1.18,0.44,1.02,0.59,1.11
Rabggta,plex_2,,,,,,,0.61,1.18,0.44,1.02,0.59,1.11
Fn3krp,plex_2,,,,,,,0.75,1.46,0.52,0.9,0.74,1.52
Dhdh,plex_2,,,,,,,0.78,1.47,0.95,0.68,0.74,1.04
Dhdh,plex_2,,,,,,,0.78,1.47,0.95,0.68,0.74,1.04
Mrrf,plex_2,,,,,,,0.69,1.27,0.52,0.66,0.61,1.14
Cbs,plex_2,,,,,,,0.63,1.22,0.56,0.62,0.69,1.24
Cbs,plex_2,,,,,,,0.63,1.22,0.56,0.62,0.69,1.24
Hspb1,plex_2,,,,,,,0.74,1.66,0.74,0.9,0.74,1.48
Pdlim2,plex_2,,,,,,,0.91,1.52,0.46,0.81,0.77,1.38
Psmb7,plex_2,,,,,,,0.61,1.24,0.57,0.67,0.76,0.96
Psmb7,plex_2,,,,,,,0.61,1.24,0.57,0.67,0.76,0.96
Slc25a1,plex_2,,,,,,,0.55,0.81,0.48,0.57,0.62,1.08
Fkbp2,plex_2,,,,,,,0.57,1.25,0.49,0.84,0.61,0.94
Stx12,plex_2,,,,,,,0.54,1.44,0.69,0.54,0.8,1.09
Tsnax,plex_2,,,,,,,0.83,2.04,0.98,1.51,1.06,2.05
Tsnax,plex_2,,,,,,,0.83,2.04,0.98,1.51,1.06,2.05
Galnt11,plex_2,,,,,,,0.55,1.2,0.57,0.6,0.73,1.1
Anp32e,plex_2,,,,,,,0.89,1.33,0.59,0.9,1.1,1.45
Anp32e,plex_2,,,,,,,0.89,1.33,0.59,0.9,1.1,1.45
Pgp,plex_2,,,,,,,0.96,2.5,0.86,2.05,1.51,1.92
Armc10,plex_2,,,,,,,0.72,1.29,0.57,0.56,0.46,2.18
Armc10,plex_2,,,,,,,0.72,1.29,0.57,0.56,0.46,2.18
Pdcd4,plex_2,,,,,,,0.71,1.12,0.58,0.76,1.01,1.4
Calu,plex_2,,,,,,,0.81,1.38,0.59,0.68,0.56,0.93
Calu,plex_2,,,,,,,0.81,1.38,0.59,0.68,0.56,0.93
Agfg1,plex_2,,,,,,,1.05,2.51,0.73,0.81,1.42,1.78
Agfg1,plex_2,,,,,,,1.05,2.51,0.73,0.81,1.42,1.78
Agfg1,plex_2,,,,,,,1.05,2.51,0.73,0.81,1.42,1.78
Agfg1,plex_2,,,,,,,1.05,2.51,0.73,0.81,1.42,1.78
Hnrnpr,plex_2,,,,,,,0.65,1.16,0.62,0.65,0.6,1.27
Hnrnpr,plex_2,,,,,,,0.65,1.16,0.62,0.65,0.6,1.27
Hnrnpr,plex_2,,,,,,,0.65,1.16,0.62,0.65,0.6,1.27
Agl,plex_2,,,,,,,0.9,1.7,0.83,1.09,0.82,1.92
Oxsr1,plex_2,,,,,,,0.8,1.26,0.54,0.65,0.91,1.49
Uqcrh,plex_2,,,,,,,0.56,1.28,0.49,0.75,0.75,1.18
Lipa,plex_2,,,,,,,0.53,1.01,0.51,0.45,0.66,1.09
Lipa,plex_2,,,,,,,0.53,1.01,0.51,0.45,0.66,1.09
Lipa,plex_2,,,,,,,0.53,1.01,0.51,0.45,0.66,1.09
Apex1,plex_2,,,,,,,0.55,0.97,0.57,0.57,0.67,1.18
Umps,plex_2,,,,,,,0.62,1.16,0.64,0.63,0.67,1.28
Umps,plex_2,,,,,,,0.62,1.16,0.64,0.63,0.67,1.28
Rbm39,plex_2,,,,,,,0.53,1.4,0.48,0.84,0.8,1.36
Rbm39,plex_2,,,,,,,0.53,1.4,0.48,0.84,0.8,1.36
Rbm39,plex_2,,,,,,,0.53,1.4,0.48,0.84,0.8,1.36
Ndufs5,plex_2,,,,,,,0.63,1.14,0.54,0.76,0.71,1.15
Scyl2,plex_2,,,,,,,0.68,1.06,0.67,0.58,0.61,1.1
Tsta3,plex_2,,,,,,,0.61,1.4,0.55,0.67,0.87,1.16
Snap23,plex_2,,,,,,,0.62,0.88,0.49,0.62,0.64,0.91
Snap23,plex_2,,,,,,,0.62,0.88,0.49,0.62,0.64,0.91
Tgfb1i1,plex_2,,,,,,,0.56,1.15,0.58,0.86,0.69,1.25
Tgfb1i1,plex_2,,,,,,,0.56,1.15,0.58,0.86,0.69,1.25
Cd81,plex_2,,,,,,,0.53,0.65,0.38,0.42,0.59,0.67
Atp5j,plex_2,,,,,,,0.77,1.59,0.64,0.97,0.81,1.08
Snap47,plex_2,,,,,,,1.07,1.09,0.55,0.56,0.93,1.11
Cyp4a10,plex_2,,,,,,,0.59,0.98,0.62,0.76,0.84,0.89
Ggact,plex_2,,,,,,,0.55,1.39,0.58,0.79,0.85,0.9
Ggact,plex_2,,,,,,,0.55,1.39,0.58,0.79,0.85,0.9
Ggact,plex_2,,,,,,,0.55,1.39,0.58,0.79,0.85,0.9
Msi2,plex_2,,,,,,,0.66,1.35,0.64,0.95,1.07,0.75
Msi2,plex_2,,,,,,,0.66,1.35,0.64,0.95,1.07,0.75
Msi2,plex_2,,,,,,,0.66,1.35,0.64,0.95,1.07,0.75
Rplp2,plex_2,,,,,,,0.59,1.24,0.43,0.74,0.5,1.04
Csrp2,plex_2,,,,,,,0.42,1.41,0.47,0.79,0.56,1.04
Tubb5,plex_2,,,,,,,0.45,1.03,0.81,0.51,0.55,1.11
Eif3j1,plex_2,,,,,,,0.62,1.07,0.42,0.6,0.69,0.91
Eif3j2,plex_2,,,,,,,0.62,1.07,0.42,0.6,0.69,0.91
Rbm3,plex_2,,,,,,,1.23,4.91,,3.62,2.11,5.7
Rbm3,plex_2,,,,,,,1.23,4.91,,3.62,2.11,5.7
Rbm3,plex_2,,,,,,,1.23,4.91,,3.62,2.11,5.7
Rbm3,plex_2,,,,,,,1.23,4.91,,3.62,2.11,5.7
Ankfy1,plex_2,,,,,,,0.8,1.49,0.7,0.95,0.75,1.17
Ndufb7,plex_2,,,,,,,0.62,1.13,0.6,0.73,0.76,0.87
Tbrg4,plex_2,,,,,,,0.68,1.35,0.49,0.88,0.76,1.15
Dcps,plex_2,,,,,,,0.68,1.21,0.49,0.78,0.83,1.25
Hmgcs1,plex_2,,,,,,,0.71,1.36,0.48,0.78,0.58,0.92
Fam213a,plex_2,,,,,,,0.75,1.31,0.49,0.77,0.68,1.02
Fam213a,plex_2,,,,,,,0.75,1.31,0.49,0.77,0.68,1.02
Hnrnpll,plex_2,,,,,,,0.53,1.02,0.42,0.53,0.62,0.96
Hnrnpul1,plex_2,,,,,,,0.41,0.87,0.41,0.58,0.48,0.85
Ap1m2,plex_2,,,,,,,0.68,1.02,0.45,0.57,0.62,1.0
Myef2,plex_2,,,,,,,0.5,0.95,0.45,0.57,0.52,0.87
Myef2,plex_2,,,,,,,0.5,0.95,0.45,0.57,0.52,0.87
Myef2,plex_2,,,,,,,0.5,0.95,0.45,0.57,0.52,0.87
Sec24b,plex_2,,,,,,,0.74,1.24,0.58,0.58,0.68,1.11
Vtn,plex_2,,,,,,,0.57,1.19,0.43,0.64,0.55,0.87
Prpsap1,plex_2,,,,,,,0.51,1.18,0.45,0.8,0.73,1.18
Prpsap1,plex_2,,,,,,,0.51,1.18,0.45,0.8,0.73,1.18
Macrod1,plex_2,,,,,,,0.66,1.49,0.55,0.75,0.91,1.13
Rab5b,plex_2,,,,,,,0.84,1.29,0.61,0.77,0.97,1.14
Rab5b,plex_2,,,,,,,0.84,1.29,0.61,0.77,0.97,1.14
Eif1,plex_2,,,,,,,0.95,1.19,0.62,0.72,0.85,1.22
Pabpc4,plex_2,,,,,,,0.59,1.32,0.63,0.74,0.67,1.1
Pabpc4,plex_2,,,,,,,0.59,1.32,0.63,0.74,0.67,1.1
Pabpc4,plex_2,,,,,,,0.59,1.32,0.63,0.74,0.67,1.1
Pabpc4,plex_2,,,,,,,0.59,1.32,0.63,0.74,0.67,1.1
Pabpc4,plex_2,,,,,,,0.59,1.32,0.63,0.74,0.67,1.1
Gm10110,plex_2,,,,,,,0.59,1.32,0.63,0.74,0.67,1.1
Agk,plex_2,,,,,,,0.77,1.15,0.52,0.83,0.85,1.45
Ilf3,plex_2,,,,,,,0.59,1.0,0.47,0.55,0.63,1.0
Ilf3,plex_2,,,,,,,0.59,1.0,0.47,0.55,0.63,1.0
Ilf3,plex_2,,,,,,,0.59,1.0,0.47,0.55,0.63,1.0
Tnnt3,plex_2,,,,,,,0.85,0.83,0.91,0.68,1.0,0.41
Tnnt3,plex_2,,,,,,,0.85,0.83,0.91,0.68,1.0,0.41
Tnnt3,plex_2,,,,,,,0.85,0.83,0.91,0.68,1.0,0.41
Tnnt3,plex_2,,,,,,,0.85,0.83,0.91,0.68,1.0,0.41
Tnnt3,plex_2,,,,,,,0.85,0.83,0.91,0.68,1.0,0.41
Tnnt3,plex_2,,,,,,,0.85,0.83,0.91,0.68,1.0,0.41
Tnnt3,plex_2,,,,,,,0.85,0.83,0.91,0.68,1.0,0.41
Tnnt3,plex_2,,,,,,,0.85,0.83,0.91,0.68,1.0,0.41
Tnnt3,plex_2,,,,,,,0.85,0.83,0.91,0.68,1.0,0.41
Tnnt3,plex_2,,,,,,,0.85,0.83,0.91,0.68,1.0,0.41
Tnnt3,plex_2,,,,,,,0.85,0.83,0.91,0.68,1.0,0.41
Nckap1,plex_2,,,,,,,0.65,1.06,0.57,0.63,1.06,1.06
Sar1a,plex_2,,,,,,,0.62,1.1,0.47,0.56,0.6,0.95
Sntb2,plex_2,,,,,,,0.66,1.21,0.54,0.7,0.83,1.14
Sntb2,plex_2,,,,,,,0.66,1.21,0.54,0.7,0.83,1.14
Sntb2,plex_2,,,,,,,0.66,1.21,0.54,0.7,0.83,1.14
Rpl18a,plex_2,,,,,,,0.53,1.12,0.57,0.69,0.65,1.15
Yars2,plex_2,,,,,,,0.53,0.83,0.36,0.35,0.71,1.14
Itpa,plex_2,,,,,,,0.62,1.19,0.52,0.53,0.64,1.09
Agpat3,plex_2,,,,,,,0.68,1.14,0.39,0.64,0.64,1.09
Tomm22,plex_2,,,,,,,0.63,0.97,0.47,0.68,0.46,1.11
Ahsa1,plex_2,,,,,,,0.64,1.11,0.78,0.66,0.58,1.04
Eps15l1,plex_2,,,,,,,0.7,1.0,0.51,0.59,0.79,1.09
Eps15l1,plex_2,,,,,,,0.7,1.0,0.51,0.59,0.79,1.09
Eps15l1,plex_2,,,,,,,0.7,1.0,0.51,0.59,0.79,1.09
Adssl1,plex_2,,,,,,,0.71,1.38,0.91,0.7,0.8,0.99
Adssl1,plex_2,,,,,,,0.71,1.38,0.91,0.7,0.8,0.99
Adssl1,plex_2,,,,,,,0.71,1.38,0.91,0.7,0.8,0.99
Rpl24,plex_2,,,,,,,0.68,1.22,0.66,0.75,0.61,1.21
Chmp4b,plex_2,,,,,,,0.96,2.12,0.8,1.04,0.89,1.18
Renbp,plex_2,,,,,,,0.73,1.32,0.68,1.0,0.82,1.14
Renbp,plex_2,,,,,,,0.73,1.32,0.68,1.0,0.82,1.14
Renbp,plex_2,,,,,,,0.73,1.32,0.68,1.0,0.82,1.14
Csde1,plex_2,,,,,,,0.64,1.11,0.59,0.7,0.72,1.02
Uchl3,plex_2,,,,,,,0.67,1.34,0.51,0.68,0.67,1.02
Rps9,plex_2,,,,,,,0.61,1.04,0.57,0.72,0.63,1.07
Cisd1,plex_2,,,,,,,0.79,1.11,0.6,0.84,0.86,1.3
Plaa,plex_2,,,,,,,0.63,0.98,0.49,0.73,0.61,0.96
Pdlim7,plex_2,,,,,,,0.73,1.01,0.64,0.74,0.62,1.07
Mttp,plex_2,,,,,,,0.46,0.66,0.43,0.44,0.67,0.93
Mttp,plex_2,,,,,,,0.46,0.66,0.43,0.44,0.67,0.93
Capza1,plex_2,,,,,,,0.86,1.44,0.87,0.98,0.84,1.62
Mta2,plex_2,,,,,,,0.58,1.3,0.59,0.68,0.67,1.42
Edc4,plex_2,,,,,,,0.55,1.5,0.78,0.82,0.96,1.29
Edc4,plex_2,,,,,,,0.55,1.5,0.78,0.82,0.96,1.29
Sorbs1,plex_2,,,,,,,0.71,1.52,0.73,0.75,0.8,1.24
Sorbs1,plex_2,,,,,,,0.71,1.52,0.73,0.75,0.8,1.24
Sorbs1,plex_2,,,,,,,0.71,1.52,0.73,0.75,0.8,1.24
Sorbs1,plex_2,,,,,,,0.71,1.52,0.73,0.75,0.8,1.24
Sorbs1,plex_2,,,,,,,0.71,1.52,0.73,0.75,0.8,1.24
Sorbs1,plex_2,,,,,,,0.71,1.52,0.73,0.75,0.8,1.24
Hsd11b1,plex_2,,,,,,,0.7,1.05,0.55,0.63,0.54,1.01
Hsd11b1,plex_2,,,,,,,0.7,1.05,0.55,0.63,0.54,1.01
Banf1,plex_2,,,,,,,0.63,1.33,0.43,0.54,0.68,1.94
Vapa,plex_2,,,,,,,0.59,1.17,0.56,0.67,0.62,1.12
Wasl,plex_2,,,,,,,0.68,1.17,0.5,0.69,0.66,1.13
Wasl,plex_2,,,,,,,0.68,1.17,0.5,0.69,0.66,1.13
Pdcd6,plex_2,,,,,,,0.83,1.35,0.64,0.71,0.7,1.29
Pdcd6,plex_2,,,,,,,0.83,1.35,0.64,0.71,0.7,1.29
Farp1,plex_2,,,,,,,0.58,1.03,0.43,0.58,0.66,1.06
Itsn2,plex_2,,,,,,,0.62,1.38,0.51,0.97,0.9,0.91
Serpina1c,plex_2,,,,,,,0.74,1.35,0.45,0.76,0.72,0.87
Gamt,plex_2,,,,,,,0.64,1.22,0.85,1.05,1.17,0.85
Slc5a3,plex_2,,,,,,,0.82,1.6,0.48,0.72,0.76,1.08
Aqp1,plex_2,,,,,,,0.47,0.87,0.42,0.33,0.66,0.86
Aqp1,plex_2,,,,,,,0.47,0.87,0.42,0.33,0.66,0.86
Slc22a13,plex_2,,,,,,,0.63,1.24,0.62,0.49,0.73,1.35
Itih1,plex_2,,,,,,,0.64,1.31,0.41,0.81,0.65,1.14
Itih1,plex_2,,,,,,,0.64,1.31,0.41,0.81,0.65,1.14
Dek,plex_2,,,,,,,0.53,1.11,0.46,0.74,0.71,1.23
Ppm1b,plex_2,,,,,,,0.75,0.73,0.45,0.45,0.52,0.83
Ppm1b,plex_2,,,,,,,0.75,0.73,0.45,0.45,0.52,0.83
Ppm1b,plex_2,,,,,,,0.75,0.73,0.45,0.45,0.52,0.83
Ppm1b,plex_2,,,,,,,0.75,0.73,0.45,0.45,0.52,0.83
Ppm1b,plex_2,,,,,,,0.75,0.73,0.45,0.45,0.52,0.83
Ppm1b,plex_2,,,,,,,0.75,0.73,0.45,0.45,0.52,0.83
Ppm1b,plex_2,,,,,,,0.75,0.73,0.45,0.45,0.52,0.83
Dynlrb1,plex_2,,,,,,,0.67,1.61,0.57,0.97,0.69,1.41
Dynlrb1,plex_2,,,,,,,0.67,1.61,0.57,0.97,0.69,1.41
Cnpy2,plex_2,,,,,,,0.74,1.05,0.6,0.62,0.63,1.21
Bst1,plex_2,,,,,,,0.68,1.31,0.38,0.61,0.5,1.08
Nubpl,plex_2,,,,,,,0.57,0.88,0.43,0.54,0.65,1.05
Btd,plex_2,,,,,,,0.72,1.17,0.41,0.64,0.71,0.84
Btd,plex_2,,,,,,,0.72,1.17,0.41,0.64,0.71,0.84
Txnrd2,plex_2,,,,,,,0.73,1.56,0.62,0.89,0.91,1.22
Txnrd2,plex_2,,,,,,,0.73,1.56,0.62,0.89,0.91,1.22
Txnrd2,plex_2,,,,,,,0.73,1.56,0.62,0.89,0.91,1.22
Tomm40,plex_2,,,,,,,0.58,1.04,0.46,0.56,0.57,1.18
Ndufc2,plex_2,,,,,,,0.58,1.15,0.55,0.91,0.65,1.36
Slc22a6,plex_2,,,,,,,0.46,1.07,0.48,0.7,0.56,0.94
Nme3,plex_2,,,,,,,0.61,0.94,0.42,0.6,0.67,0.93
Akr1b8,plex_2,,,,,,,0.95,1.5,0.76,0.84,1.05,1.71
Gda,plex_2,,,,,,,0.67,1.21,0.5,0.73,0.89,1.02
Lrrc59,plex_2,,,,,,,0.66,0.97,0.57,0.74,0.53,1.15
Lrrc59,plex_2,,,,,,,0.66,0.97,0.57,0.74,0.53,1.15
Palm,plex_2,,,,,,,0.79,1.43,0.63,0.68,0.85,0.94
Palm,plex_2,,,,,,,0.79,1.43,0.63,0.68,0.85,0.94
Palm,plex_2,,,,,,,0.79,1.43,0.63,0.68,0.85,0.94
Trip6,plex_2,,,,,,,0.57,1.21,0.53,0.85,0.69,1.14
Trip6,plex_2,,,,,,,0.57,1.21,0.53,0.85,0.69,1.14
Rpl32,plex_2,,,,,,,0.79,1.41,0.64,0.74,0.79,1.05
Hspa4l,plex_2,,,,,,,0.5,1.24,0.59,0.8,0.79,0.86
Hspa4l,plex_2,,,,,,,0.5,1.24,0.59,0.8,0.79,0.86
Pitpna,plex_2,,,,,,,0.71,1.32,0.57,0.83,0.78,1.24
Pitpna,plex_2,,,,,,,0.71,1.32,0.57,0.83,0.78,1.24
Sorbs3,plex_2,,,,,,,0.57,1.26,0.52,0.75,0.71,1.04
Sorbs3,plex_2,,,,,,,0.57,1.26,0.52,0.75,0.71,1.04
Ppp1r1a,plex_2,,,,,,,0.56,1.87,0.53,0.59,0.76,1.02
Fubp1,plex_2,,,,,,,0.68,1.22,0.48,0.65,0.59,1.1
Fubp1,plex_2,,,,,,,0.68,1.22,0.48,0.65,0.59,1.1
Ptrf,plex_2,,,,,,,0.61,1.14,0.57,0.75,0.72,0.91
Epb41l1,plex_2,,,,,,,0.56,1.05,0.56,0.64,0.65,1.03
Epb41l1,plex_2,,,,,,,0.56,1.05,0.56,0.64,0.65,1.03
Fabp3,plex_2,,,,,,,0.54,1.1,0.51,0.63,0.58,1.22
Mat2b,plex_2,,,,,,,0.76,1.44,0.73,0.82,1.07,1.14
Mat2b,plex_2,,,,,,,0.76,1.44,0.73,0.82,1.07,1.14
Man2a1,plex_2,,,,,,,0.6,0.9,0.52,0.51,0.53,1.09
Rars2,plex_2,,,,,,,0.53,1.07,0.52,0.69,0.62,1.15
Fdxr,plex_2,,,,,,,0.62,1.59,0.58,1.1,0.89,1.08
Llgl2,plex_2,,,,,,,0.62,1.06,0.66,0.85,0.73,1.05
Ppid,plex_2,,,,,,,0.74,1.19,0.53,0.73,0.87,0.94
Ppid,plex_2,,,,,,,0.74,1.19,0.53,0.73,0.87,0.94
Top1,plex_2,,,,,,,0.62,1.29,0.62,0.63,0.6,1.06
Alg2,plex_2,,,,,,,0.74,0.97,0.58,0.87,0.65,1.29
Prkcd,plex_2,,,,,,,0.66,1.23,0.51,0.6,0.65,1.29
Prkcd,plex_2,,,,,,,0.66,1.23,0.51,0.6,0.65,1.29
Akr1c13,plex_2,,,,,,,0.9,1.88,0.48,0.74,0.76,1.79
Man2b1,plex_2,,,,,,,0.56,0.79,0.38,0.66,0.46,1.0
Man2b1,plex_2,,,,,,,0.56,0.79,0.38,0.66,0.46,1.0
Fam151a,plex_2,,,,,,,0.68,0.87,0.78,0.6,0.58,0.95
Gsta3,plex_2,,,,,,,0.61,1.1,0.58,0.67,0.95,1.17
Gsta3,plex_2,,,,,,,0.61,1.1,0.58,0.67,0.95,1.17
Rpl13a,plex_2,,,,,,,0.65,1.05,0.56,0.72,0.62,1.21
Scamp1,plex_2,,,,,,,0.47,1.06,0.54,0.65,0.67,1.22
Eif3c,plex_2,,,,,,,0.75,1.0,0.74,0.69,0.79,1.05
Glod5,plex_2,,,,,,,0.7,1.2,0.5,0.67,0.71,1.08
Mia3,plex_2,,,,,,,0.75,1.38,0.47,0.66,0.9,1.06
Usp9x,plex_2,,,,,,,0.99,1.12,0.59,0.83,0.9,1.44
Mcee,plex_2,,,,,,,0.66,1.16,0.51,0.72,0.82,1.14
Pfdn5,plex_2,,,,,,,0.74,1.53,0.7,1.02,0.76,1.3
Pfdn5,plex_2,,,,,,,0.74,1.53,0.7,1.02,0.76,1.3
Npc2,plex_2,,,,,,,0.68,1.25,0.55,0.54,0.55,0.95
Npc2,plex_2,,,,,,,0.68,1.25,0.55,0.54,0.55,0.95
Npc2,plex_2,,,,,,,0.68,1.25,0.55,0.54,0.55,0.95
Mic13,plex_2,,,,,,,0.61,1.0,0.49,0.63,0.83,1.03
Egfr,plex_2,,,,,,,0.69,1.13,0.56,0.68,0.59,1.02
Akap12,plex_2,,,,,,,0.8,1.59,0.72,0.84,0.71,1.43
Eif3g,plex_2,,,,,,,0.67,1.42,0.61,0.73,0.74,1.09
Eif3g,plex_2,,,,,,,0.67,1.42,0.61,0.73,0.74,1.09
Atp6v1f,plex_2,,,,,,,0.56,1.16,0.51,0.71,0.73,1.13
Lgals1,plex_2,,,,,,,0.76,1.15,0.58,0.73,0.65,0.89
Ap3m1,plex_2,,,,,,,0.9,1.13,0.53,0.79,0.7,1.07
Gmfb,plex_2,,,,,,,0.71,1.24,0.58,0.79,0.72,0.96
Gmfb,plex_2,,,,,,,0.71,1.24,0.58,0.79,0.72,0.96
Gnai1,plex_2,,,,,,,0.23,1.16,1.31,0.21,0.78,0.68
Kpna6,plex_2,,,,,,,0.6,1.0,0.43,0.65,0.6,0.93
Kpna6,plex_2,,,,,,,0.6,1.0,0.43,0.65,0.6,0.93
Col12a1,plex_2,,,,,,,0.79,1.26,0.59,0.78,1.04,1.25
Col12a1,plex_2,,,,,,,0.79,1.26,0.59,0.78,1.04,1.25
Col12a1,plex_2,,,,,,,0.79,1.26,0.59,0.78,1.04,1.25
Rbbp7,plex_2,,,,,,,0.65,1.16,0.55,0.64,0.59,1.12
Rbbp7,plex_2,,,,,,,0.65,1.16,0.55,0.64,0.59,1.12
Folr1,plex_2,,,,,,,0.71,1.02,0.47,0.72,0.71,0.91
Stk24,plex_2,,,,,,,0.75,1.45,0.5,0.66,0.57,1.5
Stoml2,plex_2,,,,,,,1.14,1.43,1.1,1.24,1.03,1.14
Cltb,plex_2,,,,,,,0.64,1.3,0.56,0.69,0.67,1.1
Cltb,plex_2,,,,,,,0.64,1.3,0.56,0.69,0.67,1.1
Ndufb5,plex_2,,,,,,,0.61,1.1,0.45,0.6,0.82,1.0
Ndufb5,plex_2,,,,,,,0.61,1.1,0.45,0.6,0.82,1.0
Cyb5a,plex_2,,,,,,,0.52,1.11,0.43,0.5,0.66,1.0
Nudt12,plex_2,,,,,,,0.66,1.17,0.58,0.71,0.74,1.07
Nudt12,plex_2,,,,,,,0.66,1.17,0.58,0.71,0.74,1.07
Them4,plex_2,,,,,,,0.5,1.31,0.67,1.11,0.95,1.08
Ppcs,plex_2,,,,,,,0.58,1.08,0.41,0.64,0.67,1.1
Wdr5,plex_2,,,,,,,0.87,1.78,0.54,0.91,0.83,1.31
Mrpl41,plex_2,,,,,,,0.54,1.17,0.56,0.84,0.56,0.99
Nagk,plex_2,,,,,,,0.63,1.07,0.52,0.77,0.71,1.1
Nagk,plex_2,,,,,,,0.63,1.07,0.52,0.77,0.71,1.1
Rps17,plex_2,,,,,,,0.58,1.23,0.55,0.88,0.72,1.2
Gmps,plex_2,,,,,,,0.65,1.1,0.49,0.59,0.74,1.1
Ywhah,plex_2,,,,,,,0.65,1.05,0.4,0.7,0.69,1.07
Ndufa4,plex_2,,,,,,,0.69,1.17,0.53,0.66,0.82,1.09
Bckdhb,plex_2,,,,,,,0.75,1.33,0.69,0.64,0.86,1.01
Bckdhb,plex_2,,,,,,,0.75,1.33,0.69,0.64,0.86,1.01
Nup93,plex_2,,,,,,,0.62,1.11,0.58,0.61,0.75,1.0
Nup93,plex_2,,,,,,,0.62,1.11,0.58,0.61,0.75,1.0
Nt5c3a,plex_2,,,,,,,0.74,1.23,0.78,0.82,0.66,1.42
Fhit,plex_2,,,,,,,0.37,1.45,0.6,0.72,1.05,1.0
Fhit,plex_2,,,,,,,0.37,1.45,0.6,0.72,1.05,1.0
Fhit,plex_2,,,,,,,0.37,1.45,0.6,0.72,1.05,1.0
Fhit,plex_2,,,,,,,0.37,1.45,0.6,0.72,1.05,1.0
Ddi2,plex_2,,,,,,,0.58,1.3,0.48,0.69,0.71,1.09
Ambp,plex_2,,,,,,,0.68,1.01,0.39,0.51,0.37,0.77
Tm9sf3,plex_2,,,,,,,0.66,1.22,0.56,0.62,0.54,0.92
Srsf1,plex_2,,,,,,,0.69,1.28,0.69,0.7,0.77,1.33
Srsf1,plex_2,,,,,,,0.69,1.28,0.69,0.7,0.77,1.33
Tjp2,plex_2,,,,,,,0.64,1.22,0.48,0.74,0.75,1.13
Cope,plex_2,,,,,,,0.64,1.04,0.58,0.48,0.61,0.95
Acyp1,plex_2,,,,,,,0.61,1.09,0.51,0.66,0.54,0.93
Tbcb,plex_2,,,,,,,0.73,1.42,0.6,0.66,0.7,1.13
Slc22a1,plex_2,,,,,,,0.59,1.03,0.53,0.73,0.67,1.19
Acot1,plex_2,,,,,,,0.92,1.3,0.48,0.88,0.78,1.08
Ptpn6,plex_2,,,,,,,0.84,1.15,0.61,0.66,0.86,1.27
Ptpn6,plex_2,,,,,,,0.84,1.15,0.61,0.66,0.86,1.27
Arf6,plex_2,,,,,,,0.6,1.08,0.56,0.67,0.43,1.22
Snx9,plex_2,,,,,,,0.65,1.16,0.56,0.51,0.59,1.13
Snx9,plex_2,,,,,,,0.65,1.16,0.56,0.51,0.59,1.13
Snx9,plex_2,,,,,,,0.65,1.16,0.56,0.51,0.59,1.13
Fkbp8,plex_2,,,,,,,0.54,0.67,0.52,0.84,0.82,0.88
Fkbp8,plex_2,,,,,,,0.54,0.67,0.52,0.84,0.82,0.88
Tfrc,plex_2,,,,,,,0.59,0.89,0.45,0.46,0.49,0.9
Ddx58,plex_2,,,,,,,0.84,1.1,0.41,0.5,0.55,1.11
Gaa,plex_2,,,,,,,2.28,1.61,1.47,2.87,2.07,3.18
Cyp4b1,plex_2,,,,,,,0.68,1.47,0.48,0.68,1.39,1.31
Nmnat3,plex_2,,,,,,,0.7,1.06,0.41,0.61,0.7,1.25
Nmnat3,plex_2,,,,,,,0.7,1.06,0.41,0.61,0.7,1.25
Capns1,plex_2,,,,,,,0.72,1.15,0.52,0.57,0.79,0.99
Ctps2,plex_2,,,,,,,0.81,1.75,0.74,0.75,0.68,1.44
Magohb,plex_2,,,,,,,0.86,1.59,0.76,0.72,0.7,1.3
Magoh,plex_2,,,,,,,0.86,1.59,0.76,0.72,0.7,1.3
Magohb,plex_2,,,,,,,0.86,1.59,0.76,0.72,0.7,1.3
Eps8,plex_2,,,,,,,0.64,1.1,0.4,0.82,0.64,1.12
Eps8,plex_2,,,,,,,0.64,1.1,0.4,0.82,0.64,1.12
Acot12,plex_2,,,,,,,0.43,0.97,0.4,0.73,0.69,0.88
Crkl,plex_2,,,,,,,0.5,1.02,0.41,0.57,0.52,1.05
Gmds,plex_2,,,,,,,0.78,1.28,0.46,0.66,0.7,1.05
Ostf1,plex_2,,,,,,,0.67,1.54,0.61,0.83,0.68,1.35
Ubr4,plex_2,,,,,,,0.87,1.32,0.69,0.91,0.85,1.31
Snx5,plex_2,,,,,,,0.83,1.03,0.6,0.7,0.82,1.21
Snx5,plex_2,,,,,,,0.83,1.03,0.6,0.7,0.82,1.21
Igkv6-15,plex_2,,,,,,,0.3,0.86,0.27,0.72,4.06,0.42
Exoc2,plex_2,,,,,,,0.62,0.99,0.45,0.54,0.71,0.98
Spag9,plex_2,,,,,,,0.54,1.26,0.51,0.81,0.63,1.11
Mtch2,plex_2,,,,,,,0.69,0.97,0.53,0.6,0.72,0.93
Mtch2,plex_2,,,,,,,0.69,0.97,0.53,0.6,0.72,0.93
Ptpn23,plex_2,,,,,,,0.57,1.09,0.57,0.71,0.62,1.4
Ptpn23,plex_2,,,,,,,0.57,1.09,0.57,0.71,0.62,1.4
Mrps7,plex_2,,,,,,,0.86,1.44,0.67,0.82,0.98,1.25
Rps28,plex_2,,,,,,,0.68,1.3,0.56,0.72,0.55,0.95
Flot2,plex_2,,,,,,,0.57,0.81,0.71,0.79,0.73,1.42
Flot2,plex_2,,,,,,,0.57,0.81,0.71,0.79,0.73,1.42
Flot2,plex_2,,,,,,,0.57,0.81,0.71,0.79,0.73,1.42
Flot2,plex_2,,,,,,,0.57,0.81,0.71,0.79,0.73,1.42
Flot2,plex_2,,,,,,,0.57,0.81,0.71,0.79,0.73,1.42
Flot2,plex_2,,,,,,,0.57,0.81,0.71,0.79,0.73,1.42
Sugt1,plex_2,,,,,,,0.73,1.14,0.63,0.75,0.76,0.88
Csnk2b,plex_2,,,,,,,0.72,1.12,0.62,0.68,0.78,0.78
Csnk2b,plex_2,,,,,,,0.72,1.12,0.62,0.68,0.78,0.78
Epn1,plex_2,,,,,,,0.85,1.2,0.64,0.76,0.98,1.11
Epn1,plex_2,,,,,,,0.85,1.2,0.64,0.76,0.98,1.11
Map2k1,plex_2,,,,,,,0.67,1.34,0.5,0.82,0.72,1.21
Tuba1a,plex_2,,,,,,,0.64,1.31,0.65,0.45,0.7,1.14
Tmem27,plex_2,,,,,,,0.59,0.97,0.53,0.45,0.74,0.98
Rpl27a,plex_2,,,,,,,0.56,1.01,0.46,0.61,0.5,0.82
Eif5b,plex_2,,,,,,,0.75,1.21,0.49,0.83,0.75,1.38
Ruvbl1,plex_2,,,,,,,0.66,1.09,0.51,0.65,0.56,1.1
Chtop,plex_2,,,,,,,0.89,1.83,0.48,0.9,0.41,1.9
Chtop,plex_2,,,,,,,0.89,1.83,0.48,0.9,0.41,1.9
Snx8,plex_2,,,,,,,0.49,0.66,0.33,0.82,0.63,0.83
Snx8,plex_2,,,,,,,0.49,0.66,0.33,0.82,0.63,0.83
Sf1,plex_2,,,,,,,0.89,1.7,0.7,0.95,0.86,1.19
Sf1,plex_2,,,,,,,0.89,1.7,0.7,0.95,0.86,1.19
Sf1,plex_2,,,,,,,0.89,1.7,0.7,0.95,0.86,1.19
Gmppa,plex_2,,,,,,,0.62,1.0,0.45,0.56,0.68,0.99
Gmppa,plex_2,,,,,,,0.62,1.0,0.45,0.56,0.68,0.99
Atp2a1,plex_2,,,,,,,1.61,0.77,1.44,0.71,0.95,0.57
,plex_2,,,,,,,0.27,1.05,0.42,1.85,0.11,0.63
Igkv5-39,plex_2,,,,,,,0.27,1.05,0.42,1.85,0.11,0.63
Mtdh,plex_2,,,,,,,0.77,1.53,0.4,1.16,0.98,1.61
Slc22a19,plex_2,,,,,,,0.68,1.03,0.53,0.81,0.64,0.91
Slc22a19,plex_2,,,,,,,0.68,1.03,0.53,0.81,0.64,0.91
Ctbp1,plex_2,,,,,,,0.78,1.02,0.5,0.74,0.62,1.24
Ctbp1,plex_2,,,,,,,0.78,1.02,0.5,0.74,0.62,1.24
Ctbp1,plex_2,,,,,,,0.78,1.02,0.5,0.74,0.62,1.24
BC085271,plex_2,,,,,,,0.79,1.57,0.54,0.64,0.65,1.02
Set,plex_2,,,,,,,0.79,1.57,0.54,0.64,0.65,1.02
Set,plex_2,,,,,,,0.79,1.57,0.54,0.64,0.65,1.02
Tom1,plex_2,,,,,,,0.73,0.99,0.6,0.75,0.84,1.0
Tom1,plex_2,,,,,,,0.73,0.99,0.6,0.75,0.84,1.0
Apoe,plex_2,,,,,,,0.52,0.83,0.51,0.52,0.52,1.04
Rpl30,plex_2,,,,,,,0.69,1.34,0.52,0.77,0.67,0.98
Rangap1,plex_2,,,,,,,0.48,1.05,0.44,0.74,0.52,1.13
Rangap1,plex_2,,,,,,,0.48,1.05,0.44,0.74,0.52,1.13
Rangap1,plex_2,,,,,,,0.48,1.05,0.44,0.74,0.52,1.13
Rangap1,plex_2,,,,,,,0.48,1.05,0.44,0.74,0.52,1.13
Snrnp40,plex_2,,,,,,,0.53,1.23,0.44,0.38,0.4,1.74
Sec13,plex_2,,,,,,,0.67,1.31,0.62,0.73,0.78,1.12
Lgals3,plex_2,,,,,,,0.66,1.23,0.6,0.77,0.65,1.15
Lgals3,plex_2,,,,,,,0.66,1.23,0.6,0.77,0.65,1.15
Lgals3,plex_2,,,,,,,0.66,1.23,0.6,0.77,0.65,1.15
Lamp1,plex_2,,,,,,,0.63,0.97,0.53,0.73,0.6,1.03
Ssbp1,plex_2,,,,,,,0.64,1.16,0.52,0.64,0.65,0.65
Snrpa1,plex_2,,,,,,,0.55,1.3,0.43,0.73,0.61,1.04
H3f3c,plex_2,,,,,,,0.55,1.0,0.53,0.43,0.82,1.36
H3f3a,plex_2,,,,,,,0.55,1.0,0.53,0.43,0.82,1.36
Tfam,plex_2,,,,,,,0.61,1.33,0.5,0.79,0.64,1.04
Tfam,plex_2,,,,,,,0.61,1.33,0.5,0.79,0.64,1.04
Tfam,plex_2,,,,,,,0.61,1.33,0.5,0.79,0.64,1.04
Tfam,plex_2,,,,,,,0.61,1.33,0.5,0.79,0.64,1.04
Puf60,plex_2,,,,,,,0.59,1.22,0.52,0.71,0.74,1.36
Atp1b3,plex_2,,,,,,,0.54,1.21,0.42,0.8,0.7,1.15
Ndufb3,plex_2,,,,,,,0.69,1.31,0.57,0.79,0.77,1.39
Ndufb3,plex_2,,,,,,,0.69,1.31,0.57,0.79,0.77,1.39
Phldb2,plex_2,,,,,,,0.63,1.67,0.64,0.67,0.77,1.37
Phldb2,plex_2,,,,,,,0.63,1.67,0.64,0.67,0.77,1.37
Htatip2,plex_2,,,,,,,0.72,1.17,0.53,0.68,0.83,0.96
Htatip2,plex_2,,,,,,,0.72,1.17,0.53,0.68,0.83,0.96
Mylpf,plex_2,,,,,,,0.93,0.74,0.77,0.94,1.06,0.71
Acss3,plex_2,,,,,,,0.61,0.9,0.51,0.79,0.79,1.17
Abcc3,plex_2,,,,,,,0.5,1.59,0.58,0.52,0.79,0.89
Abcc3,plex_2,,,,,,,0.5,1.59,0.58,0.52,0.79,0.89
Abcc3,plex_2,,,,,,,0.5,1.59,0.58,0.52,0.79,0.89
Abcc3,plex_2,,,,,,,0.5,1.59,0.58,0.52,0.79,0.89
Abcc3,plex_2,,,,,,,0.5,1.59,0.58,0.52,0.79,0.89
Ube2k,plex_2,,,,,,,0.69,1.23,0.52,0.72,0.64,1.2
Ptges3,plex_2,,,,,,,0.68,1.15,0.5,0.58,0.73,0.88
Ptges3,plex_2,,,,,,,0.68,1.15,0.5,0.58,0.73,0.88
Parva,plex_2,,,,,,,0.63,1.39,0.52,0.75,0.87,1.42
Ube2i,plex_2,,,,,,,0.6,1.3,0.57,0.84,0.58,1.11
Map2k4,plex_2,,,,,,,0.8,1.12,0.49,0.83,0.56,1.27
Abhd16a,plex_2,,,,,,,0.61,1.07,0.47,0.64,0.88,0.83
Rhot1,plex_2,,,,,,,0.61,1.01,0.58,0.64,0.45,1.21
Rhot1,plex_2,,,,,,,0.61,1.01,0.58,0.64,0.45,1.21
Rhot1,plex_2,,,,,,,0.61,1.01,0.58,0.64,0.45,1.21
Rhot1,plex_2,,,,,,,0.61,1.01,0.58,0.64,0.45,1.21
Sccpdh,plex_2,,,,,,,0.68,0.95,0.59,0.56,0.89,1.38
Ppm1h,plex_2,,,,,,,0.58,0.95,0.38,0.67,0.88,1.14
Ppm1h,plex_2,,,,,,,0.58,0.95,0.38,0.67,0.88,1.14
Atp5j2,plex_2,,,,,,,0.67,1.12,0.57,0.72,0.7,1.15
Faf2,plex_2,,,,,,,0.44,0.82,0.52,0.57,0.76,0.74
Faf2,plex_2,,,,,,,0.44,0.82,0.52,0.57,0.76,0.74
Ndufaf1,plex_2,,,,,,,0.98,1.61,0.83,0.9,0.99,1.47
Ndufaf1,plex_2,,,,,,,0.98,1.61,0.83,0.9,0.99,1.47
Ndufaf1,plex_2,,,,,,,0.98,1.61,0.83,0.9,0.99,1.47
Ppp1r12a,plex_2,,,,,,,0.68,1.4,0.68,0.89,0.83,1.27
Commd3,plex_2,,,,,,,0.63,1.18,0.56,1.04,0.67,1.29
Lims1,plex_2,,,,,,,0.68,1.28,0.63,0.76,0.7,0.91
Dag1,plex_2,,,,,,,0.64,1.05,0.4,0.61,0.72,1.21
Hmox1,plex_2,,,,,,,0.76,0.56,0.45,0.54,0.51,1.33
Car15,plex_2,,,,,,,0.35,0.68,0.37,0.57,0.41,1.68
Ca15,plex_2,,,,,,,0.35,0.68,0.37,0.57,0.41,1.68
,plex_2,,,,,,,0.61,0.92,0.49,0.53,0.71,1.04
Tmed2,plex_2,,,,,,,0.61,0.92,0.49,0.53,0.71,1.04
Tmed2,plex_2,,,,,,,0.61,0.92,0.49,0.53,0.71,1.04
Gramd1b,plex_2,,,,,,,0.72,1.95,0.44,0.44,0.72,1.01
Myh2,plex_2,,,,,,,0.92,0.76,0.36,0.79,0.71,1.71
Rap1gds1,plex_2,,,,,,,0.57,0.9,0.44,0.5,0.54,0.92
Rap1gds1,plex_2,,,,,,,0.57,0.9,0.44,0.5,0.54,0.92
Rap1gds1,plex_2,,,,,,,0.57,0.9,0.44,0.5,0.54,0.92
,plex_2,,,,,,,0.57,0.9,0.44,0.5,0.54,0.92
Rap1gds1,plex_2,,,,,,,0.57,0.9,0.44,0.5,0.54,0.92
Rap1gds1,plex_2,,,,,,,0.57,0.9,0.44,0.5,0.54,0.92
Rap1gds1,plex_2,,,,,,,0.57,0.9,0.44,0.5,0.54,0.92
Rap1gds1,plex_2,,,,,,,0.57,0.9,0.44,0.5,0.54,0.92
Drg1,plex_2,,,,,,,0.52,1.05,0.43,0.74,0.62,1.07
Drg1,plex_2,,,,,,,0.52,1.05,0.43,0.74,0.62,1.07
Drg1,plex_2,,,,,,,0.52,1.05,0.43,0.74,0.62,1.07
Mrpl39,plex_2,,,,,,,0.5,1.18,0.62,0.9,0.69,1.51
Mrpl39,plex_2,,,,,,,0.5,1.18,0.62,0.9,0.69,1.51
Poldip2,plex_2,,,,,,,0.46,0.93,0.47,0.59,0.72,0.92
Pcmt1,plex_2,,,,,,,0.71,1.33,0.58,0.8,0.77,1.34
Pcmt1,plex_2,,,,,,,0.71,1.33,0.58,0.8,0.77,1.34
Pcmt1,plex_2,,,,,,,0.71,1.33,0.58,0.8,0.77,1.34
Pcmt1,plex_2,,,,,,,0.71,1.33,0.58,0.8,0.77,1.34
Pcmt1,plex_2,,,,,,,0.71,1.33,0.58,0.8,0.77,1.34
Ncln,plex_2,,,,,,,0.81,1.2,0.43,0.96,0.69,1.26
Cpm,plex_2,,,,,,,0.46,1.25,0.47,0.57,0.74,1.11
Tomm70,plex_2,,,,,,,0.55,1.06,0.57,0.6,0.6,1.17
Fbn1,plex_2,,,,,,,0.52,1.23,0.65,0.96,1.41,2.47
Fbn1,plex_2,,,,,,,0.52,1.23,0.65,0.96,1.41,2.47
Epb41l5,plex_2,,,,,,,0.64,1.16,0.48,0.75,0.75,1.06
Rpl11,plex_2,,,,,,,0.73,1.3,0.58,0.68,0.71,0.77
Gm10036,plex_2,,,,,,,0.73,1.3,0.58,0.68,0.71,0.77
Arrb1,plex_2,,,,,,,0.65,1.16,0.56,0.92,0.62,1.28
Cd47,plex_2,,,,,,,0.58,1.21,0.43,0.7,0.58,1.2
Nln,plex_2,,,,,,,0.53,1.03,0.52,0.71,0.79,1.2
Bcl2l13,plex_2,,,,,,,0.43,0.33,0.37,0.43,0.86,1.08
Bcl2l13,plex_2,,,,,,,0.43,0.33,0.37,0.43,0.86,1.08
Bcl2l13,plex_2,,,,,,,0.43,0.33,0.37,0.43,0.86,1.08
Ogt,plex_2,,,,,,,0.7,1.3,0.58,0.83,0.89,1.41
Ogt,plex_2,,,,,,,0.7,1.3,0.58,0.83,0.89,1.41
Srsf3,plex_2,,,,,,,0.65,1.37,0.52,0.74,0.81,1.01
Srsf3,plex_2,,,,,,,0.65,1.37,0.52,0.74,0.81,1.01
Srsf3,plex_2,,,,,,,0.65,1.37,0.52,0.74,0.81,1.01
Pip4k2c,plex_2,,,,,,,0.6,1.1,0.65,0.85,0.75,1.08
Tnfaip8,plex_2,,,,,,,0.61,1.21,0.62,0.65,0.85,1.23
Tnfaip8,plex_2,,,,,,,0.61,1.21,0.62,0.65,0.85,1.23
Ykt6,plex_2,,,,,,,0.71,0.91,0.6,0.61,0.59,1.06
Irgm1,plex_2,,,,,,,1.01,0.84,0.44,0.64,0.47,1.14
Irgm1,plex_2,,,,,,,1.01,0.84,0.44,0.64,0.47,1.14
Actr10,plex_2,,,,,,,0.6,1.02,0.48,0.52,0.62,0.78
Htra2,plex_2,,,,,,,0.59,1.26,0.56,1.02,0.99,1.5
Srr,plex_2,,,,,,,0.87,1.36,0.45,0.79,0.77,1.08
Srr,plex_2,,,,,,,0.87,1.36,0.45,0.79,0.77,1.08
Mettl7a2,plex_2,,,,,,,0.63,1.02,0.43,0.58,0.89,1.02
Mfge8,plex_2,,,,,,,0.55,1.03,0.46,0.63,0.75,0.82
Mfge8,plex_2,,,,,,,0.55,1.03,0.46,0.63,0.75,0.82
Mfge8,plex_2,,,,,,,0.55,1.03,0.46,0.63,0.75,0.82
Pnkp,plex_2,,,,,,,0.59,1.51,0.61,0.63,1.1,1.33
Pnkp,plex_2,,,,,,,0.59,1.51,0.61,0.63,1.1,1.33
Pnkp,plex_2,,,,,,,0.59,1.51,0.61,0.63,1.1,1.33
Pnkp,plex_2,,,,,,,0.59,1.51,0.61,0.63,1.1,1.33
Mrps5,plex_2,,,,,,,0.42,0.8,0.61,0.72,0.73,0.87
Lars2,plex_2,,,,,,,0.54,1.09,0.5,0.8,0.74,1.1
Nudt21,plex_2,,,,,,,0.69,1.1,0.5,0.49,0.75,1.05
Btf3l4,plex_2,,,,,,,0.54,1.16,0.52,0.57,0.58,1.14
Hebp1,plex_2,,,,,,,0.77,1.05,0.51,0.68,0.85,1.23
Hdgf,plex_2,,,,,,,0.65,1.25,0.55,0.68,0.76,1.12
Lrrc47,plex_2,,,,,,,0.75,1.13,0.49,0.71,0.78,1.15
Lrrc47,plex_2,,,,,,,0.75,1.13,0.49,0.71,0.78,1.15
Cfl2,plex_2,,,,,,,0.61,1.0,0.36,0.68,0.69,0.76
Ipo7,plex_2,,,,,,,0.71,1.0,0.57,0.54,0.7,1.12
Dcn,plex_2,,,,,,,0.45,0.76,0.57,0.61,0.63,0.87
Mrps2,plex_2,,,,,,,0.8,1.47,0.63,0.83,1.0,1.53
Cab39,plex_2,,,,,,,0.59,1.04,0.58,0.62,0.66,1.05
Arpc5l,plex_2,,,,,,,0.4,1.38,0.25,0.83,0.82,1.15
Erbb2ip,plex_2,,,,,,,0.56,0.94,0.5,0.62,0.55,1.13
Erbb2ip,plex_2,,,,,,,0.56,0.94,0.5,0.62,0.55,1.13
Erbb2ip,plex_2,,,,,,,0.56,0.94,0.5,0.62,0.55,1.13
Erbb2ip,plex_2,,,,,,,0.56,0.94,0.5,0.62,0.55,1.13
Erbb2ip,plex_2,,,,,,,0.56,0.94,0.5,0.62,0.55,1.13
Erbb2ip,plex_2,,,,,,,0.56,0.94,0.5,0.62,0.55,1.13
Pmpcb,plex_2,,,,,,,0.6,0.86,0.35,0.47,0.42,0.91
Pmpcb,plex_2,,,,,,,0.6,0.86,0.35,0.47,0.42,0.91
Ank2,plex_2,,,,,,,0.76,1.71,0.63,1.18,1.11,1.78
Clcnkb,plex_2,,,,,,,0.7,0.91,0.46,0.63,0.83,1.26
Rps20,plex_2,,,,,,,0.62,1.35,0.59,0.88,0.69,1.16
Thop1,plex_2,,,,,,,0.48,1.0,0.57,0.62,0.73,0.91
Thop1,plex_2,,,,,,,0.48,1.0,0.57,0.62,0.73,0.91
Prdx4,plex_2,,,,,,,0.6,1.09,0.55,0.62,0.6,1.16
Ckap5,plex_2,,,,,,,0.61,1.13,0.66,0.72,0.66,1.15
H2-D1,plex_2,,,,,,,0.99,0.99,0.45,0.65,0.35,1.1
H2-D1,plex_2,,,,,,,0.99,0.99,0.45,0.65,0.35,1.1
H2-D1,plex_2,,,,,,,0.99,0.99,0.45,0.65,0.35,1.1
Epcam,plex_2,,,,,,,0.75,1.09,0.46,0.69,0.73,1.3
Ddx19b,plex_2,,,,,,,0.8,1.31,0.5,0.86,0.85,1.19
Ddx19b,plex_2,,,,,,,0.8,1.31,0.5,0.86,0.85,1.19
Dnaja3,plex_2,,,,,,,0.59,1.44,0.51,0.72,0.53,0.9
Dnaja3,plex_2,,,,,,,0.59,1.44,0.51,0.72,0.53,0.9
Nup153,plex_2,,,,,,,1.6,2.61,1.41,1.09,2.41,2.3
Nup153,plex_2,,,,,,,1.6,2.61,1.41,1.09,2.41,2.3
Pcbd1,plex_2,,,,,,,0.73,1.31,0.59,0.8,0.66,1.18
Eif3h,plex_2,,,,,,,0.66,1.19,0.66,0.86,0.75,1.23
Rps7,plex_2,,,,,,,0.59,1.04,0.49,0.68,0.65,1.0
Mcts1,plex_2,,,,,,,0.78,1.28,0.64,0.89,0.93,1.39
Mcts1,plex_2,,,,,,,0.78,1.28,0.64,0.89,0.93,1.39
Cox6a1,plex_2,,,,,,,0.77,1.61,0.41,0.98,0.93,1.45
Cox6a1,plex_2,,,,,,,0.77,1.61,0.41,0.98,0.93,1.45
Timm13,plex_2,,,,,,,0.52,1.25,0.39,0.64,0.68,0.96
Csnk2a1,plex_2,,,,,,,0.55,1.24,0.46,0.8,0.49,1.15
Atp6v1g1,plex_2,,,,,,,0.79,1.47,0.61,0.84,0.98,1.22
Yars,plex_2,,,,,,,0.62,1.09,0.46,0.59,0.69,1.09
Yars,plex_2,,,,,,,0.62,1.09,0.46,0.59,0.69,1.09
Tcof1,plex_2,,,,,,,0.51,1.1,0.53,0.74,0.59,1.27
Cstb,plex_2,,,,,,,0.68,1.42,0.61,0.72,0.62,0.94
Ranbp1,plex_2,,,,,,,1.01,1.4,0.74,0.43,0.38,1.16
Ranbp1,plex_2,,,,,,,1.01,1.4,0.74,0.43,0.38,1.16
Ranbp1,plex_2,,,,,,,1.01,1.4,0.74,0.43,0.38,1.16
Ufd1l,plex_2,,,,,,,0.65,1.06,0.48,0.65,0.65,1.0
Ufd1l,plex_2,,,,,,,0.65,1.06,0.48,0.65,0.65,1.0
Ufd1l,plex_2,,,,,,,0.65,1.06,0.48,0.65,0.65,1.0
Ufc1,plex_2,,,,,,,0.65,0.97,0.49,0.55,0.71,1.03
Cpsf6,plex_2,,,,,,,0.73,1.2,0.63,0.72,1.22,1.35
Cpsf6,plex_2,,,,,,,0.73,1.2,0.63,0.72,1.22,1.35
Cpsf6,plex_2,,,,,,,0.73,1.2,0.63,0.72,1.22,1.35
Ndufab1,plex_2,,,,,,,0.73,1.24,0.55,0.78,0.9,1.15
Ndufab1,plex_2,,,,,,,0.73,1.24,0.55,0.78,0.9,1.15
Ndufab1,plex_2,,,,,,,0.73,1.24,0.55,0.78,0.9,1.15
Ndufab1,plex_2,,,,,,,0.73,1.24,0.55,0.78,0.9,1.15
Slc5a11,plex_2,,,,,,,0.67,1.13,0.66,0.75,0.77,1.1
Cuta,plex_2,,,,,,,0.57,1.09,0.41,0.52,0.7,1.03
Cuta,plex_2,,,,,,,0.57,1.09,0.41,0.52,0.7,1.03
Birc6,plex_2,,,,,,,0.54,1.23,0.54,0.71,0.67,0.99
Birc6,plex_2,,,,,,,0.54,1.23,0.54,0.71,0.67,0.99
Birc6,plex_2,,,,,,,0.54,1.23,0.54,0.71,0.67,0.99
Lrrfip1,plex_2,,,,,,,0.81,1.39,0.68,0.65,0.88,1.35
Cyb5b,plex_2,,,,,,,0.61,0.82,0.34,0.58,0.68,0.97
Khdrbs1,plex_2,,,,,,,0.56,1.19,0.56,0.69,0.67,1.22
Vps36,plex_2,,,,,,,0.88,1.25,0.5,0.95,0.96,1.27
Usp7,plex_2,,,,,,,0.57,0.92,0.49,0.84,0.65,1.27
Usp7,plex_2,,,,,,,0.57,0.92,0.49,0.84,0.65,1.27
Usp7,plex_2,,,,,,,0.57,0.92,0.49,0.84,0.65,1.27
Usp7,plex_2,,,,,,,0.57,0.92,0.49,0.84,0.65,1.27
Usp7,plex_2,,,,,,,0.57,0.92,0.49,0.84,0.65,1.27
F11r,plex_2,,,,,,,1.2,1.71,0.64,0.85,0.61,1.27
Mon2,plex_2,,,,,,,0.71,1.15,0.53,0.76,0.78,1.42
Mon2,plex_2,,,,,,,0.71,1.15,0.53,0.76,0.78,1.42
Mon2,plex_2,,,,,,,0.71,1.15,0.53,0.76,0.78,1.42
Prkar1a,plex_2,,,,,,,0.64,1.0,0.49,0.72,0.74,1.17
Esyt2,plex_2,,,,,,,0.47,1.24,0.73,0.73,0.86,0.93
Hook3,plex_2,,,,,,,0.7,1.11,0.53,0.77,0.75,1.05
Mlec,plex_2,,,,,,,0.82,1.08,0.6,0.67,0.82,0.96
Klhdc7a,plex_2,,,,,,,0.68,1.24,0.78,0.76,0.78,1.33
Cox6c,plex_2,,,,,,,0.67,1.08,0.5,0.77,0.82,1.12
Nrd1,plex_2,,,,,,,0.61,0.86,0.58,0.48,0.64,1.04
Rpl38,plex_2,,,,,,,0.57,1.21,0.46,0.68,0.66,1.16
Zmpste24,plex_2,,,,,,,0.55,1.21,0.51,0.62,0.91,1.22
Fam129b,plex_2,,,,,,,0.54,1.06,0.5,0.62,0.6,1.08
Ssr4,plex_2,,,,,,,0.61,0.99,0.55,0.69,0.55,1.18
Ssr4,plex_2,,,,,,,0.61,0.99,0.55,0.69,0.55,1.18
Ssr4,plex_2,,,,,,,0.61,0.99,0.55,0.69,0.55,1.18
Ssr4,plex_2,,,,,,,0.61,0.99,0.55,0.69,0.55,1.18
Mrps22,plex_2,,,,,,,1.01,0.71,0.72,0.85,1.14,0.72
Lace1,plex_2,,,,,,,0.59,1.08,0.53,0.69,0.67,1.21
Tha1,plex_2,,,,,,,0.53,1.43,0.58,0.77,0.82,0.91
Stxbp3,plex_2,,,,,,,0.83,1.12,0.32,0.79,0.91,1.53
Mtatp8,plex_2,,,,,,,0.64,0.97,0.5,0.88,0.53,1.44
ATP8,plex_2,,,,,,,0.64,0.97,0.5,0.88,0.53,1.44
Glrx5,plex_2,,,,,,,0.66,1.51,0.61,0.8,0.69,1.16
Psmd6,plex_2,,,,,,,0.67,1.02,0.51,0.62,0.69,0.95
Atp6v1c2,plex_2,,,,,,,0.56,0.92,0.48,0.89,0.73,1.02
Pnpo,plex_2,,,,,,,0.66,1.04,0.45,0.62,0.67,0.95
Fam107b,plex_2,,,,,,,0.63,1.55,0.4,0.65,0.74,0.89
Fam107b,plex_2,,,,,,,0.63,1.55,0.4,0.65,0.74,0.89
Rpl23a,plex_2,,,,,,,0.65,1.02,0.52,0.68,0.52,1.09
Rpl23a-ps3,plex_2,,,,,,,0.65,1.02,0.52,0.68,0.52,1.09
Chordc1,plex_2,,,,,,,0.65,1.14,0.57,0.55,0.49,0.96
Srsf7,plex_2,,,,,,,0.56,1.41,0.63,0.88,0.6,1.22
Srsf7,plex_2,,,,,,,0.56,1.41,0.63,0.88,0.6,1.22
Srsf7,plex_2,,,,,,,0.56,1.41,0.63,0.88,0.6,1.22
Galns,plex_2,,,,,,,0.62,1.25,0.51,0.91,0.63,1.32
Enah,plex_2,,,,,,,0.84,1.56,0.66,0.79,0.83,1.29
Ddx21,plex_2,,,,,,,0.81,1.24,0.51,0.65,0.54,1.46
Gga1,plex_2,,,,,,,0.55,1.12,0.47,0.65,0.69,0.9
Mmaa,plex_2,,,,,,,0.63,1.09,0.61,0.85,0.56,0.89
Sf3b2,plex_2,,,,,,,0.53,1.04,0.6,0.54,0.59,1.02
Sf3b2,plex_2,,,,,,,0.53,1.04,0.6,0.54,0.59,1.02
Sf3b2,plex_2,,,,,,,0.53,1.04,0.6,0.54,0.59,1.02
Apoc3,plex_2,,,,,,,0.66,0.89,0.62,0.54,0.71,0.99
Scrib,plex_2,,,,,,,0.6,1.1,0.54,0.77,0.68,1.24
Scrib,plex_2,,,,,,,0.6,1.1,0.54,0.77,0.68,1.24
Usp24,plex_2,,,,,,,0.73,1.23,0.56,0.74,0.82,1.22
Usp24,plex_2,,,,,,,0.73,1.23,0.56,0.74,0.82,1.22
Pts,plex_2,,,,,,,0.74,1.31,0.58,0.75,0.82,1.11
Fcho2,plex_2,,,,,,,0.78,0.98,0.61,0.83,0.69,0.94
Wbp2,plex_2,,,,,,,0.53,0.93,0.33,0.48,0.59,0.96
Rbm47,plex_2,,,,,,,0.55,1.06,0.45,0.58,0.64,1.01
Gtf2i,plex_2,,,,,,,0.99,2.1,0.88,1.13,1.08,2.16
Gtf2i,plex_2,,,,,,,0.99,2.1,0.88,1.13,1.08,2.16
Gtf2i,plex_2,,,,,,,0.99,2.1,0.88,1.13,1.08,2.16
Gtf2i,plex_2,,,,,,,0.99,2.1,0.88,1.13,1.08,2.16
Gtf2i,plex_2,,,,,,,0.99,2.1,0.88,1.13,1.08,2.16
Gtf2i,plex_2,,,,,,,0.99,2.1,0.88,1.13,1.08,2.16
Casq1,plex_2,,,,,,,0.98,0.5,0.91,0.73,0.6,0.17
Sh3bgrl2,plex_2,,,,,,,0.66,1.07,0.89,0.99,0.87,1.43
Sh3bgrl2,plex_2,,,,,,,0.66,1.07,0.89,0.99,0.87,1.43
Sh3bgrl2,plex_2,,,,,,,0.66,1.07,0.89,0.99,0.87,1.43
Sh3bgrl2,plex_2,,,,,,,0.66,1.07,0.89,0.99,0.87,1.43
Hgs,plex_2,,,,,,,0.57,1.04,0.42,0.74,0.72,0.62
Hgs,plex_2,,,,,,,0.57,1.04,0.42,0.74,0.72,0.62
Hgs,plex_2,,,,,,,0.57,1.04,0.42,0.74,0.72,0.62
Hgs,plex_2,,,,,,,0.57,1.04,0.42,0.74,0.72,0.62
Hgs,plex_2,,,,,,,0.57,1.04,0.42,0.74,0.72,0.62
Cpne1,plex_2,,,,,,,0.73,1.1,0.74,0.69,0.62,1.28
Cpne1,plex_2,,,,,,,0.73,1.1,0.74,0.69,0.62,1.28
Dkc1,plex_2,,,,,,,0.58,1.02,0.6,0.84,0.48,1.04
Pi4ka,plex_2,,,,,,,0.52,0.96,0.43,0.53,0.47,0.92
Erap1,plex_2,,,,,,,0.89,1.16,0.64,0.48,0.6,1.19
Timm8a1,plex_2,,,,,,,0.68,1.5,0.8,0.75,0.75,1.29
Yap1,plex_2,,,,,,,0.68,1.37,0.62,1.12,0.88,1.49
Yap1,plex_2,,,,,,,0.68,1.37,0.62,1.12,0.88,1.49
Cul5,plex_2,,,,,,,0.65,1.05,0.5,0.84,0.77,1.21
Samd9l,plex_2,,,,,,,0.71,1.29,0.58,0.75,0.73,1.27
Ahcyl1,plex_2,,,,,,,0.72,1.18,0.62,0.64,0.69,1.17
Eif3m,plex_2,,,,,,,0.65,0.98,0.35,0.57,0.7,1.25
Rps24,plex_2,,,,,,,0.62,1.1,0.55,0.85,0.72,1.1
Rps24,plex_2,,,,,,,0.62,1.1,0.55,0.85,0.72,1.1
Rps24,plex_2,,,,,,,0.62,1.1,0.55,0.85,0.72,1.1
Akap2,plex_2,,,,,,,0.59,1.37,0.5,0.67,0.81,1.03
Akap2,plex_2,,,,,,,0.59,1.37,0.5,0.67,0.81,1.03
Thrap3,plex_2,,,,,,,0.7,1.46,0.64,0.83,0.95,1.21
Tial1,plex_2,,,,,,,0.7,1.38,0.6,0.79,0.77,1.15
Tial1,plex_2,,,,,,,0.7,1.38,0.6,0.79,0.77,1.15
Ccar1,plex_2,,,,,,,0.62,1.12,0.51,0.68,0.7,1.13
Ecsit,plex_2,,,,,,,0.6,0.94,0.57,0.65,0.63,1.07
Ecsit,plex_2,,,,,,,0.6,0.94,0.57,0.65,0.63,1.07
Mrpl13,plex_2,,,,,,,0.68,1.25,0.54,0.89,0.89,1.65
Mrpl13,plex_2,,,,,,,0.68,1.25,0.54,0.89,0.89,1.65
Rps15,plex_2,,,,,,,0.7,1.32,0.45,0.63,0.67,1.13
Tsn,plex_2,,,,,,,0.55,0.98,0.41,0.85,0.79,1.02
Vps26a,plex_2,,,,,,,0.75,1.19,0.71,0.99,0.66,0.82
Vps26a,plex_2,,,,,,,0.75,1.19,0.71,0.99,0.66,0.82
Vps26a,plex_2,,,,,,,0.75,1.19,0.71,0.99,0.66,0.82
Arhgef7,plex_2,,,,,,,0.59,1.22,0.71,0.66,0.62,1.29
Arhgef7,plex_2,,,,,,,0.59,1.22,0.71,0.66,0.62,1.29
Arhgef7,plex_2,,,,,,,0.59,1.22,0.71,0.66,0.62,1.29
Arhgef7,plex_2,,,,,,,0.59,1.22,0.71,0.66,0.62,1.29
Arhgef7,plex_2,,,,,,,0.59,1.22,0.71,0.66,0.62,1.29
Dnajc3,plex_2,,,,,,,0.61,1.12,0.49,0.72,0.99,1.01
Dnajc3,plex_2,,,,,,,0.61,1.12,0.49,0.72,0.99,1.01
Snrpa,plex_2,,,,,,,0.67,1.17,0.45,0.7,0.74,1.14
Rpl34,plex_2,,,,,,,0.68,1.41,0.68,0.7,0.57,1.58
Arpc4,plex_2,,,,,,,0.68,1.1,0.61,0.63,0.7,1.13
Usp14,plex_2,,,,,,,0.69,1.41,0.49,0.75,0.76,1.15
Usp14,plex_2,,,,,,,0.69,1.41,0.49,0.75,0.76,1.15
Mrpl19,plex_2,,,,,,,0.51,0.77,0.54,0.74,0.57,0.99
Trnt1,plex_2,,,,,,,0.69,1.1,0.57,0.48,0.63,0.89
Atp2b4,plex_2,,,,,,,0.97,0.67,0.67,0.82,0.81,1.19
Sypl1,plex_2,,,,,,,0.76,0.89,0.61,0.56,0.79,0.92
Sypl,plex_2,,,,,,,0.76,0.89,0.61,0.56,0.79,0.92
Psat1,plex_2,,,,,,,0.59,1.44,0.63,0.74,0.64,0.95
Psat1,plex_2,,,,,,,0.59,1.44,0.63,0.74,0.64,0.95
Srpra,plex_2,,,,,,,0.81,1.34,0.53,0.52,0.64,1.04
Bckdk,plex_2,,,,,,,0.68,1.0,0.52,0.62,0.75,0.77
Bckdk,plex_2,,,,,,,0.68,1.0,0.52,0.62,0.75,0.77
Bckdk,plex_2,,,,,,,0.68,1.0,0.52,0.62,0.75,0.77
Bckdk,plex_2,,,,,,,0.68,1.0,0.52,0.62,0.75,0.77
Bckdk,plex_2,,,,,,,0.68,1.0,0.52,0.62,0.75,0.77
Dmxl1,plex_2,,,,,,,0.58,1.02,0.6,0.75,0.64,1.15
Sec24a,plex_2,,,,,,,0.63,1.02,0.56,0.71,0.8,1.14
Sec24a,plex_2,,,,,,,0.63,1.02,0.56,0.71,0.8,1.14
Papss1,plex_2,,,,,,,0.72,1.15,0.52,0.66,0.53,1.27
Clpb,plex_2,,,,,,,0.54,1.07,0.66,0.65,0.77,1.05
Mrps23,plex_2,,,,,,,0.54,1.15,0.49,0.74,0.58,1.01
Nudt7,plex_2,,,,,,,0.76,1.19,0.64,0.5,0.76,1.09
Cyp2s1,plex_2,,,,,,,0.86,1.09,0.74,0.93,0.81,1.58
Cyp2s1,plex_2,,,,,,,0.86,1.09,0.74,0.93,0.81,1.58
Cyp2s1,plex_2,,,,,,,0.86,1.09,0.74,0.93,0.81,1.58
Lgmn,plex_2,,,,,,,0.65,1.04,0.65,0.81,0.58,1.1
Snrpd2,plex_2,,,,,,,0.52,1.11,0.49,0.55,0.6,1.04
Gfpt1,plex_2,,,,,,,0.69,1.06,0.59,0.59,0.66,1.06
Hdac2,plex_2,,,,,,,0.63,0.95,0.38,0.89,0.7,1.08
Hdac2,plex_2,,,,,,,0.63,0.95,0.38,0.89,0.7,1.08
Aarsd1,plex_2,,,,,,,0.69,1.18,0.64,0.65,0.74,1.19
Map7,plex_2,,,,,,,0.52,1.27,0.44,0.53,0.76,0.9
Mrpl1,plex_2,,,,,,,0.54,0.69,0.39,0.63,0.66,1.13
Rpl8,plex_2,,,,,,,0.61,1.39,0.58,0.85,0.56,1.31
Myo5b,plex_2,,,,,,,0.66,1.15,0.47,0.82,0.62,1.11
Myo5b,plex_2,,,,,,,0.66,1.15,0.47,0.82,0.62,1.11
Hist2h2aa1,plex_2,,,,,,,0.56,1.21,0.55,0.58,0.6,1.05
Rala,plex_2,,,,,,,0.7,1.06,0.56,0.81,0.88,1.07
Rala,plex_2,,,,,,,0.7,1.06,0.56,0.81,0.88,1.07
Snx12,plex_2,,,,,,,0.63,1.23,0.55,0.64,0.69,0.98
Snx12,plex_2,,,,,,,0.63,1.23,0.55,0.64,0.69,0.98
Snx12,plex_2,,,,,,,0.63,1.23,0.55,0.64,0.69,0.98
Atpaf1,plex_2,,,,,,,0.65,0.81,0.51,0.74,0.63,0.68
Atpaf1,plex_2,,,,,,,0.65,0.81,0.51,0.74,0.63,0.68
Atpaf1,plex_2,,,,,,,0.65,0.81,0.51,0.74,0.63,0.68
Atpaf1,plex_2,,,,,,,0.65,0.81,0.51,0.74,0.63,0.68
Caprin1,plex_2,,,,,,,0.55,1.23,0.6,0.75,0.63,1.35
Caprin1,plex_2,,,,,,,0.55,1.23,0.6,0.75,0.63,1.35
Dbn1,plex_2,,,,,,,0.66,0.93,0.61,0.69,0.55,0.93
Dbn1,plex_2,,,,,,,0.66,0.93,0.61,0.69,0.55,0.93
Adrm1,plex_2,,,,,,,0.78,0.9,0.44,0.5,0.71,0.91
Arl1,plex_2,,,,,,,0.63,0.83,0.65,0.43,0.83,0.82
Cbx5,plex_2,,,,,,,0.85,1.51,0.61,0.9,0.66,1.29
Comtd1,plex_2,,,,,,,0.82,1.93,,,0.8,1.93
Nup214,plex_2,,,,,,,0.73,1.27,0.58,0.64,0.74,0.84
Apip,plex_2,,,,,,,0.59,1.19,0.63,0.77,0.74,1.08
Ilf2,plex_2,,,,,,,0.75,1.64,1.07,1.13,0.88,1.58
Ilf2,plex_2,,,,,,,0.75,1.64,1.07,1.13,0.88,1.58
Psmd8,plex_2,,,,,,,0.74,1.11,0.47,0.65,0.76,1.11
Eml1,plex_2,,,,,,,0.67,1.29,0.39,0.7,0.69,1.08
Eml1,plex_2,,,,,,,0.67,1.29,0.39,0.7,0.69,1.08
Eml1,plex_2,,,,,,,0.67,1.29,0.39,0.7,0.69,1.08
Eml1,plex_2,,,,,,,0.67,1.29,0.39,0.7,0.69,1.08
Eml1,plex_2,,,,,,,0.67,1.29,0.39,0.7,0.69,1.08
Trim25,plex_2,,,,,,,0.52,0.92,0.49,0.59,0.52,0.98
Ppp1ca,plex_2,,,,,,,0.64,1.42,0.68,0.88,0.64,1.38
Rab10,plex_2,,,,,,,0.72,0.92,0.56,0.63,0.71,1.09
Dst,plex_2,,,,,,,0.94,2.41,0.83,1.11,1.24,2.08
Cask,plex_2,,,,,,,0.54,1.67,0.58,0.74,1.08,1.34
Cask,plex_2,,,,,,,0.54,1.67,0.58,0.74,1.08,1.34
Cask,plex_2,,,,,,,0.54,1.67,0.58,0.74,1.08,1.34
Cask,plex_2,,,,,,,0.54,1.67,0.58,0.74,1.08,1.34
Cask,plex_2,,,,,,,0.54,1.67,0.58,0.74,1.08,1.34
Cask,plex_2,,,,,,,0.54,1.67,0.58,0.74,1.08,1.34
Cask,plex_2,,,,,,,0.54,1.67,0.58,0.74,1.08,1.34
Fxn,plex_2,,,,,,,0.58,0.97,0.42,0.55,0.93,0.95
Fxn,plex_2,,,,,,,0.58,0.97,0.42,0.55,0.93,0.95
Fxn,plex_2,,,,,,,0.58,0.97,0.42,0.55,0.93,0.95
Stat5b,plex_2,,,,,,,0.84,0.91,0.49,0.5,0.67,1.11
Sept9,plex_2,,,,,,,0.61,1.1,0.67,0.88,0.74,1.13
Sept9,plex_2,,,,,,,0.61,1.1,0.67,0.88,0.74,1.13
Dnajb4,plex_2,,,,,,,0.86,1.91,0.62,0.95,0.59,1.53
Sf3b4,plex_2,,,,,,,0.65,1.22,0.46,1.09,0.93,1.4
Impdh2,plex_2,,,,,,,0.75,1.26,0.64,0.71,0.54,0.88
Tpd52l1,plex_2,,,,,,,0.83,1.49,0.51,0.48,0.63,1.32
Tpd52l1,plex_2,,,,,,,0.83,1.49,0.51,0.48,0.63,1.32
Tpd52l1,plex_2,,,,,,,0.83,1.49,0.51,0.48,0.63,1.32
Abcf1,plex_2,,,,,,,0.79,1.34,0.59,0.75,0.69,1.04
Arf4,plex_2,,,,,,,0.5,0.88,0.54,0.64,0.52,0.96
Arvcf,plex_2,,,,,,,0.54,1.22,0.47,0.84,0.84,0.92
Arvcf,plex_2,,,,,,,0.54,1.22,0.47,0.84,0.84,0.92
Abcb7,plex_2,,,,,,,0.67,0.89,0.36,0.58,0.71,1.23
Babam1,plex_2,,,,,,,0.55,0.95,0.36,0.6,0.55,0.79
Pdlim1,plex_2,,,,,,,0.76,1.14,0.73,0.85,0.82,0.99
Pdlim1,plex_2,,,,,,,0.76,1.14,0.73,0.85,0.82,0.99
Cfd,plex_2,,,,,,,0.66,1.12,0.63,0.76,0.47,0.89
Cfd,plex_2,,,,,,,0.66,1.12,0.63,0.76,0.47,0.89
Snrnp70,plex_2,,,,,,,0.59,1.17,0.48,0.63,0.71,0.94
Srrt,plex_2,,,,,,,0.56,1.08,0.66,0.49,0.47,1.13
Srrt,plex_2,,,,,,,0.56,1.08,0.66,0.49,0.47,1.13
Srrt,plex_2,,,,,,,0.56,1.08,0.66,0.49,0.47,1.13
Srrt,plex_2,,,,,,,0.56,1.08,0.66,0.49,0.47,1.13
Kiaa1033,plex_2,,,,,,,0.61,1.03,0.45,0.56,0.67,1.26
Pgrmc1,plex_2,,,,,,,0.42,1.02,0.55,0.64,0.49,0.85
Pgrmc1,plex_2,,,,,,,0.42,1.02,0.55,0.64,0.49,0.85
Pgrmc1,plex_2,,,,,,,0.42,1.02,0.55,0.64,0.49,0.85
RtcA,plex_2,,,,,,,0.55,0.82,0.33,0.65,0.58,0.9
Rtca,plex_2,,,,,,,0.55,0.82,0.33,0.65,0.58,0.9
Rtca,plex_2,,,,,,,0.55,0.82,0.33,0.65,0.58,0.9
Rtca,plex_2,,,,,,,0.55,0.82,0.33,0.65,0.58,0.9
Kdm1a,plex_2,,,,,,,0.53,0.97,0.62,0.67,0.5,0.98
Kdm1a,plex_2,,,,,,,0.53,0.97,0.62,0.67,0.5,0.98
Kdm1a,plex_2,,,,,,,0.53,0.97,0.62,0.67,0.5,0.98
Slc6a18,plex_2,,,,,,,0.66,1.64,0.73,0.63,1.07,1.28
M6pr,plex_2,,,,,,,0.91,1.39,0.83,0.7,0.98,1.15
M6pr,plex_2,,,,,,,0.91,1.39,0.83,0.7,0.98,1.15
Naprt,plex_2,,,,,,,0.58,1.01,0.52,0.71,0.87,1.15
Cdv3,plex_2,,,,,,,0.61,1.2,0.85,0.58,0.67,1.36
Ufl1,plex_2,,,,,,,0.6,1.34,1.14,0.87,0.95,1.13
Ufl1,plex_2,,,,,,,0.6,1.34,1.14,0.87,0.95,1.13
Cpox,plex_2,,,,,,,0.62,1.04,0.45,0.69,0.63,1.11
Adam10,plex_2,,,,,,,0.55,0.93,0.5,0.85,0.82,1.28
Hpcal1,plex_2,,,,,,,0.66,1.16,0.62,0.87,0.71,1.06
Rps25,plex_2,,,,,,,0.64,1.24,0.47,0.71,0.56,1.21
Psme3,plex_2,,,,,,,0.53,1.1,0.46,0.58,0.78,1.1
Gtpbp1,plex_2,,,,,,,0.8,1.49,0.58,0.71,0.71,1.44
Bola1,plex_2,,,,,,,0.56,1.11,0.55,0.8,0.84,1.16
Slc25a15,plex_2,,,,,,,0.79,1.22,0.64,0.75,0.88,1.23
Sec61a1,plex_2,,,,,,,0.79,1.31,0.81,0.7,0.7,1.35
Sec61a1,plex_2,,,,,,,0.79,1.31,0.81,0.7,0.7,1.35
Gys1,plex_2,,,,,,,0.6,1.28,0.54,0.72,0.74,1.28
Heatr5b,plex_2,,,,,,,0.65,1.01,0.67,0.58,0.62,1.11
Pnpla6,plex_2,,,,,,,0.76,1.26,0.59,0.79,0.78,1.18
Pnpla6,plex_2,,,,,,,0.76,1.26,0.59,0.79,0.78,1.18
Pnpla6,plex_2,,,,,,,0.76,1.26,0.59,0.79,0.78,1.18
Pnpla6,plex_2,,,,,,,0.76,1.26,0.59,0.79,0.78,1.18
Nes,plex_2,,,,,,,0.53,1.13,0.8,0.77,1.05,0.97
Nes,plex_2,,,,,,,0.53,1.13,0.8,0.77,1.05,0.97
Mprip,plex_2,,,,,,,0.61,1.11,0.57,0.65,0.67,1.17
Rpl31,plex_2,,,,,,,0.69,1.22,0.57,0.73,0.62,1.14
Rpl31,plex_2,,,,,,,0.69,1.22,0.57,0.73,0.62,1.14
Rpl31,plex_2,,,,,,,0.69,1.22,0.57,0.73,0.62,1.14
Lamp2,plex_2,,,,,,,0.72,1.29,0.56,0.74,0.6,1.22
Lamp2,plex_2,,,,,,,0.72,1.29,0.56,0.74,0.6,1.22
Lamp2,plex_2,,,,,,,0.72,1.29,0.56,0.74,0.6,1.22
Lamp2,plex_2,,,,,,,0.72,1.29,0.56,0.74,0.6,1.22
Lamp2,plex_2,,,,,,,0.72,1.29,0.56,0.74,0.6,1.22
Lamp2,plex_2,,,,,,,0.72,1.29,0.56,0.74,0.6,1.22
Lamp2,plex_2,,,,,,,0.72,1.29,0.56,0.74,0.6,1.22
Pbld2,plex_2,,,,,,,0.69,1.39,0.6,1.26,0.89,1.44
Eno3,plex_2,,,,,,,0.86,0.92,0.58,0.9,1.12,0.69
Ces2e,plex_2,,,,,,,0.64,1.1,0.55,0.64,0.71,1.22
Mapk14,plex_2,,,,,,,0.63,1.03,0.66,0.81,0.67,1.09
Mapk14,plex_2,,,,,,,0.63,1.03,0.66,0.81,0.67,1.09
Mapk14,plex_2,,,,,,,0.63,1.03,0.66,0.81,0.67,1.09
Gnai3,plex_2,,,,,,,0.57,0.97,0.58,0.6,0.63,1.16
Tceb1,plex_2,,,,,,,0.63,1.02,0.52,0.77,0.71,1.05
Tceb1,plex_2,,,,,,,0.63,1.02,0.52,0.77,0.71,1.05
Tceb1,plex_2,,,,,,,0.63,1.02,0.52,0.77,0.71,1.05
Npepl1,plex_2,,,,,,,0.74,1.08,0.47,0.41,0.68,1.32
Npepl1,plex_2,,,,,,,0.74,1.08,0.47,0.41,0.68,1.32
Npepl1,plex_2,,,,,,,0.74,1.08,0.47,0.41,0.68,1.32
Taco1,plex_2,,,,,,,0.46,1.08,0.43,0.82,0.87,0.61
Adck4,plex_2,,,,,,,0.51,1.03,0.49,0.8,0.53,0.62
Raly,plex_2,,,,,,,0.67,1.46,0.64,0.79,0.53,1.36
Aldh1b1,plex_2,,,,,,,0.72,1.12,0.61,0.78,0.65,1.22
Snx27,plex_2,,,,,,,0.75,1.12,0.58,0.64,0.65,0.95
Snx27,plex_2,,,,,,,0.75,1.12,0.58,0.64,0.65,0.95
Hist1h1b,plex_2,,,,,,,0.65,1.44,0.66,0.71,0.94,1.67
Tecr,plex_2,,,,,,,0.74,1.18,0.61,0.77,0.79,1.15
Tecr,plex_2,,,,,,,0.74,1.18,0.61,0.77,0.79,1.15
Tecr,plex_2,,,,,,,0.74,1.18,0.61,0.77,0.79,1.15
Ddah2,plex_2,,,,,,,0.6,1.4,0.52,0.89,0.68,1.29
Eif2s2,plex_2,,,,,,,0.68,1.25,0.43,0.67,0.71,1.15
Fdx1,plex_2,,,,,,,0.66,1.27,0.43,0.64,0.78,0.76
Fdx1,plex_2,,,,,,,0.66,1.27,0.43,0.64,0.78,0.76
Mapk1,plex_2,,,,,,,0.66,1.13,0.49,0.63,0.69,1.1
Nt5e,plex_2,,,,,,,0.61,0.91,0.48,0.7,0.62,0.92
Sfn,plex_2,,,,,,,0.75,0.68,0.69,0.58,,0.52
Sfn,plex_2,,,,,,,0.75,0.68,0.69,0.58,,0.52
Dnajb11,plex_2,,,,,,,0.65,1.3,0.57,0.92,0.7,1.19
Tmlhe,plex_2,,,,,,,0.68,1.05,0.55,0.82,0.87,1.31
Fam98a,plex_2,,,,,,,0.67,1.16,0.59,0.76,0.89,0.85
Pdap1,plex_2,,,,,,,0.39,1.27,0.47,0.66,0.57,1.15
Atxn10,plex_2,,,,,,,0.66,1.04,0.57,0.64,0.77,1.06
Palld,plex_2,,,,,,,0.73,1.41,0.57,0.75,0.6,0.86
Palld,plex_2,,,,,,,0.73,1.41,0.57,0.75,0.6,0.86
Rab3ip,plex_2,,,,,,,0.68,1.47,0.56,0.63,0.71,1.2
Shroom4,plex_2,,,,,,,0.59,1.49,0.41,0.62,0.83,1.08
Shroom4,plex_2,,,,,,,0.59,1.49,0.41,0.62,0.83,1.08
Ccdc51,plex_2,,,,,,,0.74,1.41,0.78,1.08,0.9,1.28
Gatad2b,plex_2,,,,,,,0.67,1.55,0.46,0.75,1.06,1.04
Hectd1,plex_2,,,,,,,0.75,1.27,0.63,0.8,0.9,1.49
Ica,plex_2,,,,,,,0.73,1.41,0.46,0.73,0.81,0.99
Serpinf2,plex_2,,,,,,,0.65,1.27,0.38,0.66,0.65,0.99
Fkbp5,plex_2,,,,,,,0.48,0.9,0.47,0.6,0.55,0.87
Nisch,plex_2,,,,,,,0.68,1.05,0.46,0.76,0.7,1.1
Stat1,plex_2,,,,,,,0.87,1.09,0.44,0.56,0.78,1.42
Stat1,plex_2,,,,,,,0.87,1.09,0.44,0.56,0.78,1.42
Stat1,plex_2,,,,,,,0.87,1.09,0.44,0.56,0.78,1.42
Stat1,plex_2,,,,,,,0.87,1.09,0.44,0.56,0.78,1.42
Stat1,plex_2,,,,,,,0.87,1.09,0.44,0.56,0.78,1.42
Stat1,plex_2,,,,,,,0.87,1.09,0.44,0.56,0.78,1.42
Stat1,plex_2,,,,,,,0.87,1.09,0.44,0.56,0.78,1.42
Pex19,plex_2,,,,,,,0.75,1.18,0.44,0.87,0.68,1.17
Pex19,plex_2,,,,,,,0.75,1.18,0.44,0.87,0.68,1.17
Nutf2,plex_2,,,,,,,0.66,1.22,0.67,0.76,0.78,1.21
,plex_2,,,,,,,0.66,1.22,0.67,0.76,0.78,1.21
Tapbp,plex_2,,,,,,,1.11,0.91,0.45,0.26,0.61,1.33
Tapbp,plex_2,,,,,,,1.11,0.91,0.45,0.26,0.61,1.33
Tapbp,plex_2,,,,,,,1.11,0.91,0.45,0.26,0.61,1.33
Tapbp,plex_2,,,,,,,1.11,0.91,0.45,0.26,0.61,1.33
Mrps18a,plex_2,,,,,,,0.64,0.91,0.53,0.68,0.55,0.88
Tsg101,plex_2,,,,,,,0.71,1.17,0.66,0.57,0.64,1.16
Smarcc2,plex_2,,,,,,,0.66,1.38,0.65,0.87,0.84,1.05
Pdcd10,plex_2,,,,,,,0.76,1.24,0.27,0.97,,1.5
Efhd2,plex_2,,,,,,,0.81,1.31,0.64,0.75,0.67,0.9
Efhd2,plex_2,,,,,,,0.81,1.31,0.64,0.75,0.67,0.9
Crip2,plex_2,,,,,,,0.25,1.04,0.51,0.88,0.64,0.88
Cgn,plex_2,,,,,,,0.66,1.73,0.52,0.87,0.74,1.17
Plekhf2,plex_2,,,,,,,0.86,1.18,0.59,0.63,0.66,1.26
Tmx2,plex_2,,,,,,,0.65,0.96,0.46,0.62,0.66,1.45
Tmx2,plex_2,,,,,,,0.65,0.96,0.46,0.62,0.66,1.45
Eps15,plex_2,,,,,,,0.52,1.28,0.52,0.81,0.75,1.16
Eps15,plex_2,,,,,,,0.52,1.28,0.52,0.81,0.75,1.16
Eps15,plex_2,,,,,,,0.52,1.28,0.52,0.81,0.75,1.16
Rab11fip5,plex_2,,,,,,,0.43,1.14,0.47,0.7,0.67,1.16
Rab11fip5,plex_2,,,,,,,0.43,1.14,0.47,0.7,0.67,1.16
Isca1,plex_2,,,,,,,0.66,1.29,0.57,0.72,0.55,1.09
Ndufb11,plex_2,,,,,,,0.79,1.39,0.55,0.76,0.83,1.02
Ndufb11,plex_2,,,,,,,0.79,1.39,0.55,0.76,0.83,1.02
Mtco1,plex_2,,,,,,,0.54,0.88,0.43,0.65,0.74,0.68
Nsdhl,plex_2,,,,,,,0.36,0.92,0.82,1.21,0.64,1.31
Nsdhl,plex_2,,,,,,,0.36,0.92,0.82,1.21,0.64,1.31
Nsdhl,plex_2,,,,,,,0.36,0.92,0.82,1.21,0.64,1.31
mt-Nd1,plex_2,,,,,,,0.74,1.0,0.43,0.53,0.63,0.84
ND1,plex_2,,,,,,,0.74,1.0,0.43,0.53,0.63,0.84
mt-Nd1,plex_2,,,,,,,0.74,1.0,0.43,0.53,0.63,0.84
ND1,plex_2,,,,,,,0.74,1.0,0.43,0.53,0.63,0.84
Ufm1,plex_2,,,,,,,0.69,1.31,0.83,0.7,0.6,0.82
Dync1li2,plex_2,,,,,,,0.61,1.37,0.47,1.14,0.82,1.14
Srp19,plex_2,,,,,,,0.9,1.41,0.5,0.65,0.76,1.12
Srp19,plex_2,,,,,,,0.9,1.41,0.5,0.65,0.76,1.12
Ralb,plex_2,,,,,,,0.86,0.92,0.59,0.91,0.8,1.17
Ralb,plex_2,,,,,,,0.86,0.92,0.59,0.91,0.8,1.17
Prpsap2,plex_2,,,,,,,0.7,1.53,0.57,0.9,0.9,1.73
Prpsap2,plex_2,,,,,,,0.7,1.53,0.57,0.9,0.9,1.73
Gyg1,plex_2,,,,,,,0.68,1.15,0.41,0.93,0.61,1.22
Gyg,plex_2,,,,,,,0.68,1.15,0.41,0.93,0.61,1.22
Gyg,plex_2,,,,,,,0.68,1.15,0.41,0.93,0.61,1.22
Tmigd1,plex_2,,,,,,,0.68,1.18,0.52,0.6,0.7,0.95
Tmigd1,plex_2,,,,,,,0.68,1.18,0.52,0.6,0.7,0.95
Ccdc93,plex_2,,,,,,,0.66,1.16,0.6,0.72,0.64,1.01
Serpina6,plex_2,,,,,,,0.6,0.98,0.6,0.73,0.76,1.09
Serpina6,plex_2,,,,,,,0.6,0.98,0.6,0.73,0.76,1.09
Serpina6,plex_2,,,,,,,0.6,0.98,0.6,0.73,0.76,1.09
Nploc4,plex_2,,,,,,,0.63,1.12,0.45,0.51,0.7,0.86
Nploc4,plex_2,,,,,,,0.63,1.12,0.45,0.51,0.7,0.86
Trmt112,plex_2,,,,,,,0.6,0.87,0.57,0.56,0.62,1.5
Psmd9,plex_2,,,,,,,0.76,1.11,0.51,0.96,1.0,1.34
Psmd9,plex_2,,,,,,,0.76,1.11,0.51,0.96,1.0,1.34
Gmppb,plex_2,,,,,,,0.84,1.01,0.56,0.85,0.57,1.12
Ago2,plex_2,,,,,,,0.8,0.98,0.66,0.72,0.9,1.22
Coro1a,plex_2,,,,,,,0.59,0.7,0.44,0.57,0.45,1.1
Hsd17b11,plex_2,,,,,,,0.73,1.18,0.66,0.65,0.83,1.29
Slc44a1,plex_2,,,,,,,0.45,0.94,0.62,0.67,0.56,1.09
Slc44a1,plex_2,,,,,,,0.45,0.94,0.62,0.67,0.56,1.09
Nup35,plex_2,,,,,,,0.65,1.04,0.52,0.54,0.72,1.09
Rpl26,plex_2,,,,,,,0.71,1.2,0.63,0.78,0.61,1.04
Nt5c,plex_2,,,,,,,0.56,0.94,0.43,0.61,0.58,0.95
Cela1,plex_2,,,,,,,0.27,1.16,,0.68,0.47,0.64
Dtymk,plex_2,,,,,,,0.63,1.04,0.58,0.69,0.76,1.14
,plex_2,,,,,,,,1.0,0.49,2.75,,1.78
,plex_2,,,,,,,,1.0,0.49,2.75,,1.78
,plex_2,,,,,,,,1.0,0.49,2.75,,1.78
,plex_2,,,,,,,,1.0,0.49,2.75,,1.78
Srrm2,plex_2,,,,,,,0.8,1.15,0.64,0.68,0.77,0.86
Srrm2,plex_2,,,,,,,0.8,1.15,0.64,0.68,0.77,0.86
Prpf4b,plex_2,,,,,,,0.65,1.01,0.4,0.54,0.83,1.51
Rnaset2,plex_2,,,,,,,0.5,1.01,0.41,0.71,0.54,0.91
Rpl27,plex_2,,,,,,,0.73,1.3,0.6,0.85,0.46,1.19
Myo15b,plex_2,,,,,,,0.68,1.07,0.48,0.68,0.65,1.16
Mapre2,plex_2,,,,,,,0.49,0.96,0.51,0.68,0.65,1.0
Mapre2,plex_2,,,,,,,0.49,0.96,0.51,0.68,0.65,1.0
Mapre2,plex_2,,,,,,,0.49,0.96,0.51,0.68,0.65,1.0
Mapre2,plex_2,,,,,,,0.49,0.96,0.51,0.68,0.65,1.0
Ube2d3,plex_2,,,,,,,0.7,0.91,0.47,0.58,0.76,1.01
Ube2d3,plex_2,,,,,,,0.7,0.91,0.47,0.58,0.76,1.01
Ube2d3,plex_2,,,,,,,0.7,0.91,0.47,0.58,0.76,1.01
Ube2d3,plex_2,,,,,,,0.7,0.91,0.47,0.58,0.76,1.01
Selt,plex_2,,,,,,,0.85,1.54,1.1,0.77,0.61,2.44
Prrc1,plex_2,,,,,,,0.62,1.2,0.46,0.7,0.57,1.03
Hnrnph3,plex_2,,,,,,,0.68,1.45,0.43,0.68,0.73,1.05
Hnrnph3,plex_2,,,,,,,0.68,1.45,0.43,0.68,0.73,1.05
Sdhaf2,plex_2,,,,,,,0.43,1.07,0.35,0.76,0.6,0.96
Ptbp3,plex_2,,,,,,,0.64,1.51,0.53,1.13,0.61,1.08
Ptbp3,plex_2,,,,,,,0.64,1.51,0.53,1.13,0.61,1.08
Ptbp3,plex_2,,,,,,,0.64,1.51,0.53,1.13,0.61,1.08
Ptbp3,plex_2,,,,,,,0.64,1.51,0.53,1.13,0.61,1.08
Slc44a2,plex_2,,,,,,,0.43,0.72,0.43,0.72,0.63,0.94
Slc44a2,plex_2,,,,,,,0.43,0.72,0.43,0.72,0.63,0.94
Tbca,plex_2,,,,,,,0.75,1.51,0.59,0.84,0.78,1.28
Sun1,plex_2,,,,,,,0.64,0.93,0.49,0.86,0.66,1.25
Sun1,plex_2,,,,,,,0.64,0.93,0.49,0.86,0.66,1.25
Ncstn,plex_2,,,,,,,0.65,0.82,0.13,0.44,0.4,0.93
Ncstn,plex_2,,,,,,,0.65,0.82,0.13,0.44,0.4,0.93
Ncstn,plex_2,,,,,,,0.65,0.82,0.13,0.44,0.4,0.93
Ncstn,plex_2,,,,,,,0.65,0.82,0.13,0.44,0.4,0.93
Psmc4,plex_2,,,,,,,0.6,1.02,0.5,0.78,0.65,1.0
Psmc4,plex_2,,,,,,,0.6,1.02,0.5,0.78,0.65,1.0
Rps18,plex_2,,,,,,,0.32,0.76,0.28,0.69,0.81,0.53
Txn2,plex_2,,,,,,,0.56,1.11,0.47,0.55,0.5,0.93
Txn2,plex_2,,,,,,,0.56,1.11,0.47,0.55,0.5,0.93
Igf2r,plex_2,,,,,,,0.97,1.26,0.58,0.92,0.78,1.13
Fbl,plex_2,,,,,,,0.54,1.04,0.58,0.62,0.69,1.08
Stau1,plex_2,,,,,,,0.65,1.3,0.63,0.84,0.79,1.19
Stau1,plex_2,,,,,,,0.65,1.3,0.63,0.84,0.79,1.19
Stau1,plex_2,,,,,,,0.65,1.3,0.63,0.84,0.79,1.19
Col4a2,plex_2,,,,,,,0.53,0.83,0.28,0.58,0.89,0.89
Hist1h1e,plex_2,,,,,,,0.46,0.88,0.37,0.58,0.51,1.0
Cars,plex_2,,,,,,,0.5,1.37,0.71,0.76,0.92,0.99
Nubp2,plex_2,,,,,,,0.61,1.06,,,,1.23
Ndufaf7,plex_2,,,,,,,1.18,1.48,0.67,0.93,0.99,1.05
Sep15,plex_2,,,,,,,0.8,0.93,0.44,0.8,0.72,0.82
Sep15,plex_2,,,,,,,0.8,0.93,0.44,0.8,0.72,0.82
Txndc17,plex_2,,,,,,,0.56,1.29,0.66,0.67,0.67,0.91
Syap1,plex_2,,,,,,,0.58,1.25,0.53,0.63,0.57,1.05
Slc27a1,plex_2,,,,,,,0.4,0.86,0.5,0.58,0.47,0.93
Acsl4,plex_2,,,,,,,0.67,1.01,0.61,0.62,0.65,1.21
Acsl4,plex_2,,,,,,,0.67,1.01,0.61,0.62,0.65,1.21
Mrpl15,plex_2,,,,,,,0.73,1.21,0.49,0.78,0.67,1.34
Ppat,plex_2,,,,,,,0.67,1.39,0.63,0.76,0.74,1.46
Ppat,plex_2,,,,,,,0.67,1.39,0.63,0.76,0.74,1.46
Ppat,plex_2,,,,,,,0.67,1.39,0.63,0.76,0.74,1.46
Actl6a,plex_2,,,,,,,0.71,1.24,0.64,0.78,0.76,1.3
Mrpl24,plex_2,,,,,,,0.65,1.65,0.48,1.08,0.77,1.36
Dysf,plex_2,,,,,,,0.52,1.3,0.58,1.01,0.93,1.72
Podxl,plex_2,,,,,,,0.48,1.02,0.48,0.71,0.62,1.05
Txndc12,plex_2,,,,,,,0.76,1.28,0.54,0.73,0.63,1.15
Exoc7,plex_2,,,,,,,0.73,1.07,0.46,0.65,0.59,0.98
Exoc7,plex_2,,,,,,,0.73,1.07,0.46,0.65,0.59,0.98
Eif2b4,plex_2,,,,,,,,0.99,,,,
Eif2b4,plex_2,,,,,,,,0.99,,,,
Eif2b4,plex_2,,,,,,,,0.99,,,,
Fn3k,plex_2,,,,,,,0.63,1.37,0.61,0.89,0.71,1.17
Gpt,plex_2,,,,,,,0.57,1.26,0.5,0.55,0.79,0.75
Purb,plex_2,,,,,,,0.81,1.25,0.48,0.61,0.75,1.08
Sprr1a,plex_2,,,,,,,0.8,1.4,0.98,1.25,0.38,0.9
Ap3d1,plex_2,,,,,,,0.7,0.96,0.58,1.07,0.68,1.49
Cfdp1,plex_2,,,,,,,0.55,1.45,0.61,0.66,0.83,1.27
Slc22a5,plex_2,,,,,,,0.65,0.6,0.45,0.52,0.35,0.7
Slc22a5,plex_2,,,,,,,0.65,0.6,0.45,0.52,0.35,0.7
Cela2a,plex_2,,,,,,,0.32,0.97,0.27,0.47,0.56,0.44
Lrrc16a,plex_2,,,,,,,0.64,1.05,0.59,0.87,0.69,1.15
Cisd2,plex_2,,,,,,,0.64,1.11,0.44,0.6,0.48,1.08
Sf3a3,plex_2,,,,,,,0.65,1.4,0.42,0.79,0.73,1.38
Anks4b,plex_2,,,,,,,0.42,0.97,0.43,0.44,0.57,1.02
Abcb8,plex_2,,,,,,,0.42,0.91,0.5,0.49,0.59,1.01
Mpv17l,plex_2,,,,,,,0.9,1.13,0.42,0.38,0.67,0.8
Gcsh,plex_2,,,,,,,0.65,1.37,0.61,0.64,0.8,1.27
Srp72,plex_2,,,,,,,0.62,1.2,0.53,0.63,0.82,1.22
Srp72,plex_2,,,,,,,0.62,1.2,0.53,0.63,0.82,1.22
Epn3,plex_2,,,,,,,0.48,0.98,0.54,0.64,0.7,0.95
Rhog,plex_2,,,,,,,0.64,0.84,0.4,0.69,0.55,0.87
Hbs1l,plex_2,,,,,,,0.57,0.51,0.54,0.53,0.48,0.71
Hbs1l,plex_2,,,,,,,0.57,0.51,0.54,0.53,0.48,0.71
Ppp2r2a,plex_2,,,,,,,0.56,1.21,0.51,0.76,0.55,1.27
Acyp2,plex_2,,,,,,,0.67,1.27,0.58,0.75,0.83,0.98
Slc25a51,plex_2,,,,,,,0.69,0.9,0.47,0.52,0.68,1.01
Txnrd3,plex_2,,,,,,,0.61,1.22,0.55,0.57,0.78,1.12
Crocc,plex_2,,,,,,,0.59,1.11,0.83,0.99,0.86,1.23
Crocc,plex_2,,,,,,,0.59,1.11,0.83,0.99,0.86,1.23
Eefsec,plex_2,,,,,,,0.59,1.16,0.61,0.67,0.6,1.11
Stk39,plex_2,,,,,,,1.53,1.77,0.83,1.28,0.98,1.59
Tra2a,plex_2,,,,,,,0.86,1.79,0.53,1.08,0.71,1.39
Tra2a,plex_2,,,,,,,0.86,1.79,0.53,1.08,0.71,1.39
Fbxo22,plex_2,,,,,,,0.79,0.88,0.39,0.65,0.57,0.82
Treh,plex_2,,,,,,,0.47,1.19,0.2,1.05,0.81,1.5
Rps27l,plex_2,,,,,,,0.63,1.69,0.74,1.02,0.72,1.01
Larp1,plex_2,,,,,,,0.53,1.05,0.59,0.7,0.67,1.08
Galc,plex_2,,,,,,,0.33,1.55,0.28,1.32,0.62,1.12
Uqcr10,plex_2,,,,,,,0.73,1.11,0.53,0.57,0.87,0.91
Dhtkd1,plex_2,,,,,,,0.4,0.79,0.48,0.8,0.92,1.76
2210010C04Rik,plex_2,,,,,,,0.74,1.47,0.64,0.83,0.91,0.85
2210010C04Rik,plex_2,,,,,,,0.74,1.47,0.64,0.83,0.91,0.85
Vps13c,plex_2,,,,,,,0.42,0.85,0.65,0.62,0.53,0.94
Rcn2,plex_2,,,,,,,0.7,1.16,0.55,0.63,0.5,0.98
Rcn2,plex_2,,,,,,,0.7,1.16,0.55,0.63,0.5,0.98
Adpgk,plex_2,,,,,,,,,,,,
Adpgk,plex_2,,,,,,,,,,,,
Adpgk,plex_2,,,,,,,,,,,,
Adpgk,plex_2,,,,,,,,,,,,
Adpgk,plex_2,,,,,,,,,,,,
Adpgk,plex_2,,,,,,,,,,,,
Hsd3b3,plex_2,,,,,,,0.82,1.09,0.44,0.62,0.49,0.82
Nmi,plex_2,,,,,,,0.16,0.78,0.12,0.68,0.39,0.51
Hspa12b,plex_2,,,,,,,0.24,0.85,0.42,0.54,0.98,1.22
Yes1,plex_2,,,,,,,0.54,1.02,0.49,0.64,0.66,1.26
Enpp1,plex_2,,,,,,,0.48,1.13,0.44,0.67,0.49,1.06
Enpp1,plex_2,,,,,,,0.48,1.13,0.44,0.67,0.49,1.06
Ap1m1,plex_2,,,,,,,0.62,1.28,0.63,0.96,0.74,1.4
Bag1,plex_2,,,,,,,0.54,1.5,0.59,0.83,0.78,1.1
Tmem126a,plex_2,,,,,,,0.49,0.87,0.5,0.52,0.62,0.9
Rad23a,plex_2,,,,,,,0.5,1.0,0.56,0.66,0.34,0.66
Exoc3,plex_2,,,,,,,0.59,0.95,0.53,0.48,0.51,1.07
Exoc3,plex_2,,,,,,,0.59,0.95,0.53,0.48,0.51,1.07
Mrps16,plex_2,,,,,,,0.42,1.1,0.38,0.75,0.51,0.74
Atg7,plex_2,,,,,,,0.56,0.8,0.48,0.71,0.43,0.95
Mrpl47,plex_2,,,,,,,0.58,0.9,0.51,0.66,0.68,1.24
Serpinb1a,plex_2,,,,,,,0.77,1.18,0.5,0.85,0.82,1.39
Serpinb1a,plex_2,,,,,,,0.77,1.18,0.5,0.85,0.82,1.39
Fuom,plex_2,,,,,,,0.76,1.66,0.39,0.91,1.09,1.76
Fuom,plex_2,,,,,,,0.76,1.66,0.39,0.91,1.09,1.76
Ppp5c,plex_2,,,,,,,0.68,1.15,0.62,0.81,0.8,1.18
Ttll12,plex_2,,,,,,,0.42,0.78,0.49,0.46,0.46,1.47
Ablim1,plex_2,,,,,,,0.63,1.43,0.49,0.59,0.74,1.52
Esam,plex_2,,,,,,,0.47,1.2,0.45,0.63,0.54,0.92
Rtn3,plex_2,,,,,,,0.57,0.91,0.53,0.65,0.87,0.8
Btf3,plex_2,,,,,,,0.74,1.14,0.53,0.59,0.52,1.14
Btf3,plex_2,,,,,,,0.74,1.14,0.53,0.59,0.52,1.14
Gapvd1,plex_2,,,,,,,0.52,1.31,0.69,0.67,0.72,1.17
Gapvd1,plex_2,,,,,,,0.52,1.31,0.69,0.67,0.72,1.17
ND5,plex_2,,,,,,,0.83,1.06,0.48,0.63,0.81,0.99
,plex_2,,,,,,,0.83,1.06,0.48,0.63,0.81,0.99
,plex_2,,,,,,,0.83,1.06,0.48,0.63,0.81,0.99
ND5,plex_2,,,,,,,0.83,1.06,0.48,0.63,0.81,0.99
Mtnd5,plex_2,,,,,,,0.83,1.06,0.48,0.63,0.81,0.99
ND5,plex_2,,,,,,,0.83,1.06,0.48,0.63,0.81,0.99
Bcap31,plex_2,,,,,,,0.75,1.16,0.5,0.77,0.76,1.15
Mydgf,plex_2,,,,,,,0.73,1.34,0.58,0.75,0.81,0.84
Ca5b,plex_2,,,,,,,0.66,1.23,0.15,0.87,0.62,1.47
Slc43a2,plex_2,,,,,,,0.57,0.68,0.46,0.69,0.74,0.97
Tmem33,plex_2,,,,,,,0.58,1.0,0.51,0.57,0.63,1.09
Tmem33,plex_2,,,,,,,0.58,1.0,0.51,0.57,0.63,1.09
Stard5,plex_2,,,,,,,0.56,1.38,0.55,0.72,0.73,1.13
Stard5,plex_2,,,,,,,0.56,1.38,0.55,0.72,0.73,1.13
Stard5,plex_2,,,,,,,0.56,1.38,0.55,0.72,0.73,1.13
Glrx2,plex_2,,,,,,,0.51,0.96,0.47,0.57,0.64,0.78
Glrx2,plex_2,,,,,,,0.51,0.96,0.47,0.57,0.64,0.78
Glrx2,plex_2,,,,,,,0.51,0.96,0.47,0.57,0.64,0.78
Rexo2,plex_2,,,,,,,0.49,1.09,0.58,0.72,0.54,1.12
Rexo2,plex_2,,,,,,,0.49,1.09,0.58,0.72,0.54,1.12
Rexo2,plex_2,,,,,,,0.49,1.09,0.58,0.72,0.54,1.12
Rexo2,plex_2,,,,,,,0.49,1.09,0.58,0.72,0.54,1.12
Nhlrc2,plex_2,,,,,,,0.34,0.97,0.46,0.6,0.63,0.97
Ddx39a,plex_2,,,,,,,0.62,1.07,0.84,0.93,0.81,1.6
Asrgl1,plex_2,,,,,,,0.74,1.39,0.82,0.9,0.81,1.25
Rpl28,plex_2,,,,,,,0.48,0.9,0.41,0.66,0.74,1.0
Rpl28,plex_2,,,,,,,0.48,0.9,0.41,0.66,0.74,1.0
Sdhc,plex_2,,,,,,,0.7,0.81,0.48,0.55,0.88,1.42
Mapkapk2,plex_2,,,,,,,0.58,1.41,0.63,1.0,0.61,0.94
Hs1bp3,plex_2,,,,,,,0.71,1.13,0.47,0.69,0.77,1.24
Spryd4,plex_2,,,,,,,0.78,1.2,0.69,0.81,0.73,1.15
Rps26,plex_2,,,,,,,0.66,1.06,0.68,0.68,0.56,0.85
Zbed5,plex_2,,,,,,,0.75,0.71,0.44,0.4,0.53,0.89
Zbed5,plex_2,,,,,,,0.75,0.71,0.44,0.4,0.53,0.89
Atp11a,plex_2,,,,,,,0.63,1.11,0.43,0.6,0.82,1.06
Atp6v1g3,plex_2,,,,,,,0.52,1.03,0.42,0.68,0.55,0.97
Hmgb2,plex_2,,,,,,,0.78,1.48,0.71,0.77,0.64,1.41
Hmgb2,plex_2,,,,,,,0.78,1.48,0.71,0.77,0.64,1.41
Hmgb2,plex_2,,,,,,,0.78,1.48,0.71,0.77,0.64,1.41
Hmgb2,plex_2,,,,,,,0.78,1.48,0.71,0.77,0.64,1.41
Osbpl1a,plex_2,,,,,,,0.53,0.88,0.47,0.54,0.63,1.18
Rbpms2,plex_2,,,,,,,0.5,1.39,0.5,0.67,0.54,1.23
Rbpms2,plex_2,,,,,,,0.5,1.39,0.5,0.67,0.54,1.23
Scamp3,plex_2,,,,,,,0.6,0.77,0.53,0.72,0.62,1.01
Rpa3,plex_2,,,,,,,,1.14,0.44,0.4,0.48,0.75
Me2,plex_2,,,,,,,0.69,1.08,0.45,0.69,0.66,1.13
Rpl29,plex_2,,,,,,,1.24,3.75,0.6,2.41,1.72,2.82
Hip1r,plex_2,,,,,,,0.67,1.06,0.48,0.79,0.63,1.4
Hip1r,plex_2,,,,,,,0.67,1.06,0.48,0.79,0.63,1.4
Hip1r,plex_2,,,,,,,0.67,1.06,0.48,0.79,0.63,1.4
U2af1,plex_2,,,,,,,0.81,1.64,0.76,0.84,1.02,1.21
Ace2,plex_2,,,,,,,0.78,1.07,0.47,0.73,1.04,1.44
Tes,plex_2,,,,,,,0.69,1.29,0.35,0.73,0.73,1.05
Rab5a,plex_2,,,,,,,0.61,1.68,0.4,1.06,0.53,1.55
Lrp1,plex_2,,,,,,,0.72,1.07,0.5,0.57,0.73,1.11
Efr3a,plex_2,,,,,,,0.68,0.85,0.45,0.42,0.7,0.74
Dctn3,plex_2,,,,,,,0.72,1.42,0.73,0.89,0.89,1.46
Nme1,plex_2,,,,,,,0.46,1.05,0.41,0.47,0.62,0.59
Osbpl3,plex_2,,,,,,,0.76,1.5,0.51,0.75,0.86,1.3
Wdr91,plex_2,,,,,,,0.7,1.25,0.65,0.65,0.77,1.75
Wdr91,plex_2,,,,,,,0.7,1.25,0.65,0.65,0.77,1.75
Vps26b,plex_2,,,,,,,0.83,1.09,0.66,0.77,0.68,1.26
Amdhd2,plex_2,,,,,,,0.64,1.09,0.47,0.77,0.74,1.21
Ap2s1,plex_2,,,,,,,0.94,1.05,0.58,0.69,0.8,1.61
Rpl21,plex_2,,,,,,,0.8,1.31,0.56,0.74,0.61,1.35
Rpl21,plex_2,,,,,,,0.8,1.31,0.56,0.74,0.61,1.35
Pin1,plex_2,,,,,,,0.53,1.05,0.62,0.58,0.4,0.85
Tatdn1,plex_2,,,,,,,0.38,0.89,0.64,0.57,0.48,0.88
Tatdn1,plex_2,,,,,,,0.38,0.89,0.64,0.57,0.48,0.88
Tatdn1,plex_2,,,,,,,0.38,0.89,0.64,0.57,0.48,0.88
Rps23,plex_2,,,,,,,0.61,1.29,0.55,0.87,0.49,1.13
Rps23,plex_2,,,,,,,0.61,1.29,0.55,0.87,0.49,1.13
Rps23,plex_2,,,,,,,0.61,1.29,0.55,0.87,0.49,1.13
Rps23,plex_2,,,,,,,0.61,1.29,0.55,0.87,0.49,1.13
Emc8,plex_2,,,,,,,0.48,1.17,0.28,0.7,0.96,0.77
S100a11,plex_2,,,,,,,0.64,0.99,0.41,0.49,0.47,0.91
Cab39l,plex_2,,,,,,,0.66,1.08,0.55,0.57,0.65,1.03
Atg3,plex_2,,,,,,,0.58,1.04,0.35,0.53,0.62,1.06
Adprh,plex_2,,,,,,,0.61,1.06,0.52,0.67,0.71,0.99
Clta,plex_2,,,,,,,0.7,1.32,0.62,0.7,0.77,1.11
Clta,plex_2,,,,,,,0.7,1.32,0.62,0.7,0.77,1.11
Clta,plex_2,,,,,,,0.7,1.32,0.62,0.7,0.77,1.11
Clta,plex_2,,,,,,,0.7,1.32,0.62,0.7,0.77,1.11
Clta,plex_2,,,,,,,0.7,1.32,0.62,0.7,0.77,1.11
Clta,plex_2,,,,,,,0.7,1.32,0.62,0.7,0.77,1.11
Clasp2,plex_2,,,,,,,0.48,1.34,0.63,1.25,0.67,1.34
Pcbd2,plex_2,,,,,,,0.67,1.0,0.59,0.72,0.71,0.96
Pcbd2,plex_2,,,,,,,0.67,1.0,0.59,0.72,0.71,0.96
Sgta,plex_2,,,,,,,0.76,1.58,0.61,0.89,0.74,1.43
Sgta,plex_2,,,,,,,0.76,1.58,0.61,0.89,0.74,1.43
Arhgdib,plex_2,,,,,,,0.9,1.29,0.52,0.63,0.73,1.03
Ssrp1,plex_2,,,,,,,0.6,1.27,0.75,0.67,0.63,1.28
Ssrp1,plex_2,,,,,,,0.6,1.27,0.75,0.67,0.63,1.28
Cox7a2l,plex_2,,,,,,,0.39,1.06,0.47,0.54,0.84,0.98
Cox7a2l,plex_2,,,,,,,0.39,1.06,0.47,0.54,0.84,0.98
Cox7a2l,plex_2,,,,,,,0.39,1.06,0.47,0.54,0.84,0.98
Hmga1,plex_2,,,,,,,0.88,1.59,0.5,1.13,0.83,1.23
Slfn5,plex_2,,,,,,,0.38,0.91,,0.46,0.52,0.68
Ero1l,plex_2,,,,,,,0.78,1.47,0.67,0.74,0.81,1.28
Ero1l,plex_2,,,,,,,0.78,1.47,0.67,0.74,0.81,1.28
Pdcd5,plex_2,,,,,,,0.45,1.05,0.42,0.32,0.57,0.83
Pdcd5,plex_2,,,,,,,0.45,1.05,0.42,0.32,0.57,0.83
Dock1,plex_2,,,,,,,0.92,1.77,0.67,1.0,0.95,1.56
Psme4,plex_2,,,,,,,0.62,1.25,0.72,0.62,0.85,0.97
Svil,plex_2,,,,,,,0.72,1.59,0.58,0.88,1.09,1.71
Cox7a2,plex_2,,,,,,,0.73,1.37,0.7,0.71,1.08,1.43
Mrps35,plex_2,,,,,,,0.82,1.47,0.58,0.82,0.83,1.29
Mrps35,plex_2,,,,,,,0.82,1.47,0.58,0.82,0.83,1.29
Atp13a1,plex_2,,,,,,,0.53,0.79,0.46,0.51,0.71,0.97
Farp2,plex_2,,,,,,,0.62,1.03,0.52,0.75,0.85,0.94
Mcur1,plex_2,,,,,,,0.8,1.0,0.58,0.73,0.68,1.31
Acot7,plex_2,,,,,,,0.75,1.55,0.73,0.83,0.82,1.05
Acot7,plex_2,,,,,,,0.75,1.55,0.73,0.83,0.82,1.05
Acot7,plex_2,,,,,,,0.75,1.55,0.73,0.83,0.82,1.05
Coa7,plex_2,,,,,,,0.59,1.21,0.65,0.82,0.67,0.93
Ndrg3,plex_2,,,,,,,0.61,1.1,0.43,0.6,0.74,1.18
Dusp3,plex_2,,,,,,,0.45,1.07,0.5,0.72,0.68,1.13
Dusp3,plex_2,,,,,,,0.45,1.07,0.5,0.72,0.68,1.13
Sec63,plex_2,,,,,,,0.78,1.01,0.43,0.63,0.47,0.98
Faah,plex_2,,,,,,,0.25,0.65,0.34,0.61,0.56,0.69
Aspdh,plex_2,,,,,,,0.9,2.17,0.96,1.29,1.47,1.38
Stmn1,plex_2,,,,,,,1.1,1.68,1.36,0.46,0.7,1.41
Stmn1,plex_2,,,,,,,1.1,1.68,1.36,0.46,0.7,1.41
Stmn1,plex_2,,,,,,,1.1,1.68,1.36,0.46,0.7,1.41
Stmn1,plex_2,,,,,,,1.1,1.68,1.36,0.46,0.7,1.41
Stmn1,plex_2,,,,,,,1.1,1.68,1.36,0.46,0.7,1.41
Stmn1,plex_2,,,,,,,1.1,1.68,1.36,0.46,0.7,1.41
Stmn1,plex_2,,,,,,,1.1,1.68,1.36,0.46,0.7,1.41
Stmn1,plex_2,,,,,,,1.1,1.68,1.36,0.46,0.7,1.41
Skp1a,plex_2,,,,,,,0.73,1.31,0.56,0.8,0.79,1.5
Slc5a8,plex_2,,,,,,,0.61,1.19,0.45,0.63,0.75,0.92
Prkar2b,plex_2,,,,,,,,1.69,,,,2.08
Nipsnap3b,plex_2,,,,,,,0.67,0.92,0.51,0.87,0.64,0.88
Iba57,plex_2,,,,,,,0.51,1.17,0.65,0.77,0.64,1.07
Hmgb3,plex_2,,,,,,,0.72,1.25,0.58,0.68,0.69,1.13
Sart1,plex_2,,,,,,,0.55,1.09,0.44,0.72,0.56,0.95
Rcc1,plex_2,,,,,,,0.58,1.09,0.46,0.56,0.52,1.12
Rcc1,plex_2,,,,,,,0.58,1.09,0.46,0.56,0.52,1.12
Rcc1,plex_2,,,,,,,0.58,1.09,0.46,0.56,0.52,1.12
Abhd12,plex_2,,,,,,,0.74,1.32,0.41,0.72,0.78,1.34
Myom1,plex_2,,,,,,,0.51,0.88,1.08,1.02,1.06,1.23
,plex_2,,,,,,,1.1,2.65,0.73,1.12,1.02,1.57
Cops6,plex_2,,,,,,,0.6,0.66,0.72,0.81,0.77,0.85
Cops6,plex_2,,,,,,,0.6,0.66,0.72,0.81,0.77,0.85
Mrpl11,plex_2,,,,,,,0.53,1.17,0.45,0.67,0.54,0.95
Arfip1,plex_2,,,,,,,0.57,0.96,0.5,0.56,0.63,1.04
Napg,plex_2,,,,,,,0.52,0.97,0.55,0.69,0.61,1.08
Napg,plex_2,,,,,,,0.52,0.97,0.55,0.69,0.61,1.08
Napg,plex_2,,,,,,,0.52,0.97,0.55,0.69,0.61,1.08
Sirt5,plex_2,,,,,,,0.6,1.39,0.67,0.83,0.84,1.27
,plex_2,,,,,,,0.58,1.11,0.38,0.81,0.69,1.82
Ush1c,plex_2,,,,,,,0.44,1.41,0.58,0.49,0.88,1.17
Ush1c,plex_2,,,,,,,0.44,1.41,0.58,0.49,0.88,1.17
Kank2,plex_2,,,,,,,0.78,1.16,0.54,0.62,0.66,1.11
Fkbp3,plex_2,,,,,,,0.55,1.08,0.47,0.62,0.7,1.02
Ube2m,plex_2,,,,,,,0.71,1.26,0.65,0.75,0.66,1.03
Dock7,plex_2,,,,,,,0.86,1.3,0.91,0.79,0.84,1.61
Dock7,plex_2,,,,,,,0.86,1.3,0.91,0.79,0.84,1.61
Tmx1,plex_2,,,,,,,0.39,0.94,0.73,0.27,0.57,0.87
G3bp2,plex_2,,,,,,,0.67,1.22,0.54,0.79,0.64,1.08
Fabp1,plex_2,,,,,,,0.93,1.47,0.55,0.7,1.29,1.12
Usp47,plex_2,,,,,,,0.67,1.17,0.36,0.76,0.69,0.86
Usp47,plex_2,,,,,,,0.67,1.17,0.36,0.76,0.69,0.86
Maob,plex_2,,,,,,,0.87,0.95,0.67,1.18,0.88,1.24
Casp6,plex_2,,,,,,,0.56,1.13,0.5,0.73,0.73,1.17
Casp6,plex_2,,,,,,,0.56,1.13,0.5,0.73,0.73,1.17
Sepsecs,plex_2,,,,,,,0.68,1.18,0.53,0.63,0.62,1.08
Vps16,plex_2,,,,,,,0.62,1.1,0.53,0.67,0.87,1.25
Vps16,plex_2,,,,,,,0.62,1.1,0.53,0.67,0.87,1.25
Rab1b,plex_2,,,,,,,0.3,0.79,0.27,0.46,0.58,1.03
Vps29,plex_2,,,,,,,0.76,1.33,0.55,0.69,0.76,1.2
Vps29,plex_2,,,,,,,0.76,1.33,0.55,0.69,0.76,1.2
Vps29,plex_2,,,,,,,0.76,1.33,0.55,0.69,0.76,1.2
Cbr3,plex_2,,,,,,,0.53,1.29,0.57,0.78,0.8,1.1
Mrps27,plex_2,,,,,,,0.6,1.27,0.58,0.7,0.73,1.28
Faf1,plex_2,,,,,,,0.63,0.85,0.55,0.62,0.27,0.98
Serpinc1,plex_2,,,,,,,0.54,1.39,0.53,0.63,1.2,1.26
Prkacb,plex_2,,,,,,,0.98,1.38,0.95,1.4,0.72,2.2
Prkacb,plex_2,,,,,,,0.98,1.38,0.95,1.4,0.72,2.2
Prkacb,plex_2,,,,,,,0.98,1.38,0.95,1.4,0.72,2.2
Prkacb,plex_2,,,,,,,0.98,1.38,0.95,1.4,0.72,2.2
Mfap4,plex_2,,,,,,,0.68,1.07,0.64,0.76,0.6,0.92
Tax1bp3,plex_2,,,,,,,0.42,0.56,0.46,0.82,,0.83
Cd82,plex_2,,,,,,,0.46,1.04,0.45,0.5,0.59,1.05
Cisd3,plex_2,,,,,,,0.64,1.07,0.49,0.63,0.8,0.92
Cisd3,plex_2,,,,,,,0.64,1.07,0.49,0.63,0.8,0.92
Cisd3,plex_2,,,,,,,0.64,1.07,0.49,0.63,0.8,0.92
Cisd3,plex_2,,,,,,,0.64,1.07,0.49,0.63,0.8,0.92
Ppp3ca,plex_2,,,,,,,0.45,0.81,0.36,0.79,0.88,1.11
2210016F16Rik,plex_2,,,,,,,0.64,1.33,0.58,0.61,0.58,1.07
Sirt2,plex_2,,,,,,,0.76,1.35,0.37,0.84,0.74,0.99
Sirt2,plex_2,,,,,,,0.76,1.35,0.37,0.84,0.74,0.99
Phyhd1,plex_2,,,,,,,0.81,1.32,0.63,0.93,0.77,1.29
Nudt2,plex_2,,,,,,,0.75,1.2,0.54,0.66,0.94,1.17
Cd9,plex_2,,,,,,,0.6,0.87,0.58,0.58,0.72,1.13
Uqcrq,plex_2,,,,,,,0.59,1.11,0.55,0.71,0.69,1.27
Galt,plex_2,,,,,,,0.51,1.55,0.48,0.55,1.3,0.71
Memo1,plex_2,,,,,,,0.79,1.22,0.55,0.9,0.99,1.63
Memo1,plex_2,,,,,,,0.79,1.22,0.55,0.9,0.99,1.63
Ube4a,plex_2,,,,,,,0.46,0.93,0.57,0.6,0.3,0.87
Ndufa11,plex_2,,,,,,,0.71,1.03,0.54,0.73,0.63,0.91
Hyal2,plex_2,,,,,,,0.61,0.86,0.35,0.57,0.49,0.93
Hyal2,plex_2,,,,,,,0.61,0.86,0.35,0.57,0.49,0.93
Slc6a19,plex_2,,,,,,,0.58,0.76,0.54,0.9,0.78,1.08
Slc6a19,plex_2,,,,,,,0.58,0.76,0.54,0.9,0.78,1.08
Grb2,plex_2,,,,,,,0.63,1.15,0.5,0.63,0.61,0.97
Grb2,plex_2,,,,,,,0.63,1.15,0.5,0.63,0.61,0.97
Grb2,plex_2,,,,,,,0.63,1.15,0.5,0.63,0.61,0.97
Msrb2,plex_2,,,,,,,0.71,1.15,0.57,0.74,0.66,1.16
Mrps11,plex_2,,,,,,,0.53,1.1,0.5,0.6,0.79,0.82
Sarnp,plex_2,,,,,,,0.61,1.09,0.6,0.7,0.6,1.06
Fgf1,plex_2,,,,,,,0.66,1.57,0.54,0.52,0.66,1.14
Uchl1,plex_2,,,,,,,0.76,1.28,0.65,0.66,0.67,1.08
Uchl1,plex_2,,,,,,,0.76,1.28,0.65,0.66,0.67,1.08
Nop58,plex_2,,,,,,,0.62,2.02,0.71,1.14,1.38,1.84
Casp8,plex_2,,,,,,,0.58,1.02,0.48,0.57,0.63,1.06
Serpina1b,plex_2,,,,,,,0.68,1.26,0.54,0.66,0.81,1.11
Paox,plex_2,,,,,,,0.56,1.13,0.42,0.56,0.78,0.9
Paox,plex_2,,,,,,,0.56,1.13,0.42,0.56,0.78,0.9
Paox,plex_2,,,,,,,0.56,1.13,0.42,0.56,0.78,0.9
Mtif2,plex_2,,,,,,,0.35,0.75,0.36,0.56,0.72,0.91
Tollip,plex_2,,,,,,,0.68,1.21,0.72,0.83,0.46,1.12
Tollip,plex_2,,,,,,,0.68,1.21,0.72,0.83,0.46,1.12
Tmem14c,plex_2,,,,,,,0.45,0.77,0.41,0.65,0.71,0.93
Tmem14c,plex_2,,,,,,,0.45,0.77,0.41,0.65,0.71,0.93
Srp54,plex_2,,,,,,,0.6,0.99,0.57,0.59,0.48,0.94
Fmo4,plex_2,,,,,,,0.42,0.8,0.41,0.45,0.69,0.83
Hkdc1,plex_2,,,,,,,0.56,1.01,0.59,0.83,0.63,1.44
Tmpo,plex_2,,,,,,,0.69,1.09,0.34,0.35,0.77,0.74
Pacsin3,plex_2,,,,,,,0.8,2.15,0.74,1.54,1.21,1.82
Fxyd2,plex_2,,,,,,,0.77,1.0,0.41,0.53,1.1,1.07
A1cf,plex_2,,,,,,,0.46,1.31,0.51,0.93,0.66,1.1
A1cf,plex_2,,,,,,,0.46,1.31,0.51,0.93,0.66,1.1
Plcd1,plex_2,,,,,,,0.65,1.39,0.65,0.81,0.97,1.34
Plcd1,plex_2,,,,,,,0.65,1.39,0.65,0.81,0.97,1.34
Icam1,plex_2,,,,,,,0.8,1.39,0.81,0.67,0.72,1.02
Icam1,plex_2,,,,,,,0.8,1.39,0.81,0.67,0.72,1.02
Icam1,plex_2,,,,,,,0.8,1.39,0.81,0.67,0.72,1.02
Icam1,plex_2,,,,,,,0.8,1.39,0.81,0.67,0.72,1.02
Icam1,plex_2,,,,,,,0.8,1.39,0.81,0.67,0.72,1.02
Icam1,plex_2,,,,,,,0.8,1.39,0.81,0.67,0.72,1.02
Icam1,plex_2,,,,,,,0.8,1.39,0.81,0.67,0.72,1.02
Icam1,plex_2,,,,,,,0.8,1.39,0.81,0.67,0.72,1.02
Icam1,plex_2,,,,,,,0.8,1.39,0.81,0.67,0.72,1.02
Ist1,plex_2,,,,,,,0.64,0.87,0.57,0.75,0.86,1.16
Ist1,plex_2,,,,,,,0.64,0.87,0.57,0.75,0.86,1.16
Rsl1d1,plex_2,,,,,,,0.58,0.86,0.58,0.7,0.79,1.14
Rsl1d1,plex_2,,,,,,,0.58,0.86,0.58,0.7,0.79,1.14
Rsl1d1,plex_2,,,,,,,0.58,0.86,0.58,0.7,0.79,1.14
Rsl1d1,plex_2,,,,,,,0.58,0.86,0.58,0.7,0.79,1.14
Rsl1d1,plex_2,,,,,,,0.58,0.86,0.58,0.7,0.79,1.14
Rsl1d1,plex_2,,,,,,,0.58,0.86,0.58,0.7,0.79,1.14
Rsl1d1,plex_2,,,,,,,0.58,0.86,0.58,0.7,0.79,1.14
Snca,plex_2,,,,,,,0.32,0.81,0.25,0.58,0.42,0.96
Snca,plex_2,,,,,,,0.32,0.81,0.25,0.58,0.42,0.96
Tmco1,plex_2,,,,,,,0.52,1.17,0.43,0.65,0.6,1.33
Tmco1,plex_2,,,,,,,0.52,1.17,0.43,0.65,0.6,1.33
Tmco1,plex_2,,,,,,,0.52,1.17,0.43,0.65,0.6,1.33
Tpp2,plex_2,,,,,,,0.52,1.14,0.37,0.63,0.54,0.93
Tpp2,plex_2,,,,,,,0.52,1.14,0.37,0.63,0.54,0.93
Tpp2,plex_2,,,,,,,0.52,1.14,0.37,0.63,0.54,0.93
Tpp2,plex_2,,,,,,,0.52,1.14,0.37,0.63,0.54,0.93
Exoc3l2,plex_2,,,,,,,0.62,1.15,0.55,0.6,0.87,1.13
Bcs1l,plex_2,,,,,,,0.62,1.26,0.92,0.85,1.08,1.9
Exoc8,plex_2,,,,,,,0.66,1.02,0.52,0.6,0.67,1.11
Top2b,plex_2,,,,,,,0.84,1.05,0.71,0.49,0.71,0.75
Gak,plex_2,,,,,,,0.62,1.26,0.57,0.6,0.75,1.15
Gak,plex_2,,,,,,,0.62,1.26,0.57,0.6,0.75,1.15
Gak,plex_2,,,,,,,0.62,1.26,0.57,0.6,0.75,1.15
Zc3h14,plex_2,,,,,,,0.5,1.11,0.48,0.64,0.61,0.93
Zc3h14,plex_2,,,,,,,0.5,1.11,0.48,0.64,0.61,0.93
Zc3h14,plex_2,,,,,,,0.5,1.11,0.48,0.64,0.61,0.93
Vasp,plex_2,,,,,,,0.64,0.95,0.43,0.58,0.83,1.1
Rpl19,plex_2,,,,,,,0.65,1.19,0.49,0.68,0.8,1.16
Inmt,plex_2,,,,,,,0.56,0.86,0.39,0.59,0.93,1.08
Ppp6r3,plex_2,,,,,,,0.65,1.16,0.64,0.61,0.72,1.24
Ppp6r3,plex_2,,,,,,,0.65,1.16,0.64,0.61,0.72,1.24
Ppp6r3,plex_2,,,,,,,0.65,1.16,0.64,0.61,0.72,1.24
Mdp1,plex_2,,,,,,,0.72,0.97,0.39,0.53,0.68,1.11
Tcea1,plex_2,,,,,,,0.58,1.11,0.48,0.58,0.48,1.02
Tcea1,plex_2,,,,,,,0.58,1.11,0.48,0.58,0.48,1.02
Sh3glb1,plex_2,,,,,,,0.81,1.18,0.6,0.92,0.82,1.64
Sh3glb1,plex_2,,,,,,,0.81,1.18,0.6,0.92,0.82,1.64
Sh3glb1,plex_2,,,,,,,0.81,1.18,0.6,0.92,0.82,1.64
Opa3,plex_2,,,,,,,0.66,0.92,0.32,0.59,0.66,1.01
Fam162a,plex_2,,,,,,,0.63,1.02,0.56,0.58,0.58,1.07
Calml4,plex_2,,,,,,,0.55,1.08,0.61,0.56,0.77,1.1
Rab8a,plex_2,,,,,,,0.66,0.97,0.63,0.58,0.61,0.96
Map1s,plex_2,,,,,,,0.87,1.74,1.17,0.97,0.87,0.98
Naa15,plex_2,,,,,,,0.48,0.95,0.41,0.68,0.6,0.92
Pik3c2a,plex_2,,,,,,,0.49,1.02,0.7,0.64,0.55,1.01
Pik3c2a,plex_2,,,,,,,0.49,1.02,0.7,0.64,0.55,1.01
Guk1,plex_2,,,,,,,0.32,1.0,0.77,0.52,1.09,0.84
Golga5,plex_2,,,,,,,0.96,1.97,0.45,0.64,1.55,1.21
Gid8,plex_2,,,,,,,0.39,,,0.33,,
Mtch1,plex_2,,,,,,,0.7,0.89,0.44,0.51,0.57,0.96
Mtch1,plex_2,,,,,,,0.7,0.89,0.44,0.51,0.57,0.96
Rabgap1,plex_2,,,,,,,0.59,0.75,0.34,0.49,0.48,0.89
Uba5,plex_2,,,,,,,0.59,1.11,0.4,0.71,0.5,1.26
Ctsf,plex_2,,,,,,,0.52,1.18,0.38,0.8,0.7,0.92
Chp1,plex_2,,,,,,,0.6,1.39,0.52,0.56,0.78,0.8
Tiprl,plex_2,,,,,,,0.6,1.9,0.55,0.91,0.88,1.35
Slc25a36,plex_2,,,,,,,0.85,1.56,1.09,0.41,0.86,1.31
Glyr1,plex_2,,,,,,,0.47,1.75,0.5,0.58,0.88,2.13
Glyr1,plex_2,,,,,,,0.47,1.75,0.5,0.58,0.88,2.13
Galk2,plex_2,,,,,,,1.16,1.45,1.03,0.99,1.05,2.14
Tra2b,plex_2,,,,,,,0.53,1.19,0.47,0.6,0.71,1.33
Tra2b,plex_2,,,,,,,0.53,1.19,0.47,0.6,0.71,1.33
Snu13,plex_2,,,,,,,0.48,1.81,0.64,0.86,0.52,1.13
Emc2,plex_2,,,,,,,0.59,1.52,0.58,0.78,0.66,1.29
Rbbp4,plex_2,,,,,,,0.52,1.23,0.52,0.78,0.43,1.04
Hscb,plex_2,,,,,,,0.5,1.05,0.37,0.58,0.57,1.09
Hscb,plex_2,,,,,,,0.5,1.05,0.37,0.58,0.57,1.09
Ggct,plex_2,,,,,,,0.85,1.53,0.75,0.7,0.81,1.24
Atox1,plex_2,,,,,,,0.63,1.33,0.5,0.98,0.51,1.11
Orm1,plex_2,,,,,,,0.36,1.31,0.23,0.41,0.73,1.05
Arid1b,plex_2,,,,,,,0.72,1.17,0.62,1.14,0.82,1.56
Arid1b,plex_2,,,,,,,0.72,1.17,0.62,1.14,0.82,1.56
Ddt,plex_2,,,,,,,0.68,1.63,0.65,0.97,0.85,1.25
Usmg5,plex_2,,,,,,,0.86,0.89,0.51,0.7,0.8,1.32
Commd8,plex_2,,,,,,,0.66,1.22,0.62,0.85,0.83,1.15
Nrbp1,plex_2,,,,,,,0.69,1.1,0.54,0.65,0.71,1.19
Nrbp1,plex_2,,,,,,,0.69,1.1,0.54,0.65,0.71,1.19
Nrbp1,plex_2,,,,,,,0.69,1.1,0.54,0.65,0.71,1.19
Atp11b,plex_2,,,,,,,,,,,,
Ldb3,plex_2,,,,,,,0.99,0.75,0.86,0.78,1.16,0.55
Ldb3,plex_2,,,,,,,0.99,0.75,0.86,0.78,1.16,0.55
Ldb3,plex_2,,,,,,,0.99,0.75,0.86,0.78,1.16,0.55
Snx4,plex_2,,,,,,,0.86,1.55,0.69,1.02,0.85,1.32
,plex_2,,,,,,,0.86,1.55,0.69,1.02,0.85,1.32
Nolc1,plex_2,,,,,,,0.68,1.58,0.34,1.02,1.0,1.76
Slain2,plex_2,,,,,,,1.57,4.66,2.1,3.04,2.56,4.21
Mpv17,plex_2,,,,,,,0.67,0.97,0.51,0.67,0.65,0.98
Mpv17,plex_2,,,,,,,0.67,0.97,0.51,0.67,0.65,0.98
Mpv17,plex_2,,,,,,,0.67,0.97,0.51,0.67,0.65,0.98
Mpv17,plex_2,,,,,,,0.67,0.97,0.51,0.67,0.65,0.98
Mpv17,plex_2,,,,,,,0.67,0.97,0.51,0.67,0.65,0.98
Ddx42,plex_2,,,,,,,0.61,0.98,0.43,0.56,0.69,1.13
Ppox,plex_2,,,,,,,0.83,0.53,0.65,0.87,0.66,1.25
Gcnt1,plex_2,,,,,,,0.76,1.68,0.45,0.82,0.87,1.35
Gcnt1,plex_2,,,,,,,0.76,1.68,0.45,0.82,0.87,1.35
Slc25a24,plex_2,,,,,,,0.53,1.58,0.49,0.57,0.73,0.99
Dpm1,plex_2,,,,,,,0.73,1.28,0.57,0.61,0.61,1.28
Ccdc58,plex_2,,,,,,,0.79,1.2,0.62,0.6,0.77,1.18
Mrpl48,plex_2,,,,,,,0.68,1.34,0.65,1.05,1.02,1.35
Tanc1,plex_2,,,,,,,0.74,1.23,0.54,0.83,1.28,1.11
Pafah1b2,plex_2,,,,,,,0.55,1.16,0.5,0.65,0.68,1.06
Hip1,plex_2,,,,,,,,,,,,
Bzw1,plex_2,,,,,,,0.64,1.03,0.62,0.67,0.64,1.31
Akt2,plex_2,,,,,,,0.54,0.93,0.49,0.52,0.52,0.86
Psmf1,plex_2,,,,,,,0.64,1.14,0.44,0.78,0.74,1.12
Psmf1,plex_2,,,,,,,0.64,1.14,0.44,0.78,0.74,1.12
Cyb5r1,plex_2,,,,,,,0.69,1.22,0.5,0.83,0.86,1.23
Tuba1c,plex_2,,,,,,,,0.81,0.6,0.82,1.28,1.11
Gm10320,plex_2,,,,,,,0.56,0.76,0.47,0.54,0.66,0.76
Sec61b,plex_2,,,,,,,0.56,0.76,0.47,0.54,0.66,0.76
Slc22a8,plex_2,,,,,,,0.48,0.76,0.6,0.57,0.64,0.85
Srp68,plex_2,,,,,,,0.88,1.92,0.7,1.06,1.04,1.77
Srp68,plex_2,,,,,,,0.88,1.92,0.7,1.06,1.04,1.77
Tmem19,plex_2,,,,,,,0.72,0.95,0.47,0.47,0.58,1.07
Tmem19,plex_2,,,,,,,0.72,0.95,0.47,0.47,0.58,1.07
Bloc1s1,plex_2,,,,,,,0.34,0.6,0.29,0.35,0.54,0.85
Bloc1s1,plex_2,,,,,,,0.34,0.6,0.29,0.35,0.54,0.85
Bloc1s1,plex_2,,,,,,,0.34,0.6,0.29,0.35,0.54,0.85
Smarca4,plex_2,,,,,,,0.55,0.92,0.4,0.57,0.58,0.88
Smarca4,plex_2,,,,,,,0.55,0.92,0.4,0.57,0.58,0.88
Tnni2,plex_2,,,,,,,1.08,1.1,1.13,0.89,0.98,0.79
Tnni2,plex_2,,,,,,,1.08,1.1,1.13,0.89,0.98,0.79
Mrpl4,plex_2,,,,,,,0.64,1.18,0.56,0.66,0.7,1.02
Aak1,plex_2,,,,,,,0.67,1.59,0.61,1.04,0.67,1.17
Aak1,plex_2,,,,,,,0.67,1.59,0.61,1.04,0.67,1.17
,plex_2,,,,,,,0.48,1.25,0.43,0.92,0.93,1.17
Ano10,plex_2,,,,,,,0.92,1.68,0.82,0.76,0.78,0.96
Ano10,plex_2,,,,,,,0.92,1.68,0.82,0.76,0.78,0.96
Pfdn2,plex_2,,,,,,,0.95,1.84,0.31,1.0,1.1,1.39
Ints3,plex_2,,,,,,,0.73,1.3,0.86,,,0.95
Ints3,plex_2,,,,,,,0.73,1.3,0.86,,,0.95
Emc7,plex_2,,,,,,,0.76,1.3,0.51,0.64,0.61,1.0
Sept4,plex_2,,,,,,,0.27,1.32,0.52,0.66,0.57,1.24
Sept4,plex_2,,,,,,,0.27,1.32,0.52,0.66,0.57,1.24
Sept4,plex_2,,,,,,,0.27,1.32,0.52,0.66,0.57,1.24
Sept4,plex_2,,,,,,,0.27,1.32,0.52,0.66,0.57,1.24
Sept4,plex_2,,,,,,,0.27,1.32,0.52,0.66,0.57,1.24
Ptpra,plex_2,,,,,,,0.49,0.96,0.51,0.69,0.58,0.79
Ptpra,plex_2,,,,,,,0.49,0.96,0.51,0.69,0.58,0.79
Ptpra,plex_2,,,,,,,0.49,0.96,0.51,0.69,0.58,0.79
Ctsl,plex_2,,,,,,,0.78,1.28,0.61,1.15,0.61,1.2
Ctsl,plex_2,,,,,,,0.78,1.28,0.61,1.15,0.61,1.2
Ctsl,plex_2,,,,,,,0.78,1.28,0.61,1.15,0.61,1.2
Ctsl,plex_2,,,,,,,0.78,1.28,0.61,1.15,0.61,1.2
Ctsl,plex_2,,,,,,,0.78,1.28,0.61,1.15,0.61,1.2
Ctsl,plex_2,,,,,,,0.78,1.28,0.61,1.15,0.61,1.2
Nae1,plex_2,,,,,,,,,,,,
Nae1,plex_2,,,,,,,,,,,,
Rdh14,plex_2,,,,,,,0.58,1.12,0.56,0.73,0.74,0.91
Rdh14,plex_2,,,,,,,0.58,1.12,0.56,0.73,0.74,0.91
Mbnl1,plex_2,,,,,,,0.51,1.32,0.61,0.72,0.57,1.22
Commd10,plex_2,,,,,,,0.78,1.35,0.45,0.71,0.33,1.07
Ppme1,plex_2,,,,,,,0.83,1.31,0.69,0.72,0.77,1.2
Actr1a,plex_2,,,,,,,0.62,1.55,0.56,0.68,0.76,1.31
Snrpe,plex_2,,,,,,,0.62,1.38,0.69,0.58,0.67,1.18
Luc7l3,plex_2,,,,,,,0.69,1.11,0.51,0.32,0.33,1.08
Luc7l3,plex_2,,,,,,,0.69,1.11,0.51,0.32,0.33,1.08
Luc7l3,plex_2,,,,,,,0.69,1.11,0.51,0.32,0.33,1.08
Fbln5,plex_2,,,,,,,0.49,1.05,0.34,0.33,0.72,1.22
Mmrn2,plex_2,,,,,,,0.4,1.36,0.37,1.1,0.99,1.15
Dctn4,plex_2,,,,,,,0.87,1.78,0.75,0.92,0.88,1.36
Dctn4,plex_2,,,,,,,0.87,1.78,0.75,0.92,0.88,1.36
Fam136a,plex_2,,,,,,,0.67,1.54,0.56,0.87,0.71,1.03
S100a1,plex_2,,,,,,,0.42,1.24,0.59,0.93,0.75,1.35
S100a1,plex_2,,,,,,,0.42,1.24,0.59,0.93,0.75,1.35
Ktn1,plex_2,,,,,,,0.69,1.0,0.62,0.57,0.92,1.09
Ktn1,plex_2,,,,,,,0.69,1.0,0.62,0.57,0.92,1.09
Ktn1,plex_2,,,,,,,0.69,1.0,0.62,0.57,0.92,1.09
Ktn1,plex_2,,,,,,,0.69,1.0,0.62,0.57,0.92,1.09
Ktn1,plex_2,,,,,,,0.69,1.0,0.62,0.57,0.92,1.09
Ktn1,plex_2,,,,,,,0.69,1.0,0.62,0.57,0.92,1.09
Ktn1,plex_2,,,,,,,0.69,1.0,0.62,0.57,0.92,1.09
Ktn1,plex_2,,,,,,,0.69,1.0,0.62,0.57,0.92,1.09
Smtn,plex_2,,,,,,,0.53,1.68,0.88,0.94,0.51,0.96
Vac14,plex_2,,,,,,,0.93,1.23,0.47,0.82,0.89,1.27
Myg1,plex_2,,,,,,,0.58,1.16,0.57,0.7,0.72,1.17
Myg1,plex_2,,,,,,,0.58,1.16,0.57,0.7,0.72,1.17
Myg1,plex_2,,,,,,,0.58,1.16,0.57,0.7,0.72,1.17
Osbpl6,plex_2,,,,,,,0.65,1.49,1.63,1.04,0.85,3.12
Osbpl6,plex_2,,,,,,,0.65,1.49,1.63,1.04,0.85,3.12
Ythdf3,plex_2,,,,,,,0.62,1.42,0.57,0.78,0.77,1.21
Pdia5,plex_2,,,,,,,0.62,1.07,0.46,0.74,0.6,1.18
Tbcel,plex_2,,,,,,,0.55,1.53,0.59,0.77,0.75,1.3
Mpdu1,plex_2,,,,,,,0.52,1.04,0.63,0.6,0.69,1.26
Mpdu1,plex_2,,,,,,,0.52,1.04,0.63,0.6,0.69,1.26
Mpdu1,plex_2,,,,,,,0.52,1.04,0.63,0.6,0.69,1.26
Lancl1,plex_2,,,,,,,0.79,1.17,0.61,0.94,0.74,1.52
Aif1l,plex_2,,,,,,,0.67,1.46,0.49,0.79,0.66,1.01
Cryzl1,plex_2,,,,,,,0.73,1.37,0.74,0.94,0.69,1.09
Grcc10,plex_2,,,,,,,,,,,,
Arl6ip5,plex_2,,,,,,,0.66,1.25,0.61,0.91,0.44,1.39
Myo6,plex_2,,,,,,,0.72,1.81,0.22,0.77,,1.11
Slc16a1,plex_2,,,,,,,0.57,0.76,0.4,0.81,0.87,0.77
Slc16a1,plex_2,,,,,,,0.57,0.76,0.4,0.81,0.87,0.77
Slc16a1,plex_2,,,,,,,0.57,0.76,0.4,0.81,0.87,0.77
Slc16a1,plex_2,,,,,,,0.57,0.76,0.4,0.81,0.87,0.77
Myadm,plex_2,,,,,,,0.85,,,,,2.38
Fkbp15,plex_2,,,,,,,1.0,3.24,1.03,2.21,1.52,2.75
Fkbp15,plex_2,,,,,,,1.0,3.24,1.03,2.21,1.52,2.75
Rbm25,plex_2,,,,,,,0.66,1.03,0.53,0.67,0.73,0.96
Atp6v0c,plex_2,,,,,,,0.38,0.66,0.38,0.76,0.62,1.32
Atp6v0c,plex_2,,,,,,,0.38,0.66,0.38,0.76,0.62,1.32
Atp6v0c,plex_2,,,,,,,0.38,0.66,0.38,0.76,0.62,1.32
Atp6v0c,plex_2,,,,,,,0.38,0.66,0.38,0.76,0.62,1.32
Arf5,plex_2,,,,,,,0.7,0.99,0.64,0.87,0.99,0.9
Gprc5c,plex_2,,,,,,,0.69,1.46,0.82,0.86,0.67,1.18
Gprc5c,plex_2,,,,,,,0.69,1.46,0.82,0.86,0.67,1.18
Gprc5c,plex_2,,,,,,,0.69,1.46,0.82,0.86,0.67,1.18
Gprc5c,plex_2,,,,,,,0.69,1.46,0.82,0.86,0.67,1.18
Gm20425,plex_2,,,,,,,0.98,2.03,0.66,0.97,1.07,1.74
Aoc3,plex_2,,,,,,,0.43,0.68,0.44,0.96,0.55,1.13
Mcat,plex_2,,,,,,,0.4,0.95,0.54,0.66,0.54,1.07
Nudt14,plex_2,,,,,,,1.19,1.29,0.66,0.83,0.86,1.23
Atl2,plex_2,,,,,,,0.5,1.23,0.59,1.01,0.52,1.05
Exoc4,plex_2,,,,,,,0.51,0.71,0.52,0.34,0.48,0.95
Arid1a,plex_2,,,,,,,0.85,1.87,0.78,1.24,1.06,2.23
Rufy3,plex_2,,,,,,,0.46,1.05,0.42,0.51,0.64,0.98
Ly6c1,plex_2,,,,,,,0.4,0.86,0.33,0.58,0.45,0.93
Ly6c1,plex_2,,,,,,,0.4,0.86,0.33,0.58,0.45,0.93
Ly6c1,plex_2,,,,,,,0.4,0.86,0.33,0.58,0.45,0.93
Mrps9,plex_2,,,,,,,0.63,1.0,0.66,0.71,0.63,1.29
Cds2,plex_2,,,,,,,0.43,1.06,0.52,0.7,0.88,0.89
Rfk,plex_2,,,,,,,0.61,1.3,0.61,0.67,0.59,1.0
Slc5a9,plex_2,,,,,,,0.53,0.93,0.51,0.65,0.68,1.04
Ndufaf4,plex_2,,,,,,,0.65,1.07,0.58,0.78,0.92,1.09
Hexa,plex_2,,,,,,,0.46,1.1,0.37,1.08,0.63,1.37
Celf1,plex_2,,,,,,,0.77,1.18,0.58,0.66,0.67,1.54
Celf1,plex_2,,,,,,,0.77,1.18,0.58,0.66,0.67,1.54
Celf1,plex_2,,,,,,,0.77,1.18,0.58,0.66,0.67,1.54
Celf1,plex_2,,,,,,,0.77,1.18,0.58,0.66,0.67,1.54
Tnks1bp1,plex_2,,,,,,,0.61,0.96,0.47,0.56,0.59,1.03
Tnks1bp1,plex_2,,,,,,,0.61,0.96,0.47,0.56,0.59,1.03
Mmab,plex_2,,,,,,,0.7,1.01,0.74,0.86,0.44,0.86
Safb,plex_2,,,,,,,0.68,1.35,0.78,0.84,0.82,1.2
Alcam,plex_2,,,,,,,0.52,0.57,0.33,0.39,0.38,0.71
Isg15,plex_2,,,,,,,0.85,1.4,0.28,0.58,0.48,0.75
Coa3,plex_2,,,,,,,0.52,1.35,0.48,0.69,0.61,1.02
Coa3,plex_2,,,,,,,0.52,1.35,0.48,0.69,0.61,1.02
Pcnp,plex_2,,,,,,,0.64,1.27,0.41,0.67,0.73,1.07
Xpnpep3,plex_2,,,,,,,0.45,1.47,0.77,1.05,0.53,1.33
Nup205,plex_2,,,,,,,0.84,1.13,0.69,0.65,0.72,1.19
Xrcc5,plex_2,,,,,,,0.95,0.97,0.65,1.24,0.84,1.75
,plex_2,,,,,,,0.57,0.88,0.35,0.99,0.67,0.76
,plex_2,,,,,,,0.57,0.88,0.35,0.99,0.67,0.76
Sub1,plex_2,,,,,,,0.8,1.31,0.52,0.99,0.9,1.23
Prpf40a,plex_2,,,,,,,0.6,1.15,0.68,0.8,0.78,1.19
Prpf40a,plex_2,,,,,,,0.6,1.15,0.68,0.8,0.78,1.19
Ndufaf3,plex_2,,,,,,,0.85,1.59,,,0.95,1.16
Vps13a,plex_2,,,,,,,0.75,0.89,0.51,0.56,0.64,1.2
Ubqln2,plex_2,,,,,,,0.65,1.46,0.81,0.91,1.01,1.68
Ube3a,plex_2,,,,,,,0.72,1.19,0.45,0.64,0.95,1.16
Ube3a,plex_2,,,,,,,0.72,1.19,0.45,0.64,0.95,1.16
Ube3a,plex_2,,,,,,,0.72,1.19,0.45,0.64,0.95,1.16
Ube3a,plex_2,,,,,,,0.72,1.19,0.45,0.64,0.95,1.16
Apob,plex_2,,,,,,,0.72,1.24,0.51,0.58,0.81,1.15
Sh3gl1,plex_2,,,,,,,0.44,0.79,0.35,0.48,0.61,0.76
Sh3gl1,plex_2,,,,,,,0.44,0.79,0.35,0.48,0.61,0.76
Sh3gl1,plex_2,,,,,,,0.44,0.79,0.35,0.48,0.61,0.76
Arhgap17,plex_2,,,,,,,0.56,1.09,0.24,0.91,0.88,1.04
Flad1,plex_2,,,,,,,0.6,1.14,0.46,0.65,0.72,1.21
Casp3,plex_2,,,,,,,0.67,1.09,0.69,0.77,0.76,1.14
Cox20,plex_2,,,,,,,0.61,1.27,0.55,0.5,0.61,1.03
Csnk1g3,plex_2,,,,,,,0.65,1.01,0.37,0.74,0.97,1.0
Mrps6,plex_2,,,,,,,0.54,1.25,0.54,0.67,0.61,1.35
Hsbp1,plex_2,,,,,,,0.72,1.36,0.39,0.84,0.81,1.07
Gucy1b3,plex_2,,,,,,,0.72,0.83,0.29,0.49,0.61,1.18
Gucy1b3,plex_2,,,,,,,0.72,0.83,0.29,0.49,0.61,1.18
Scoc,plex_2,,,,,,,1.63,2.99,1.03,1.3,1.36,2.97
Scoc,plex_2,,,,,,,1.63,2.99,1.03,1.3,1.36,2.97
Scoc,plex_2,,,,,,,1.63,2.99,1.03,1.3,1.36,2.97
Slc47a1,plex_2,,,,,,,0.57,1.06,0.55,0.57,0.72,1.31
Slc22a2,plex_2,,,,,,,0.52,0.7,0.45,0.54,0.6,0.85
Slc22a2,plex_2,,,,,,,0.52,0.7,0.45,0.54,0.6,0.85
Uba3,plex_2,,,,,,,1.13,2.04,0.94,1.2,0.79,1.6
Uba3,plex_2,,,,,,,1.13,2.04,0.94,1.2,0.79,1.6
Tu11,plex_2,,,,,,,0.51,1.12,0.5,0.71,0.55,0.93
DXS254E,plex_2,,,,,,,0.51,1.12,0.5,0.71,0.55,0.93
,plex_2,,,,,,,0.51,1.12,0.5,0.71,0.55,0.93
Ubl4a,plex_2,,,,,,,0.51,1.12,0.5,0.71,0.55,0.93
Tu11,plex_2,,,,,,,0.51,1.12,0.5,0.71,0.55,0.93
Gripap1,plex_2,,,,,,,0.8,1.47,0.47,0.91,1.19,2.52
Gripap1,plex_2,,,,,,,0.8,1.47,0.47,0.91,1.19,2.52
Gripap1,plex_2,,,,,,,0.8,1.47,0.47,0.91,1.19,2.52
Gripap1,plex_2,,,,,,,0.8,1.47,0.47,0.91,1.19,2.52
Pbxip1,plex_2,,,,,,,0.28,0.77,,0.7,0.68,1.09
Tjp3,plex_2,,,,,,,0.64,0.98,0.47,0.44,0.89,1.08
Tjp3,plex_2,,,,,,,0.64,0.98,0.47,0.44,0.89,1.08
Tjp3,plex_2,,,,,,,0.64,0.98,0.47,0.44,0.89,1.08
Mfn1,plex_2,,,,,,,0.77,0.86,0.57,0.91,1.1,1.7
Mfn1,plex_2,,,,,,,0.77,0.86,0.57,0.91,1.1,1.7
Mocs1,plex_2,,,,,,,0.68,1.08,0.54,0.55,1.15,1.13
Klc2,plex_2,,,,,,,0.71,1.2,0.68,0.84,0.53,1.05
Chchd4,plex_2,,,,,,,0.62,1.45,0.65,0.97,0.58,1.31
Slc25a45,plex_2,,,,,,,0.39,0.75,0.5,0.61,0.79,1.15
Ptgs1,plex_2,,,,,,,0.61,1.36,0.66,0.8,0.81,1.07
Mpp7,plex_2,,,,,,,0.91,1.51,0.51,0.65,0.32,1.07
Mpp7,plex_2,,,,,,,0.91,1.51,0.51,0.65,0.32,1.07
Pcyt1a,plex_2,,,,,,,1.08,1.2,0.96,0.81,0.7,1.04
Fkbp1a,plex_2,,,,,,,0.62,1.09,0.49,0.6,0.9,1.02
Fkbp1a,plex_2,,,,,,,0.62,1.09,0.49,0.6,0.9,1.02
Srm,plex_2,,,,,,,0.93,1.27,0.5,0.64,0.72,1.81
Fam91a1,plex_2,,,,,,,0.2,0.79,0.54,0.51,0.77,0.71
Tspan8,plex_2,,,,,,,0.85,1.27,0.67,0.97,1.1,1.63
Ganc,plex_2,,,,,,,0.93,1.62,0.63,1.26,1.06,1.72
Ganc,plex_2,,,,,,,0.93,1.62,0.63,1.26,1.06,1.72
Ganc,plex_2,,,,,,,0.93,1.62,0.63,1.26,1.06,1.72
Mrpl50,plex_2,,,,,,,0.52,1.07,0.52,0.67,0.39,0.85
Wars2,plex_2,,,,,,,0.67,1.32,0.72,0.77,0.85,1.29
Ghitm,plex_2,,,,,,,0.72,1.21,0.32,0.67,0.7,0.97
Ddx46,plex_2,,,,,,,0.62,1.21,0.5,0.55,0.91,1.24
Lyrm4,plex_2,,,,,,,0.56,1.0,0.47,0.7,0.49,0.89
,plex_2,,,,,,,0.67,0.99,0.43,0.56,0.72,1.14
Rae1,plex_2,,,,,,,0.67,0.99,0.43,0.56,0.72,1.14
Stt3a,plex_2,,,,,,,0.89,1.0,0.52,0.62,1.01,0.93
Tstd1,plex_2,,,,,,,0.79,1.67,0.66,0.75,1.13,1.32
Camsap3,plex_2,,,,,,,0.47,1.09,0.46,0.54,0.5,1.17
Igkv12-41,plex_2,,,,,,,,1.44,0.93,0.53,0.28,0.47
,plex_2,,,,,,,,1.44,0.93,0.53,0.28,0.47
,plex_2,,,,,,,,1.44,0.93,0.53,0.28,0.47
,plex_2,,,,,,,,1.44,0.93,0.53,0.28,0.47
Hmox2,plex_2,,,,,,,0.61,0.97,0.5,0.41,0.46,1.14
Zc3h15,plex_2,,,,,,,0.72,1.52,0.71,0.7,0.69,1.58
Ssu72,plex_2,,,,,,,0.6,1.01,0.78,0.61,0.61,0.99
Ssu72,plex_2,,,,,,,0.6,1.01,0.78,0.61,0.61,0.99
Ceacam2,plex_2,,,,,,,0.8,1.33,0.42,0.46,0.71,0.63
Ceacam2,plex_2,,,,,,,0.8,1.33,0.42,0.46,0.71,0.63
Ceacam2,plex_2,,,,,,,0.8,1.33,0.42,0.46,0.71,0.63
Sumo2,plex_2,,,,,,,0.6,1.1,0.48,0.54,0.62,0.98
Pnn,plex_2,,,,,,,0.5,0.96,0.34,0.45,0.57,0.89
Pnn,plex_2,,,,,,,0.5,0.96,0.34,0.45,0.57,0.89
Pnn,plex_2,,,,,,,0.5,0.96,0.34,0.45,0.57,0.89
Golga2,plex_2,,,,,,,0.35,0.94,0.39,0.52,0.59,1.19
Golga2,plex_2,,,,,,,0.35,0.94,0.39,0.52,0.59,1.19
Mrps26,plex_2,,,,,,,0.84,1.12,0.96,0.49,0.71,1.23
Nebl,plex_2,,,,,,,0.62,1.19,0.63,0.85,0.54,1.03
Pfdn6,plex_2,,,,,,,0.68,1.29,0.54,0.68,0.78,1.09
Eif3k,plex_2,,,,,,,0.58,0.9,0.5,0.49,0.7,0.81
Pnlip,plex_2,,,,,,,0.56,1.06,0.51,0.54,0.82,0.86
Ctnnbl1,plex_2,,,,,,,0.8,1.07,0.54,0.81,0.91,1.34
Jak1,plex_2,,,,,,,0.81,1.38,0.71,1.24,0.8,1.34
Snapin,plex_2,,,,,,,0.33,1.27,1.08,0.91,1.08,1.5
Mrpl23,plex_2,,,,,,,0.51,0.72,,0.2,0.95,0.84
Mrpl23,plex_2,,,,,,,0.51,0.72,,0.2,0.95,0.84
Tbcd,plex_2,,,,,,,0.64,1.2,0.75,0.79,0.65,1.65
Cdhr2,plex_2,,,,,,,0.98,1.67,0.72,0.96,0.95,1.41
Prune,plex_2,,,,,,,0.62,1.04,0.48,0.64,0.56,1.25
Ptgds,plex_2,,,,,,,0.64,1.0,0.56,0.43,0.75,0.89
Ptgds,plex_2,,,,,,,0.64,1.0,0.56,0.43,0.75,0.89
Ppp2r5d,plex_2,,,,,,,0.66,1.31,0.74,0.77,0.65,1.13
Ppp2r5d,plex_2,,,,,,,0.66,1.31,0.74,0.77,0.65,1.13
Phpt1,plex_2,,,,,,,0.63,1.3,0.55,0.63,0.79,1.06
Luc7l2,plex_2,,,,,,,0.59,1.13,0.35,0.64,0.58,0.93
Luc7l2,plex_2,,,,,,,0.59,1.13,0.35,0.64,0.58,0.93
Snta1,plex_2,,,,,,,0.71,1.01,0.6,0.76,0.57,1.05
Snta1,plex_2,,,,,,,0.71,1.01,0.6,0.76,0.57,1.05
Snta1,plex_2,,,,,,,0.71,1.01,0.6,0.76,0.57,1.05
Mycbp,plex_2,,,,,,,,,,,,
Copg2,plex_2,,,,,,,0.59,1.08,0.34,0.67,0.87,1.13
Copg2,plex_2,,,,,,,0.59,1.08,0.34,0.67,0.87,1.13
Tom1l2,plex_2,,,,,,,0.61,0.93,0.52,0.5,0.66,0.84
Tom1l2,plex_2,,,,,,,0.61,0.93,0.52,0.5,0.66,0.84
Tom1l2,plex_2,,,,,,,0.61,0.93,0.52,0.5,0.66,0.84
Ogn,plex_2,,,,,,,0.71,0.75,0.61,1.14,1.27,0.9
Nedd4l,plex_2,,,,,,,,,,,,
Ciapin1,plex_2,,,,,,,0.57,1.4,0.69,0.81,0.85,1.31
Ciapin1,plex_2,,,,,,,0.57,1.4,0.69,0.81,0.85,1.31
Gm20431,plex_2,,,,,,,0.69,1.2,0.65,0.7,0.75,1.15
Bre,plex_2,,,,,,,0.95,1.11,,0.45,0.85,1.09
Phyh,plex_2,,,,,,,0.73,1.09,0.55,0.98,0.72,0.91
Phyh,plex_2,,,,,,,0.73,1.09,0.55,0.98,0.72,0.91
Thap4,plex_2,,,,,,,0.77,1.96,0.52,0.85,1.01,1.24
Kcnj10,plex_2,,,,,,,0.59,1.01,0.43,0.63,0.7,0.84
Cnbp,plex_2,,,,,,,0.67,1.99,0.6,0.78,0.39,0.67
Cnbp,plex_2,,,,,,,0.67,1.99,0.6,0.78,0.39,0.67
Cnbp,plex_2,,,,,,,0.67,1.99,0.6,0.78,0.39,0.67
Ppp1r21,plex_2,,,,,,,0.8,1.25,0.55,0.71,0.85,1.2
Rap2b,plex_2,,,,,,,0.66,0.97,0.55,0.64,0.6,1.17
Mrpl16,plex_2,,,,,,,0.64,1.15,0.55,0.74,0.81,1.35
H2afx,plex_2,,,,,,,0.65,1.41,0.49,0.75,0.91,1.61
Rpl36-ps3,plex_2,,,,,,,0.85,1.34,0.36,0.78,0.52,0.85
Rpl36,plex_2,,,,,,,0.85,1.34,0.36,0.78,0.52,0.85
Rpl36,plex_2,,,,,,,0.85,1.34,0.36,0.78,0.52,0.85
Snx17,plex_2,,,,,,,0.66,1.07,0.68,0.71,0.96,1.21
Iyd,plex_2,,,,,,,0.49,0.94,0.41,0.47,0.64,1.09
Snw1,plex_2,,,,,,,,,,,,
Snw1,plex_2,,,,,,,,,,,,
Tprn,plex_2,,,,,,,0.71,1.16,0.48,0.59,1.2,1.09
Usp4,plex_2,,,,,,,0.52,0.83,0.44,0.61,0.59,0.79
Usp4,plex_2,,,,,,,0.52,0.83,0.44,0.61,0.59,0.79
Usp4,plex_2,,,,,,,0.52,0.83,0.44,0.61,0.59,0.79
Usp4,plex_2,,,,,,,0.52,0.83,0.44,0.61,0.59,0.79
Usp4,plex_2,,,,,,,0.52,0.83,0.44,0.61,0.59,0.79
Fam98b,plex_2,,,,,,,,,,,,
,plex_2,,,,,,,7.58,1.18,,0.06,,0.06
Fam20b,plex_2,,,,,,,0.54,0.91,0.36,0.61,0.55,0.83
Ptms,plex_2,,,,,,,0.84,1.58,0.46,0.76,0.56,1.1
Entpd1,plex_2,,,,,,,0.59,1.47,0.44,0.79,0.76,1.37
Gmpr2,plex_2,,,,,,,0.89,1.28,0.35,1.01,0.74,0.73
Rpl37a,plex_2,,,,,,,0.82,1.33,0.61,0.81,0.67,1.02
Rpl37a,plex_2,,,,,,,0.82,1.33,0.61,0.81,0.67,1.02
Rpl37a,plex_2,,,,,,,0.82,1.33,0.61,0.81,0.67,1.02
Decr2,plex_2,,,,,,,0.61,1.23,0.69,0.8,0.77,1.3
Decr2,plex_2,,,,,,,0.61,1.23,0.69,0.8,0.77,1.3
Decr2,plex_2,,,,,,,0.61,1.23,0.69,0.8,0.77,1.3
Rab21,plex_2,,,,,,,0.74,1.13,0.62,0.67,0.88,1.14
Rab21,plex_2,,,,,,,0.74,1.13,0.62,0.67,0.88,1.14
Ecm1,plex_2,,,,,,,,2.23,,,,3.58
Ecm1,plex_2,,,,,,,,2.23,,,,3.58
Agpat1,plex_2,,,,,,,0.44,0.91,0.46,0.68,0.58,0.78
Agpat1,plex_2,,,,,,,0.44,0.91,0.46,0.68,0.58,0.78
Agpat1,plex_2,,,,,,,0.44,0.91,0.46,0.68,0.58,0.78
Cutc,plex_2,,,,,,,0.66,0.94,0.58,1.11,0.98,1.12
Cutc,plex_2,,,,,,,0.66,0.94,0.58,1.11,0.98,1.12
Cutc,plex_2,,,,,,,0.66,0.94,0.58,1.11,0.98,1.12
Cnih4,plex_2,,,,,,,1.02,1.59,0.89,1.04,1.39,1.35
Cnih4,plex_2,,,,,,,1.02,1.59,0.89,1.04,1.39,1.35
Rbp4,plex_2,,,,,,,0.45,0.98,0.51,0.51,0.44,0.84
Pef1,plex_2,,,,,,,0.7,1.92,0.62,0.82,1.05,1.9
Tmem214,plex_2,,,,,,,0.74,1.1,0.58,0.59,0.64,1.15
Mrpl20,plex_2,,,,,,,0.74,1.0,0.34,0.73,0.71,1.29
Cox15,plex_2,,,,,,,0.72,1.09,0.49,0.65,0.59,1.1
Sgk2,plex_2,,,,,,,0.45,1.1,0.65,0.59,0.73,0.86
Sgk2,plex_2,,,,,,,0.45,1.1,0.65,0.59,0.73,0.86
Tmed9,plex_2,,,,,,,0.8,1.17,0.48,0.59,0.78,1.36
Nans,plex_2,,,,,,,1.05,1.15,0.72,0.66,0.71,1.23
Tnpo3,plex_2,,,,,,,0.47,0.85,0.42,0.72,0.54,0.99
Tnpo3,plex_2,,,,,,,0.47,0.85,0.42,0.72,0.54,0.99
Tnpo3,plex_2,,,,,,,0.47,0.85,0.42,0.72,0.54,0.99
Tnpo3,plex_2,,,,,,,0.47,0.85,0.42,0.72,0.54,0.99
Commd9,plex_2,,,,,,,0.64,1.49,0.53,0.87,0.84,1.36
Polr2e,plex_2,,,,,,,0.53,0.9,0.45,0.47,0.68,0.88
Surf4,plex_2,,,,,,,0.71,0.88,0.37,0.47,0.64,0.83
Surf4,plex_2,,,,,,,0.71,0.88,0.37,0.47,0.64,0.83
Wasf2,plex_2,,,,,,,0.54,1.17,,0.58,0.71,0.72
Ppip5k1,plex_2,,,,,,,2.05,1.49,2.03,2.06,1.42,2.68
Ppip5k1,plex_2,,,,,,,2.05,1.49,2.03,2.06,1.42,2.68
Ppip5k1,plex_2,,,,,,,2.05,1.49,2.03,2.06,1.42,2.68
Clcnka,plex_2,,,,,,,0.6,1.62,0.79,0.92,0.74,1.4
Misp,plex_2,,,,,,,0.82,1.11,0.81,0.6,0.81,1.02
Eif2b2,plex_2,,,,,,,0.41,0.93,0.51,1.04,1.07,1.11
Trappc9,plex_2,,,,,,,0.62,1.0,0.53,0.74,0.91,1.15
Trappc9,plex_2,,,,,,,0.62,1.0,0.53,0.74,0.91,1.15
Rab3il1,plex_2,,,,,,,0.55,0.87,0.48,,0.6,0.98
Slc13a3,plex_2,,,,,,,0.86,0.77,0.81,0.71,1.28,1.71
Slc13a3,plex_2,,,,,,,0.86,0.77,0.81,0.71,1.28,1.71
Ipo9,plex_2,,,,,,,,,,,,
Pgrmc2,plex_2,,,,,,,0.66,1.24,0.53,0.9,0.45,1.11
Kpna4,plex_2,,,,,,,0.62,0.93,0.57,0.6,0.83,1.08
Kpna4,plex_2,,,,,,,0.62,0.93,0.57,0.6,0.83,1.08
Kpna4,plex_2,,,,,,,0.62,0.93,0.57,0.6,0.83,1.08
Rnf213,plex_2,,,,,,,0.65,1.28,0.59,0.76,0.59,1.37
Pin4,plex_2,,,,,,,0.7,1.27,0.51,0.62,0.81,1.14
Mrpl51,plex_2,,,,,,,0.48,1.64,0.9,1.02,1.06,1.28
Snrpd1,plex_2,,,,,,,,,,,,
Dnajc19,plex_2,,,,,,,0.62,1.29,0.5,0.7,0.69,1.13
Dnajc19,plex_2,,,,,,,0.62,1.29,0.5,0.7,0.69,1.13
Dcaf8,plex_2,,,,,,,0.47,1.5,0.76,1.4,0.81,0.93
Twf2,plex_2,,,,,,,0.96,1.57,0.61,0.82,0.58,1.19
Twf2,plex_2,,,,,,,0.96,1.57,0.61,0.82,0.58,1.19
Cpn1,plex_2,,,,,,,0.54,1.33,0.53,0.86,0.66,1.0
Cops5,plex_2,,,,,,,0.74,1.18,0.78,1.13,0.93,1.21
Timm10b,plex_2,,,,,,,,,,,,
Col4a1,plex_2,,,,,,,0.41,1.03,0.7,0.71,0.82,1.05
Nub1,plex_2,,,,,,,0.59,1.09,0.5,0.93,0.79,1.36
Hspa1a,plex_2,,,,,,,1.34,1.73,1.29,1.08,1.2,1.74
Ctbp2,plex_2,,,,,,,0.55,0.99,0.52,0.57,0.71,1.48
Yme1l1,plex_2,,,,,,,,,,,,
Ly6a,plex_2,,,,,,,0.49,0.64,0.37,0.5,0.49,0.45
Apoa2,plex_2,,,,,,,0.75,0.83,0.37,0.63,0.69,0.85
Snrpd3,plex_2,,,,,,,0.67,1.1,0.57,0.7,0.68,0.95
Snrpd3,plex_2,,,,,,,0.67,1.1,0.57,0.7,0.68,0.95
Ccdc90b,plex_2,,,,,,,0.67,1.43,0.76,0.78,0.84,1.4
Dynll2,plex_2,,,,,,,0.5,1.32,0.5,0.78,0.52,1.24
Bag2,plex_2,,,,,,,0.86,0.92,0.43,0.83,0.77,0.91
Isca2,plex_2,,,,,,,0.53,1.27,0.5,0.71,0.64,0.9
Epb42,plex_2,,,,,,,0.47,0.95,0.4,0.67,0.77,1.16
Epb42,plex_2,,,,,,,0.47,0.95,0.4,0.67,0.77,1.16
Epb42,plex_2,,,,,,,0.47,0.95,0.4,0.67,0.77,1.16
Epb42,plex_2,,,,,,,0.47,0.95,0.4,0.67,0.77,1.16
Mrpl44,plex_2,,,,,,,0.61,0.88,0.45,0.7,0.45,0.85
Mrpl44,plex_2,,,,,,,0.61,0.88,0.45,0.7,0.45,0.85
Mrpl44,plex_2,,,,,,,0.61,0.88,0.45,0.7,0.45,0.85
Necap1,plex_2,,,,,,,0.55,1.47,0.47,0.69,0.57,1.16
Necap1,plex_2,,,,,,,0.55,1.47,0.47,0.69,0.57,1.16
Rdh11,plex_2,,,,,,,0.66,1.44,0.59,0.52,0.46,1.1
Rdh11,plex_2,,,,,,,0.66,1.44,0.59,0.52,0.46,1.1
Rdh11,plex_2,,,,,,,0.66,1.44,0.59,0.52,0.46,1.1
L1cam,plex_2,,,,,,,0.82,1.57,0.65,1.06,1.01,1.48
L1cam,plex_2,,,,,,,0.82,1.57,0.65,1.06,1.01,1.48
L1cam,plex_2,,,,,,,0.82,1.57,0.65,1.06,1.01,1.48
Stx8,plex_2,,,,,,,,,,,,
Ifit3b,plex_2,,,,,,,1.95,1.24,0.29,0.5,0.33,1.07
Ifit3,plex_2,,,,,,,1.95,1.24,0.29,0.5,0.33,1.07
Ifit3b,plex_2,,,,,,,1.95,1.24,0.29,0.5,0.33,1.07
Ifit3,plex_2,,,,,,,1.95,1.24,0.29,0.5,0.33,1.07
Foxk1,plex_2,,,,,,,,,,,,
Rbp1,plex_2,,,,,,,0.82,1.66,0.57,0.87,0.6,1.38
Myl9,plex_2,,,,,,,0.75,1.53,0.67,0.84,1.07,1.27
Eif4e,plex_2,,,,,,,0.6,1.12,0.49,0.63,0.58,1.1
Eif4e,plex_2,,,,,,,0.6,1.12,0.49,0.63,0.58,1.1
Hexim1,plex_2,,,,,,,0.51,2.27,0.7,0.75,0.57,0.82
Ppcdc,plex_2,,,,,,,0.76,1.49,0.92,0.71,1.12,2.43
Rai14,plex_2,,,,,,,0.53,0.97,0.46,0.62,0.64,0.95
B2m,plex_2,,,,,,,0.72,1.22,0.53,0.69,0.5,1.1
Rab9,plex_2,,,,,,,0.49,0.87,0.43,0.71,0.6,1.02
Rab9,plex_2,,,,,,,0.49,0.87,0.43,0.71,0.6,1.02
Agt,plex_2,,,,,,,0.37,1.1,0.55,0.48,0.59,0.93
Slirp,plex_2,,,,,,,0.57,1.27,0.55,0.84,0.7,0.99
Vps28,plex_2,,,,,,,0.5,0.98,0.66,0.84,0.84,0.9
Mgst1,plex_2,,,,,,,0.55,0.71,0.43,0.85,0.57,1.37
Mgst1,plex_2,,,,,,,0.55,0.71,0.43,0.85,0.57,1.37
Mgst1,plex_2,,,,,,,0.55,0.71,0.43,0.85,0.57,1.37
Glb1l,plex_2,,,,,,,0.58,1.04,0.57,0.78,0.75,1.2
Chid1,plex_2,,,,,,,0.66,1.64,0.83,1.25,1.06,1.67
Chid1,plex_2,,,,,,,0.66,1.64,0.83,1.25,1.06,1.67
Setd3,plex_2,,,,,,,0.67,1.01,0.48,0.72,0.73,1.26
Fam45a,plex_2,,,,,,,0.65,1.04,0.49,0.65,0.77,1.03
Vps25,plex_2,,,,,,,0.54,1.12,0.58,0.81,0.79,1.18
Mgam,plex_2,,,,,,,0.49,1.03,0.35,0.42,0.62,0.87
Cpb1,plex_2,,,,,,,0.52,1.32,0.3,0.81,0.81,0.6
Nelfb,plex_2,,,,,,,,,,,,
S100g,plex_2,,,,,,,0.59,0.66,0.49,0.73,0.66,1.0
Bspry,plex_2,,,,,,,0.86,1.11,0.44,0.76,1.19,1.28
Clns1a,plex_2,,,,,,,0.35,1.27,0.43,0.76,0.61,1.2
Clns1a,plex_2,,,,,,,0.35,1.27,0.43,0.76,0.61,1.2
Acta1,plex_2,,,,,,,0.74,0.9,1.1,0.97,0.5,0.32
Dhodh,plex_2,,,,,,,1.12,1.15,0.48,1.12,0.73,1.11
Dhodh,plex_2,,,,,,,1.12,1.15,0.48,1.12,0.73,1.11
Pkm,plex_2,,,,,,,1.03,1.1,1.0,0.76,0.96,1.18
,plex_2,,,,,,,,,,,,
Gatad2a,plex_2,,,,,,,0.57,0.99,0.61,0.59,0.64,0.97
Chmp3,plex_2,,,,,,,0.55,1.11,0.54,0.61,0.49,1.14
Cul1,plex_2,,,,,,,0.5,0.85,0.45,0.7,0.67,0.98
Nphs2,plex_2,,,,,,,0.39,0.95,0.77,0.74,0.72,1.23
Nphs2,plex_2,,,,,,,0.39,0.95,0.77,0.74,0.72,1.23
Nphs2,plex_2,,,,,,,0.39,0.95,0.77,0.74,0.72,1.23
Cdc5l,plex_2,,,,,,,0.47,0.98,0.47,0.63,0.57,1.09
Pxmp2,plex_2,,,,,,,0.57,1.04,0.38,0.43,0.74,1.17
2310061I04Rik,plex_2,,,,,,,0.54,1.31,0.55,0.73,0.51,1.42
Gga2,plex_2,,,,,,,0.5,0.98,0.39,0.71,0.6,1.06
,plex_2,,,,,,,0.95,1.39,0.47,0.58,0.84,0.83
Lrrc8d,plex_2,,,,,,,0.8,0.99,0.53,0.45,0.76,1.0
Crym,plex_2,,,,,,,0.54,1.18,0.54,0.53,0.83,1.29
Stk4,plex_2,,,,,,,0.52,1.39,0.47,1.02,0.53,0.77
S100a10,plex_2,,,,,,,0.53,1.11,0.47,0.87,0.61,1.26
S100a10,plex_2,,,,,,,0.53,1.11,0.47,0.87,0.61,1.26
Tpm2,plex_2,,,,,,,,0.65,,0.84,0.97,1.43
Lamtor2,plex_2,,,,,,,,0.74,0.52,0.81,,0.78
Gps1,plex_2,,,,,,,0.56,0.88,0.51,0.61,0.7,1.01
Gps1,plex_2,,,,,,,0.56,0.88,0.51,0.61,0.7,1.01
Gps1,plex_2,,,,,,,0.56,0.88,0.51,0.61,0.7,1.01
Gps1,plex_2,,,,,,,0.56,0.88,0.51,0.61,0.7,1.01
Gps1,plex_2,,,,,,,0.56,0.88,0.51,0.61,0.7,1.01
Mrps17,plex_2,,,,,,,0.8,1.3,0.38,1.24,0.98,1.52
Nup62,plex_2,,,,,,,0.72,1.2,0.47,0.81,0.64,1.13
Nup62,plex_2,,,,,,,0.72,1.2,0.47,0.81,0.64,1.13
Nup62,plex_2,,,,,,,0.72,1.2,0.47,0.81,0.64,1.13
Nup62,plex_2,,,,,,,0.72,1.2,0.47,0.81,0.64,1.13
Slc25a42,plex_2,,,,,,,0.82,0.86,0.78,0.55,0.64,1.22
Gbp2,plex_2,,,,,,,0.8,1.16,0.37,0.84,,0.98
Iigp1,plex_2,,,,,,,0.63,1.96,0.4,0.91,0.78,0.9
Wdr13,plex_2,,,,,,,0.56,1.06,0.48,0.66,0.53,0.93
Wdr13,plex_2,,,,,,,0.56,1.06,0.48,0.66,0.53,0.93
Srpk2,plex_2,,,,,,,0.52,1.25,0.64,0.58,0.8,1.04
Srpk2,plex_2,,,,,,,0.52,1.25,0.64,0.58,0.8,1.04
Hmbs,plex_2,,,,,,,0.65,0.82,0.58,0.48,0.44,1.56
Hmbs,plex_2,,,,,,,0.65,0.82,0.58,0.48,0.44,1.56
Fnta,plex_2,,,,,,,0.59,1.22,0.59,0.62,0.68,1.02
Smu1,plex_2,,,,,,,0.61,1.05,0.55,0.55,0.64,1.11
Cpn2,plex_2,,,,,,,0.67,1.52,0.48,0.87,0.95,1.0
Cpn2,plex_2,,,,,,,0.67,1.52,0.48,0.87,0.95,1.0
Sbds,plex_2,,,,,,,0.51,1.12,0.58,0.69,0.68,1.08
Mlf2,plex_2,,,,,,,,,,,,
Hook2,plex_2,,,,,,,,,,,,
Thumpd1,plex_2,,,,,,,0.66,1.06,0.6,0.8,0.86,1.09
Pdzk1ip1,plex_2,,,,,,,0.59,1.13,0.66,0.7,0.76,1.34
Pdzk1ip1,plex_2,,,,,,,0.59,1.13,0.66,0.7,0.76,1.34
Sh3gl2,plex_2,,,,,,,0.39,0.76,0.53,0.56,0.28,0.91
Sh3gl2,plex_2,,,,,,,0.39,0.76,0.53,0.56,0.28,0.91
Cog5,plex_2,,,,,,,,0.9,0.82,,0.36,0.84
Rpia,plex_2,,,,,,,0.69,1.45,0.6,0.56,0.64,0.75
Synj2bp,plex_2,,,,,,,0.6,0.96,0.58,0.56,0.72,1.0
Vamp2,plex_2,,,,,,,,,,,,
Vamp2,plex_2,,,,,,,,,,,,
Vamp2,plex_2,,,,,,,,,,,,
Vamp3,plex_2,,,,,,,,,,,,
Tmem9,plex_2,,,,,,,0.92,1.35,,,,
Ptprf,plex_2,,,,,,,0.57,1.07,0.51,0.53,0.54,1.11
Nudt4,plex_2,,,,,,,0.54,1.32,0.64,0.76,0.53,0.97
Ankib1,plex_2,,,,,,,1.07,2.31,0.96,1.69,1.28,2.03
Afg3l1,plex_2,,,,,,,0.58,1.24,0.55,0.78,0.95,1.07
Acbd3,plex_2,,,,,,,0.59,1.19,0.28,0.47,0.33,1.13
Uba6,plex_2,,,,,,,0.75,2.05,0.79,1.31,0.71,1.79
Tmem65,plex_2,,,,,,,0.78,0.85,0.48,0.51,0.64,0.84
Mgll,plex_2,,,,,,,0.55,1.01,0.5,0.89,0.51,0.85
Mgll,plex_2,,,,,,,0.55,1.01,0.5,0.89,0.51,0.85
Mgll,plex_2,,,,,,,0.55,1.01,0.5,0.89,0.51,0.85
Impa2,plex_2,,,,,,,0.7,1.03,0.55,0.89,0.71,1.02
Impa2,plex_2,,,,,,,0.7,1.03,0.55,0.89,0.71,1.02
Fam84b,plex_2,,,,,,,0.4,1.19,0.41,0.62,0.82,1.04
,plex_2,,,,,,,0.37,0.72,0.35,0.54,0.75,1.76
Igkv4-55,plex_2,,,,,,,0.37,0.72,0.35,0.54,0.75,1.76
Nhp2,plex_2,,,,,,,0.8,1.17,0.5,0.92,0.45,1.56
Pde12,plex_2,,,,,,,0.51,1.62,0.46,0.64,0.83,1.2
Htt,plex_2,,,,,,,0.49,1.08,0.6,0.66,0.46,1.19
Plekha6,plex_2,,,,,,,0.84,1.44,0.3,0.68,0.83,1.34
Trappc8,plex_2,,,,,,,0.63,1.5,0.54,1.01,0.83,0.87
Map2k3,plex_2,,,,,,,0.7,0.91,0.59,0.61,0.53,1.08
Map2k3,plex_2,,,,,,,0.7,0.91,0.59,0.61,0.53,1.08
Map2k3,plex_2,,,,,,,0.7,0.91,0.59,0.61,0.53,1.08
Map2k3,plex_2,,,,,,,0.7,0.91,0.59,0.61,0.53,1.08
Map2k3,plex_2,,,,,,,0.7,0.91,0.59,0.61,0.53,1.08
Igbp1,plex_2,,,,,,,0.55,1.45,0.99,0.93,0.7,1.29
Mrpl40,plex_2,,,,,,,0.6,1.33,0.65,0.76,0.62,1.24
Prkaa1,plex_2,,,,,,,0.55,0.84,0.53,0.47,0.59,0.94
Steap3,plex_2,,,,,,,0.52,0.92,0.65,1.04,0.34,0.76
Steap3,plex_2,,,,,,,0.52,0.92,0.65,1.04,0.34,0.76
Steap3,plex_2,,,,,,,0.52,0.92,0.65,1.04,0.34,0.76
Steap3,plex_2,,,,,,,0.52,0.92,0.65,1.04,0.34,0.76
Steap3,plex_2,,,,,,,0.52,0.92,0.65,1.04,0.34,0.76
Dpysl3,plex_2,,,,,,,0.87,0.94,0.4,0.73,0.53,1.22
Minos1,plex_2,,,,,,,0.86,0.75,0.39,0.59,0.85,0.89
Pfdn1,plex_2,,,,,,,0.55,1.05,0.53,0.68,0.53,1.05
Pfdn1,plex_2,,,,,,,0.55,1.05,0.53,0.68,0.53,1.05
Cbx3,plex_2,,,,,,,0.69,1.26,0.61,0.71,0.62,1.18
Cbx3,plex_2,,,,,,,0.69,1.26,0.61,0.71,0.62,1.18
Cbx3,plex_2,,,,,,,0.69,1.26,0.61,0.71,0.62,1.18
Anks1a,plex_2,,,,,,,0.48,1.18,,0.64,0.83,0.85
Anks1a,plex_2,,,,,,,0.48,1.18,,0.64,0.83,0.85
Wdfy3,plex_2,,,,,,,0.66,0.99,0.54,0.72,0.71,0.99
Ca14,plex_2,,,,,,,0.7,0.92,0.54,1.15,0.58,0.94
,plex_2,,,,,,,0.42,0.84,0.49,0.71,0.58,0.71
Cul4a,plex_2,,,,,,,0.95,1.43,0.9,0.87,0.79,1.86
Mrpl9,plex_2,,,,,,,0.67,1.29,0.62,0.78,0.88,1.06
Ubxn4,plex_2,,,,,,,,1.25,,,1.05,1.14
Ubxn4,plex_2,,,,,,,,1.25,,,1.05,1.14
Tbc1d10b,plex_2,,,,,,,0.32,0.83,0.39,2.68,0.45,2.09
Endod1,plex_2,,,,,,,0.61,0.57,0.53,0.75,0.56,0.93
Endod1,plex_2,,,,,,,0.61,0.57,0.53,0.75,0.56,0.93
Lbr,plex_2,,,,,,,0.65,1.11,0.52,0.8,0.65,1.42
Wdr82,plex_2,,,,,,,0.7,1.37,0.53,0.62,0.92,1.13
Hn1l,plex_2,,,,,,,0.37,1.27,0.33,0.61,0.89,0.88
Mrps33,plex_2,,,,,,,0.81,1.04,0.46,0.82,0.83,1.02
Tex264,plex_2,,,,,,,0.23,0.8,0.46,0.36,0.64,0.6
Tex264,plex_2,,,,,,,0.23,0.8,0.46,0.36,0.64,0.6
Gipc1,plex_2,,,,,,,0.63,1.01,0.49,0.81,0.94,0.94
Mrpl45,plex_2,,,,,,,0.5,1.06,0.51,0.68,0.7,0.83
Acot11,plex_2,,,,,,,0.68,1.13,0.53,0.58,0.7,1.39
Vta1,plex_2,,,,,,,0.54,0.86,0.49,0.58,0.56,1.06
Ssr1,plex_2,,,,,,,0.77,1.09,0.61,0.89,0.74,1.37
Ssr1,plex_2,,,,,,,0.77,1.09,0.61,0.89,0.74,1.37
Ssr1,plex_2,,,,,,,0.77,1.09,0.61,0.89,0.74,1.37
Elmo3,plex_2,,,,,,,1.27,4.57,1.45,3.18,2.04,3.39
Zfp422,plex_2,,,,,,,0.6,1.13,0.44,0.8,0.56,0.83
Slc5a2,plex_2,,,,,,,0.53,0.74,0.59,0.88,0.91,1.1
Nup54,plex_2,,,,,,,0.77,1.16,0.68,0.87,0.65,0.85
Hmgn5,plex_2,,,,,,,0.45,1.35,0.46,0.54,0.65,1.0
Carnmt1,plex_2,,,,,,,0.8,1.02,0.52,0.88,0.64,1.09
Dctn6,plex_2,,,,,,,0.9,1.13,0.48,0.66,1.1,0.86
Cyp2d9,plex_2,,,,,,,,0.93,,,,1.37
Srrm1,plex_2,,,,,,,0.65,1.23,0.36,0.7,0.64,1.27
Srrm1,plex_2,,,,,,,0.65,1.23,0.36,0.7,0.64,1.27
Rpl35,plex_2,,,,,,,0.76,1.57,0.51,0.88,0.57,0.84
Katnal2,plex_2,,,,,,,,,,,,
Timm9,plex_2,,,,,,,0.65,1.21,0.6,0.88,0.66,0.99
Xrn2,plex_2,,,,,,,0.79,1.5,0.64,1.05,0.88,1.61
P33monox,plex_2,,,,,,,0.6,1.19,0.52,0.56,0.66,0.92
4833439L19Rik,plex_2,,,,,,,0.6,1.19,0.52,0.56,0.66,0.92
Reps1,plex_2,,,,,,,0.73,1.47,0.61,0.89,0.56,1.04
Reps1,plex_2,,,,,,,0.73,1.47,0.61,0.89,0.56,1.04
Reps1,plex_2,,,,,,,0.73,1.47,0.61,0.89,0.56,1.04
Reps1,plex_2,,,,,,,0.73,1.47,0.61,0.89,0.56,1.04
Pggt1b,plex_2,,,,,,,0.64,1.05,0.55,0.74,0.75,1.23
Pggt1b,plex_2,,,,,,,0.64,1.05,0.55,0.74,0.75,1.23
Pfn2,plex_2,,,,,,,0.67,1.31,0.28,0.65,0.68,1.06
Pfn2,plex_2,,,,,,,0.67,1.31,0.28,0.65,0.68,1.06
Slc1a1,plex_2,,,,,,,0.61,2.52,1.16,1.43,1.46,2.1
Slc1a1,plex_2,,,,,,,0.61,2.52,1.16,1.43,1.46,2.1
Slc1a1,plex_2,,,,,,,0.61,2.52,1.16,1.43,1.46,2.1
Slc1a1,plex_2,,,,,,,0.61,2.52,1.16,1.43,1.46,2.1
Marcks,plex_2,,,,,,,1.07,1.28,0.68,0.91,0.41,1.22
Acp1,plex_2,,,,,,,0.62,1.25,0.58,0.98,0.95,1.4
Myo19,plex_2,,,,,,,0.43,0.88,0.5,0.97,0.86,1.21
Rp2,plex_2,,,,,,,0.57,0.8,0.53,0.65,0.76,1.0
Rp2,plex_2,,,,,,,0.57,0.8,0.53,0.65,0.76,1.0
Rp2,plex_2,,,,,,,0.57,0.8,0.53,0.65,0.76,1.0
Rp2,plex_2,,,,,,,0.57,0.8,0.53,0.65,0.76,1.0
Gchfr,plex_2,,,,,,,0.18,1.97,0.7,1.1,1.09,1.65
Lrg1,plex_2,,,,,,,0.77,1.59,0.45,0.99,0.89,1.4
Sephs1,plex_2,,,,,,,0.56,1.04,0.48,0.51,0.97,1.38
Ctps1,plex_2,,,,,,,0.42,0.98,0.65,0.52,0.43,0.94
Slc25a35,plex_2,,,,,,,0.75,1.01,0.47,0.62,0.7,1.0
Fam98c,plex_2,,,,,,,0.69,1.21,0.66,0.84,0.81,1.75
Clmn,plex_2,,,,,,,0.67,1.25,0.38,0.52,0.58,0.83
Vps33a,plex_2,,,,,,,1.63,2.05,0.88,1.43,1.11,1.85
Lpl,plex_2,,,,,,,0.47,1.01,0.41,0.51,0.56,0.92
Lpl,plex_2,,,,,,,0.47,1.01,0.41,0.51,0.56,0.92
Tssc1,plex_2,,,,,,,0.7,0.98,0.47,0.71,0.66,0.87
Fip1l1,plex_2,,,,,,,0.74,1.71,0.67,1.07,0.57,1.29
Fip1l1,plex_2,,,,,,,0.74,1.71,0.67,1.07,0.57,1.29
Fip1l1,plex_2,,,,,,,0.74,1.71,0.67,1.07,0.57,1.29
Fip1l1,plex_2,,,,,,,0.74,1.71,0.67,1.07,0.57,1.29
Eif1ax,plex_2,,,,,,,0.66,1.13,0.39,0.71,0.6,0.82
Mrps25,plex_2,,,,,,,0.61,1.13,0.52,0.69,0.85,0.99
Mrps25,plex_2,,,,,,,0.61,1.13,0.52,0.69,0.85,0.99
Trappc11,plex_2,,,,,,,0.57,0.98,0.39,0.92,0.61,1.17
Rrm1,plex_2,,,,,,,,,,,,
Snrpc,plex_2,,,,,,,0.35,0.95,0.37,0.8,0.43,0.47
C4b,plex_2,,,,,,,1.14,0.8,0.84,0.81,0.95,1.7
Abcf3,plex_2,,,,,,,0.76,0.82,0.24,0.95,0.92,1.23
Stx3,plex_2,,,,,,,0.74,1.58,0.51,0.87,1.15,2.02
Emc4,plex_2,,,,,,,0.98,,0.64,,0.77,
Plpp3,plex_2,,,,,,,0.54,1.18,0.43,0.57,0.71,1.03
Aup1,plex_2,,,,,,,,0.48,,0.53,,1.82
Lgalsl,plex_2,,,,,,,0.7,1.79,0.55,1.04,0.87,1.21
F8a1,plex_2,,,,,,,0.67,0.75,0.94,0.9,0.57,1.71
F8a,plex_2,,,,,,,0.67,0.75,0.94,0.9,0.57,1.71
F8a,plex_2,,,,,,,0.67,0.75,0.94,0.9,0.57,1.71
F8a,plex_2,,,,,,,0.67,0.75,0.94,0.9,0.57,1.71
Lrrk2,plex_2,,,,,,,0.67,1.08,0.65,0.72,0.56,1.1
Nif3l1,plex_2,,,,,,,0.45,1.07,0.54,0.73,0.67,0.98
Nif3l1,plex_2,,,,,,,0.45,1.07,0.54,0.73,0.67,0.98
Igh,plex_2,,,,,,,0.38,1.54,0.26,0.85,0.43,0.76
Preb,plex_2,,,,,,,0.54,0.86,0.44,0.59,0.42,0.96
Wdr61,plex_2,,,,,,,0.89,2.1,1.16,1.36,1.37,1.96
Wdr61,plex_2,,,,,,,0.89,2.1,1.16,1.36,1.37,1.96
Eng,plex_2,,,,,,,0.79,1.83,0.52,0.91,0.8,1.28
Eng,plex_2,,,,,,,0.79,1.83,0.52,0.91,0.8,1.28
Eng,plex_2,,,,,,,0.79,1.83,0.52,0.91,0.8,1.28
Eng,plex_2,,,,,,,0.79,1.83,0.52,0.91,0.8,1.28
Rpe,plex_2,,,,,,,0.8,0.61,,,0.65,1.09
Rpe,plex_2,,,,,,,0.8,0.61,,,0.65,1.09
Rpe,plex_2,,,,,,,0.8,0.61,,,0.65,1.09
Fmnl1,plex_2,,,,,,,0.5,1.44,0.74,0.89,0.51,1.31
Fmnl1,plex_2,,,,,,,0.5,1.44,0.74,0.89,0.51,1.31
Eif4g3,plex_2,,,,,,,0.72,1.15,0.59,0.87,0.8,1.19
Eif4g3,plex_2,,,,,,,0.72,1.15,0.59,0.87,0.8,1.19
Inpp1,plex_2,,,,,,,0.83,1.56,0.68,1.1,1.01,1.44
Rpl35a,plex_2,,,,,,,0.61,1.11,0.54,0.62,0.72,1.14
Rpl35a,plex_2,,,,,,,0.61,1.11,0.54,0.62,0.72,1.14
Rpl35a,plex_2,,,,,,,0.61,1.11,0.54,0.62,0.72,1.14
Myo1b,plex_2,,,,,,,0.66,1.0,0.43,0.66,0.72,0.94
Myo1b,plex_2,,,,,,,0.66,1.0,0.43,0.66,0.72,0.94
Creg1,plex_2,,,,,,,0.74,1.03,0.46,0.89,0.58,1.17
Lrrc19,plex_2,,,,,,,,,,,,
Shpk,plex_2,,,,,,,0.61,1.24,0.46,0.75,0.62,0.92
Spcs2,plex_2,,,,,,,1.12,2.24,1.48,2.86,1.3,2.71
Spcs2,plex_2,,,,,,,1.12,2.24,1.48,2.86,1.3,2.71
Spcs2,plex_2,,,,,,,1.12,2.24,1.48,2.86,1.3,2.71
Gpc4,plex_2,,,,,,,0.71,0.92,0.66,0.96,0.9,1.46
Nars2,plex_2,,,,,,,0.74,1.04,0.71,0.77,0.6,0.83
Nars2,plex_2,,,,,,,0.74,1.04,0.71,0.77,0.6,0.83
Cpsf1,plex_2,,,,,,,0.63,1.11,0.49,0.63,0.6,0.9
Pitpnb,plex_2,,,,,,,0.54,0.96,0.41,0.63,0.68,1.19
Pitpnb,plex_2,,,,,,,0.54,0.96,0.41,0.63,0.68,1.19
Trappc12,plex_2,,,,,,,0.73,1.13,0.69,0.7,1.19,1.73
Trappc12,plex_2,,,,,,,0.73,1.13,0.69,0.7,1.19,1.73
Tomm34,plex_2,,,,,,,0.69,1.42,0.94,0.62,0.72,1.42
Scyl1,plex_2,,,,,,,0.53,1.12,0.61,0.64,0.46,1.09
,plex_2,,,,,,,0.73,0.76,0.36,0.75,0.93,1.58
Lsm6,plex_2,,,,,,,0.64,1.2,0.75,0.69,1.07,1.41
Igkv8-30,plex_2,,,,,,,0.46,1.13,0.27,0.49,0.3,0.31
5730455P16Rik,plex_2,,,,,,,1.05,1.43,0.74,0.68,0.75,1.49
,plex_2,,,,,,,1.05,1.43,0.74,0.68,0.75,1.49
Akr1b7,plex_2,,,,,,,0.89,0.88,0.47,0.7,0.74,1.33
Dnm3,plex_2,,,,,,,0.63,2.06,0.45,1.58,1.09,1.43
Dnm3,plex_2,,,,,,,0.63,2.06,0.45,1.58,1.09,1.43
Myoz1,plex_2,,,,,,,,0.55,0.99,,1.18,
Mrpl17,plex_2,,,,,,,0.59,1.2,0.35,0.67,0.54,1.06
Mmgt1,plex_2,,,,,,,0.66,0.9,0.64,0.55,0.58,1.28
Itih5,plex_2,,,,,,,0.76,1.41,0.63,0.91,0.86,1.32
Slc25a16,plex_2,,,,,,,0.8,0.98,0.48,0.65,0.8,0.88
Trove2,plex_2,,,,,,,0.54,1.31,0.72,0.46,0.81,1.12
Trove2,plex_2,,,,,,,0.54,1.31,0.72,0.46,0.81,1.12
Trove2,plex_2,,,,,,,0.54,1.31,0.72,0.46,0.81,1.12
Prkag1,plex_2,,,,,,,0.67,1.22,0.59,0.81,0.72,1.11
Psmd4,plex_2,,,,,,,0.81,2.01,0.81,1.21,1.09,1.73
Psmd4,plex_2,,,,,,,0.81,2.01,0.81,1.21,1.09,1.73
Anp32b,plex_2,,,,,,,0.62,1.32,0.61,0.8,0.58,1.26
Anp32b,plex_2,,,,,,,0.62,1.32,0.61,0.8,0.58,1.26
Anp32b,plex_2,,,,,,,0.62,1.32,0.61,0.8,0.58,1.26
Dhrs3,plex_2,,,,,,,0.78,0.96,0.56,0.52,0.63,1.06
Dhrs3,plex_2,,,,,,,0.78,0.96,0.56,0.52,0.63,1.06
,plex_2,,,,,,,0.63,0.99,0.5,0.92,0.84,1.24
,plex_2,,,,,,,0.63,0.99,0.5,0.92,0.84,1.24
Actn4,plex_2,,,,,,,,,,,,
Lsm3,plex_2,,,,,,,1.09,2.0,0.82,1.15,0.35,1.77
Fxr1,plex_2,,,,,,,0.61,1.12,0.42,0.76,0.63,1.04
Bag5,plex_2,,,,,,,0.86,0.95,0.4,0.76,0.87,1.13
Arl6,plex_2,,,,,,,,1.26,0.49,0.88,0.5,0.98
Arl6,plex_2,,,,,,,,1.26,0.49,0.88,0.5,0.98
Mtor,plex_2,,,,,,,0.64,1.27,0.67,0.9,0.8,1.22
Bud31,plex_2,,,,,,,0.85,1.17,0.44,0.5,0.45,0.91
Sar1b,plex_2,,,,,,,1.04,1.79,0.73,1.38,1.13,1.69
Hars2,plex_2,,,,,,,0.74,1.39,0.69,0.86,0.71,1.0
Akt1s1,plex_2,,,,,,,0.43,1.32,0.64,0.54,0.74,1.34
Ppp1r9b,plex_2,,,,,,,0.68,1.13,0.41,0.71,0.7,1.13
Tbc1d10a,plex_2,,,,,,,1.08,1.77,0.75,1.07,0.69,1.04
Tbc1d10a,plex_2,,,,,,,1.08,1.77,0.75,1.07,0.69,1.04
Tbc1d10a,plex_2,,,,,,,1.08,1.77,0.75,1.07,0.69,1.04
Tbc1d10a,plex_2,,,,,,,1.08,1.77,0.75,1.07,0.69,1.04
Nptn,plex_2,,,,,,,0.79,1.18,0.59,0.72,0.78,1.01
Nptn,plex_2,,,,,,,0.79,1.18,0.59,0.72,0.78,1.01
Nptn,plex_2,,,,,,,0.79,1.18,0.59,0.72,0.78,1.01
Nptn,plex_2,,,,,,,0.79,1.18,0.59,0.72,0.78,1.01
Ano6,plex_2,,,,,,,0.6,1.04,0.46,0.54,0.8,1.0
Kdelc2,plex_2,,,,,,,0.69,1.23,0.72,0.99,0.48,1.05
Sdsl,plex_2,,,,,,,0.66,1.33,0.6,0.7,0.62,1.14
Tbc1d1,plex_2,,,,,,,0.6,1.15,0.52,0.88,0.72,1.2
Tbc1d1,plex_2,,,,,,,0.6,1.15,0.52,0.88,0.72,1.2
Tbc1d1,plex_2,,,,,,,0.6,1.15,0.52,0.88,0.72,1.2
Mesdc2,plex_2,,,,,,,0.73,1.41,0.61,0.81,0.65,1.11
Nbeal2,plex_2,,,,,,,0.71,1.39,0.44,0.51,0.88,1.02
Nbeal2,plex_2,,,,,,,0.71,1.39,0.44,0.51,0.88,1.02
Erc1,plex_2,,,,,,,1.05,1.1,0.79,1.23,1.05,1.17
Erc1,plex_2,,,,,,,1.05,1.1,0.79,1.23,1.05,1.17
Mcfd2,plex_2,,,,,,,0.61,1.02,0.54,0.63,0.44,0.94
Mcfd2,plex_2,,,,,,,0.61,1.02,0.54,0.63,0.44,0.94
Rap1a,plex_2,,,,,,,0.57,0.94,0.46,0.79,0.75,1.37
Gm9392,plex_2,,,,,,,0.57,0.94,0.46,0.79,0.75,1.37
Rap1a,plex_2,,,,,,,0.57,0.94,0.46,0.79,0.75,1.37
Ikbkb,plex_2,,,,,,,0.44,1.17,0.55,0.63,0.82,1.21
Fscn1,plex_2,,,,,,,0.54,0.96,0.55,0.51,0.38,0.86
Polr2a,plex_2,,,,,,,0.55,1.15,0.59,0.73,0.93,1.15
Polr2a,plex_2,,,,,,,0.55,1.15,0.59,0.73,0.93,1.15
Polr2a,plex_2,,,,,,,0.55,1.15,0.59,0.73,0.93,1.15
Slc30a9,plex_2,,,,,,,,,,,,
Slc30a9,plex_2,,,,,,,,,,,,
Slc30a9,plex_2,,,,,,,,,,,,
Rtkn,plex_2,,,,,,,0.57,1.01,0.51,0.52,0.68,0.67
Rtkn,plex_2,,,,,,,0.57,1.01,0.51,0.52,0.68,0.67
Adnp,plex_2,,,,,,,0.95,1.97,0.92,0.67,0.96,1.83
Vti1b,plex_2,,,,,,,0.68,1.15,0.35,0.74,0.79,1.41
Zc3h11a,plex_2,,,,,,,0.56,0.8,0.55,0.32,0.52,0.88
Wdr37,plex_2,,,,,,,0.45,0.71,0.35,0.35,0.76,0.86
Wdr37,plex_2,,,,,,,0.45,0.71,0.35,0.35,0.76,0.86
Nup50,plex_2,,,,,,,0.23,0.93,0.36,0.7,0.48,1.26
Synj1,plex_2,,,,,,,0.74,1.21,0.62,0.66,0.84,1.46
Synj1,plex_2,,,,,,,0.74,1.21,0.62,0.66,0.84,1.46
Synj1,plex_2,,,,,,,0.74,1.21,0.62,0.66,0.84,1.46
Synj1,plex_2,,,,,,,0.74,1.21,0.62,0.66,0.84,1.46
Odr4,plex_2,,,,,,,0.75,0.92,0.56,0.38,0.66,1.1
Odr4,plex_2,,,,,,,0.75,0.92,0.56,0.38,0.66,1.1
Odr4,plex_2,,,,,,,0.75,0.92,0.56,0.38,0.66,1.1
Poldip3,plex_2,,,,,,,0.63,1.26,0.54,0.79,0.66,1.13
Commd7,plex_2,,,,,,,0.58,1.43,0.64,0.43,0.44,0.96
Deptor,plex_2,,,,,,,0.69,1.18,0.54,0.95,0.71,1.4
Deptor,plex_2,,,,,,,0.69,1.18,0.54,0.95,0.71,1.4
Deptor,plex_2,,,,,,,0.69,1.18,0.54,0.95,0.71,1.4
Depdc6,plex_2,,,,,,,0.69,1.18,0.54,0.95,0.71,1.4
Fam3c,plex_2,,,,,,,0.51,0.99,0.46,0.34,0.57,0.72
Fam3c,plex_2,,,,,,,0.51,0.99,0.46,0.34,0.57,0.72
Fam3c,plex_2,,,,,,,0.51,0.99,0.46,0.34,0.57,0.72
Fam3c,plex_2,,,,,,,0.51,0.99,0.46,0.34,0.57,0.72
Asb9,plex_2,,,,,,,0.38,1.19,0.63,0.75,0.83,1.13
Dtd2,plex_2,,,,,,,0.47,0.94,0.57,0.92,0.65,1.19
Rap1gap,plex_2,,,,,,,0.5,1.06,0.36,0.63,0.44,0.93
Ppp6c,plex_2,,,,,,,0.57,0.86,0.6,0.52,0.56,1.08
Ppp6c,plex_2,,,,,,,0.57,0.86,0.6,0.52,0.56,1.08
Athl1,plex_2,,,,,,,,2.16,,,1.26,2.68
Unc45a,plex_2,,,,,,,0.69,1.8,0.66,0.76,1.21,1.6
Pon3,plex_2,,,,,,,0.93,1.05,0.42,0.97,0.84,1.44
Rnps1,plex_2,,,,,,,0.56,0.9,0.34,0.61,0.54,1.04
Rnps1,plex_2,,,,,,,0.56,0.9,0.34,0.61,0.54,1.04
Reg1,plex_2,,,,,,,0.59,0.89,,0.65,0.76,0.72
Reg1,plex_2,,,,,,,0.59,0.89,,0.65,0.76,0.72
Stx6,plex_2,,,,,,,0.7,1.02,0.6,0.55,0.6,1.12
Stx6,plex_2,,,,,,,0.7,1.02,0.6,0.55,0.6,1.12
Stx6,plex_2,,,,,,,0.7,1.02,0.6,0.55,0.6,1.12
Stx6,plex_2,,,,,,,0.7,1.02,0.6,0.55,0.6,1.12
Stx6,plex_2,,,,,,,0.7,1.02,0.6,0.55,0.6,1.12
,plex_2,,,,,,,0.29,0.47,0.13,0.48,,0.54
Igkv12-44,plex_2,,,,,,,0.29,0.47,0.13,0.48,,0.54
Ccny,plex_2,,,,,,,0.65,1.16,0.48,0.77,0.82,1.22
Rbm15,plex_2,,,,,,,0.61,1.25,0.48,0.77,0.63,1.23
Rbm15,plex_2,,,,,,,0.61,1.25,0.48,0.77,0.63,1.23
Rbm15,plex_2,,,,,,,0.61,1.25,0.48,0.77,0.63,1.23
Rbm15,plex_2,,,,,,,0.61,1.25,0.48,0.77,0.63,1.23
Osbpl10,plex_2,,,,,,,0.68,0.79,0.5,0.75,0.55,0.98
MHC,plex_2,,,,,,,0.74,0.58,0.39,0.22,0.43,0.83
Ifi47,plex_2,,,,,,,0.79,0.74,0.29,0.5,0.45,1.13
Tango2,plex_2,,,,,,,0.6,1.2,0.41,0.91,0.81,0.93
Tango2,plex_2,,,,,,,0.6,1.2,0.41,0.91,0.81,0.93
Mrpl52,plex_2,,,,,,,0.59,0.85,0.43,0.78,0.61,0.78
Mrpl52,plex_2,,,,,,,0.59,0.85,0.43,0.78,0.61,0.78
0610037L13Rik,plex_2,,,,,,,0.56,1.22,0.45,0.71,0.62,1.16
Timm22,plex_2,,,,,,,0.65,0.91,0.34,0.87,0.59,1.32
Mrpl21,plex_2,,,,,,,0.49,0.87,0.5,0.58,0.55,1.05
Klkb1,plex_2,,,,,,,1.01,2.61,1.09,1.56,1.13,2.0
gag-pro-pol,plex_2,,,,,,,,,1.18,1.04,,
Fubp3,plex_2,,,,,,,1.37,2.29,0.64,1.13,1.08,1.29
Fubp3,plex_2,,,,,,,1.37,2.29,0.64,1.13,1.08,1.29
Dnm2,plex_2,,,,,,,0.58,1.09,0.37,0.85,0.67,1.15
Dnm2,plex_2,,,,,,,0.58,1.09,0.37,0.85,0.67,1.15
Slc25a21,plex_2,,,,,,,,,,,,
Slc25a21,plex_2,,,,,,,,,,,,
Slc25a21,plex_2,,,,,,,,,,,,
Retn,plex_2,,,,,,,0.43,0.83,0.58,0.81,0.35,1.02
Pdia2,plex_2,,,,,,,1.38,2.22,0.51,1.12,2.63,0.52
Pdia2,plex_2,,,,,,,1.38,2.22,0.51,1.12,2.63,0.52
Pdia2,plex_2,,,,,,,1.38,2.22,0.51,1.12,2.63,0.52
Ipo4,plex_2,,,,,,,0.91,1.03,0.41,0.61,1.67,3.47
Nelfcd,plex_2,,,,,,,,1.26,0.67,0.7,,1.11
ND3,plex_2,,,,,,,,0.95,,0.51,0.88,0.82
mt-Nd3,plex_2,,,,,,,,0.95,,0.51,0.88,0.82
S100a13,plex_2,,,,,,,0.61,1.29,0.6,0.8,0.73,1.1
S100a13,plex_2,,,,,,,0.61,1.29,0.6,0.8,0.73,1.1
Ppp2r5c,plex_2,,,,,,,,0.58,,,,0.25
Ppp2r5c,plex_2,,,,,,,,0.58,,,,0.25
Psph,plex_2,,,,,,,0.69,1.08,0.65,0.68,0.49,1.16
Psph,plex_2,,,,,,,0.69,1.08,0.65,0.68,0.49,1.16
Psph,plex_2,,,,,,,0.69,1.08,0.65,0.68,0.49,1.16
Smpdl3a,plex_2,,,,,,,0.86,0.97,0.46,0.84,0.62,1.07
Cdk11b,plex_2,,,,,,,,1.47,1.57,1.75,1.12,1.92
Hdgfrp3,plex_2,,,,,,,0.8,2.9,0.49,2.05,0.97,1.77
Hdgfrp3,plex_2,,,,,,,0.8,2.9,0.49,2.05,0.97,1.77
Hdgfrp3,plex_2,,,,,,,0.8,2.9,0.49,2.05,0.97,1.77
Slc22a4,plex_2,,,,,,,0.48,0.89,0.4,0.51,0.8,0.91
Trappc3,plex_2,,,,,,,0.75,1.21,0.59,0.68,0.77,0.88
Slc33a1,plex_2,,,,,,,0.88,0.89,0.64,0.26,0.42,0.66
Pdp1,plex_2,,,,,,,1.05,1.68,0.6,0.27,0.73,1.47
Pdp1,plex_2,,,,,,,1.05,1.68,0.6,0.27,0.73,1.47
Tbc1d13,plex_2,,,,,,,0.56,1.37,0.73,0.91,0.7,1.48
Slc25a22,plex_2,,,,,,,0.68,1.57,0.62,1.09,1.14,1.41
Slc25a22,plex_2,,,,,,,0.68,1.57,0.62,1.09,1.14,1.41
Slc25a22,plex_2,,,,,,,0.68,1.57,0.62,1.09,1.14,1.41
Slc25a22,plex_2,,,,,,,0.68,1.57,0.62,1.09,1.14,1.41
Fabp7,plex_2,,,,,,,0.71,1.21,0.54,0.94,0.56,1.13
Fabp7,plex_2,,,,,,,0.71,1.21,0.54,0.94,0.56,1.13
Fabp7,plex_2,,,,,,,0.71,1.21,0.54,0.94,0.56,1.13
Fbln1,plex_2,,,,,,,1.12,2.92,1.08,1.35,1.16,1.76
Vps33b,plex_2,,,,,,,0.71,0.94,0.41,0.57,0.47,1.19
Ggt5,plex_2,,,,,,,,,,,,
Actn1,plex_2,,,,,,,0.55,0.91,0.61,0.75,0.54,1.04
Dtnb,plex_2,,,,,,,0.72,1.09,0.53,0.84,0.8,1.08
Dtnb,plex_2,,,,,,,0.72,1.09,0.53,0.84,0.8,1.08
Lmf2,plex_2,,,,,,,,,,,,
Slc35a3,plex_2,,,,,,,0.81,1.93,0.36,,,0.91
,plex_2,,,,,,,0.83,2.42,1.51,1.47,,1.47
3110040N11Rik,plex_2,,,,,,,0.83,2.42,1.51,1.47,,1.47
Kiaa0391,plex_2,,,,,,,0.81,1.45,0.57,0.77,0.69,1.43
Thsd7a,plex_2,,,,,,,0.27,0.77,0.38,0.54,0.78,0.85
Pctp,plex_2,,,,,,,,,,,,
Pctp,plex_2,,,,,,,,,,,,
Rab17,plex_2,,,,,,,,,,,,
Pml,plex_2,,,,,,,0.78,1.19,0.59,0.67,0.79,1.26
Pml,plex_2,,,,,,,0.78,1.19,0.59,0.67,0.79,1.26
Gpx7,plex_2,,,,,,,0.5,1.03,0.64,0.56,0.52,1.07
Paf1,plex_2,,,,,,,0.72,1.04,0.48,0.64,0.61,0.67
Uchl5,plex_2,,,,,,,,2.2,1.38,1.06,0.9,1.7
Uchl5,plex_2,,,,,,,,2.2,1.38,1.06,0.9,1.7
Gnpnat1,plex_2,,,,,,,0.55,1.38,0.64,0.78,1.22,1.29
Acbd5,plex_2,,,,,,,0.77,1.59,0.6,0.9,0.95,1.05
Efhd1,plex_2,,,,,,,0.65,1.09,0.38,0.64,0.81,1.16
Tmtc3,plex_2,,,,,,,0.98,,,,0.54,1.44
Tmtc3,plex_2,,,,,,,0.98,,,,0.54,1.44
Zfand2b,plex_2,,,,,,,,,,,,1.01
Zfand2b,plex_2,,,,,,,,,,,,1.01
Zfand2b,plex_2,,,,,,,,,,,,1.01
Itpr2,plex_2,,,,,,,0.78,1.19,0.48,0.5,0.75,0.7
Itpr2,plex_2,,,,,,,0.78,1.19,0.48,0.5,0.75,0.7
Ndor1,plex_2,,,,,,,,,,,,
Ndor1,plex_2,,,,,,,,,,,,
Prkci,plex_2,,,,,,,0.6,1.15,0.56,1.07,0.71,1.13
Gm12250,plex_2,,,,,,,,,,,,
Gm12250,plex_2,,,,,,,,,,,,
Rnase4,plex_2,,,,,,,0.34,1.1,0.55,0.43,0.76,0.87
Rnase4,plex_2,,,,,,,0.34,1.1,0.55,0.43,0.76,0.87
Rnase4,plex_2,,,,,,,0.34,1.1,0.55,0.43,0.76,0.87
Rnase4,plex_2,,,,,,,0.34,1.1,0.55,0.43,0.76,0.87
Rnase4,plex_2,,,,,,,0.34,1.1,0.55,0.43,0.76,0.87
Gabarap,plex_2,,,,,,,,,,,,
Erh,plex_2,,,,,,,0.61,1.35,0.53,0.58,0.75,1.08
Erh,plex_2,,,,,,,0.61,1.35,0.53,0.58,0.75,1.08
Emc10,plex_2,,,,,,,,,,,,
Cradd,plex_2,,,,,,,,,,,,
Cradd,plex_2,,,,,,,,,,,,
Cradd,plex_2,,,,,,,,,,,,
Cradd,plex_2,,,,,,,,,,,,
Fermt3,plex_2,,,,,,,0.77,1.11,,0.75,0.98,1.81
Galnt3,plex_2,,,,,,,0.85,1.22,0.48,0.86,0.74,1.26
Cr1l,plex_2,,,,,,,0.53,0.8,0.43,0.64,0.54,0.89
Cr1l,plex_2,,,,,,,0.53,0.8,0.43,0.64,0.54,0.89
Cr1l,plex_2,,,,,,,0.53,0.8,0.43,0.64,0.54,0.89
Aqp3,plex_2,,,,,,,,1.04,,,1.13,0.96
Fam49b,plex_2,,,,,,,0.41,0.79,0.09,1.12,1.39,1.11
Zfyve21,plex_2,,,,,,,0.49,0.75,0.51,0.47,0.72,0.83
Srsf10,plex_2,,,,,,,1.37,1.47,0.45,0.46,0.53,1.76
Tmem205,plex_2,,,,,,,0.39,0.93,0.25,0.89,0.49,0.93
Zc2hc1a,plex_2,,,,,,,0.54,1.99,0.48,0.81,0.58,1.16
Zc2hc1a,plex_2,,,,,,,0.54,1.99,0.48,0.81,0.58,1.16
Dpyd,plex_2,,,,,,,0.44,0.85,0.5,0.65,0.93,1.28
Ndufb6,plex_2,,,,,,,0.67,1.14,0.62,0.69,0.75,1.1
F12,plex_2,,,,,,,0.43,1.5,0.36,0.68,0.55,1.21
Eif6,plex_2,,,,,,,0.43,1.24,0.41,0.83,0.41,1.03
Eif6,plex_2,,,,,,,0.43,1.24,0.41,0.83,0.41,1.03
Eif6,plex_2,,,,,,,0.43,1.24,0.41,0.83,0.41,1.03
Eif6,plex_2,,,,,,,0.43,1.24,0.41,0.83,0.41,1.03
Eif6,plex_2,,,,,,,0.43,1.24,0.41,0.83,0.41,1.03
Eif6,plex_2,,,,,,,0.43,1.24,0.41,0.83,0.41,1.03
Mvd,plex_2,,,,,,,0.41,0.94,0.5,0.68,0.48,0.91
Slc16a4,plex_2,,,,,,,2.51,2.39,,,2.72,3.86
Supv3l1,plex_2,,,,,,,0.67,0.91,0.59,0.66,0.72,1.05
Smap,plex_2,,,,,,,,,,,,
1110004F10Rik,plex_2,,,,,,,,,,,,
Kiaa1522,plex_2,,,,,,,0.61,1.23,0.48,0.82,0.7,0.98
Cog2,plex_2,,,,,,,0.31,2.19,1.62,0.7,0.59,1.84
Cog2,plex_2,,,,,,,0.31,2.19,1.62,0.7,0.59,1.84
Cog2,plex_2,,,,,,,0.31,2.19,1.62,0.7,0.59,1.84
Tm9sf4,plex_2,,,,,,,1.24,1.66,0.86,1.35,0.92,2.23
Vps50,plex_2,,,,,,,0.61,0.96,0.41,0.64,0.93,1.1
Vps50,plex_2,,,,,,,0.61,0.96,0.41,0.64,0.93,1.1
Vps50,plex_2,,,,,,,0.61,0.96,0.41,0.64,0.93,1.1
Bola3,plex_2,,,,,,,0.57,1.1,0.51,0.58,0.63,0.97
Cdc73,plex_2,,,,,,,0.62,1.19,0.66,0.81,1.33,1.88
,plex_2,,,,,,,0.53,1.75,0.44,0.84,0.63,1.15
Srsf6,plex_2,,,,,,,0.7,1.08,0.59,0.57,0.78,1.08
Fam63a,plex_2,,,,,,,0.41,1.14,0.48,0.81,0.75,1.0
Fam63a,plex_2,,,,,,,0.41,1.14,0.48,0.81,0.75,1.0
Ascc1,plex_2,,,,,,,0.77,1.8,0.63,0.7,0.57,1.89
Dync1i2,plex_2,,,,,,,0.66,1.13,0.76,0.72,0.67,1.02
Ada,plex_2,,,,,,,0.41,0.68,0.33,0.4,0.46,0.73
Aamp,plex_2,,,,,,,0.5,0.87,0.47,0.5,0.57,0.68
Aamp,plex_2,,,,,,,0.5,0.87,0.47,0.5,0.57,0.68
Aamp,plex_2,,,,,,,0.5,0.87,0.47,0.5,0.57,0.68
Aamp,plex_2,,,,,,,0.5,0.87,0.47,0.5,0.57,0.68
Ttc36,plex_2,,,,,,,0.56,1.39,0.7,0.61,0.93,1.06
Cryaa,plex_2,,,,,,,0.41,0.89,0.45,0.17,0.89,2.66
Cryaa,plex_2,,,,,,,0.41,0.89,0.45,0.17,0.89,2.66
Ranbp3,plex_2,,,,,,,0.57,1.13,0.56,0.94,0.62,1.43
Acox1,plex_2,,,,,,,0.4,0.76,0.37,0.41,0.98,0.72
Chmp5,plex_2,,,,,,,0.66,2.64,0.72,0.74,1.29,0.93
Bclaf1,plex_2,,,,,,,0.62,1.36,0.64,0.81,0.78,1.27
Prps1l3,plex_2,,,,,,,0.58,1.11,0.4,0.6,0.72,0.99
Prps1,plex_2,,,,,,,0.58,1.11,0.4,0.6,0.72,0.99
Prps1,plex_2,,,,,,,0.58,1.11,0.4,0.6,0.72,0.99
Mtr,plex_2,,,,,,,0.82,1.19,0.42,0.48,0.7,1.28
Ppp1r1b,plex_2,,,,,,,0.58,1.81,0.5,0.72,0.86,1.03
Pdgfrb,plex_2,,,,,,,,0.92,,0.81,0.9,0.85
Pdgfrb,plex_2,,,,,,,,0.92,,0.81,0.9,0.85
Pdgfrb,plex_2,,,,,,,,0.92,,0.81,0.9,0.85
Pdgfrb,plex_2,,,,,,,,0.92,,0.81,0.9,0.85
Pdgfrb,plex_2,,,,,,,,0.92,,0.81,0.9,0.85
Pdgfrb,plex_2,,,,,,,,0.92,,0.81,0.9,0.85
Tmx3,plex_2,,,,,,,0.74,1.21,0.67,1.11,1.16,1.78
Cul2,plex_2,,,,,,,0.37,0.54,0.28,0.17,0.56,0.93
Cul2,plex_2,,,,,,,0.37,0.54,0.28,0.17,0.56,0.93
Ntmt1,plex_2,,,,,,,,,,,,
Ntmt1,plex_2,,,,,,,,,,,,
Ntmt1,plex_2,,,,,,,,,,,,
Ntmt1,plex_2,,,,,,,,,,,,
Uap1,plex_2,,,,,,,0.52,0.99,0.29,0.57,1.04,0.71
Uap1,plex_2,,,,,,,0.52,0.99,0.29,0.57,1.04,0.71
Uap1,plex_2,,,,,,,0.52,0.99,0.29,0.57,1.04,0.71
Nucks1,plex_2,,,,,,,0.83,1.68,0.48,0.85,0.82,1.15
Clec3b,plex_2,,,,,,,,,,,,
Clec3b,plex_2,,,,,,,,,,,,
Aldh1a7,plex_2,,,,,,,0.45,0.92,0.38,1.19,0.68,1.25
Poglut1,plex_2,,,,,,,0.85,0.7,0.33,0.82,0.49,1.11
Tnx,plex_2,,,,,,,0.61,1.08,0.66,0.66,0.61,1.46
Tnxb,plex_2,,,,,,,0.61,1.08,0.66,0.66,0.61,1.46
Slc37a4,plex_2,,,,,,,0.57,1.08,0.45,0.65,0.64,0.95
Slc37a4,plex_2,,,,,,,0.57,1.08,0.45,0.65,0.64,0.95
Enpp5,plex_2,,,,,,,,2.77,0.95,0.9,,
Enpp5,plex_2,,,,,,,,2.77,0.95,0.9,,
Enpp5,plex_2,,,,,,,,2.77,0.95,0.9,,
Pxmp4,plex_2,,,,,,,,,,,,
Tmem160,plex_2,,,,,,,0.66,1.24,0.53,0.89,0.74,1.34
Mtfp1,plex_2,,,,,,,0.61,0.94,0.43,0.49,0.71,1.2
Mtfp1,plex_2,,,,,,,0.61,0.94,0.43,0.49,0.71,1.2
Rabggtb,plex_2,,,,,,,0.74,1.31,0.7,0.93,0.91,1.24
Rabggtb,plex_2,,,,,,,0.74,1.31,0.7,0.93,0.91,1.24
Rabggtb,plex_2,,,,,,,0.74,1.31,0.7,0.93,0.91,1.24
Rabggtb,plex_2,,,,,,,0.74,1.31,0.7,0.93,0.91,1.24
Rabggtb,plex_2,,,,,,,0.74,1.31,0.7,0.93,0.91,1.24
Rabggtb,plex_2,,,,,,,0.74,1.31,0.7,0.93,0.91,1.24
Rabggtb,plex_2,,,,,,,0.74,1.31,0.7,0.93,0.91,1.24
Rabggtb,plex_2,,,,,,,0.74,1.31,0.7,0.93,0.91,1.24
Rabggtb,plex_2,,,,,,,0.74,1.31,0.7,0.93,0.91,1.24
Arhgap24,plex_2,,,,,,,0.71,1.53,0.64,0.93,0.97,1.29
Arhgap24,plex_2,,,,,,,0.71,1.53,0.64,0.93,0.97,1.29
Arhgap24,plex_2,,,,,,,0.71,1.53,0.64,0.93,0.97,1.29
Mink1,plex_2,,,,,,,0.67,1.19,0.5,0.6,0.68,1.33
Mink1,plex_2,,,,,,,0.67,1.19,0.5,0.6,0.68,1.33
Mink1,plex_2,,,,,,,0.67,1.19,0.5,0.6,0.68,1.33
Tspan9,plex_2,,,,,,,,0.23,0.52,0.39,0.57,1.05
Ppp2r5a,plex_2,,,,,,,0.89,1.84,0.94,1.21,0.9,1.89
Cd200,plex_2,,,,,,,0.61,1.16,0.51,0.68,0.66,1.14
Cd200,plex_2,,,,,,,0.61,1.16,0.51,0.68,0.66,1.14
Cd200,plex_2,,,,,,,0.61,1.16,0.51,0.68,0.66,1.14
Cd200,plex_2,,,,,,,0.61,1.16,0.51,0.68,0.66,1.14
Cd200,plex_2,,,,,,,0.61,1.16,0.51,0.68,0.66,1.14
Cox7c,plex_2,,,,,,,0.73,0.9,0.57,0.5,0.77,1.13
Gsta1,plex_2,,,,,,,0.54,0.93,0.55,0.67,1.01,0.85
Cmas,plex_2,,,,,,,0.53,1.13,0.39,0.74,0.8,1.09
Cmas,plex_2,,,,,,,0.53,1.13,0.39,0.74,0.8,1.09
Ubxn1,plex_2,,,,,,,0.35,0.77,0.56,0.43,0.38,0.99
Tns2,plex_2,,,,,,,0.63,1.0,0.41,0.54,0.64,0.85
Gm16286,plex_2,,,,,,,0.61,1.13,0.53,0.49,0.39,0.81
Naa10,plex_2,,,,,,,0.61,1.13,0.53,0.49,0.39,0.81
Naa11,plex_2,,,,,,,0.61,1.13,0.53,0.49,0.39,0.81
Naa10,plex_2,,,,,,,0.61,1.13,0.53,0.49,0.39,0.81
Naa10,plex_2,,,,,,,0.61,1.13,0.53,0.49,0.39,0.81
Naa10,plex_2,,,,,,,0.61,1.13,0.53,0.49,0.39,0.81
Naa10,plex_2,,,,,,,0.61,1.13,0.53,0.49,0.39,0.81
Naa10,plex_2,,,,,,,0.61,1.13,0.53,0.49,0.39,0.81
Naa10,plex_2,,,,,,,0.61,1.13,0.53,0.49,0.39,0.81
Naa10,plex_2,,,,,,,0.61,1.13,0.53,0.49,0.39,0.81
Oxnad1,plex_2,,,,,,,0.56,0.77,0.44,0.51,0.6,0.9
Naa35,plex_2,,,,,,,,,,,,
Hspa13,plex_2,,,,,,,0.58,1.19,0.6,0.74,0.75,1.14
Gatb,plex_2,,,,,,,0.76,1.35,0.57,0.72,0.78,1.41
Pi4k2a,plex_2,,,,,,,0.52,0.81,0.5,0.57,0.63,0.99
Swap70,plex_2,,,,,,,0.7,1.28,0.4,0.8,0.86,1.11
Dr1,plex_2,,,,,,,0.52,1.15,0.46,0.55,0.74,1.07
Gsk3a,plex_2,,,,,,,0.49,0.92,0.44,0.52,0.33,1.03
Gsk3a,plex_2,,,,,,,0.49,0.92,0.44,0.52,0.33,1.03
Dcun1d1,plex_2,,,,,,,0.55,1.03,0.52,0.57,0.67,1.04
Fam175b,plex_2,,,,,,,0.48,1.1,0.49,0.6,0.65,1.19
Fam175b,plex_2,,,,,,,0.48,1.1,0.49,0.6,0.65,1.19
Parp3,plex_2,,,,,,,0.58,0.81,0.36,0.7,0.41,0.84
Parp3,plex_2,,,,,,,0.58,0.81,0.36,0.7,0.41,0.84
Parp3,plex_2,,,,,,,0.58,0.81,0.36,0.7,0.41,0.84
Parp3,plex_2,,,,,,,0.58,0.81,0.36,0.7,0.41,0.84
Parp3,plex_2,,,,,,,0.58,0.81,0.36,0.7,0.41,0.84
Kcnj16,plex_2,,,,,,,0.7,0.72,0.83,0.78,0.66,1.32
Kcnj16,plex_2,,,,,,,0.7,0.72,0.83,0.78,0.66,1.32
Hpd,plex_2,,,,,,,0.6,1.06,0.43,0.45,0.72,1.17
Csnk1d,plex_2,,,,,,,0.54,0.98,0.64,0.39,0.39,0.74
Nsun2,plex_2,,,,,,,,,,,,
Nsun2,plex_2,,,,,,,,,,,,
Psmb8,plex_2,,,,,,,0.8,0.67,0.34,0.45,0.53,0.69
Psmb8,plex_2,,,,,,,0.8,0.67,0.34,0.45,0.53,0.69
Sf3a2,plex_2,,,,,,,0.57,1.01,0.44,0.58,0.6,0.78
Lsm4,plex_2,,,,,,,0.52,1.14,0.54,0.66,0.7,1.2
Cst3,plex_2,,,,,,,0.66,1.39,0.61,0.67,0.61,1.15
Cst3,plex_2,,,,,,,0.66,1.39,0.61,0.67,0.61,1.15
Cst3,plex_2,,,,,,,0.66,1.39,0.61,0.67,0.61,1.15
St14,plex_2,,,,,,,0.58,1.16,0.52,0.61,0.71,1.01
Rnf114,plex_2,,,,,,,0.77,1.08,0.43,0.47,0.82,0.89
Rnf114,plex_2,,,,,,,0.77,1.08,0.43,0.47,0.82,0.89
Cmah,plex_2,,,,,,,0.54,2.06,0.68,0.88,1.0,1.21
Hdhd3,plex_2,,,,,,,0.6,1.22,0.53,0.75,0.67,1.34
Il1rap,plex_2,,,,,,,0.7,1.17,0.4,0.77,0.68,1.12
Cetn2,plex_2,,,,,,,,1.18,0.77,0.85,1.21,1.44
Carhsp1,plex_2,,,,,,,0.97,1.54,0.7,0.97,1.08,1.46
Carhsp1,plex_2,,,,,,,0.97,1.54,0.7,0.97,1.08,1.46
Ptk7,plex_2,,,,,,,0.62,1.07,0.42,0.65,0.65,1.1
Coa6,plex_2,,,,,,,0.85,1.33,0.91,0.71,0.55,1.27
Ccdc53,plex_2,,,,,,,0.53,1.01,0.53,1.0,0.48,0.88
Ccdc53,plex_2,,,,,,,0.53,1.01,0.53,1.0,0.48,0.88
Tmem11,plex_2,,,,,,,,,,,,
Tmem11,plex_2,,,,,,,,,,,,
Bin1,plex_2,,,,,,,0.76,1.27,0.52,0.8,0.67,1.28
Mrpl43,plex_2,,,,,,,0.71,0.78,0.42,0.75,0.69,1.2
Mrpl43,plex_2,,,,,,,0.71,0.78,0.42,0.75,0.69,1.2
Mrpl43,plex_2,,,,,,,0.71,0.78,0.42,0.75,0.69,1.2
Mrpl43,plex_2,,,,,,,0.71,0.78,0.42,0.75,0.69,1.2
Akr1b10,plex_2,,,,,,,0.46,0.95,0.54,0.71,0.52,0.79
Akr1b10,plex_2,,,,,,,0.46,0.95,0.54,0.71,0.52,0.79
Akr1b10,plex_2,,,,,,,0.46,0.95,0.54,0.71,0.52,0.79
Tgfbrap1,plex_2,,,,,,,0.54,0.89,0.42,0.73,0.71,1.38
Atp5e,plex_2,,,,,,,0.63,1.05,0.55,0.62,0.9,0.93
Lpcat3,plex_2,,,,,,,0.71,1.03,0.74,0.9,1.56,1.52
Lpcat3,plex_2,,,,,,,0.71,1.03,0.74,0.9,1.56,1.52
Ppfibp1,plex_2,,,,,,,0.6,1.07,0.53,0.77,0.71,1.03
Ppfibp1,plex_2,,,,,,,0.6,1.07,0.53,0.77,0.71,1.03
Ppfibp1,plex_2,,,,,,,0.6,1.07,0.53,0.77,0.71,1.03
S100a8,plex_2,,,,,,,,,,,,
Chmp1b1,plex_2,,,,,,,0.73,1.5,0.61,0.84,0.79,1.24
Pisd,plex_2,,,,,,,0.52,0.76,0.49,0.56,0.76,0.99
Sptan1,plex_2,,,,,,,0.42,0.81,0.6,0.68,0.44,0.98
Sptan1,plex_2,,,,,,,0.42,0.81,0.6,0.68,0.44,0.98
Ddrgk1,plex_2,,,,,,,1.29,3.05,1.35,2.35,1.53,2.98
Clip1,plex_2,,,,,,,0.84,1.36,0.75,0.93,1.43,0.98
,plex_2,,,,,,,0.48,0.63,0.26,0.42,0.46,0.6
Rras,plex_2,,,,,,,0.88,1.59,0.64,0.89,1.11,1.67
S100a9,plex_2,,,,,,,1.11,1.88,0.51,0.98,0.83,1.07
Mrpl32,plex_2,,,,,,,0.34,0.88,0.34,0.77,0.52,0.88
Actb,plex_2,,,,,,,0.67,1.26,0.61,0.78,0.69,1.4
Tamm41,plex_2,,,,,,,0.87,2.38,0.76,1.61,1.28,1.82
Tamm41,plex_2,,,,,,,0.87,2.38,0.76,1.61,1.28,1.82
Itsn1,plex_2,,,,,,,0.93,2.12,0.68,1.19,0.98,1.85
Ugt2b34,plex_2,,,,,,,0.59,0.94,0.45,0.77,0.6,1.39
Fkbp9,plex_2,,,,,,,0.84,1.09,0.65,0.87,0.89,1.83
Postn,plex_2,,,,,,,0.64,0.83,0.44,0.24,0.16,1.02
Aamdc,plex_2,,,,,,,0.63,1.12,0.54,0.59,0.62,1.01
Lgals9,plex_2,,,,,,,,,,,,
Lgals9,plex_2,,,,,,,,,,,,
Lgals9,plex_2,,,,,,,,,,,,
Lgals9,plex_2,,,,,,,,,,,,
Lgals9,plex_2,,,,,,,,,,,,
Cacybp,plex_2,,,,,,,0.7,1.11,0.52,0.45,0.66,0.79
Fuca1,plex_2,,,,,,,0.72,0.96,0.69,0.98,0.62,1.37
Fuca1,plex_2,,,,,,,0.72,0.96,0.69,0.98,0.62,1.37
Ncoa7,plex_2,,,,,,,0.63,1.0,0.51,0.55,0.79,1.06
Idi1,plex_2,,,,,,,0.8,1.2,0.53,0.54,0.72,1.13
Cpne2,plex_2,,,,,,,,,,,,
Gm5571,plex_2,,,,,,,,1.64,,1.33,0.3,0.87
Igkv9-120,plex_2,,,,,,,,1.64,,1.33,0.3,0.87
Abca3,plex_2,,,,,,,0.47,0.91,0.46,0.84,0.47,1.34
Erlec1,plex_2,,,,,,,0.83,1.78,0.79,0.94,1.04,1.68
Spcs1,plex_2,,,,,,,0.41,0.7,0.36,0.7,0.43,1.08
Rheb,plex_2,,,,,,,0.56,0.92,0.41,0.55,0.69,0.94
Rheb,plex_2,,,,,,,0.56,0.92,0.41,0.55,0.69,0.94
Atp5s,plex_2,,,,,,,0.6,1.02,0.45,0.43,0.63,0.95
Cd63,plex_2,,,,,,,0.83,1.15,0.44,0.53,0.53,0.97
Drg2,plex_2,,,,,,,0.48,1.69,0.51,0.63,1.01,0.98
Xrcc1,plex_2,,,,,,,0.53,1.35,0.43,0.91,0.83,1.07
Xrcc1,plex_2,,,,,,,0.53,1.35,0.43,0.91,0.83,1.07
Xrcc1,plex_2,,,,,,,0.53,1.35,0.43,0.91,0.83,1.07
Xrcc1,plex_2,,,,,,,0.53,1.35,0.43,0.91,0.83,1.07
P4ha1,plex_2,,,,,,,0.38,,,0.8,1.16,0.85
P4ha1,plex_2,,,,,,,0.38,,,0.8,1.16,0.85
P4ha1,plex_2,,,,,,,0.38,,,0.8,1.16,0.85
P4ha1,plex_2,,,,,,,0.38,,,0.8,1.16,0.85
P4ha1,plex_2,,,,,,,0.38,,,0.8,1.16,0.85
P4ha1,plex_2,,,,,,,0.38,,,0.8,1.16,0.85
Slc25a19,plex_2,,,,,,,0.59,0.58,0.31,0.3,0.55,0.57
Pex3,plex_2,,,,,,,,,,,,
Pex3,plex_2,,,,,,,,,,,,
Pex3,plex_2,,,,,,,,,,,,
Pex3,plex_2,,,,,,,,,,,,
Pex3,plex_2,,,,,,,,,,,,
Ctbs,plex_2,,,,,,,0.77,1.63,0.77,0.93,0.63,1.4
Dnph1,plex_2,,,,,,,0.74,1.23,0.5,0.86,0.69,1.11
Ap5s1,plex_2,,,,,,,,,,,,
Prom2,plex_2,,,,,,,0.63,0.94,,0.73,0.53,1.93
Prom2,plex_2,,,,,,,0.63,0.94,,0.73,0.53,1.93
Dynlt3,plex_2,,,,,,,0.76,0.86,0.53,0.76,0.87,1.19
Dynlt3,plex_2,,,,,,,0.76,0.86,0.53,0.76,0.87,1.19
Dynlt3,plex_2,,,,,,,0.76,0.86,0.53,0.76,0.87,1.19
Ostc,plex_2,,,,,,,0.51,1.28,0.73,0.63,0.68,1.32
Immt,plex_2,,,,,,,0.55,0.8,0.74,0.81,0.27,1.42
Ckap4,plex_2,,,,,,,,,,,,
Cox17,plex_2,,,,,,,0.74,1.54,0.54,0.8,0.75,1.01
Pgm5,plex_2,,,,,,,0.89,0.96,0.39,0.52,0.83,1.09
Fars2,plex_2,,,,,,,0.69,0.81,0.48,0.62,0.67,0.96
Ghdc,plex_2,,,,,,,,,,,,1.02
Ghdc,plex_2,,,,,,,,,,,,1.02
Ghdc,plex_2,,,,,,,,,,,,1.02
Mgea5,plex_2,,,,,,,0.67,1.2,0.51,0.62,1.08,1.18
Ghr,plex_2,,,,,,,0.57,1.09,0.43,0.56,0.44,0.67
Tm9sf2,plex_2,,,,,,,0.75,1.44,0.61,0.81,1.18,1.59
Tm9sf2,plex_2,,,,,,,0.75,1.44,0.61,0.81,1.18,1.59
Tm9sf2,plex_2,,,,,,,0.75,1.44,0.61,0.81,1.18,1.59
Tars2,plex_2,,,,,,,0.55,1.24,0.48,0.7,0.64,1.01
Tars2,plex_2,,,,,,,0.55,1.24,0.48,0.7,0.64,1.01
Lpgat1,plex_2,,,,,,,1.31,1.27,0.46,0.88,1.15,1.78
Pank1,plex_2,,,,,,,0.74,1.86,1.01,1.0,1.1,1.74
Pank1,plex_2,,,,,,,0.74,1.86,1.01,1.0,1.1,1.74
Armt1,plex_2,,,,,,,,,,,,
Armt1,plex_2,,,,,,,,,,,,
H2afy2,plex_2,,,,,,,0.6,1.12,0.38,0.85,0.98,0.95
Gpm6b,plex_2,,,,,,,,,,,,
Gpm6b,plex_2,,,,,,,,,,,,
Gpm6b,plex_2,,,,,,,,,,,,
Gpm6b,plex_2,,,,,,,,,,,,
Gpm6b,plex_2,,,,,,,,,,,,
Gpm6b,plex_2,,,,,,,,,,,,
Gpm6b,plex_2,,,,,,,,,,,,
Gpm6b,plex_2,,,,,,,,,,,,
Itgb5,plex_2,,,,,,,0.48,1.35,0.41,0.6,0.64,1.25
Adprhl2,plex_2,,,,,,,0.67,1.36,0.52,0.64,0.77,1.41
Plcb3,plex_2,,,,,,,0.49,1.02,0.31,0.45,0.74,0.83
Arl8a,plex_2,,,,,,,0.63,1.03,0.37,0.83,1.4,1.06
Tacstd2,plex_2,,,,,,,0.59,0.95,0.75,0.93,0.45,1.27
Mlst8,plex_2,,,,,,,0.58,1.14,0.54,0.45,0.71,0.89
Cherp,plex_2,,,,,,,0.7,1.39,0.54,0.86,0.72,1.31
Cherp,plex_2,,,,,,,0.7,1.39,0.54,0.86,0.72,1.31
Arhgap5,plex_2,,,,,,,0.74,1.41,0.59,0.82,0.97,1.39
Tbc1d9b,plex_2,,,,,,,0.73,1.08,0.55,0.68,1.05,1.02
Tbc1d9b,plex_2,,,,,,,0.73,1.08,0.55,0.68,1.05,1.02
Gigyf2,plex_2,,,,,,,0.88,2.18,1.22,2.49,1.9,2.08
Gigyf2,plex_2,,,,,,,0.88,2.18,1.22,2.49,1.9,2.08
Tbce,plex_2,,,,,,,0.59,1.32,,0.7,0.69,1.19
Rcn3,plex_2,,,,,,,0.79,1.64,0.67,0.74,0.89,1.22
Icam2,plex_2,,,,,,,0.44,0.96,0.5,0.64,0.62,0.94
Cxadr,plex_2,,,,,,,0.64,0.67,0.37,0.5,0.59,0.81
Cxadr,plex_2,,,,,,,0.64,0.67,0.37,0.5,0.59,0.81
Edc3,plex_2,,,,,,,0.63,2.0,0.83,1.31,0.84,1.22
Fau,plex_2,,,,,,,0.65,1.33,0.71,0.8,0.62,1.34
fau,plex_2,,,,,,,0.65,1.33,0.71,0.8,0.62,1.34
Fau,plex_2,,,,,,,0.65,1.33,0.71,0.8,0.62,1.34
fau,plex_2,,,,,,,0.65,1.33,0.71,0.8,0.62,1.34
,plex_2,,,,,,,0.65,1.33,0.71,0.8,0.62,1.34
Micall1,plex_2,,,,,,,0.97,2.13,0.86,0.82,1.28,1.87
Ankhd1,plex_2,,,,,,,0.65,1.66,0.64,0.49,0.68,1.43
Ankhd1,plex_2,,,,,,,0.65,1.66,0.64,0.49,0.68,1.43
Cirbp,plex_2,,,,,,,,,,,,
Cirbp,plex_2,,,,,,,,,,,,
Cirbp,plex_2,,,,,,,,,,,,
Mios,plex_2,,,,,,,0.5,1.53,0.59,1.02,0.55,1.1
Ugt1a1,plex_2,,,,,,,,,,,,
Uqcc1,plex_2,,,,,,,0.66,1.32,0.59,0.69,0.81,1.02
Uqcc1,plex_2,,,,,,,0.66,1.32,0.59,0.69,0.81,1.02
Far1,plex_2,,,,,,,0.24,0.42,0.27,0.5,0.72,0.71
Far1,plex_2,,,,,,,0.24,0.42,0.27,0.5,0.72,0.71
Ndufa1,plex_2,,,,,,,0.61,0.94,0.45,0.64,0.71,0.98
Magt1,plex_2,,,,,,,0.41,0.68,0.47,0.31,0.58,0.84
Magt1,plex_2,,,,,,,0.41,0.68,0.47,0.31,0.58,0.84
Magt1,plex_2,,,,,,,0.41,0.68,0.47,0.31,0.58,0.84
Magt1,plex_2,,,,,,,0.41,0.68,0.47,0.31,0.58,0.84
Magt1,plex_2,,,,,,,0.41,0.68,0.47,0.31,0.58,0.84
Magt1,plex_2,,,,,,,0.41,0.68,0.47,0.31,0.58,0.84
Psmb10,plex_2,,,,,,,0.84,1.21,0.63,0.73,0.79,1.46
Psmb10,plex_2,,,,,,,0.84,1.21,0.63,0.73,0.79,1.46
Psmb10,plex_2,,,,,,,0.84,1.21,0.63,0.73,0.79,1.46
Rab29,plex_2,,,,,,,,1.04,,0.77,0.72,0.26
Dhx30,plex_2,,,,,,,0.51,1.62,0.62,0.44,0.59,1.68
Actb,plex_2,,,,,,,0.66,0.75,0.64,0.52,0.89,0.32
Pkn1,plex_2,,,,,,,0.66,1.2,0.77,0.87,0.89,1.28
Dnajc8,plex_2,,,,,,,0.53,1.21,0.51,0.78,0.56,1.28
Dnajc8,plex_2,,,,,,,0.53,1.21,0.51,0.78,0.56,1.28
Dnajc8,plex_2,,,,,,,0.53,1.21,0.51,0.78,0.56,1.28
Dnajc8,plex_2,,,,,,,0.53,1.21,0.51,0.78,0.56,1.28
Smarca5,plex_2,,,,,,,0.66,1.37,0.58,0.74,0.86,1.55
Fam160a2,plex_2,,,,,,,1.26,2.36,1.52,1.22,1.4,2.5
Fam160a2,plex_2,,,,,,,1.26,2.36,1.52,1.22,1.4,2.5
Fam160a2,plex_2,,,,,,,1.26,2.36,1.52,1.22,1.4,2.5
Fam160a2,plex_2,,,,,,,1.26,2.36,1.52,1.22,1.4,2.5
Fam160a2,plex_2,,,,,,,1.26,2.36,1.52,1.22,1.4,2.5
Prpf31,plex_2,,,,,,,0.46,0.76,0.35,0.47,0.53,1.03
Prpf31,plex_2,,,,,,,0.46,0.76,0.35,0.47,0.53,1.03
Sorl1,plex_2,,,,,,,0.42,0.94,0.15,0.7,0.6,1.02
Trappc4,plex_2,,,,,,,0.47,0.7,0.31,0.66,0.43,0.87
Trappc4,plex_2,,,,,,,0.47,0.7,0.31,0.66,0.43,0.87
Igfbp2,plex_2,,,,,,,0.67,1.34,1.29,0.49,0.33,2.16
Ptgis,plex_2,,,,,,,,,,,,
Rer1,plex_2,,,,,,,0.58,1.08,0.57,0.77,0.6,1.08
Slc12a9,plex_2,,,,,,,0.56,1.54,1.1,1.24,0.84,1.34
Golgb1,plex_2,,,,,,,0.67,1.31,0.68,0.76,0.78,0.94
Golgb1,plex_2,,,,,,,0.67,1.31,0.68,0.76,0.78,0.94
Hspa14,plex_2,,,,,,,,1.19,0.54,0.51,0.85,0.72
Hspa14,plex_2,,,,,,,,1.19,0.54,0.51,0.85,0.72
Dguok,plex_2,,,,,,,0.87,1.28,0.64,1.17,0.92,1.42
Dguok,plex_2,,,,,,,0.87,1.28,0.64,1.17,0.92,1.42
Ccs,plex_2,,,,,,,0.58,1.27,0.53,0.71,0.87,1.16
Ndufs1,plex_2,,,,,,,0.81,1.3,0.63,0.52,0.88,0.75
Triap1,plex_2,,,,,,,0.52,1.46,0.44,0.88,0.68,1.24
Fam210a,plex_2,,,,,,,0.77,0.9,0.34,0.5,0.6,0.77
Thbs1,plex_2,,,,,,,0.57,0.99,0.38,0.69,0.45,1.26
Thbs1,plex_2,,,,,,,0.57,0.99,0.38,0.69,0.45,1.26
Thbs1,plex_2,,,,,,,0.57,0.99,0.38,0.69,0.45,1.26
Thbs1,plex_2,,,,,,,0.57,0.99,0.38,0.69,0.45,1.26
Vps4a,plex_2,,,,,,,0.36,0.9,0.54,0.53,0.64,0.83
Vps4a,plex_2,,,,,,,0.36,0.9,0.54,0.53,0.64,0.83
Reep5,plex_2,,,,,,,0.64,1.15,0.48,0.62,0.7,1.15
Reep5,plex_2,,,,,,,0.64,1.15,0.48,0.62,0.7,1.15
Reep5,plex_2,,,,,,,0.64,1.15,0.48,0.62,0.7,1.15
Reep5,plex_2,,,,,,,0.64,1.15,0.48,0.62,0.7,1.15
Rock2,plex_2,,,,,,,0.48,0.9,0.63,0.63,0.54,0.84
Rock2,plex_2,,,,,,,0.48,0.9,0.63,0.63,0.54,0.84
Diaph1,plex_2,,,,,,,0.65,1.21,0.53,0.93,0.78,0.69
Pcca,plex_2,,,,,,,0.9,1.04,,,0.91,1.19
Mrpl2,plex_2,,,,,,,0.63,1.19,0.6,0.69,0.64,1.21
Mrpl2,plex_2,,,,,,,0.63,1.19,0.6,0.69,0.64,1.21
Azgp1,plex_2,,,,,,,0.66,1.19,0.43,0.46,0.64,0.91
Psca,plex_2,,,,,,,0.85,0.98,0.41,1.06,0.62,1.56
Psca,plex_2,,,,,,,0.85,0.98,0.41,1.06,0.62,1.56
Xpo7,plex_2,,,,,,,0.48,0.81,0.46,0.58,0.49,1.15
Yipf1,plex_2,,,,,,,0.74,1.26,0.61,0.74,0.66,1.14
Yipf1,plex_2,,,,,,,0.74,1.26,0.61,0.74,0.66,1.14
Yipf1,plex_2,,,,,,,0.74,1.26,0.61,0.74,0.66,1.14
Slc2a2,plex_2,,,,,,,0.58,0.74,0.49,0.79,0.65,1.22
Tsr2,plex_2,,,,,,,0.49,1.14,0.54,0.66,0.84,1.17
Tsr2,plex_2,,,,,,,0.49,1.14,0.54,0.66,0.84,1.17
Tsr2,plex_2,,,,,,,0.49,1.14,0.54,0.66,0.84,1.17
Wbp11,plex_2,,,,,,,0.54,1.88,0.78,1.12,0.71,1.17
Wbp11,plex_2,,,,,,,0.54,1.88,0.78,1.12,0.71,1.17
Wbp11,plex_2,,,,,,,0.54,1.88,0.78,1.12,0.71,1.17
Thyn1,plex_2,,,,,,,0.65,1.25,0.58,0.66,0.72,1.35
Tmem72,plex_2,,,,,,,0.64,1.16,0.52,0.69,0.72,1.22
Prmt3,plex_2,,,,,,,0.37,1.99,1.5,2.03,0.94,0.9
Fuca2,plex_2,,,,,,,0.62,0.86,0.31,0.69,0.81,0.9
Mrps12,plex_2,,,,,,,0.64,1.16,0.49,0.66,0.61,1.11
Slc9a1,plex_2,,,,,,,0.6,1.1,0.45,0.77,0.52,1.0
Ctage5,plex_2,,,,,,,,0.47,,,,0.49
Serhl,plex_2,,,,,,,0.6,1.26,0.66,0.76,0.66,1.16
Smarcd2,plex_2,,,,,,,0.57,0.53,0.41,0.48,0.58,0.42
Smarcd2,plex_2,,,,,,,0.57,0.53,0.41,0.48,0.58,0.42
Smarcd2,plex_2,,,,,,,0.57,0.53,0.41,0.48,0.58,0.42
Ntn4,plex_2,,,,,,,0.59,1.17,0.46,0.62,0.89,1.01
Ntn4,plex_2,,,,,,,0.59,1.17,0.46,0.62,0.89,1.01
Plxdc2,plex_2,,,,,,,0.59,1.04,0.56,0.77,0.46,1.03
Plxdc2,plex_2,,,,,,,0.59,1.04,0.56,0.77,0.46,1.03
Diaph2,plex_2,,,,,,,0.59,1.06,0.57,0.68,0.65,1.32
Diaph2,plex_2,,,,,,,0.59,1.06,0.57,0.68,0.65,1.32
,plex_2,,,,,,,0.64,0.86,0.39,0.43,0.46,0.78
Nmnat1,plex_2,,,,,,,0.64,0.86,0.39,0.43,0.46,0.78
,plex_2,,,,,,,0.8,1.05,0.72,1.24,0.73,1.22
Scarb2,plex_2,,,,,,,0.87,1.25,0.84,0.74,0.69,1.06
Mob1a,plex_2,,,,,,,0.75,0.95,0.66,0.58,0.66,1.11
Mob1a,plex_2,,,,,,,0.75,0.95,0.66,0.58,0.66,1.11
Atpif1,plex_2,,,,,,,0.48,1.39,0.57,1.0,0.6,1.12
Mrps18b,plex_2,,,,,,,0.38,0.66,0.57,0.97,0.78,0.48
Mrps18b,plex_2,,,,,,,0.38,0.66,0.57,0.97,0.78,0.48
Usp10,plex_2,,,,,,,0.97,1.66,0.66,0.68,0.7,1.54
Usp10,plex_2,,,,,,,0.97,1.66,0.66,0.68,0.7,1.54
Rab35,plex_2,,,,,,,0.7,0.98,0.54,0.67,0.54,1.21
Pnpla8,plex_2,,,,,,,0.59,1.33,0.45,0.63,0.75,1.0
Srsf11,plex_2,,,,,,,0.61,0.98,0.43,0.51,0.61,0.95
Srsf11,plex_2,,,,,,,0.61,0.98,0.43,0.51,0.61,0.95
Srsf11,plex_2,,,,,,,0.61,0.98,0.43,0.51,0.61,0.95
Srsf11,plex_2,,,,,,,0.61,0.98,0.43,0.51,0.61,0.95
Srsf11,plex_2,,,,,,,0.61,0.98,0.43,0.51,0.61,0.95
Srsf11,plex_2,,,,,,,0.61,0.98,0.43,0.51,0.61,0.95
Srsf11,plex_2,,,,,,,0.61,0.98,0.43,0.51,0.61,0.95
Srsf11,plex_2,,,,,,,0.61,0.98,0.43,0.51,0.61,0.95
Apoc1,plex_2,,,,,,,,,,,,
Wdr7,plex_2,,,,,,,0.53,1.04,0.51,0.58,0.37,0.77
Wdr7,plex_2,,,,,,,0.53,1.04,0.51,0.58,0.37,0.77
Lmf1,plex_2,,,,,,,,,,,,
Uevld,plex_2,,,,,,,,,,,,
Igk,plex_2,,,,,,,0.39,1.02,0.83,0.57,0.35,0.79
Ap1g2,plex_2,,,,,,,,,,,,
Ap1g2,plex_2,,,,,,,,,,,,
Ap1g2,plex_2,,,,,,,,,,,,
Fyco1,plex_2,,,,,,,1.95,2.66,1.41,1.71,1.87,2.28
Nus1,plex_2,,,,,,,0.31,1.38,0.87,0.39,0.72,0.7
scFv,plex_2,,,,,,,0.3,0.96,,0.87,0.56,0.5
Dnmt1,plex_2,,,,,,,0.89,0.99,0.68,0.54,0.84,1.34
Dnmt1,plex_2,,,,,,,0.89,0.99,0.68,0.54,0.84,1.34
Nenf,plex_2,,,,,,,0.77,1.72,0.7,0.98,0.82,1.34
Pdpr,plex_2,,,,,,,0.68,0.95,0.56,1.04,0.78,1.27
Sh3tc1,plex_2,,,,,,,0.52,0.96,0.45,0.66,0.58,1.23
Sars2,plex_2,,,,,,,0.45,0.73,0.39,0.68,0.49,0.88
Larp4,plex_2,,,,,,,0.52,1.06,0.48,0.61,0.56,1.13
Larp4,plex_2,,,,,,,0.52,1.06,0.48,0.61,0.56,1.13
Paqr9,plex_2,,,,,,,0.61,0.97,0.4,0.58,0.63,0.74
Parl,plex_2,,,,,,,0.59,0.97,0.42,0.76,0.81,1.07
Parl,plex_2,,,,,,,0.59,0.97,0.42,0.76,0.81,1.07
Enpp4,plex_2,,,,,,,0.73,1.18,0.56,0.79,0.82,0.98
Enpp4,plex_2,,,,,,,0.73,1.18,0.56,0.79,0.82,0.98
C5,plex_2,,,,,,,0.68,0.85,0.3,0.43,0.55,0.73
Atg4b,plex_2,,,,,,,0.63,0.64,0.5,0.59,0.6,0.52
Scamp2,plex_2,,,,,,,0.54,0.78,0.37,0.38,0.89,0.96
Slc12a7,plex_2,,,,,,,,,,,,
Akr1d1,plex_2,,,,,,,,,,,,
Arhgef2,plex_2,,,,,,,0.67,1.15,0.59,0.8,0.79,1.19
Polr2b,plex_2,,,,,,,0.5,1.25,0.64,0.78,0.63,1.17
Adgrf5,plex_2,,,,,,,0.63,1.58,0.41,1.12,0.64,1.04
Pex7,plex_2,,,,,,,0.99,1.77,0.5,0.73,0.97,0.93
Pex7,plex_2,,,,,,,0.99,1.77,0.5,0.73,0.97,0.93
Pex7,plex_2,,,,,,,0.99,1.77,0.5,0.73,0.97,0.93
Slc11a2,plex_2,,,,,,,,1.67,1.07,0.84,0.55,1.42
Slc11a2,plex_2,,,,,,,,1.67,1.07,0.84,0.55,1.42
Atxn2,plex_2,,,,,,,0.47,0.99,0.6,0.65,0.65,0.82
Copz1,plex_2,,,,,,,0.68,1.37,0.72,0.66,0.56,1.37
Chmp2a,plex_2,,,,,,,0.69,1.43,0.62,0.67,0.63,1.08
Uqcr11,plex_2,,,,,,,0.62,1.05,0.5,0.63,0.86,0.72
Uqcr11,plex_2,,,,,,,0.62,1.05,0.5,0.63,0.86,0.72
Hacd3,plex_2,,,,,,,0.68,1.04,0.5,0.66,0.63,1.1
Fam188a,plex_2,,,,,,,0.74,1.11,0.66,1.09,0.85,1.13
Fam188a,plex_2,,,,,,,0.74,1.11,0.66,1.09,0.85,1.13
Fam188a,plex_2,,,,,,,0.74,1.11,0.66,1.09,0.85,1.13
Fam188a,plex_2,,,,,,,0.74,1.11,0.66,1.09,0.85,1.13
Fam188a,plex_2,,,,,,,0.74,1.11,0.66,1.09,0.85,1.13
Fam188a,plex_2,,,,,,,0.74,1.11,0.66,1.09,0.85,1.13
Fam188a,plex_2,,,,,,,0.74,1.11,0.66,1.09,0.85,1.13
Fam188a,plex_2,,,,,,,0.74,1.11,0.66,1.09,0.85,1.13
Fam188a,plex_2,,,,,,,0.74,1.11,0.66,1.09,0.85,1.13
Fam188a,plex_2,,,,,,,0.74,1.11,0.66,1.09,0.85,1.13
Rbm42,plex_2,,,,,,,0.7,1.16,0.56,0.82,0.72,0.95
Rbm42,plex_2,,,,,,,0.7,1.16,0.56,0.82,0.72,0.95
Rbm42,plex_2,,,,,,,0.7,1.16,0.56,0.82,0.72,0.95
Mp68,plex_2,,,,,,,0.45,0.65,0.41,0.44,0.8,0.96
Cstf3,plex_2,,,,,,,,,,,,
Egf,plex_2,,,,,,,0.64,0.87,0.39,0.62,0.69,1.17
Egf,plex_2,,,,,,,0.64,0.87,0.39,0.62,0.69,1.17
,plex_2,,,,,,,5.18,0.39,,,,
Arfip2,plex_2,,,,,,,0.87,2.05,0.91,1.88,1.66,1.85
Nfyc,plex_2,,,,,,,0.37,1.32,0.54,0.34,0.57,0.76
Nfyc,plex_2,,,,,,,0.37,1.32,0.54,0.34,0.57,0.76
Hist3h2bb,plex_2,,,,,,,0.83,1.72,0.68,0.6,0.42,1.26
Sec14l2,plex_2,,,,,,,,0.83,,0.77,0.63,0.98
Chchd1,plex_2,,,,,,,0.72,1.06,0.49,0.78,0.62,1.02
Rbm10,plex_2,,,,,,,0.43,1.56,0.36,0.59,0.39,1.16
Rbm10,plex_2,,,,,,,0.43,1.56,0.36,0.59,0.39,1.16
Rbm10,plex_2,,,,,,,0.43,1.56,0.36,0.59,0.39,1.16
Wdr33,plex_2,,,,,,,0.65,1.11,0.56,0.72,0.62,0.99
Limch1,plex_2,,,,,,,,1.08,,,,
Limch1,plex_2,,,,,,,,1.08,,,,
Hist1h1a,plex_2,,,,,,,0.77,1.21,0.67,0.58,0.49,1.4
Slc5a1,plex_2,,,,,,,0.73,1.55,0.69,0.6,1.22,1.21
Slc5a1,plex_2,,,,,,,0.73,1.55,0.69,0.6,1.22,1.21
Slc5a1,plex_2,,,,,,,0.73,1.55,0.69,0.6,1.22,1.21
Hddc2,plex_2,,,,,,,0.71,1.52,1.21,0.59,1.03,1.74
Prkca,plex_2,,,,,,,0.41,0.92,0.38,0.55,0.54,1.05
Plcg2,plex_2,,,,,,,0.73,1.25,0.75,1.03,0.8,1.4
Prss2,plex_2,,,,,,,0.62,2.02,0.54,1.12,0.89,1.0
Ccdc28a,plex_2,,,,,,,,,,,1.17,4.0
Ccdc28a,plex_2,,,,,,,,,,,1.17,4.0
Exosc6,plex_2,,,,,,,,,,,,
Dnttip2,plex_2,,,,,,,,,,,,
Lipe,plex_2,,,,,,,,,,,,
Lipe,plex_2,,,,,,,,,,,,
Pigs,plex_2,,,,,,,,,,,,
Aurkaip1,plex_2,,,,,,,0.89,1.32,0.48,0.74,0.5,0.9
Sco2,plex_2,,,,,,,,,,,,
Fbxo7,plex_2,,,,,,,0.78,1.35,0.58,0.66,0.56,1.34
Slc5a12,plex_2,,,,,,,0.63,0.83,0.28,0.87,0.8,1.36
Slc5a12,plex_2,,,,,,,0.63,0.83,0.28,0.87,0.8,1.36
Atpaf2,plex_2,,,,,,,,1.03,0.88,1.27,0.44,1.4
Atpaf2,plex_2,,,,,,,,1.03,0.88,1.27,0.44,1.4
Hnrnph1,plex_2,,,,,,,0.48,1.55,0.43,0.39,0.39,1.03
Hnrnph1,plex_2,,,,,,,0.48,1.55,0.43,0.39,0.39,1.03
Tmem177,plex_2,,,,,,,0.56,1.04,0.51,0.56,0.5,0.94
Arhgap18,plex_2,,,,,,,0.33,2.39,0.92,0.99,1.38,1.89
Xpnpep2,plex_2,,,,,,,0.52,1.3,0.57,0.78,1.01,1.38
Sel1l,plex_2,,,,,,,1.06,2.2,1.01,1.94,1.16,2.71
Sel1l,plex_2,,,,,,,1.06,2.2,1.01,1.94,1.16,2.71
Sel1l,plex_2,,,,,,,1.06,2.2,1.01,1.94,1.16,2.71
Sel1l,plex_2,,,,,,,1.06,2.2,1.01,1.94,1.16,2.71
Rbmxl1,plex_2,,,,,,,0.64,1.36,0.52,0.61,0.67,1.12
Dnajc6,plex_2,,,,,,,0.24,1.35,0.88,1.11,0.58,1.07
Dnajc6,plex_2,,,,,,,0.24,1.35,0.88,1.11,0.58,1.07
Dnajc6,plex_2,,,,,,,0.24,1.35,0.88,1.11,0.58,1.07
Sirt3,plex_2,,,,,,,0.63,0.72,0.38,0.75,0.82,0.8
Efemp1,plex_2,,,,,,,,0.51,,,,0.51
Slc2a5,plex_2,,,,,,,1.92,1.33,0.47,1.3,1.15,1.62
Vimp,plex_2,,,,,,,0.85,1.67,0.9,1.46,0.91,1.95
Nt5dc1,plex_2,,,,,,,0.25,0.69,0.28,0.44,0.25,1.03
Nt5dc1,plex_2,,,,,,,0.25,0.69,0.28,0.44,0.25,1.03
Rab8b,plex_2,,,,,,,,0.75,0.87,,,0.62
Xrcc6,plex_2,,,,,,,0.53,1.2,0.42,0.56,0.92,1.39
Zmynd8,plex_2,,,,,,,,,,,,
Zmynd8,plex_2,,,,,,,,,,,,
Gnmt,plex_2,,,,,,,0.34,0.9,0.56,0.57,0.7,1.15
Igf2bp3,plex_2,,,,,,,,,,,,
Igf2bp2,plex_2,,,,,,,,0.93,,0.24,0.28,0.93
Igf2bp2,plex_2,,,,,,,,0.93,,0.24,0.28,0.93
Ears2,plex_2,,,,,,,0.69,0.69,0.57,0.76,0.7,0.96
Ndufv3,plex_2,,,,,,,0.28,0.71,0.38,0.36,0.35,0.74
Hnmt,plex_2,,,,,,,0.87,1.18,0.47,0.69,0.6,1.32
App,plex_2,,,,,,,0.55,1.35,0.46,0.49,0.74,0.89
App,plex_2,,,,,,,0.55,1.35,0.46,0.49,0.74,0.89
Tmppe,plex_2,,,,,,,,,,,,
Nhej1,plex_2,,,,,,,,,,,,
Nhej1,plex_2,,,,,,,,,,,,
Top3b,plex_2,,,,,,,0.64,0.85,0.48,0.57,0.57,1.46
Ppih,plex_2,,,,,,,0.59,1.23,0.39,0.61,0.98,0.85
Ppih,plex_2,,,,,,,0.59,1.23,0.39,0.61,0.98,0.85
,plex_2,,,,,,,0.59,1.23,0.39,0.61,0.98,0.85
,plex_2,,,,,,,0.59,1.23,0.39,0.61,0.98,0.85
Ppil1,plex_2,,,,,,,0.62,1.28,0.56,1.44,0.76,1.35
Ppil1,plex_2,,,,,,,0.62,1.28,0.56,1.44,0.76,1.35
Ca4,plex_2,,,,,,,0.65,1.0,0.31,0.48,0.52,0.88
Fundc2,plex_2,,,,,,,0.42,1.31,0.37,0.7,0.74,1.08
Trmt10c,plex_2,,,,,,,0.48,1.17,0.49,0.57,0.76,1.4
Cog3,plex_2,,,,,,,,,,,,
Lama4,plex_2,,,,,,,0.81,1.1,0.66,0.78,0.77,1.17
Dpy30,plex_2,,,,,,,0.69,1.28,0.71,0.55,0.54,1.12
Slc7a8,plex_2,,,,,,,0.65,0.6,0.57,0.63,0.71,0.85
Cobl,plex_2,,,,,,,0.56,1.06,0.49,0.51,0.62,0.92
Cobl,plex_2,,,,,,,0.56,1.06,0.49,0.51,0.62,0.92
Itgb6,plex_2,,,,,,,0.39,0.77,,0.4,0.72,1.08
Itgb6,plex_2,,,,,,,0.39,0.77,,0.4,0.72,1.08
Itgb6,plex_2,,,,,,,0.39,0.77,,0.4,0.72,1.08
Itgb6,plex_2,,,,,,,0.39,0.77,,0.4,0.72,1.08
Clip2,plex_2,,,,,,,0.4,0.96,0.28,0.5,0.57,1.01
Clip2,plex_2,,,,,,,0.4,0.96,0.28,0.5,0.57,1.01
Elmo2,plex_2,,,,,,,0.73,1.1,0.44,0.85,0.75,1.01
Gm6594,plex_2,,,,,,,0.31,1.39,0.21,1.35,0.3,0.85
Lsm7,plex_2,,,,,,,0.71,0.97,0.35,0.8,0.35,0.93
Mri1,plex_2,,,,,,,0.69,0.97,0.68,0.6,0.72,1.16
Mri1,plex_2,,,,,,,0.69,0.97,0.68,0.6,0.72,1.16
Prorsd1,plex_2,,,,,,,0.41,1.09,0.47,0.59,0.55,1.01
Ppbp,plex_2,,,,,,,0.42,0.64,0.3,0.34,0.56,0.88
Sympk,plex_2,,,,,,,0.59,0.91,0.37,0.62,0.7,0.63
Camk1,plex_2,,,,,,,0.65,0.96,0.56,0.79,0.57,1.07
Camk1,plex_2,,,,,,,0.65,0.96,0.56,0.79,0.57,1.07
Csnk1a1,plex_2,,,,,,,0.66,1.3,0.49,0.69,0.85,1.06
Csnk1a1,plex_2,,,,,,,0.66,1.3,0.49,0.69,0.85,1.06
Csnk1a1,plex_2,,,,,,,0.66,1.3,0.49,0.69,0.85,1.06
Csnk1a1,plex_2,,,,,,,0.66,1.3,0.49,0.69,0.85,1.06
Csnk1a1,plex_2,,,,,,,0.66,1.3,0.49,0.69,0.85,1.06
Csnk1a1,plex_2,,,,,,,0.66,1.3,0.49,0.69,0.85,1.06
Csnk1a1,plex_2,,,,,,,0.66,1.3,0.49,0.69,0.85,1.06
Psip1,plex_2,,,,,,,0.79,1.41,0.62,0.67,0.71,1.35
Them7,plex_2,,,,,,,0.65,1.04,0.35,0.42,,0.44
Brk1,plex_2,,,,,,,,1.29,0.52,0.72,0.67,1.18
Cpped1,plex_2,,,,,,,1.19,1.46,0.84,1.08,1.06,2.19
Kdf1,plex_2,,,,,,,,,,,,
Kdf1,plex_2,,,,,,,,,,,,
Abcb10,plex_2,,,,,,,,,,,,
Sarg,plex_2,,,,,,,0.62,1.02,0.59,0.45,0.46,0.94
BC034090,plex_2,,,,,,,0.55,0.74,0.5,0.5,0.52,1.08
Foxred1,plex_2,,,,,,,0.72,1.84,0.77,1.44,1.33,1.73
Foxred1,plex_2,,,,,,,0.72,1.84,0.77,1.44,1.33,1.73
Spg7,plex_2,,,,,,,0.71,0.9,0.28,0.54,0.58,1.0
Galnt2,plex_2,,,,,,,0.7,0.93,0.21,0.29,0.49,1.22
Mrpl22,plex_2,,,,,,,0.9,1.06,0.65,1.02,0.5,0.95
Rbm8a,plex_2,,,,,,,1.23,2.17,0.64,1.43,1.62,2.22
Rbm8a2,plex_2,,,,,,,1.23,2.17,0.64,1.43,1.62,2.22
RBM8,plex_2,,,,,,,1.23,2.17,0.64,1.43,1.62,2.22
Rbm8a,plex_2,,,,,,,1.23,2.17,0.64,1.43,1.62,2.22
Prodh2,plex_2,,,,,,,0.59,0.97,0.55,0.65,0.95,1.09
Guf1,plex_2,,,,,,,0.69,1.22,0.4,1.06,0.65,1.05
Guf1,plex_2,,,,,,,0.69,1.22,0.4,1.06,0.65,1.05
Uqcc2,plex_2,,,,,,,0.49,1.17,0.45,0.58,0.76,0.8
Uqcc2,plex_2,,,,,,,0.49,1.17,0.45,0.58,0.76,0.8
Arpp19,plex_2,,,,,,,0.75,1.68,0.64,1.05,0.96,1.56
Arpp19,plex_2,,,,,,,0.75,1.68,0.64,1.05,0.96,1.56
Ik,plex_2,,,,,,,0.52,1.23,0.38,0.91,0.56,1.16
Srl,plex_2,,,,,,,0.77,1.09,0.71,0.65,0.64,0.75
Srl,plex_2,,,,,,,0.77,1.09,0.71,0.65,0.64,0.75
Wac,plex_2,,,,,,,0.63,1.61,0.91,1.09,0.71,1.59
Chmp2b,plex_2,,,,,,,,,,,,
Fam213b,plex_2,,,,,,,0.85,2.02,1.11,1.51,1.33,1.73
Ppp1r8,plex_2,,,,,,,0.61,1.76,0.56,0.94,0.73,1.34
Ppp1r8,plex_2,,,,,,,0.61,1.76,0.56,0.94,0.73,1.34
Rragc,plex_2,,,,,,,0.72,1.33,0.58,0.8,0.75,1.3
Itm2b,plex_2,,,,,,,0.47,1.18,0.36,0.81,0.44,0.93
Itm2b,plex_2,,,,,,,0.47,1.18,0.36,0.81,0.44,0.93
Itm2b,plex_2,,,,,,,0.47,1.18,0.36,0.81,0.44,0.93
Itm2b,plex_2,,,,,,,0.47,1.18,0.36,0.81,0.44,0.93
Itm2b,plex_2,,,,,,,0.47,1.18,0.36,0.81,0.44,0.93
Ppp1cc,plex_2,,,,,,,0.42,0.61,0.37,0.52,0.52,0.87
Vamp7,plex_2,,,,,,,,1.49,0.8,0.79,0.97,0.96
Ncald,plex_2,,,,,,,0.43,0.7,0.52,0.8,0.49,0.71
Kng2,plex_2,,,,,,,0.38,0.97,0.38,0.46,0.55,1.19
Reep6,plex_2,,,,,,,0.22,1.48,0.52,0.76,0.46,0.85
Reep6,plex_2,,,,,,,0.22,1.48,0.52,0.76,0.46,0.85
Reep6,plex_2,,,,,,,0.22,1.48,0.52,0.76,0.46,0.85
Rab11fip1,plex_2,,,,,,,0.92,1.51,0.56,0.9,0.84,1.42
Ces2g,plex_2,,,,,,,0.73,1.4,0.43,0.79,0.57,0.95
Ces2g,plex_2,,,,,,,0.73,1.4,0.43,0.79,0.57,0.95
Clk3,plex_2,,,,,,,0.76,1.26,0.91,0.81,,1.1
Prkab1,plex_2,,,,,,,0.59,1.25,0.57,0.92,0.9,1.43
Arhgap27,plex_2,,,,,,,0.67,1.39,0.54,0.74,0.79,1.05
Arhgap27,plex_2,,,,,,,0.67,1.39,0.54,0.74,0.79,1.05
Slc6a6,plex_2,,,,,,,0.71,1.35,0.47,0.67,0.7,0.95
Cmtr1,plex_2,,,,,,,0.78,1.41,0.66,1.0,0.99,1.51
Ak2,plex_2,,,,,,,1.12,1.22,0.72,0.87,0.79,1.05
Gpm6a,plex_2,,,,,,,0.8,1.07,0.63,0.87,0.88,1.32
Gpm6a,plex_2,,,,,,,0.8,1.07,0.63,0.87,0.88,1.32
Lamtor5,plex_2,,,,,,,1.15,1.44,0.68,0.93,0.82,1.32
Lamtor5,plex_2,,,,,,,1.15,1.44,0.68,0.93,0.82,1.32
Aars2,plex_2,,,,,,,0.73,0.91,0.48,0.61,0.62,1.57
Pex14,plex_2,,,,,,,0.63,1.27,0.52,0.79,0.7,1.1
Abi1,plex_2,,,,,,,0.6,0.94,0.55,0.63,0.5,1.02
Trim23,plex_2,,,,,,,,,,,,
Trim23,plex_2,,,,,,,,,,,,
Trim23,plex_2,,,,,,,,,,,,
Lamtor3,plex_2,,,,,,,0.63,1.17,0.59,0.72,0.76,1.22
Lamtor3,plex_2,,,,,,,0.63,1.17,0.59,0.72,0.76,1.22
Nup160,plex_2,,,,,,,0.99,1.01,0.7,,0.73,1.02
Uqcc3,plex_2,,,,,,,0.48,1.12,0.53,0.65,0.55,1.02
Tubb2a,plex_2,,,,,,,0.93,1.49,0.78,0.78,0.61,1.14
Degs1,plex_2,,,,,,,,,,,,
Kiaa0196,plex_2,,,,,,,0.73,1.71,0.7,0.69,1.37,1.57
Lancl2,plex_2,,,,,,,0.53,1.02,0.53,0.62,0.66,1.01
Coq7,plex_2,,,,,,,0.7,1.34,0.57,0.69,0.68,1.44
Abhd6,plex_2,,,,,,,0.47,0.97,0.46,0.71,0.56,1.23
Abhd6,plex_2,,,,,,,0.47,0.97,0.46,0.71,0.56,1.23
Itpr3,plex_2,,,,,,,1.08,2.82,0.95,1.71,1.28,2.22
Lyn,plex_2,,,,,,,0.55,0.87,0.54,0.5,0.7,1.0
Lyn,plex_2,,,,,,,0.55,0.87,0.54,0.5,0.7,1.0
Vps53,plex_2,,,,,,,0.63,1.2,0.58,0.68,0.89,1.14
Vps53,plex_2,,,,,,,0.63,1.2,0.58,0.68,0.89,1.14
Vps53,plex_2,,,,,,,0.63,1.2,0.58,0.68,0.89,1.14
Vps53,plex_2,,,,,,,0.63,1.2,0.58,0.68,0.89,1.14
Vps53,plex_2,,,,,,,0.63,1.2,0.58,0.68,0.89,1.14
Vps53,plex_2,,,,,,,0.63,1.2,0.58,0.68,0.89,1.14
Nrp1,plex_2,,,,,,,,1.72,,,1.16,1.57
Nrp1,plex_2,,,,,,,,1.72,,,1.16,1.57
Nrp1,plex_2,,,,,,,,1.72,,,1.16,1.57
Nup210,plex_2,,,,,,,,,,,,
Trim2,plex_2,,,,,,,0.54,1.55,0.41,0.56,0.61,1.07
Trim2,plex_2,,,,,,,0.54,1.55,0.41,0.56,0.61,1.07
Trim2,plex_2,,,,,,,0.54,1.55,0.41,0.56,0.61,1.07
Pawr,plex_2,,,,,,,0.93,1.6,0.79,0.82,0.78,1.24
Pawr,plex_2,,,,,,,0.93,1.6,0.79,0.82,0.78,1.24
Sepp1,plex_2,,,,,,,0.7,1.56,0.81,0.64,0.8,0.97
Slc2a1,plex_2,,,,,,,0.53,1.4,0.52,0.22,0.65,1.1
Slc2a1,plex_2,,,,,,,0.53,1.4,0.52,0.22,0.65,1.1
Slc2a1,plex_2,,,,,,,0.53,1.4,0.52,0.22,0.65,1.1
Hectd3,plex_2,,,,,,,0.45,1.32,0.59,1.1,0.62,1.19
Sdf2,plex_2,,,,,,,0.65,1.29,0.62,0.55,0.51,1.0
Sdf2,plex_2,,,,,,,0.65,1.29,0.62,0.55,0.51,1.0
H2afz,plex_2,,,,,,,0.62,1.37,0.56,0.86,0.69,1.28
H2afv,plex_2,,,,,,,0.62,1.37,0.56,0.86,0.69,1.28
Cd74,plex_2,,,,,,,1.05,0.92,0.67,0.5,0.42,1.26
Pym1,plex_2,,,,,,,0.86,1.39,,1.08,1.22,1.11
Pym1,plex_2,,,,,,,0.86,1.39,,1.08,1.22,1.11
Rtn1,plex_2,,,,,,,,,,,,
Rtn1,plex_2,,,,,,,,,,,,
Rtn1,plex_2,,,,,,,,,,,,
Rtn1,plex_2,,,,,,,,,,,,
Taok3,plex_2,,,,,,,,,,,,
Taok3,plex_2,,,,,,,,,,,,
Taok3,plex_2,,,,,,,,,,,,
Ganab,plex_2,,,,,,,0.95,1.58,,0.59,1.05,0.82
Ubtf,plex_2,,,,,,,0.76,0.87,0.46,0.58,0.56,1.42
Prkcdbp,plex_2,,,,,,,0.91,1.0,0.66,0.8,0.66,0.83
Fam160b1,plex_2,,,,,,,0.93,1.9,0.64,1.55,1.01,1.91
Tefm,plex_2,,,,,,,,1.64,1.22,0.93,0.73,1.53
Pdp2,plex_2,,,,,,,0.57,1.1,0.55,0.71,0.77,0.96
Pdp2,plex_2,,,,,,,0.57,1.1,0.55,0.71,0.77,0.96
Gm561,plex_2,,,,,,,0.86,1.53,0.53,0.58,0.69,0.66
Trabd,plex_2,,,,,,,,,,0.34,0.32,
Ubxn7,plex_2,,,,,,,0.51,1.13,0.61,0.64,0.62,1.04
Ubxn7,plex_2,,,,,,,0.51,1.13,0.61,0.64,0.62,1.04
Cpsf7,plex_2,,,,,,,1.01,2.53,0.74,1.87,1.0,2.85
Cpsf7,plex_2,,,,,,,1.01,2.53,0.74,1.87,1.0,2.85
Hccs,plex_2,,,,,,,,1.37,0.61,0.58,0.53,0.9
Snx30,plex_2,,,,,,,1.06,1.64,0.75,0.85,1.14,1.09
Ca5a,plex_2,,,,,,,0.73,0.94,0.99,0.75,1.1,1.09
Fam126b,plex_2,,,,,,,,1.53,0.76,1.21,1.07,1.89
Fam126b,plex_2,,,,,,,,1.53,0.76,1.21,1.07,1.89
Fam126b,plex_2,,,,,,,,1.53,0.76,1.21,1.07,1.89
Eva1a,plex_2,,,,,,,,0.92,,,,0.3
Cops7a,plex_2,,,,,,,0.69,1.56,0.7,0.85,0.74,1.15
Gadd45gip1,plex_2,,,,,,,0.59,1.15,0.45,0.74,0.63,1.01
Srpk1,plex_2,,,,,,,,,,,,
Lyrm5,plex_2,,,,,,,0.52,1.02,0.12,0.56,0.47,0.96
Tab1,plex_2,,,,,,,,,,,,
Tab1,plex_2,,,,,,,,,,,,
Itgb8,plex_2,,,,,,,0.41,0.77,0.3,0.38,0.53,0.81
Tspan33,plex_2,,,,,,,0.4,1.27,0.57,0.66,0.56,0.48
Tspan33,plex_2,,,,,,,0.4,1.27,0.57,0.66,0.56,0.48
Pycr2,plex_2,,,,,,,0.51,0.77,0.47,0.7,0.73,1.06
,plex_2,,,,,,,6.42,0.98,,,,
Braf,plex_2,,,,,,,1.28,2.46,0.8,1.23,1.35,1.62
Kpna3,plex_2,,,,,,,,,,,,
Coq4,plex_2,,,,,,,1.13,1.53,0.54,1.79,0.94,1.88
Coq4,plex_2,,,,,,,1.13,1.53,0.54,1.79,0.94,1.88
Coq4,plex_2,,,,,,,1.13,1.53,0.54,1.79,0.94,1.88
Rab3a,plex_2,,,,,,,,,,,,
Thoc1,plex_2,,,,,,,,,,,,
Cox7a1,plex_2,,,,,,,0.53,1.39,0.41,0.82,0.82,1.23
Cox7a1,plex_2,,,,,,,0.53,1.39,0.41,0.82,0.82,1.23
Nbas,plex_2,,,,,,,0.75,0.89,0.49,0.78,0.77,1.22
Dsg2,plex_2,,,,,,,0.56,0.74,0.47,0.56,0.45,0.78
Znrf2,plex_2,,,,,,,0.51,1.12,0.57,0.96,0.9,0.96
Ptk2,plex_2,,,,,,,0.66,1.34,0.54,0.75,0.7,1.22
Ptk2,plex_2,,,,,,,0.66,1.34,0.54,0.75,0.7,1.22
Ptk2,plex_2,,,,,,,0.66,1.34,0.54,0.75,0.7,1.22
Ptk2,plex_2,,,,,,,0.66,1.34,0.54,0.75,0.7,1.22
Rraga,plex_2,,,,,,,0.58,0.94,0.58,0.61,0.74,0.9
,plex_2,,,,,,,0.61,0.68,0.44,0.35,0.79,0.72
Dynlt1,plex_2,,,,,,,0.61,0.68,0.44,0.35,0.79,0.72
,plex_2,,,,,,,0.61,0.68,0.44,0.35,0.79,0.72
Dynlt1,plex_2,,,,,,,0.61,0.68,0.44,0.35,0.79,0.72
Rpl36a,plex_2,,,,,,,0.6,1.26,0.72,0.81,0.56,1.28
Srek1,plex_2,,,,,,,0.82,1.57,0.59,0.95,0.62,1.33
Srek1,plex_2,,,,,,,0.82,1.57,0.59,0.95,0.62,1.33
Adck1,plex_2,,,,,,,0.71,0.99,0.7,0.55,0.84,0.98
Sigirr,plex_2,,,,,,,0.62,1.04,0.53,0.71,0.63,1.06
Sigirr,plex_2,,,,,,,0.62,1.04,0.53,0.71,0.63,1.06
Rwdd1,plex_2,,,,,,,0.86,1.1,0.66,0.64,0.92,1.21
Abcb1a,plex_2,,,,,,,0.5,1.04,0.54,0.68,0.72,1.05
Abcf2,plex_2,,,,,,,1.16,1.66,0.89,1.13,1.17,1.62
Rbms1,plex_2,,,,,,,,,,,,
Rbms3,plex_2,,,,,,,,,,,,
Rbms3,plex_2,,,,,,,,,,,,
Rbms1,plex_2,,,,,,,,,,,,
Rbms3,plex_2,,,,,,,,,,,,
Rbms1,plex_2,,,,,,,,,,,,
Rbms1,plex_2,,,,,,,,,,,,
Rbms3,plex_2,,,,,,,,,,,,
Rbms1,plex_2,,,,,,,,,,,,
Rbms1,plex_2,,,,,,,,,,,,
Rbms3,plex_2,,,,,,,,,,,,
Rbms3,plex_2,,,,,,,,,,,,
Rbms3,plex_2,,,,,,,,,,,,
Rbms3,plex_2,,,,,,,,,,,,
Rbms1,plex_2,,,,,,,,,,,,
Rbms3,plex_2,,,,,,,,,,,,
Rbms3,plex_2,,,,,,,,,,,,
Fetub,plex_2,,,,,,,0.43,1.06,0.48,0.59,0.66,1.3
Gnl1,plex_2,,,,,,,0.49,0.89,0.31,0.49,0.39,1.04
Gnl1,plex_2,,,,,,,0.49,0.89,0.31,0.49,0.39,1.04
Gnl1,plex_2,,,,,,,0.49,0.89,0.31,0.49,0.39,1.04
Zranb2,plex_2,,,,,,,0.77,1.17,0.56,0.83,0.65,1.29
Zranb2,plex_2,,,,,,,0.77,1.17,0.56,0.83,0.65,1.29
Zranb2,plex_2,,,,,,,0.77,1.17,0.56,0.83,0.65,1.29
Zranb2,plex_2,,,,,,,0.77,1.17,0.56,0.83,0.65,1.29
Zranb2,plex_2,,,,,,,0.77,1.17,0.56,0.83,0.65,1.29
Jchain,plex_2,,,,,,,0.45,0.89,0.51,0.39,0.4,0.91
Pex11g,plex_2,,,,,,,,,,,,
Pex11g,plex_2,,,,,,,,,,,,
Pam16,plex_2,,,,,,,0.69,1.11,0.45,0.44,0.53,1.01
Camk2g,plex_2,,,,,,,,,,,,
Camk2g,plex_2,,,,,,,,,,,,
Camk2g,plex_2,,,,,,,,,,,,
Slc44a4,plex_2,,,,,,,0.78,1.07,0.64,0.52,0.64,1.15
Map4,plex_2,,,,,,,0.69,1.42,0.54,0.51,0.69,1.1
Skiv2l2,plex_2,,,,,,,0.57,1.12,0.48,0.59,0.46,1.07
Dnajc9,plex_2,,,,,,,,1.62,0.35,0.59,0.79,1.4
Nasp,plex_2,,,,,,,0.68,3.96,1.34,2.16,2.88,3.37
Rhoc,plex_2,,,,,,,0.96,1.68,0.37,0.33,0.43,0.99
Pds5b,plex_2,,,,,,,0.58,1.2,0.43,0.68,0.66,1.19
Pds5b,plex_2,,,,,,,0.58,1.2,0.43,0.68,0.66,1.19
Rbl2,plex_2,,,,,,,,,,,,
Clasp1,plex_2,,,,,,,0.49,0.99,0.85,0.85,0.79,0.95
Clasp1,plex_2,,,,,,,0.49,0.99,0.85,0.85,0.79,0.95
Ddx18,plex_2,,,,,,,,,,,,
Ephb4,plex_2,,,,,,,0.93,0.85,,,1.38,
Tmx4,plex_2,,,,,,,0.52,1.25,0.59,0.63,0.77,0.85
Pcif1,plex_2,,,,,,,0.6,1.2,0.44,0.72,0.62,1.09
Pcif1,plex_2,,,,,,,0.6,1.2,0.44,0.72,0.62,1.09
Scd1,plex_2,,,,,,,0.71,0.78,0.61,0.64,0.5,0.96
Grwd1,plex_2,,,,,,,,,,,,
Grwd1,plex_2,,,,,,,,,,,,
Fhl3,plex_2,,,,,,,0.84,2.22,0.73,1.58,1.01,1.55
F9,plex_2,,,,,,,0.66,0.81,,,,0.35
F9,plex_2,,,,,,,0.66,0.81,,,,0.35
Mroh1,plex_2,,,,,,,0.69,1.42,0.54,0.82,0.46,1.84
Ube2v2,plex_2,,,,,,,0.67,1.25,0.6,0.86,0.64,1.11
Ube2v2,plex_2,,,,,,,0.67,1.25,0.6,0.86,0.64,1.11
Vwa1,plex_2,,,,,,,,,,,,
Stx4,plex_2,,,,,,,0.64,1.3,0.65,0.66,0.71,1.32
Stx4a,plex_2,,,,,,,0.64,1.3,0.65,0.66,0.71,1.32
Cstf2,plex_2,,,,,,,,,,,,
Cstf2,plex_2,,,,,,,,,,,,
Cstf2,plex_2,,,,,,,,,,,,
Tmem135,plex_2,,,,,,,0.81,1.33,0.66,0.8,0.79,1.25
Slmap,plex_2,,,,,,,0.44,0.69,0.31,0.6,0.56,1.52
Slmap,plex_2,,,,,,,0.44,0.69,0.31,0.6,0.56,1.52
Slmap,plex_2,,,,,,,0.44,0.69,0.31,0.6,0.56,1.52
Slmap,plex_2,,,,,,,0.44,0.69,0.31,0.6,0.56,1.52
Slmap,plex_2,,,,,,,0.44,0.69,0.31,0.6,0.56,1.52
Kif21b,plex_2,,,,,,,0.65,0.8,0.38,0.41,1.05,1.05
Gnl3,plex_2,,,,,,,0.89,1.69,0.56,0.7,0.6,1.12
Gnl3,plex_2,,,,,,,0.89,1.69,0.56,0.7,0.6,1.12
Gnl3,plex_2,,,,,,,0.89,1.69,0.56,0.7,0.6,1.12
Tmem120a,plex_2,,,,,,,0.48,0.82,0.49,0.74,0.66,0.91
Tmem120a,plex_2,,,,,,,0.48,0.82,0.49,0.74,0.66,0.91
Wls,plex_2,,,,,,,0.65,1.3,0.6,0.56,0.76,0.88
Wls,plex_2,,,,,,,0.65,1.3,0.6,0.56,0.76,0.88
Cdk9,plex_2,,,,,,,0.68,1.11,0.62,0.48,0.58,1.14
Edf1,plex_2,,,,,,,0.79,1.25,0.5,0.76,0.64,1.3
H2afy,plex_2,,,,,,,0.33,0.78,0.17,0.81,0.48,1.51
Rps29,plex_2,,,,,,,0.61,1.14,0.48,0.83,0.61,1.1
Cdh5,plex_2,,,,,,,,0.92,,0.43,0.55,0.86
Appl1,plex_2,,,,,,,0.81,0.72,0.83,0.79,1.06,1.11
Gfer,plex_2,,,,,,,0.48,1.44,0.56,0.78,0.68,1.07
,plex_2,,,,,,,,,,,,
Nxf1,plex_2,,,,,,,,,,,,
Nkiras2,plex_2,,,,,,,0.43,1.02,1.02,1.62,1.07,1.96
Bid,plex_2,,,,,,,0.79,0.89,0.43,0.76,0.7,0.91
Fyttd1,plex_2,,,,,,,,,,,,
Fyttd1,plex_2,,,,,,,,,,,,
Fyttd1,plex_2,,,,,,,,,,,,
Pvrl2,plex_2,,,,,,,0.5,0.84,0.28,0.59,0.59,0.82
Pvrl2,plex_2,,,,,,,0.5,0.84,0.28,0.59,0.59,0.82
Pvrl2,plex_2,,,,,,,0.5,0.84,0.28,0.59,0.59,0.82
Pvrl2,plex_2,,,,,,,0.5,0.84,0.28,0.59,0.59,0.82
Nectin2,plex_2,,,,,,,0.5,0.84,0.28,0.59,0.59,0.82
Nectin2,plex_2,,,,,,,0.5,0.84,0.28,0.59,0.59,0.82
Serpinf1,plex_2,,,,,,,0.47,0.66,0.48,0.45,0.36,0.8
Tpm1,plex_2,,,,,,,,,,,,
Rbm7,plex_2,,,,,,,0.79,1.35,0.48,0.77,0.72,1.14
Arl6ip1,plex_2,,,,,,,0.47,0.89,0.52,0.62,0.49,1.06
Arl6ip1,plex_2,,,,,,,0.47,0.89,0.52,0.62,0.49,1.06
Arl6ip1,plex_2,,,,,,,0.47,0.89,0.52,0.62,0.49,1.06
Arl6ip1,plex_2,,,,,,,0.47,0.89,0.52,0.62,0.49,1.06
Arl6ip1,plex_2,,,,,,,0.47,0.89,0.52,0.62,0.49,1.06
Arl6ip1,plex_2,,,,,,,0.47,0.89,0.52,0.62,0.49,1.06
Arl6ip1,plex_2,,,,,,,0.47,0.89,0.52,0.62,0.49,1.06
Sec11a,plex_2,,,,,,,0.64,1.18,0.45,0.65,0.78,0.91
Sec11a,plex_2,,,,,,,0.64,1.18,0.45,0.65,0.78,0.91
Palm3,plex_2,,,,,,,0.75,0.99,,0.69,0.83,0.78
Fam114a2,plex_2,,,,,,,0.84,1.06,,,,1.01
Fam114a2,plex_2,,,,,,,0.84,1.06,,,,1.01
Ccdc85c,plex_2,,,,,,,,,,,,
Usp8,plex_2,,,,,,,0.72,1.07,0.42,0.72,0.54,1.4
Usp8,plex_2,,,,,,,0.72,1.07,0.42,0.72,0.54,1.4
Usp8,plex_2,,,,,,,0.72,1.07,0.42,0.72,0.54,1.4
Usp8,plex_2,,,,,,,0.72,1.07,0.42,0.72,0.54,1.4
Fads3,plex_2,,,,,,,,0.94,0.65,0.16,0.62,0.93
Sdf2l1,plex_2,,,,,,,,,,,,
Ptbp2,plex_2,,,,,,,0.62,0.77,0.78,0.92,0.78,1.4
Ptbp2,plex_2,,,,,,,0.62,0.77,0.78,0.92,0.78,1.4
,plex_2,,,,,,,5.08,0.65,,,,
Commd6,plex_2,,,,,,,0.63,1.02,0.41,0.88,0.8,0.92
Commd6,plex_2,,,,,,,0.63,1.02,0.41,0.88,0.8,0.92
Abcb6,plex_2,,,,,,,0.62,1.4,0.84,1.33,0.93,1.67
Ndufb1,plex_2,,,,,,,0.55,0.98,0.45,0.58,0.9,1.19
Tpm1,plex_2,,,,,,,0.55,1.32,0.48,0.84,0.79,1.04
Tfeb,plex_2,,,,,,,0.64,1.22,0.6,0.89,0.74,0.75
Tfeb,plex_2,,,,,,,0.64,1.22,0.6,0.89,0.74,0.75
Tfeb,plex_2,,,,,,,0.64,1.22,0.6,0.89,0.74,0.75
Tfeb,plex_2,,,,,,,0.64,1.22,0.6,0.89,0.74,0.75
Ado,plex_2,,,,,,,0.54,1.08,0.4,0.56,0.67,0.92
Cpa2,plex_2,,,,,,,0.32,1.03,0.32,0.64,0.45,0.77
,plex_2,,,,,,,,,,0.43,,0.46
1810043H04Rik,plex_2,,,,,,,,,,0.43,,0.46
Sf3b5,plex_2,,,,,,,0.61,1.19,0.46,0.66,0.47,0.94
Sf3b5,plex_2,,,,,,,0.61,1.19,0.46,0.66,0.47,0.94
F13a1,plex_2,,,,,,,0.71,1.13,0.49,0.63,0.78,0.88
Sult1b1,plex_2,,,,,,,0.61,0.87,,1.02,1.01,1.09
Sult1b1,plex_2,,,,,,,0.61,0.87,,1.02,1.01,1.09
Nudt16,plex_2,,,,,,,0.4,0.93,0.37,0.55,0.57,1.12
Nudt16,plex_2,,,,,,,0.4,0.93,0.37,0.55,0.57,1.12
Skiv2l,plex_2,,,,,,,0.78,0.84,0.49,0.57,0.72,1.37
Skiv2l,plex_2,,,,,,,0.78,0.84,0.49,0.57,0.72,1.37
Znf512,plex_2,,,,,,,,,,,,
Zfp512,plex_2,,,,,,,,,,,,
Numb,plex_2,,,,,,,0.73,1.51,0.58,0.69,1.03,1.07
Numb,plex_2,,,,,,,0.73,1.51,0.58,0.69,1.03,1.07
Numb,plex_2,,,,,,,0.73,1.51,0.58,0.69,1.03,1.07
Numb,plex_2,,,,,,,0.73,1.51,0.58,0.69,1.03,1.07
Numb,plex_2,,,,,,,0.73,1.51,0.58,0.69,1.03,1.07
Tmem30a,plex_2,,,,,,,0.66,1.02,0.52,0.64,0.66,1.07
Rab12,plex_2,,,,,,,0.6,1.37,0.43,0.59,0.66,1.48
Rrp9,plex_2,,,,,,,0.62,1.64,0.59,0.91,0.91,0.88
Slc6a20a,plex_2,,,,,,,0.82,0.8,0.58,0.6,0.74,1.28
Slc6a20a,plex_2,,,,,,,0.82,0.8,0.58,0.6,0.74,1.28
,plex_2,,,,,,,0.82,0.8,0.58,0.6,0.74,1.28
Slc6a20b,plex_2,,,,,,,0.82,0.8,0.58,0.6,0.74,1.28
Slc6a20a,plex_2,,,,,,,0.82,0.8,0.58,0.6,0.74,1.28
Sec16a,plex_2,,,,,,,0.6,1.11,0.6,0.5,0.7,1.21
Sec16a,plex_2,,,,,,,0.6,1.11,0.6,0.5,0.7,1.21
Esrrg,plex_2,,,,,,,0.79,1.27,,,1.01,1.03
Esrrb,plex_2,,,,,,,0.79,1.27,,,1.01,1.03
Esrrb,plex_2,,,,,,,0.79,1.27,,,1.01,1.03
Esrrb,plex_2,,,,,,,0.79,1.27,,,1.01,1.03
Esrrb,plex_2,,,,,,,0.79,1.27,,,1.01,1.03
Esrrb,plex_2,,,,,,,0.79,1.27,,,1.01,1.03
Esrrg,plex_2,,,,,,,0.79,1.27,,,1.01,1.03
Upp1,plex_2,,,,,,,0.71,1.58,0.58,1.0,0.68,1.18
Mvk,plex_2,,,,,,,,,,,,
Mettl1,plex_2,,,,,,,,3.58,,2.22,1.14,2.82
Cobll1,plex_2,,,,,,,0.62,2.3,0.99,1.86,1.17,1.52
Fcgrt,plex_2,,,,,,,0.51,1.24,0.45,0.74,0.59,1.04
Glmp,plex_2,,,,,,,0.68,1.29,,0.67,0.69,1.65
Glmp,plex_2,,,,,,,0.68,1.29,,0.67,0.69,1.65
Glmp,plex_2,,,,,,,0.68,1.29,,0.67,0.69,1.65
Nup98,plex_2,,,,,,,0.52,1.23,0.84,0.41,0.6,1.02
Rock1,plex_2,,,,,,,0.58,1.12,0.45,0.61,0.68,0.96
Rock1,plex_2,,,,,,,0.58,1.12,0.45,0.61,0.68,0.96
Pip4k2a,plex_2,,,,,,,0.63,0.92,0.5,0.6,0.58,1.26
Hcls1,plex_2,,,,,,,0.38,0.51,0.54,0.5,0.28,0.93
Bag3,plex_2,,,,,,,,,,,,
Cmc1,plex_2,,,,,,,0.6,1.38,0.64,0.82,0.7,1.14
Chmp1a,plex_2,,,,,,,0.49,1.39,0.37,0.54,0.91,0.81
Git1,plex_2,,,,,,,0.68,1.12,0.53,0.66,0.67,0.94
Git1,plex_2,,,,,,,0.68,1.12,0.53,0.66,0.67,0.94
Fbll1,plex_2,,,,,,,,,,,,
Myzap,plex_2,,,,,,,0.35,0.29,,,,
Gcom1,plex_2,,,,,,,0.35,0.29,,,,
Gcom1,plex_2,,,,,,,0.35,0.29,,,,
Gcom1,plex_2,,,,,,,0.35,0.29,,,,
Gtf3c1,plex_2,,,,,,,0.9,2.44,0.8,1.16,0.91,2.22
Gtf3c1,plex_2,,,,,,,0.9,2.44,0.8,1.16,0.91,2.22
Tmem238,plex_2,,,,,,,,,,,,
Derl1,plex_2,,,,,,,0.52,1.03,0.69,0.57,0.94,1.22
Derl1,plex_2,,,,,,,0.52,1.03,0.69,0.57,0.94,1.22
Ryr1,plex_2,,,,,,,1.0,1.88,0.78,0.88,1.28,2.35
Src,plex_2,,,,,,,,,,,,
Numbl,plex_2,,,,,,,0.38,0.88,0.57,0.75,0.42,0.92
Numbl,plex_2,,,,,,,0.38,0.88,0.57,0.75,0.42,0.92
Itih3,plex_2,,,,,,,0.63,1.32,0.35,0.87,0.46,0.73
Cfhr2,plex_2,,,,,,,0.75,1.46,0.48,0.42,0.86,0.84
Cfhr2,plex_2,,,,,,,0.75,1.46,0.48,0.42,0.86,0.84
Cfhr2,plex_2,,,,,,,0.75,1.46,0.48,0.42,0.86,0.84
Pik3r1,plex_2,,,,,,,0.56,0.88,,,0.86,1.07
Pik3r1,plex_2,,,,,,,0.56,0.88,,,0.86,1.07
Nedd8,plex_2,,,,,,,0.61,1.16,0.47,0.82,0.57,1.04
Snrpg,plex_2,,,,,,,0.61,1.09,0.54,0.76,0.55,1.07
Myh7,plex_2,,,,,,,,,,,,
Pecam1,plex_2,,,,,,,0.83,1.23,0.41,0.78,0.98,1.21
Pecam1,plex_2,,,,,,,0.83,1.23,0.41,0.78,0.98,1.21
Pecam1,plex_2,,,,,,,0.83,1.23,0.41,0.78,0.98,1.21
Pecam1,plex_2,,,,,,,0.83,1.23,0.41,0.78,0.98,1.21
Pecam1,plex_2,,,,,,,0.83,1.23,0.41,0.78,0.98,1.21
Pddc1,plex_2,,,,,,,1.26,1.83,0.89,1.2,0.73,1.26
Nop10,plex_2,,,,,,,0.73,1.43,0.55,0.73,1.14,1.2
Ylpm1,plex_2,,,,,,,0.51,0.69,0.53,0.44,0.72,0.7
Fam50a,plex_2,,,,,,,,1.27,0.62,0.83,0.43,1.23
Wipi1,plex_2,,,,,,,,0.64,,,,0.63
Sil1,plex_2,,,,,,,0.5,0.88,0.23,0.72,0.76,1.12
Ube2h,plex_2,,,,,,,0.58,1.06,0.37,0.78,0.33,0.99
Commd4,plex_2,,,,,,,1.18,1.21,0.61,0.52,0.8,1.11
Commd4,plex_2,,,,,,,1.18,1.21,0.61,0.52,0.8,1.11
Ube2z,plex_2,,,,,,,0.83,1.36,0.63,0.71,1.03,1.35
Ciao1,plex_2,,,,,,,0.59,1.2,0.47,0.77,0.75,0.97
Rtn2,plex_2,,,,,,,,0.55,,,0.86,
Rtn2,plex_2,,,,,,,,0.55,,,0.86,
Zfr,plex_2,,,,,,,0.75,1.48,0.74,1.05,0.64,1.22
Rptor,plex_2,,,,,,,,1.08,,,,2.06
Rptor,plex_2,,,,,,,,1.08,,,,2.06
Rptor,plex_2,,,,,,,,1.08,,,,2.06
Hsd3b4,plex_2,,,,,,,0.66,1.12,0.7,0.72,0.75,0.95
Stt3b,plex_2,,,,,,,0.97,3.65,0.96,3.34,1.1,1.74
Gga3,plex_2,,,,,,,0.47,0.63,0.58,0.54,0.47,1.06
Cav1,plex_2,,,,,,,0.59,0.85,0.39,0.75,0.64,1.2
Dus3l,plex_2,,,,,,,0.6,0.98,0.42,0.56,0.82,1.1
Dus3l,plex_2,,,,,,,0.6,0.98,0.42,0.56,0.82,1.1
Ppm1f,plex_2,,,,,,,0.59,0.93,0.82,0.42,0.93,1.61
Tmem261,plex_2,,,,,,,0.72,0.93,0.6,0.8,0.7,0.97
Upf3b,plex_2,,,,,,,,,,,,
Map7d1,plex_2,,,,,,,0.36,0.72,0.47,0.23,0.49,1.23
Map7d1,plex_2,,,,,,,0.36,0.72,0.47,0.23,0.49,1.23
Map7d1,plex_2,,,,,,,0.36,0.72,0.47,0.23,0.49,1.23
Map7d1,plex_2,,,,,,,0.36,0.72,0.47,0.23,0.49,1.23
Nr3c1,plex_2,,,,,,,0.68,1.33,0.84,0.8,0.79,1.8
Nr3c1,plex_2,,,,,,,0.68,1.33,0.84,0.8,0.79,1.8
Nr3c1,plex_2,,,,,,,0.68,1.33,0.84,0.8,0.79,1.8
Nr3c1,plex_2,,,,,,,0.68,1.33,0.84,0.8,0.79,1.8
Nr3c1,plex_2,,,,,,,0.68,1.33,0.84,0.8,0.79,1.8
Thg1l,plex_2,,,,,,,0.65,1.09,0.53,0.59,0.64,1.32
Thg1l,plex_2,,,,,,,0.65,1.09,0.53,0.59,0.64,1.32
Thg1l,plex_2,,,,,,,0.65,1.09,0.53,0.59,0.64,1.32
Supt16,plex_2,,,,,,,0.86,0.98,0.95,,0.63,1.09
Supt16h,plex_2,,,,,,,0.86,0.98,0.95,,0.63,1.09
Pcna-ps2,plex_2,,,,,,,0.36,0.84,0.62,0.56,0.42,1.03
Pcna,plex_2,,,,,,,0.36,0.84,0.62,0.56,0.42,1.03
Pcna,plex_2,,,,,,,0.36,0.84,0.62,0.56,0.42,1.03
Kif1c,plex_2,,,,,,,0.69,1.22,0.35,0.77,0.65,0.97
Kif1c,plex_2,,,,,,,0.69,1.22,0.35,0.77,0.65,0.97
Kif1c,plex_2,,,,,,,0.69,1.22,0.35,0.77,0.65,0.97
Kif1c,plex_2,,,,,,,0.69,1.22,0.35,0.77,0.65,0.97
Hist1h1d,plex_2,,,,,,,0.77,1.23,0.61,0.68,0.77,1.27
Dpt,plex_2,,,,,,,0.61,0.87,0.67,,0.67,0.82
Golph3,plex_2,,,,,,,,1.99,,,2.12,2.22
Golph3,plex_2,,,,,,,,1.99,,,2.12,2.22
Pex16,plex_2,,,,,,,,,0.8,,1.3,0.38
Sf1,plex_2,,,,,,,,,,,,
Mt1,plex_2,,,,,,,0.54,0.71,0.38,0.52,0.49,0.82
Gsdmdc1,plex_2,,,,,,,0.21,0.61,0.58,0.35,0.48,1.11
Bcl2l1,plex_2,,,,,,,0.8,1.19,0.74,0.92,0.59,1.24
Bcl2l1,plex_2,,,,,,,0.8,1.19,0.74,0.92,0.59,1.24
Bcl2l1,plex_2,,,,,,,0.8,1.19,0.74,0.92,0.59,1.24
Bcl2l1,plex_2,,,,,,,0.8,1.19,0.74,0.92,0.59,1.24
Bcl2l1,plex_2,,,,,,,0.8,1.19,0.74,0.92,0.59,1.24
Bclx,plex_2,,,,,,,0.8,1.19,0.74,0.92,0.59,1.24
Bcl2l1,plex_2,,,,,,,0.8,1.19,0.74,0.92,0.59,1.24
Bcl2l1,plex_2,,,,,,,0.8,1.19,0.74,0.92,0.59,1.24
Bclx,plex_2,,,,,,,0.8,1.19,0.74,0.92,0.59,1.24
Bcl2l1,plex_2,,,,,,,0.8,1.19,0.74,0.92,0.59,1.24
Bcl2l1,plex_2,,,,,,,0.8,1.19,0.74,0.92,0.59,1.24
Gtf2a1,plex_2,,,,,,,0.53,1.83,0.88,0.93,0.68,1.13
Gtf2a1,plex_2,,,,,,,0.53,1.83,0.88,0.93,0.68,1.13
Gtf2a1,plex_2,,,,,,,0.53,1.83,0.88,0.93,0.68,1.13
Gm5435,plex_2,,,,,,,0.53,1.83,0.88,0.93,0.68,1.13
Gabarapl2,plex_2,,,,,,,0.97,1.56,0.66,0.89,0.62,1.47
Hbb-bh1,plex_2,,,,,,,0.82,1.74,,0.9,0.9,1.68
Hbb-bh1,plex_2,,,,,,,0.82,1.74,,0.9,0.9,1.68
Hbb-bh0,plex_2,,,,,,,0.82,1.74,,0.9,0.9,1.68
Hbb-bh1,plex_2,,,,,,,0.82,1.74,,0.9,0.9,1.68
Timm23,plex_2,,,,,,,0.61,0.49,0.58,0.67,0.75,1.25
Igk,plex_2,,,,,,,,,,,,
Ivns1abp,plex_2,,,,,,,0.59,1.27,0.74,0.31,0.65,0.56
Ivns1abp,plex_2,,,,,,,0.59,1.27,0.74,0.31,0.65,0.56
Ivns1abp,plex_2,,,,,,,0.59,1.27,0.74,0.31,0.65,0.56
Ivns1abp,plex_2,,,,,,,0.59,1.27,0.74,0.31,0.65,0.56
Kdm2a,plex_2,,,,,,,0.4,1.22,0.46,0.73,0.86,1.32
Nup133,plex_2,,,,,,,,0.43,0.49,0.17,,0.56
Nup133,plex_2,,,,,,,,0.43,0.49,0.17,,0.56
Igkv17-121,plex_2,,,,,,,,,,,,
Igkv17-121,plex_2,,,,,,,,,,,,
Igkv17-127,plex_2,,,,,,,,,,,,
Igkv17-127,plex_2,,,,,,,,,,,,
Gk,plex_2,,,,,,,,,,,,
Gk,plex_2,,,,,,,,,,,,
Gk,plex_2,,,,,,,,,,,,
Ube4b,plex_2,,,,,,,,,,,,
Tpm1,plex_2,,,,,,,0.74,1.45,0.77,1.48,0.58,1.0
Col2a1,plex_2,,,,,,,0.39,0.73,0.34,0.36,0.77,1.56
Col2a1,plex_2,,,,,,,0.39,0.73,0.34,0.36,0.77,1.56
Col2a1,plex_2,,,,,,,0.39,0.73,0.34,0.36,0.77,1.56
Col2a1,plex_2,,,,,,,0.39,0.73,0.34,0.36,0.77,1.56
Col2a1,plex_2,,,,,,,0.39,0.73,0.34,0.36,0.77,1.56
Col2a1,plex_2,,,,,,,0.39,0.73,0.34,0.36,0.77,1.56
Col2a1,plex_2,,,,,,,0.39,0.73,0.34,0.36,0.77,1.56
Eif2b3,plex_2,,,,,,,0.57,1.09,0.46,0.66,0.51,1.28
Eif2b3,plex_2,,,,,,,0.57,1.09,0.46,0.66,0.51,1.28
Eif2b3,plex_2,,,,,,,0.57,1.09,0.46,0.66,0.51,1.28
Eif2b3,plex_2,,,,,,,0.57,1.09,0.46,0.66,0.51,1.28
Asns,plex_2,,,,,,,0.58,1.5,0.51,0.91,0.75,1.15
Asns,plex_2,,,,,,,0.58,1.5,0.51,0.91,0.75,1.15
Naa20,plex_2,,,,,,,,,0.39,,,1.02
Naa20,plex_2,,,,,,,,,0.39,,,1.02
Naa20,plex_2,,,,,,,,,0.39,,,1.02
Ctsc,plex_2,,,,,,,,,,,,
Lztfl1,plex_2,,,,,,,0.83,1.43,0.6,0.9,0.17,1.22
Ngly1,plex_2,,,,,,,,1.55,,1.4,,1.49
Mybpc1,plex_2,,,,,,,,,,,,
Pld4,plex_2,,,,,,,,0.89,,0.85,,0.73
Pld4,plex_2,,,,,,,,0.89,,0.85,,0.73
Emb,plex_2,,,,,,,,1.1,0.64,0.36,0.59,1.46
Emb,plex_2,,,,,,,,1.1,0.64,0.36,0.59,1.46
Emb,plex_2,,,,,,,,1.1,0.64,0.36,0.59,1.46
Emb,plex_2,,,,,,,,1.1,0.64,0.36,0.59,1.46
Ermp1,plex_2,,,,,,,0.81,1.24,0.63,0.72,0.62,0.88
Bad,plex_2,,,,,,,0.5,0.99,0.46,,,1.32
Bad,plex_2,,,,,,,0.5,0.99,0.46,,,1.32
Bad,plex_2,,,,,,,0.5,0.99,0.46,,,1.32
Bad,plex_2,,,,,,,0.5,0.99,0.46,,,1.32
Bad,plex_2,,,,,,,0.5,0.99,0.46,,,1.32
Timmdc1,plex_2,,,,,,,,1.41,0.6,,0.91,0.91
Prpf4,plex_2,,,,,,,0.77,1.39,0.76,0.32,0.7,1.57
Prpf4,plex_2,,,,,,,0.77,1.39,0.76,0.32,0.7,1.57
Qrsl1,plex_2,,,,,,,,0.82,,0.63,1.09,0.83
Osbpl2,plex_2,,,,,,,,,,,,
Akap8,plex_2,,,,,,,0.5,1.11,0.54,0.68,0.52,1.02
Alg5,plex_2,,,,,,,0.94,2.54,0.97,1.98,1.18,2.53
Ampd1,plex_2,,,,,,,0.97,0.96,0.59,0.73,0.82,0.76
Bcas3,plex_2,,,,,,,,4.25,1.89,,2.48,3.9
Cdc42se1,plex_2,,,,,,,0.87,1.77,0.8,0.62,0.6,0.89
H2-Ab1,plex_2,,,,,,,0.6,0.82,0.67,0.83,0.83,1.47
Arf2,plex_2,,,,,,,0.73,1.0,0.54,0.71,0.68,1.25
Nfia,plex_2,,,,,,,0.63,1.12,0.57,0.85,0.73,1.23
Nfia,plex_2,,,,,,,0.63,1.12,0.57,0.85,0.73,1.23
Nfia,plex_2,,,,,,,0.63,1.12,0.57,0.85,0.73,1.23
Nfia,plex_2,,,,,,,0.63,1.12,0.57,0.85,0.73,1.23
Nfia,plex_2,,,,,,,0.63,1.12,0.57,0.85,0.73,1.23
Nfia,plex_2,,,,,,,0.63,1.12,0.57,0.85,0.73,1.23
Nfia,plex_2,,,,,,,0.63,1.12,0.57,0.85,0.73,1.23
Nfia,plex_2,,,,,,,0.63,1.12,0.57,0.85,0.73,1.23
Nfia,plex_2,,,,,,,0.63,1.12,0.57,0.85,0.73,1.23
Nfia,plex_2,,,,,,,0.63,1.12,0.57,0.85,0.73,1.23
Nfia,plex_2,,,,,,,0.63,1.12,0.57,0.85,0.73,1.23
Nfia,plex_2,,,,,,,0.63,1.12,0.57,0.85,0.73,1.23
Nfia,plex_2,,,,,,,0.63,1.12,0.57,0.85,0.73,1.23
Nfia,plex_2,,,,,,,0.63,1.12,0.57,0.85,0.73,1.23
Nfia,plex_2,,,,,,,0.63,1.12,0.57,0.85,0.73,1.23
Ppp1r14b,plex_2,,,,,,,,,,,,
Copz2,plex_2,,,,,,,0.45,1.05,,0.77,0.47,0.91
Dapk2,plex_2,,,,,,,0.84,0.95,0.47,0.83,0.6,0.94
Pacs1,plex_2,,,,,,,0.71,1.2,0.8,0.68,0.78,1.8
Prcp,plex_2,,,,,,,0.82,1.21,0.66,1.01,0.84,1.18
Tsc2,plex_2,,,,,,,0.76,1.24,0.38,0.51,0.99,1.48
Cyp20a1,plex_2,,,,,,,0.71,1.12,0.51,1.19,0.46,1.02
Mup2,plex_2,,,,,,,0.99,2.97,0.62,1.89,0.99,1.71
Tfip11,plex_2,,,,,,,,,,,,
Tfip11,plex_2,,,,,,,,,,,,
Qki,plex_2,,,,,,,1.26,2.86,0.88,2.05,1.59,2.62
Pdlim3,plex_2,,,,,,,,,,0.59,,0.66
Xpot,plex_2,,,,,,,1.25,,0.41,1.26,,0.52
Stam,plex_2,,,,,,,,,,,,
Stam,plex_2,,,,,,,,,,,,
Stam,plex_2,,,,,,,,,,,,
Stam,plex_2,,,,,,,,,,,,
Sncg,plex_2,,,,,,,0.97,1.23,,1.01,1.15,1.06
Mrps10,plex_2,,,,,,,0.52,1.18,0.46,0.53,0.95,0.82
Fxyd2,plex_2,,,,,,,0.69,0.91,0.45,0.63,0.53,1.16
Arhgap12,plex_2,,,,,,,0.53,1.29,0.61,0.47,0.74,1.29
Wash1,plex_2,,,,,,,0.61,0.97,0.45,0.69,0.58,1.42
Cyp27a1,plex_2,,,,,,,0.76,1.65,0.48,0.71,0.64,1.14
Kiaa1468,plex_2,,,,,,,,0.38,,0.36,0.65,
Kiaa1468,plex_2,,,,,,,,0.38,,0.36,0.65,
Pex11a,plex_2,,,,,,,0.56,1.06,0.61,0.69,0.78,0.97
Pex11a,plex_2,,,,,,,0.56,1.06,0.61,0.69,0.78,0.97
Ubl5,plex_2,,,,,,,0.43,1.23,0.62,0.59,0.83,0.72
Gm16381,plex_2,,,,,,,0.43,1.23,0.62,0.59,0.83,0.72
Ubl5,plex_2,,,,,,,0.43,1.23,0.62,0.59,0.83,0.72
Ubl5,plex_2,,,,,,,0.43,1.23,0.62,0.59,0.83,0.72
Ubl5,plex_2,,,,,,,0.43,1.23,0.62,0.59,0.83,0.72
Ubl5,plex_2,,,,,,,0.43,1.23,0.62,0.59,0.83,0.72
Ubl5,plex_2,,,,,,,0.43,1.23,0.62,0.59,0.83,0.72
Fam21,plex_2,,,,,,,0.92,1.07,1.02,0.91,0.83,1.69
Usp12,plex_2,,,,,,,1.04,2.35,0.93,1.35,1.06,1.83
Usp12,plex_2,,,,,,,1.04,2.35,0.93,1.35,1.06,1.83
Usp12,plex_2,,,,,,,1.04,2.35,0.93,1.35,1.06,1.83
Trappc5,plex_2,,,,,,,0.52,1.18,0.49,0.74,0.76,1.06
Wipf2,plex_2,,,,,,,0.52,0.96,0.4,0.88,0.71,1.12
Mfn2,plex_2,,,,,,,,0.8,,,,0.64
Mfn2,plex_2,,,,,,,,0.8,,,,0.64
Mfn2,plex_2,,,,,,,,0.8,,,,0.64
Mfn2,plex_2,,,,,,,,0.8,,,,0.64
Wipi2,plex_2,,,,,,,0.51,1.21,0.56,0.63,0.69,1.26
Wipi2,plex_2,,,,,,,0.51,1.21,0.56,0.63,0.69,1.26
Tradd,plex_2,,,,,,,,,,,,
Ufsp2,plex_2,,,,,,,0.9,2.4,0.69,0.91,1.26,2.05
Naglu,plex_2,,,,,,,0.68,1.22,0.81,0.47,0.42,1.47
Naglu,plex_2,,,,,,,0.68,1.22,0.81,0.47,0.42,1.47
Eif2ak2,plex_2,,,,,,,,2.74,,,,
Mre11a,plex_2,,,,,,,0.59,0.91,0.71,0.99,0.66,1.3
Rnf14,plex_2,,,,,,,0.92,2.0,0.69,1.18,0.71,2.05
Itch,plex_2,,,,,,,0.47,0.63,0.41,0.46,0.64,0.88
Itch,plex_2,,,,,,,0.47,0.63,0.41,0.46,0.64,0.88
Itch,plex_2,,,,,,,0.47,0.63,0.41,0.46,0.64,0.88
Aktip,plex_2,,,,,,,,,,,,
Utp18,plex_2,,,,,,,1.93,2.02,0.64,0.89,,1.5
Snrpb,plex_2,,,,,,,0.57,1.11,0.48,0.64,0.67,1.26
Nudt5,plex_2,,,,,,,0.45,1.14,0.31,0.54,0.53,1.35
Cdc42bpg,plex_2,,,,,,,0.89,1.53,0.56,0.89,0.88,1.23
,plex_2,,,,,,,,,,,,
Baiap2l1,plex_2,,,,,,,0.72,2.04,0.64,0.85,1.18,1.61
Zbtb8os,plex_2,,,,,,,0.48,1.81,1.08,0.81,1.03,1.52
Zbtb8os,plex_2,,,,,,,0.48,1.81,1.08,0.81,1.03,1.52
Efl1,plex_2,,,,,,,0.75,0.78,0.6,0.53,0.67,0.65
Mtpn,plex_2,,,,,,,0.7,1.09,0.61,0.59,0.78,0.98
Mrpl38,plex_2,,,,,,,0.59,1.12,0.55,0.57,0.84,1.01
Mrpl38,plex_2,,,,,,,0.59,1.12,0.55,0.57,0.84,1.01
Cygb,plex_2,,,,,,,0.47,0.95,0.59,0.69,0.94,1.31
Plcl1,plex_2,,,,,,,0.89,,,,,1.98
Klc1,plex_2,,,,,,,1.26,1.48,1.04,1.38,1.26,2.15
Klc1,plex_2,,,,,,,1.26,1.48,1.04,1.38,1.26,2.15
Klc1,plex_2,,,,,,,1.26,1.48,1.04,1.38,1.26,2.15
Klc1,plex_2,,,,,,,1.26,1.48,1.04,1.38,1.26,2.15
,plex_2,,,,,,,0.57,0.92,0.52,0.63,1.1,1.59
Rab11fip3,plex_2,,,,,,,0.53,1.01,0.57,0.83,0.63,0.98
Rab11fip3,plex_2,,,,,,,0.53,1.01,0.57,0.83,0.63,0.98
Rab11fip3,plex_2,,,,,,,0.53,1.01,0.57,0.83,0.63,0.98
Fto,plex_2,,,,,,,0.62,1.29,0.54,0.72,0.62,0.9
Ap3s1,plex_2,,,,,,,,,,,,
Hpgd,plex_2,,,,,,,0.47,0.51,0.54,0.52,0.78,0.78
Slc25a25,plex_2,,,,,,,0.7,1.17,0.41,0.77,0.8,1.18
H2-K1,plex_2,,,,,,,0.99,2.38,0.85,2.33,1.58,2.19
Sin3a,plex_2,,,,,,,,,,,,
Sin3a,plex_2,,,,,,,,,,,,
Actn2,plex_2,,,,,,,0.76,,1.6,0.3,,
Slc22a7,plex_2,,,,,,,0.66,1.61,0.62,0.98,0.79,1.18
Slc22a7,plex_2,,,,,,,0.66,1.61,0.62,0.98,0.79,1.18
Ints1,plex_2,,,,,,,1.21,2.71,1.0,2.36,1.66,2.49
Wdr45b,plex_2,,,,,,,,,,,,
Commd5,plex_2,,,,,,,,,,,,
Commd5,plex_2,,,,,,,,,,,,
Prmt5,plex_2,,,,,,,,,,,,
Abca5,plex_2,,,,,,,0.56,2.23,0.44,1.84,0.78,2.32
Adi1,plex_2,,,,,,,0.45,0.99,0.47,0.7,0.61,0.92
Zpr1,plex_2,,,,,,,0.64,1.12,0.54,0.83,0.71,1.16
F10,plex_2,,,,,,,1.29,1.69,1.46,2.45,1.13,2.96
Mrps36,plex_2,,,,,,,0.58,1.17,0.43,0.73,0.7,1.07
Klhdc4,plex_2,,,,,,,0.85,1.15,0.52,0.67,0.9,1.01
Ppt2,plex_2,,,,,,,0.9,1.18,,0.47,,1.17
Ppt2,plex_2,,,,,,,0.9,1.18,,0.47,,1.17
Prkra,plex_2,,,,,,,0.24,0.57,,,,0.92
Aip,plex_2,,,,,,,0.68,1.19,0.68,0.77,0.75,1.46
Serping1,plex_2,,,,,,,1.22,1.86,0.68,1.53,0.9,2.09
Kbtbd11,plex_2,,,,,,,0.51,1.46,0.57,1.16,0.76,1.38
Sh2b1,plex_2,,,,,,,0.48,0.66,0.4,0.91,0.46,1.13
Macf1,plex_2,,,,,,,,1.08,,,,
Ulk3,plex_2,,,,,,,,,,,,
Ulk3,plex_2,,,,,,,,,,,,
Hnrnpdl,plex_2,,,,,,,,,,,,
Hnrnpdl,plex_2,,,,,,,,,,,,
Hnrnpdl,plex_2,,,,,,,,,,,,
Dbr1,plex_2,,,,,,,0.55,1.17,0.59,0.98,0.74,1.17
Gcc2,plex_2,,,,,,,1.1,1.51,0.88,0.87,1.54,2.39
Nat8f1,plex_2,,,,,,,0.66,1.1,0.54,0.77,0.64,1.17
Lcmt1,plex_2,,,,,,,0.56,0.65,0.36,0.63,0.45,1.04
Lcmt1,plex_2,,,,,,,0.56,0.65,0.36,0.63,0.45,1.04
Thy1,plex_2,,,,,,,0.77,1.19,0.65,0.74,0.79,1.14
Thy1,plex_2,,,,,,,0.77,1.19,0.65,0.74,0.79,1.14
Klhl6,plex_2,,,,,,,0.8,1.18,0.55,0.75,0.71,0.9
Rnf181,plex_2,,,,,,,0.77,1.76,0.53,0.93,1.18,1.03
Rnf181,plex_2,,,,,,,0.77,1.76,0.53,0.93,1.18,1.03
Rabac1,plex_2,,,,,,,0.54,1.32,0.53,0.7,0.62,1.27
Pkd2,plex_2,,,,,,,0.55,1.13,0.6,0.74,0.8,1.2
Pkd2,plex_2,,,,,,,0.55,1.13,0.6,0.74,0.8,1.2
Fmr1,plex_2,,,,,,,0.78,1.37,0.67,0.61,0.7,1.02
Fmr1,plex_2,,,,,,,0.78,1.37,0.67,0.61,0.7,1.02
Fmr1,plex_2,,,,,,,0.78,1.37,0.67,0.61,0.7,1.02
Fmr1,plex_2,,,,,,,0.78,1.37,0.67,0.61,0.7,1.02
Fmr1,plex_2,,,,,,,0.78,1.37,0.67,0.61,0.7,1.02
Fmr1,plex_2,,,,,,,0.78,1.37,0.67,0.61,0.7,1.02
Sart3,plex_2,,,,,,,0.58,1.32,0.45,0.81,0.99,0.93
Bag4,plex_2,,,,,,,,1.1,,,,1.16
Rps21,plex_2,,,,,,,0.6,1.43,0.54,0.7,0.59,1.32
Tcerg1,plex_2,,,,,,,0.58,0.8,0.51,0.61,0.82,0.91
Tcerg1,plex_2,,,,,,,0.58,0.8,0.51,0.61,0.82,0.91
Tcerg1,plex_2,,,,,,,0.58,0.8,0.51,0.61,0.82,0.91
Gltp,plex_2,,,,,,,0.71,1.29,0.58,0.61,0.69,1.06
Gltp,plex_2,,,,,,,0.71,1.29,0.58,0.61,0.69,1.06
Gltp,plex_2,,,,,,,0.71,1.29,0.58,0.61,0.69,1.06
Gltp,plex_2,,,,,,,0.71,1.29,0.58,0.61,0.69,1.06
Ppp6r1,plex_2,,,,,,,,,,,,
Sppl2a,plex_2,,,,,,,0.45,1.22,0.7,0.66,0.64,1.15
Thoc2,plex_2,,,,,,,,,,,,
Cyp2d34,plex_2,,,,,,,0.5,1.12,0.72,,0.76,1.02
Thtpa,plex_2,,,,,,,,1.15,,0.83,1.19,0.8
Cttnbp2nl,plex_2,,,,,,,0.69,1.78,0.72,0.91,0.85,1.21
Major,plex_2,,,,,,,0.52,1.16,0.56,1.1,0.67,1.2
Wdr81,plex_2,,,,,,,,,0.35,1.3,1.0,1.18
Wdr81,plex_2,,,,,,,,,0.35,1.3,1.0,1.18
Tpcn1,plex_2,,,,,,,0.48,1.37,0.49,0.84,0.56,1.78
Tpcn1,plex_2,,,,,,,0.48,1.37,0.49,0.84,0.56,1.78
Dhx36,plex_2,,,,,,,0.74,1.3,0.5,0.78,0.95,0.91
Ppa2,plex_2,,,,,,,1.02,0.77,,0.98,0.82,1.46
Tbck,plex_2,,,,,,,0.47,1.13,0.49,0.62,0.62,1.01
Tbck,plex_2,,,,,,,0.47,1.13,0.49,0.62,0.62,1.01
Ncam1,plex_2,,,,,,,0.32,0.6,0.4,0.38,0.56,1.18
Ncam1,plex_2,,,,,,,0.32,0.6,0.4,0.38,0.56,1.18
Ncam1,plex_2,,,,,,,0.32,0.6,0.4,0.38,0.56,1.18
Ncam1,plex_2,,,,,,,0.32,0.6,0.4,0.38,0.56,1.18
Ncam1,plex_2,,,,,,,0.32,0.6,0.4,0.38,0.56,1.18
Ncam1,plex_2,,,,,,,0.32,0.6,0.4,0.38,0.56,1.18
Ncam1,plex_2,,,,,,,0.32,0.6,0.4,0.38,0.56,1.18
Mrpl55,plex_2,,,,,,,0.81,1.04,0.72,0.69,0.66,1.23
Mrpl55,plex_2,,,,,,,0.81,1.04,0.72,0.69,0.66,1.23
Igkv4-91,plex_2,,,,,,,0.47,0.34,0.3,0.34,0.5,0.41
Spon1,plex_2,,,,,,,0.58,1.61,0.82,0.62,0.71,1.29
Akap9,plex_2,,,,,,,0.75,1.3,0.71,0.71,0.49,1.11
Akap9,plex_2,,,,,,,0.75,1.3,0.71,0.71,0.49,1.11
Engase,plex_2,,,,,,,1.04,1.42,0.52,0.47,0.89,0.99
Engase,plex_2,,,,,,,1.04,1.42,0.52,0.47,0.89,0.99
Arfgap2,plex_2,,,,,,,0.6,1.13,0.58,0.87,0.72,1.25
Arfgap2,plex_2,,,,,,,0.6,1.13,0.58,0.87,0.72,1.25
Dtx3l,plex_2,,,,,,,0.47,0.6,0.51,0.47,,1.32
Mrps21,plex_2,,,,,,,0.95,1.81,1.14,0.75,0.64,1.85
Mrps21,plex_2,,,,,,,0.95,1.81,1.14,0.75,0.64,1.85
Iqsec1,plex_2,,,,,,,0.28,0.78,0.37,0.79,0.91,1.87
Iqsec1,plex_2,,,,,,,0.28,0.78,0.37,0.79,0.91,1.87
Dynll1,plex_2,,,,,,,,,,,0.59,0.5
Arhgef28,plex_2,,,,,,,0.54,0.94,0.51,0.58,0.66,1.2
Timm10,plex_2,,,,,,,0.28,1.01,0.49,0.8,,0.59
Trappc13,plex_2,,,,,,,0.54,0.85,0.65,0.51,0.58,0.84
Trappc13,plex_2,,,,,,,0.54,0.85,0.65,0.51,0.58,0.84
Trappc13,plex_2,,,,,,,0.54,0.85,0.65,0.51,0.58,0.84
Trappc13,plex_2,,,,,,,0.54,0.85,0.65,0.51,0.58,0.84
,plex_2,,,,,,,0.43,1.07,0.37,0.69,0.55,1.04
Glrx,plex_2,,,,,,,0.43,1.07,0.37,0.69,0.55,1.04
Creld2,plex_2,,,,,,,1.11,1.76,0.74,0.42,0.75,0.89
Mif4gd,plex_2,,,,,,,,,,,,
Fdps,plex_2,,,,,,,0.67,0.63,0.44,0.75,0.41,1.08
Abcc4,plex_2,,,,,,,0.82,0.91,0.53,0.78,1.04,1.28
Abcc4,plex_2,,,,,,,0.82,0.91,0.53,0.78,1.04,1.28
Abcc4,plex_2,,,,,,,0.82,0.91,0.53,0.78,1.04,1.28
Rabl6,plex_2,,,,,,,0.51,1.06,0.57,0.69,0.76,0.96
Irf3,plex_2,,,,,,,0.74,1.4,0.73,0.73,0.98,1.11
Irf3,plex_2,,,,,,,0.74,1.4,0.73,0.73,0.98,1.11
Vps45,plex_2,,,,,,,0.44,0.88,,,1.09,1.3
Vps45,plex_2,,,,,,,0.44,0.88,,,1.09,1.3
Mrpl18,plex_2,,,,,,,0.52,0.64,0.43,0.46,0.91,0.51
Acta2,plex_2,,,,,,,0.75,1.26,0.77,1.0,0.73,1.2
Oard1,plex_2,,,,,,,0.51,0.83,0.48,0.49,0.53,0.79
Oard1,plex_2,,,,,,,0.51,0.83,0.48,0.49,0.53,0.79
Commd2,plex_2,,,,,,,0.65,0.95,0.45,0.48,0.59,0.83
Coq3,plex_2,,,,,,,0.92,1.15,0.67,0.6,0.71,1.47
Coq3,plex_2,,,,,,,0.92,1.15,0.67,0.6,0.71,1.47
Coq3,plex_2,,,,,,,0.92,1.15,0.67,0.6,0.71,1.47
Pard6b,plex_2,,,,,,,0.54,0.95,0.54,0.52,0.61,0.81
Pard6b,plex_2,,,,,,,0.54,0.95,0.54,0.52,0.61,0.81
Pde4c,plex_2,,,,,,,0.4,0.66,0.45,0.53,0.48,0.87
Pde4c,plex_2,,,,,,,0.4,0.66,0.45,0.53,0.48,0.87
Pde4c,plex_2,,,,,,,0.4,0.66,0.45,0.53,0.48,0.87
Adap2,plex_2,,,,,,,,,,,,
Sdhd,plex_2,,,,,,,1.02,2.7,0.89,1.35,1.33,1.99
Tmem106b,plex_2,,,,,,,0.87,1.3,0.61,0.77,0.75,1.27
Tmem106b,plex_2,,,,,,,0.87,1.3,0.61,0.77,0.75,1.27
Eif2b1,plex_2,,,,,,,,,,,,
Tor1aip1,plex_2,,,,,,,0.89,1.43,0.76,0.99,0.89,1.23
Tor1aip1,plex_2,,,,,,,0.89,1.43,0.76,0.99,0.89,1.23
Tor1aip1,plex_2,,,,,,,0.89,1.43,0.76,0.99,0.89,1.23
Frk,plex_2,,,,,,,,,,,,
Frk,plex_2,,,,,,,,,,,,
Mcf2l,plex_2,,,,,,,3.13,2.0,,2.15,,
Qsox1,plex_2,,,,,,,,,,,,
Supt4h1a,plex_2,,,,,,,,1.49,0.46,0.56,0.42,1.06
Supt4h1b,plex_2,,,,,,,,1.49,0.46,0.56,0.42,1.06
Shoc2,plex_2,,,,,,,,,,,,
Shoc2,plex_2,,,,,,,,,,,,
Emc3,plex_2,,,,,,,0.57,0.98,0.49,0.6,0.75,0.99
Pla2g4a,plex_2,,,,,,,0.56,0.93,0.55,0.6,0.68,0.94
Pla2g4a,plex_2,,,,,,,0.56,0.93,0.55,0.6,0.68,0.94
Mipol1,plex_2,,,,,,,0.56,1.09,0.58,0.61,0.66,0.99
Sh3bp4,plex_2,,,,,,,0.41,1.33,0.3,0.83,0.51,1.51
Gopc,plex_2,,,,,,,0.79,1.57,1.13,0.87,0.73,1.6
Gopc,plex_2,,,,,,,0.79,1.57,1.13,0.87,0.73,1.6
,plex_2,,,,,,,1.07,2.16,0.44,1.37,1.11,1.4
Ckmt2,plex_2,,,,,,,,,,,,
Cpd,plex_2,,,,,,,0.64,1.28,0.44,0.89,0.8,1.36
Shroom2,plex_2,,,,,,,0.66,2.08,0.32,0.67,0.8,0.7
Eny2,plex_2,,,,,,,0.49,1.0,0.47,0.59,0.68,0.98
Golga3,plex_2,,,,,,,0.47,0.56,0.33,0.36,0.27,0.98
Golga3,plex_2,,,,,,,0.47,0.56,0.33,0.36,0.27,0.98
Fen1,plex_2,,,,,,,0.53,1.01,0.44,0.54,0.6,1.03
Trappc1,plex_2,,,,,,,0.7,0.52,0.78,0.93,0.64,1.29
Sat2,plex_2,,,,,,,0.62,1.19,0.54,0.38,0.71,0.96
Car12,plex_2,,,,,,,0.56,0.87,0.54,0.68,0.79,1.04
Ca12,plex_2,,,,,,,0.56,0.87,0.54,0.68,0.79,1.04
Car12,plex_2,,,,,,,0.56,0.87,0.54,0.68,0.79,1.04
Car12,plex_2,,,,,,,0.56,0.87,0.54,0.68,0.79,1.04
Gca,plex_2,,,,,,,,,,,,
Ric8a,plex_2,,,,,,,0.87,1.53,0.65,0.73,0.89,1.19
Sptlc1,plex_2,,,,,,,0.42,0.93,0.4,0.49,0.49,0.78
Sptlc1,plex_2,,,,,,,0.42,0.93,0.4,0.49,0.49,0.78
Sptlc1,plex_2,,,,,,,0.42,0.93,0.4,0.49,0.49,0.78
Sptlc1,plex_2,,,,,,,0.42,0.93,0.4,0.49,0.49,0.78
Dync2h1,plex_2,,,,,,,,,,,,
Dync2h1,plex_2,,,,,,,,,,,,
Agfg2,plex_2,,,,,,,0.58,1.29,0.51,0.67,0.58,0.95
Agfg2,plex_2,,,,,,,0.58,1.29,0.51,0.67,0.58,0.95
Pgpep1,plex_2,,,,,,,0.36,0.86,0.39,0.58,0.73,1.48
Neu1,plex_2,,,,,,,0.74,1.32,0.82,1.6,0.7,1.6
Hspbp1,plex_2,,,,,,,0.75,0.97,0.67,0.46,0.41,0.99
Hspbp1,plex_2,,,,,,,0.75,0.97,0.67,0.46,0.41,0.99
Pea15a,plex_2,,,,,,,0.67,1.2,0.64,0.69,0.67,1.05
Pea15,plex_2,,,,,,,0.67,1.2,0.64,0.69,0.67,1.05
Pea15,plex_2,,,,,,,0.67,1.2,0.64,0.69,0.67,1.05
Inpp5a,plex_2,,,,,,,,,,,,0.83
Prkaca,plex_2,,,,,,,,,,,,
Cfp,plex_2,,,,,,,0.79,1.11,0.35,0.67,0.49,0.71
Sf3b6,plex_2,,,,,,,1.03,1.91,0.93,1.22,0.94,1.65
Exoc1,plex_2,,,,,,,,0.79,0.37,0.56,0.76,0.99
Lsm8,plex_2,,,,,,,,2.09,,,,
Lsm8,plex_2,,,,,,,,2.09,,,,
Gm10639,plex_2,,,,,,,0.53,1.14,0.66,0.56,1.17,1.32
Sept6,plex_2,,,,,,,0.53,1.07,0.25,0.64,0.7,0.87
Sept6,plex_2,,,,,,,0.53,1.07,0.25,0.64,0.7,0.87
Sept6,plex_2,,,,,,,0.53,1.07,0.25,0.64,0.7,0.87
Sept6,plex_2,,,,,,,0.53,1.07,0.25,0.64,0.7,0.87
Enpp6,plex_2,,,,,,,0.54,0.78,0.39,0.48,0.47,0.93
Cog6,plex_2,,,,,,,,,,,,
Ilkap,plex_2,,,,,,,0.42,0.61,0.57,0.3,0.7,0.46
Trappc6b,plex_2,,,,,,,,,,,,
Xrn1,plex_2,,,,,,,0.89,1.64,0.47,0.98,1.17,1.4
Mrpl53,plex_2,,,,,,,0.74,1.2,0.5,0.88,0.93,1.36
Vps41,plex_2,,,,,,,0.8,0.81,0.52,0.65,0.73,1.36
Hint3,plex_2,,,,,,,0.5,1.0,0.49,0.61,0.44,0.74
Ptk2b,plex_2,,,,,,,0.67,0.99,0.47,0.69,0.68,0.58
Vkorc1,plex_2,,,,,,,,,,,,
Fxr2,plex_2,,,,,,,0.63,0.93,0.61,0.87,0.53,1.13
Fxr2,plex_2,,,,,,,0.63,0.93,0.61,0.87,0.53,1.13
Cdc34b,plex_2,,,,,,,0.58,1.11,0.46,0.54,0.5,1.16
Cdc34,plex_2,,,,,,,0.58,1.11,0.46,0.54,0.5,1.16
Cdc34b,plex_2,,,,,,,0.58,1.11,0.46,0.54,0.5,1.16
Ube2r2,plex_2,,,,,,,0.58,1.11,0.46,0.54,0.5,1.16
Zfpl1,plex_2,,,,,,,0.55,1.04,0.32,0.68,0.77,0.97
Zfpl1,plex_2,,,,,,,0.55,1.04,0.32,0.68,0.77,0.97
Zfpl1,plex_2,,,,,,,0.55,1.04,0.32,0.68,0.77,0.97
Zfpl1,plex_2,,,,,,,0.55,1.04,0.32,0.68,0.77,0.97
Zfpl1,plex_2,,,,,,,0.55,1.04,0.32,0.68,0.77,0.97
Selo,plex_2,,,,,,,0.35,,,,,
Vdac2,plex_2,,,,,,,0.63,0.87,0.27,0.63,0.46,0.87
1810009N02Rik,plex_2,,,,,,,0.68,1.12,0.37,0.53,0.7,1.35
Ppl,plex_2,,,,,,,0.82,1.85,0.76,1.29,1.13,1.6
Cdk5rap3,plex_2,,,,,,,,,,,,
Cdk5rap3,plex_2,,,,,,,,,,,,
Cdk5rap3,plex_2,,,,,,,,,,,,
Cdk5rap3,plex_2,,,,,,,,,,,,
Slc22a27,plex_2,,,,,,,1.03,1.03,0.31,0.52,0.33,0.94
Slc22a27,plex_2,,,,,,,1.03,1.03,0.31,0.52,0.33,0.94
ND4,plex_2,,,,,,,0.97,1.41,0.65,0.79,0.8,1.03
ND4,plex_2,,,,,,,0.97,1.41,0.65,0.79,0.8,1.03
mt-Nd4,plex_2,,,,,,,0.97,1.41,0.65,0.79,0.8,1.03
ND4,plex_2,,,,,,,0.97,1.41,0.65,0.79,0.8,1.03
ND4,plex_2,,,,,,,0.97,1.41,0.65,0.79,0.8,1.03
ND4,plex_2,,,,,,,0.97,1.41,0.65,0.79,0.8,1.03
Ctnnal1,plex_2,,,,,,,,,,,,2.0
Rac2,plex_2,,,,,,,0.7,0.56,0.96,0.65,,0.69
Trmt6,plex_2,,,,,,,,,,1.88,,
Pik3ca,plex_2,,,,,,,0.6,1.08,0.95,0.23,1.18,1.84
Ampd3,plex_2,,,,,,,0.71,1.02,0.4,0.62,0.54,0.88
Lrrc57,plex_2,,,,,,,0.31,0.72,0.3,0.35,0.41,0.88
Lrrc57,plex_2,,,,,,,0.31,0.72,0.3,0.35,0.41,0.88
Cdkn2aip,plex_2,,,,,,,0.48,0.74,0.49,0.62,0.9,1.06
,plex_2,,,,,,,,1.09,,1.29,,0.29
Dock9,plex_2,,,,,,,1.58,3.71,1.01,2.47,2.27,2.81
Dock9,plex_2,,,,,,,1.58,3.71,1.01,2.47,2.27,2.81
Zc3h18,plex_2,,,,,,,0.73,1.45,0.43,0.75,0.85,0.65
Zc3h18,plex_2,,,,,,,0.73,1.45,0.43,0.75,0.85,0.65
Pdcl3,plex_2,,,,,,,0.75,1.25,0.58,0.69,0.66,1.1
Snx7,plex_2,,,,,,,,,,,,
Snx7,plex_2,,,,,,,,,,,,
Btrc,plex_2,,,,,,,,,,,,
Btrc,plex_2,,,,,,,,,,,,
Pex1,plex_2,,,,,,,0.32,1.35,0.5,0.48,0.67,1.19
Pex1,plex_2,,,,,,,0.32,1.35,0.5,0.48,0.67,1.19
Pkn2,plex_2,,,,,,,,,,,,
Pkn2,plex_2,,,,,,,,,,,,
Pkn2,plex_2,,,,,,,,,,,,
Pkn2,plex_2,,,,,,,,,,,,
Neb,plex_2,,,,,,,0.61,0.96,0.62,0.46,0.24,1.03
B4galt1,plex_2,,,,,,,0.51,1.36,0.7,0.93,0.58,1.12
B4galt1,plex_2,,,,,,,0.51,1.36,0.7,0.93,0.58,1.12
Plekhf1,plex_2,,,,,,,,,,,,
Rpa2,plex_2,,,,,,,0.76,1.24,0.73,0.76,0.6,1.08
Rpa2,plex_2,,,,,,,0.76,1.24,0.73,0.76,0.6,1.08
Rpa2,plex_2,,,,,,,0.76,1.24,0.73,0.76,0.6,1.08
Tbc1d17,plex_2,,,,,,,,,,,,
Tbc1d17,plex_2,,,,,,,,,,,,
Tbc1d17,plex_2,,,,,,,,,,,,
Tbc1d17,plex_2,,,,,,,,,,,,
Tmed5,plex_2,,,,,,,0.8,1.19,0.62,0.82,0.62,1.3
Tmed5,plex_2,,,,,,,0.8,1.19,0.62,0.82,0.62,1.3
Tmed5,plex_2,,,,,,,0.8,1.19,0.62,0.82,0.62,1.3
Mrps28,plex_2,,,,,,,0.53,0.88,0.43,0.58,0.52,0.89
Pcyt2,plex_2,,,,,,,0.97,1.1,,,0.32,1.02
,plex_2,,,,,,,0.97,1.1,,,0.32,1.02
Pcyt2,plex_2,,,,,,,0.97,1.1,,,0.32,1.02
Pcyt2,plex_2,,,,,,,0.97,1.1,,,0.32,1.02
Dad1,plex_2,,,,,,,0.69,1.65,0.85,0.43,0.54,1.21
Trim21,plex_2,,,,,,,1.12,1.63,0.63,1.29,1.1,0.75
Trim21,plex_2,,,,,,,1.12,1.63,0.63,1.29,1.1,0.75
Pgk1,plex_2,,,,,,,0.71,1.1,0.52,0.62,0.72,1.1
Prps1l1,plex_2,,,,,,,,,,,,
Pon1,plex_2,,,,,,,0.52,0.83,0.48,0.48,0.7,0.94
Pon1,plex_2,,,,,,,0.52,0.83,0.48,0.48,0.7,0.94
Exosc4,plex_2,,,,,,,,1.43,1.04,1.09,0.39,2.11
Arhgef12,plex_2,,,,,,,0.71,1.35,0.67,0.69,0.79,1.36
Phykpl,plex_2,,,,,,,,,,0.38,,
Phykpl,plex_2,,,,,,,,,,0.38,,
Cul4b,plex_2,,,,,,,0.92,1.11,0.52,0.57,0.81,0.94
Arhgef11,plex_2,,,,,,,0.52,1.18,0.4,0.5,0.56,0.9
Arhgef11,plex_2,,,,,,,0.52,1.18,0.4,0.5,0.56,0.9
Arhgef11,plex_2,,,,,,,0.52,1.18,0.4,0.5,0.56,0.9
Ucp1,plex_2,,,,,,,0.33,1.03,0.45,0.2,0.24,0.94
Rgn,plex_2,,,,,,,0.62,1.26,0.54,0.17,1.02,0.85
Slc13a2,plex_2,,,,,,,0.6,1.41,0.52,0.43,0.84,1.28
Mrpl3,plex_2,,,,,,,0.9,2.44,0.71,1.61,1.18,1.67
Mrpl3,plex_2,,,,,,,0.9,2.44,0.71,1.61,1.18,1.67
Hdac1,plex_2,,,,,,,0.34,0.48,0.37,0.77,0.17,0.89
Gm10093,plex_2,,,,,,,0.34,0.48,0.37,0.77,0.17,0.89
Thumpd3,plex_2,,,,,,,,,,,,
Thumpd3,plex_2,,,,,,,,,,,,
Xpo5,plex_2,,,,,,,0.49,0.87,0.64,0.67,0.64,1.56
Snf8,plex_2,,,,,,,,,,,0.99,1.04
Tubb1,plex_2,,,,,,,0.32,0.66,0.35,0.26,0.89,0.76
Sms,plex_2,,,,,,,0.94,1.68,0.74,0.64,1.04,1.62
Nck1,plex_2,,,,,,,0.44,0.75,0.68,0.6,0.57,0.6
Nup43,plex_2,,,,,,,0.59,1.42,0.58,0.81,1.01,0.96
Nup43,plex_2,,,,,,,0.59,1.42,0.58,0.81,1.01,0.96
Nup43,plex_2,,,,,,,0.59,1.42,0.58,0.81,1.01,0.96
Rab22a,plex_2,,,,,,,0.59,0.9,0.48,1.07,0.93,0.88
Rab22a,plex_2,,,,,,,0.59,0.9,0.48,1.07,0.93,0.88
Ints9,plex_2,,,,,,,0.86,1.35,0.79,0.99,1.52,1.27
Stag2,plex_2,,,,,,,0.49,0.8,0.36,0.47,0.59,1.23
Srsf2,plex_2,,,,,,,0.56,1.23,0.48,0.66,0.6,1.12
Ifi35,plex_2,,,,,,,0.8,0.57,0.67,0.49,,0.97
Dnajc2,plex_2,,,,,,,,,,,,
Dnajc2,plex_2,,,,,,,,,,,,
Mark3,plex_2,,,,,,,,1.4,0.8,,0.78,0.77
Mark3,plex_2,,,,,,,,1.4,0.8,,0.78,0.77
Mark3,plex_2,,,,,,,,1.4,0.8,,0.78,0.77
Apeh,plex_2,,,,,,,,,,,,
Stmn2,plex_2,,,,,,,,,,,,
Stmn2,plex_2,,,,,,,,,,,,
Gstm4,plex_2,,,,,,,1.3,1.13,1.06,0.82,0.92,1.2
Cdc16,plex_2,,,,,,,0.91,1.54,0.8,0.72,0.65,1.09
Gale,plex_2,,,,,,,,1.03,,,,2.08
Safb2,plex_2,,,,,,,0.54,1.86,0.93,1.0,0.75,1.17
Exoc6b,plex_2,,,,,,,,1.19,,,,
Lyrm9,plex_2,,,,,,,,,,,,
Lyrm9,plex_2,,,,,,,,,,,,
Frrs1,plex_2,,,,,,,0.61,1.28,0.76,0.95,0.77,1.45
FRRS1,plex_2,,,,,,,0.61,1.28,0.76,0.95,0.77,1.45
Vps11,plex_2,,,,,,,0.74,1.24,0.62,0.8,1.01,1.67
Vps11,plex_2,,,,,,,0.74,1.24,0.62,0.8,1.01,1.67
Cog8,plex_2,,,,,,,0.47,1.0,0.32,0.73,0.6,1.16
Cog8,plex_2,,,,,,,0.47,1.0,0.32,0.73,0.6,1.16
Cog8,plex_2,,,,,,,0.47,1.0,0.32,0.73,0.6,1.16
Eogt,plex_2,,,,,,,0.78,1.67,0.57,0.55,0.89,1.07
Ccdc127,plex_2,,,,,,,0.62,0.8,0.52,,0.56,0.91
Rprd1b,plex_2,,,,,,,0.84,1.04,0.48,0.76,0.8,0.9
Rprd1b,plex_2,,,,,,,0.84,1.04,0.48,0.76,0.8,0.9
Rprd1b,plex_2,,,,,,,0.84,1.04,0.48,0.76,0.8,0.9
Rprd1b,plex_2,,,,,,,0.84,1.04,0.48,0.76,0.8,0.9
Tubb6,plex_2,,,,,,,0.85,2.38,,,0.45,1.3
Efnb1,plex_2,,,,,,,0.82,1.31,0.54,0.83,0.62,1.44
Fam234a,plex_2,,,,,,,0.84,1.1,0.46,0.64,0.64,1.84
Pyurf,plex_2,,,,,,,,,,,,
Abl1,plex_2,,,,,,,0.58,0.94,0.59,0.69,0.53,0.91
Uckl1,plex_2,,,,,,,,,,,,
Mff,plex_2,,,,,,,,5.18,,4.23,2.15,1.95
Mff,plex_2,,,,,,,,5.18,,4.23,2.15,1.95
Mff,plex_2,,,,,,,,5.18,,4.23,2.15,1.95
Mipep,plex_2,,,,,,,0.76,2.34,1.45,0.86,0.77,2.21
Hbbt1,plex_2,,,,,,,0.46,0.54,0.38,0.46,0.59,1.05
Gusb,plex_2,,,,,,,0.58,1.17,0.51,0.83,0.78,1.18
Nop2,plex_2,,,,,,,0.8,1.36,0.54,0.93,0.63,1.2
Ints5,plex_2,,,,,,,,,,,,
Dnajb1,plex_2,,,,,,,0.72,1.27,0.55,0.73,0.66,1.2
Ang,plex_2,,,,,,,,,,,,
Msh2,plex_2,,,,,,,,,,,,
Oxa1l,plex_2,,,,,,,1.03,2.3,0.92,1.19,1.76,2.99
Igf1r,plex_2,,,,,,,0.69,1.3,0.62,0.67,0.84,1.05
Kif1b,plex_2,,,,,,,0.5,1.1,,0.65,1.2,0.59
Ublcp1,plex_2,,,,,,,1.51,1.71,1.49,0.91,1.58,0.94
Plbd1,plex_2,,,,,,,,,,,,
Tma7,plex_2,,,,,,,0.81,1.34,0.73,0.92,1.09,1.62
Mrpl28,plex_2,,,,,,,0.52,1.16,0.44,0.7,0.82,1.12
Ahdc1,plex_2,,,,,,,0.86,1.79,0.45,0.56,1.0,1.1
Atxn2l,plex_2,,,,,,,,,,,,
Atxn2l,plex_2,,,,,,,,,,,,
Atxn2l,plex_2,,,,,,,,,,,,
Paip1,plex_2,,,,,,,0.71,1.24,0.48,0.79,0.72,1.16
Paip1,plex_2,,,,,,,0.71,1.24,0.48,0.79,0.72,1.16
Sap18,plex_2,,,,,,,0.72,1.36,0.46,0.75,0.74,0.74
Gm10094,plex_2,,,,,,,0.72,1.36,0.46,0.75,0.74,0.74
Hspa1l,plex_2,,,,,,,0.64,0.9,0.57,0.62,0.73,1.27
Cinp,plex_2,,,,,,,,,,,,
Ptprb,plex_2,,,,,,,1.02,2.49,1.01,1.48,0.96,2.12
Fadd,plex_2,,,,,,,0.71,1.2,0.64,0.74,0.56,1.28
Fadd,plex_2,,,,,,,0.71,1.2,0.64,0.74,0.56,1.28
Nt5c3b,plex_2,,,,,,,0.4,1.07,0.53,0.55,0.62,1.0
Nt5c3b,plex_2,,,,,,,0.4,1.07,0.53,0.55,0.62,1.0
Nt5c3b,plex_2,,,,,,,0.4,1.07,0.53,0.55,0.62,1.0
Lhpp,plex_2,,,,,,,0.68,1.25,,0.36,0.36,1.82
Lhpp,plex_2,,,,,,,0.68,1.25,,0.36,0.36,1.82
Polr1c,plex_2,,,,,,,0.59,0.85,,0.67,0.59,1.4
Mgat2,plex_2,,,,,,,0.59,1.1,0.57,1.34,0.72,1.05
Mgat2,plex_2,,,,,,,0.59,1.1,0.57,1.34,0.72,1.05
Smarce1,plex_2,,,,,,,0.66,1.02,0.52,0.71,0.5,1.2
Pcdh1,plex_2,,,,,,,,,,,,
Dnah7a,plex_2,,,,,,,0.46,0.91,0.41,0.57,0.46,0.82
Mrpl14,plex_2,,,,,,,0.65,1.1,0.54,0.79,0.58,1.19
Prrc2a,plex_2,,,,,,,0.59,1.31,0.62,0.74,0.54,1.13
Tgoln1,plex_2,,,,,,,0.42,0.92,0.51,0.32,0.52,0.98
Jak2,plex_2,,,,,,,,,,,,
Jak2,plex_2,,,,,,,,,,,,
Mapk10,plex_2,,,,,,,0.48,0.93,0.37,0.55,0.6,1.12
Tmem245,plex_2,,,,,,,,,,,,
Tmem245,plex_2,,,,,,,,,,,,
Ptpn9,plex_2,,,,,,,0.93,1.37,0.78,0.88,0.93,1.58
Rmnd1,plex_2,,,,,,,0.55,1.21,0.58,0.7,0.74,1.4
H2-Aa,plex_2,,,,,,,0.87,1.02,0.67,0.88,0.26,1.55
H2-Aa,plex_2,,,,,,,0.87,1.02,0.67,0.88,0.26,1.55
H2-Aa,plex_2,,,,,,,0.87,1.02,0.67,0.88,0.26,1.55
Tsc22d1,plex_2,,,,,,,,,,,,
Phf5a,plex_2,,,,,,,0.71,1.36,0.6,0.85,0.69,1.35
Ubqln4,plex_2,,,,,,,0.59,0.93,0.35,0.63,0.52,1.46
Cad,plex_2,,,,,,,0.68,0.97,0.64,0.66,0.74,1.18
Cad,plex_2,,,,,,,0.68,0.97,0.64,0.66,0.74,1.18
Ppp3r1,plex_2,,,,,,,0.83,1.05,0.56,0.73,0.63,0.61
Ppp3r2,plex_2,,,,,,,0.83,1.05,0.56,0.73,0.63,0.61
Ppp3r1,plex_2,,,,,,,0.83,1.05,0.56,0.73,0.63,0.61
Igh,plex_2,,,,,,,0.77,1.52,,0.72,1.2,0.98
Nucb2,plex_2,,,,,,,0.72,1.41,0.26,0.76,0.87,0.91
Atm,plex_2,,,,,,,0.7,0.79,,0.84,,1.04
Pak3,plex_2,,,,,,,0.45,1.19,0.58,0.57,0.51,0.92
Pak3,plex_2,,,,,,,0.45,1.19,0.58,0.57,0.51,0.92
Pak3,plex_2,,,,,,,0.45,1.19,0.58,0.57,0.51,0.92
Pak3,plex_2,,,,,,,0.45,1.19,0.58,0.57,0.51,0.92
Tldc1,plex_2,,,,,,,,,,,,
Pds5a,plex_2,,,,,,,0.51,1.33,0.64,0.75,0.56,1.59
Trappc10,plex_2,,,,,,,,,,,,
Igh-V7183,plex_2,,,,,,,0.59,0.84,0.33,0.96,0.81,0.55
Tcirg1,plex_2,,,,,,,1.23,0.93,0.48,0.98,0.96,1.4
Hspa2,plex_2,,,,,,,0.75,0.99,0.49,0.82,0.58,0.73
Cnpy4,plex_2,,,,,,,,,,,,
Coq10b,plex_2,,,,,,,0.89,1.51,0.48,0.76,0.63,0.97
Coq10b,plex_2,,,,,,,0.89,1.51,0.48,0.76,0.63,0.97
Ankrd33b,plex_2,,,,,,,,,,,,
Ankrd33b,plex_2,,,,,,,,,,,,
S100a6,plex_2,,,,,,,0.74,1.24,0.78,0.98,0.39,1.5
Syngap1,plex_2,,,,,,,1.28,1.51,0.63,1.15,0.87,1.68
Syngap1,plex_2,,,,,,,1.28,1.51,0.63,1.15,0.87,1.68
Syngap1,plex_2,,,,,,,1.28,1.51,0.63,1.15,0.87,1.68
Syngap1,plex_2,,,,,,,1.28,1.51,0.63,1.15,0.87,1.68
Syngap1,plex_2,,,,,,,1.28,1.51,0.63,1.15,0.87,1.68
Trmt1l,plex_2,,,,,,,0.83,1.05,0.53,0.73,0.61,0.86
Trmt1l,plex_2,,,,,,,0.83,1.05,0.53,0.73,0.61,0.86
Fundc1,plex_2,,,,,,,,2.03,0.85,0.39,0.98,2.29
Mpdz,plex_2,,,,,,,0.57,1.25,0.65,0.57,0.57,0.66
Mpdz,plex_2,,,,,,,0.57,1.25,0.65,0.57,0.57,0.66
Mpdz,plex_2,,,,,,,0.57,1.25,0.65,0.57,0.57,0.66
Mpdz,plex_2,,,,,,,0.57,1.25,0.65,0.57,0.57,0.66
Wdr11,plex_2,,,,,,,,,,,,
Wdr11,plex_2,,,,,,,,,,,,
Reg3b,plex_2,,,,,,,0.46,1.89,0.71,1.18,0.63,2.31
Acnat2,plex_2,,,,,,,0.29,1.37,0.64,0.62,0.75,1.07
Cdk5,plex_2,,,,,,,,,,0.86,1.33,1.02
Adrbk1,plex_2,,,,,,,,,,,,
Wdr20,plex_2,,,,,,,0.47,0.8,0.33,0.24,0.67,0.66
Wdr20,plex_2,,,,,,,0.47,0.8,0.33,0.24,0.67,0.66
Tomm5,plex_2,,,,,,,0.74,1.11,0.52,0.61,0.94,0.93
Spink1,plex_2,,,,,,,0.52,1.04,0.48,0.46,0.71,0.9
Snx29,plex_2,,,,,,,,,,,,
Map2k2,plex_2,,,,,,,0.72,1.48,0.53,0.86,0.91,1.29
Scrn1,plex_2,,,,,,,0.49,0.66,0.28,0.42,0.61,0.94
Sumo1,plex_2,,,,,,,0.33,0.73,0.4,0.46,0.51,0.61
Dio1,plex_2,,,,,,,0.71,0.99,0.92,1.27,0.64,1.36
Habp4,plex_2,,,,,,,0.46,1.05,0.37,0.73,0.44,1.01
Kctd12b,plex_2,,,,,,,,0.96,0.58,1.02,0.26,0.98
Pgap1,plex_2,,,,,,,0.75,1.19,0.47,0.91,0.64,1.44
Tmcc3,plex_2,,,,,,,0.4,1.14,0.16,0.82,0.59,1.07
Tmcc3,plex_2,,,,,,,0.4,1.14,0.16,0.82,0.59,1.07
Tmcc3,plex_2,,,,,,,0.4,1.14,0.16,0.82,0.59,1.07
Msl2,plex_2,,,,,,,0.63,0.9,0.77,0.66,0.64,1.29
Sh3glb2,plex_2,,,,,,,,2.6,,,1.58,3.35
Sh3glb2,plex_2,,,,,,,,2.6,,,1.58,3.35
Sh3glb2,plex_2,,,,,,,,2.6,,,1.58,3.35
Sh3glb2,plex_2,,,,,,,,2.6,,,1.58,3.35
Sh3glb2,plex_2,,,,,,,,2.6,,,1.58,3.35
Sh3glb2,plex_2,,,,,,,,2.6,,,1.58,3.35
Hook1,plex_2,,,,,,,0.76,1.5,0.9,1.03,,2.59
Apod,plex_2,,,,,,,0.59,1.46,0.8,0.81,0.41,1.34
Ccsmst1,plex_2,,,,,,,0.65,0.83,0.63,0.51,0.54,1.09
Pus1,plex_2,,,,,,,0.58,1.36,0.61,1.25,0.55,1.47
Pus1,plex_2,,,,,,,0.58,1.36,0.61,1.25,0.55,1.47
Pus1,plex_2,,,,,,,0.58,1.36,0.61,1.25,0.55,1.47
Pus1,plex_2,,,,,,,0.58,1.36,0.61,1.25,0.55,1.47
Pus1,plex_2,,,,,,,0.58,1.36,0.61,1.25,0.55,1.47
Pus1,plex_2,,,,,,,0.58,1.36,0.61,1.25,0.55,1.47
Gmeb2,plex_2,,,,,,,,,,,,
Unc119b,plex_2,,,,,,,0.39,1.16,,1.12,0.84,0.78
Pdf,plex_2,,,,,,,0.33,0.55,0.25,0.34,0.39,0.65
Arhgef17,plex_2,,,,,,,0.77,1.35,0.49,0.87,1.13,1.2
U2surp,plex_2,,,,,,,0.75,1.04,0.46,0.57,0.88,1.13
U2surp,plex_2,,,,,,,0.75,1.04,0.46,0.57,0.88,1.13
U2surp,plex_2,,,,,,,0.75,1.04,0.46,0.57,0.88,1.13
Card19,plex_2,,,,,,,,1.63,1.45,1.2,0.89,1.74
Srcap,plex_2,,,,,,,,,,,,
Gm42715,plex_2,,,,,,,,,,,,
Timm8b,plex_2,,,,,,,0.68,1.23,0.36,0.47,0.66,0.71
Krt76,plex_2,,,,,,,,,,,,
Prrc2c,plex_2,,,,,,,0.62,1.35,0.61,0.74,0.53,0.99
Prrc2c,plex_2,,,,,,,0.62,1.35,0.61,0.74,0.53,0.99
Zbtb20,plex_2,,,,,,,,,,,,
Zbtb20,plex_2,,,,,,,,,,,,
Zbtb20,plex_2,,,,,,,,,,,,
Lzic,plex_2,,,,,,,1.15,1.66,0.68,0.73,0.5,1.13
Vps37b,plex_2,,,,,,,0.35,0.91,0.48,0.59,0.62,0.86
Fkbp11,plex_2,,,,,,,0.68,0.79,0.58,0.75,0.58,1.43
St3gal6,plex_2,,,,,,,,,,,,
Thoc6,plex_2,,,,,,,,,,,,
Thoc6,plex_2,,,,,,,,,,,,
Thoc6,plex_2,,,,,,,,,,,,
Sec31b,plex_2,,,,,,,,,,,,
Sec31b,plex_2,,,,,,,,,,,,
Dcakd,plex_2,,,,,,,0.85,1.03,0.4,0.64,0.63,0.96
Hist1h1c,plex_2,,,,,,,0.52,1.25,0.59,0.77,0.33,0.96
Esrp1,plex_2,,,,,,,0.74,1.2,0.59,0.11,0.53,0.79
Esrp1,plex_2,,,,,,,0.74,1.2,0.59,0.11,0.53,0.79
Esrp1,plex_2,,,,,,,0.74,1.2,0.59,0.11,0.53,0.79
Esrp1,plex_2,,,,,,,0.74,1.2,0.59,0.11,0.53,0.79
Esrp1,plex_2,,,,,,,0.74,1.2,0.59,0.11,0.53,0.79
Esrp1,plex_2,,,,,,,0.74,1.2,0.59,0.11,0.53,0.79
Esrp1,plex_2,,,,,,,0.74,1.2,0.59,0.11,0.53,0.79
Rnf2,plex_2,,,,,,,1.83,5.31,1.53,3.95,2.6,3.5
Atp5g2,plex_2,,,,,,,0.72,1.12,0.62,0.87,0.57,1.21
Atp5g3,plex_2,,,,,,,0.72,1.12,0.62,0.87,0.57,1.21
Atp5g2,plex_2,,,,,,,0.72,1.12,0.62,0.87,0.57,1.21
Atp5g1,plex_2,,,,,,,0.72,1.12,0.62,0.87,0.57,1.21
Iglc3,plex_2,,,,,,,,,,,,
Iglc2,plex_2,,,,,,,,,,,,
Iglc3,plex_2,,,,,,,,,,,,
Iglc2,plex_2,,,,,,,,,,,,
Arfgap1,plex_2,,,,,,,0.55,0.87,0.45,0.58,0.72,0.87
Arfrp1,plex_2,,,,,,,,,,,,
Arpin,plex_2,,,,,,,1.05,1.66,0.9,0.84,0.76,1.28
Shank3,plex_2,,,,,,,0.56,0.99,0.66,0.72,0.78,1.58
Pkp2,plex_2,,,,,,,0.59,1.2,0.6,1.25,0.85,1.33
Pkp2,plex_2,,,,,,,0.59,1.2,0.6,1.25,0.85,1.33
Pkp2,plex_2,,,,,,,0.59,1.2,0.6,1.25,0.85,1.33
Tomm7,plex_2,,,,,,,0.64,0.99,0.34,0.48,1.03,0.9
Cd5l,plex_2,,,,,,,,,,,,
Mrpl54,plex_2,,,,,,,,,,,,
Ubp1,plex_2,,,,,,,,1.17,,,1.33,1.03
Ubp1,plex_2,,,,,,,,1.17,,,1.33,1.03
Slc10a2,plex_2,,,,,,,0.76,1.23,0.63,0.9,0.75,1.53
Slc10a2,plex_2,,,,,,,0.76,1.23,0.63,0.9,0.75,1.53
Dars2,plex_2,,,,,,,0.52,1.25,0.53,0.96,1.03,1.02
Cd38,plex_2,,,,,,,0.5,0.95,0.39,0.44,0.56,0.84
Cxxc5,plex_2,,,,,,,0.6,1.46,0.62,0.86,0.78,1.22
Lrrc8a,plex_2,,,,,,,0.42,0.88,0.43,1.03,0.87,1.08
Pelo,plex_2,,,,,,,,,,,,
Pelo,plex_2,,,,,,,,,,,,
Nudt16l1,plex_2,,,,,,,0.69,0.89,0.34,0.48,0.38,0.66
Nudt16l1,plex_2,,,,,,,0.69,0.89,0.34,0.48,0.38,0.66
Arglu1,plex_2,,,,,,,0.58,1.35,0.6,0.72,0.76,1.19
Sept8,plex_2,,,,,,,0.76,1.18,0.6,0.63,0.7,1.02
Sept8,plex_2,,,,,,,0.76,1.18,0.6,0.63,0.7,1.02
Sept8,plex_2,,,,,,,0.76,1.18,0.6,0.63,0.7,1.02
Sept8,plex_2,,,,,,,0.76,1.18,0.6,0.63,0.7,1.02
Sept8,plex_2,,,,,,,0.76,1.18,0.6,0.63,0.7,1.02
Prkch,plex_2,,,,,,,,,,,,
Prkch,plex_2,,,,,,,,,,,,
Prkch,plex_2,,,,,,,,,,,,
Prkch,plex_2,,,,,,,,,,,,
Ptpmt1,plex_2,,,,,,,,0.66,,,,0.76
Ptpmt1,plex_2,,,,,,,,0.66,,,,0.76
Rbx1,plex_2,,,,,,,0.74,1.36,0.62,0.72,1.14,0.8
Pak1,plex_2,,,,,,,0.53,1.41,0.66,0.65,0.71,1.15
Glb1l2,plex_2,,,,,,,0.57,1.62,0.68,0.5,0.7,1.49
Glb1l2,plex_2,,,,,,,0.57,1.62,0.68,0.5,0.7,1.49
Glb1l2,plex_2,,,,,,,0.57,1.62,0.68,0.5,0.7,1.49
Glb1l2,plex_2,,,,,,,0.57,1.62,0.68,0.5,0.7,1.49
Glb1l2,plex_2,,,,,,,0.57,1.62,0.68,0.5,0.7,1.49
Dnajc5,plex_2,,,,,,,0.67,1.11,0.44,0.63,0.67,0.96
Slc15a2,plex_2,,,,,,,0.65,1.42,0.47,0.58,1.07,0.86
Slc15a2,plex_2,,,,,,,0.65,1.42,0.47,0.58,1.07,0.86
Slc15a2,plex_2,,,,,,,0.65,1.42,0.47,0.58,1.07,0.86
Slc15a2,plex_2,,,,,,,0.65,1.42,0.47,0.58,1.07,0.86
Tomm20,plex_2,,,,,,,1.11,1.48,0.53,0.86,1.22,1.29
Rbks,plex_2,,,,,,,,,,,,
Skint5,plex_2,,,,,,,0.91,1.13,0.92,0.43,0.59,1.14
Skint5,plex_2,,,,,,,0.91,1.13,0.92,0.43,0.59,1.14
Zc3h4,plex_2,,,,,,,0.97,1.96,1.31,0.79,1.7,2.21
Zc3h4,plex_2,,,,,,,0.97,1.96,1.31,0.79,1.7,2.21
Zc3h4,plex_2,,,,,,,0.97,1.96,1.31,0.79,1.7,2.21
Trpv4,plex_2,,,,,,,0.56,1.03,0.52,0.61,0.67,1.35
Trpv4,plex_2,,,,,,,0.56,1.03,0.52,0.61,0.67,1.35
Trpv4,plex_2,,,,,,,0.56,1.03,0.52,0.61,0.67,1.35
Trpv4,plex_2,,,,,,,0.56,1.03,0.52,0.61,0.67,1.35
Tmem176b,plex_2,,,,,,,0.51,1.28,0.74,0.83,0.65,1.93
Lsm12,plex_2,,,,,,,0.63,1.19,0.38,0.65,0.69,0.9
Dip2a,plex_2,,,,,,,,,,,,
C1qtnf2,plex_2,,,,,,,0.63,1.41,0.67,0.66,0.82,1.39
Litaf,plex_2,,,,,,,0.82,1.25,0.67,0.97,0.76,1.02
H2-Ke6,plex_2,,,,,,,,,,,,
Plrg1,plex_2,,,,,,,0.62,1.01,0.47,0.51,0.68,0.98
Plrg1,plex_2,,,,,,,0.62,1.01,0.47,0.51,0.68,0.98
Plrg1,plex_2,,,,,,,0.62,1.01,0.47,0.51,0.68,0.98
Tubb3,plex_2,,,,,,,0.75,1.36,0.57,0.55,1.2,1.25
Pik3r4,plex_2,,,,,,,0.7,1.8,0.89,0.9,0.65,1.32
Nfkb1,plex_2,,,,,,,0.38,1.16,0.56,0.57,0.59,0.91
Nfkb1,plex_2,,,,,,,0.38,1.16,0.56,0.57,0.59,0.91
Nfkb1,plex_2,,,,,,,0.38,1.16,0.56,0.57,0.59,0.91
Ppil3,plex_2,,,,,,,,,,,,
Arnt,plex_2,,,,,,,,,,,,
Ireb2,plex_2,,,,,,,0.76,1.26,0.61,0.75,0.88,1.05
Fry,plex_2,,,,,,,,,,,,
Fry,plex_2,,,,,,,,,,,,
Clcn5,plex_2,,,,,,,0.69,0.83,0.38,0.49,0.49,0.92
Bmp2k,plex_2,,,,,,,0.48,1.1,0.44,0.49,0.52,0.94
Fabp4,plex_2,,,,,,,,,,,,
Osgep,plex_2,,,,,,,0.81,0.2,,0.66,,0.95
Osgep,plex_2,,,,,,,0.81,0.2,,0.66,,0.95
Ddx3y,plex_2,,,,,,,,,,,,
Cox10,plex_2,,,,,,,0.66,1.12,0.47,0.71,0.54,1.29
Atg12,plex_2,,,,,,,0.53,1.03,0.5,0.67,0.37,0.85
Dhrs7b,plex_2,,,,,,,0.47,0.89,0.37,0.76,0.77,1.15
Dhrs7b,plex_2,,,,,,,0.47,0.89,0.37,0.76,0.77,1.15
Dhrs7b,plex_2,,,,,,,0.47,0.89,0.37,0.76,0.77,1.15
Vcpip1,plex_2,,,,,,,0.96,2.24,0.68,1.3,1.46,2.09
Vcpip1,plex_2,,,,,,,0.96,2.24,0.68,1.3,1.46,2.09
Gpt2,plex_2,,,,,,,0.53,1.07,0.34,0.62,0.41,1.58
Gpt2,plex_2,,,,,,,0.53,1.07,0.34,0.62,0.41,1.58
Fam133b,plex_2,,,,,,,0.74,1.08,0.39,0.51,0.3,1.03
Prkg1,plex_2,,,,,,,0.71,0.96,0.58,0.56,0.88,1.46
Arl15,plex_2,,,,,,,0.76,1.35,0.37,0.6,0.59,1.52
Pttg1ip,plex_2,,,,,,,0.51,1.19,0.59,0.65,0.57,0.84
Pttg1ip,plex_2,,,,,,,0.51,1.19,0.59,0.65,0.57,0.84
Brd4,plex_2,,,,,,,,0.79,,0.77,0.62,1.17
Eif2b5,plex_2,,,,,,,0.72,1.03,0.68,0.87,0.98,1.13
Os9,plex_2,,,,,,,0.46,1.32,0.37,0.73,0.62,0.81
Cyba,plex_2,,,,,,,0.66,0.77,0.51,0.62,0.6,0.93
Cyba,plex_2,,,,,,,0.66,0.77,0.51,0.62,0.6,0.93
Cyba,plex_2,,,,,,,0.66,0.77,0.51,0.62,0.6,0.93
Cyba,plex_2,,,,,,,0.66,0.77,0.51,0.62,0.6,0.93
,plex_2,,,,,,,0.5,1.51,0.65,1.33,0.72,1.51
Rpl37,plex_2,,,,,,,0.65,1.19,0.28,0.95,0.61,1.08
Pcbp3,plex_2,,,,,,,0.69,1.16,0.69,0.42,1.11,0.8
Pcbp3,plex_2,,,,,,,0.69,1.16,0.69,0.42,1.11,0.8
Slc35a3,plex_2,,,,,,,0.56,1.22,0.55,0.55,0.52,1.32
Slc35a3,plex_2,,,,,,,0.56,1.22,0.55,0.55,0.52,1.32
Slc35a3,plex_2,,,,,,,0.56,1.22,0.55,0.55,0.52,1.32
Thsd1,plex_2,,,,,,,1.11,3.52,1.25,1.94,1.73,2.26
Thsd1,plex_2,,,,,,,1.11,3.52,1.25,1.94,1.73,2.26
Thsd1,plex_2,,,,,,,1.11,3.52,1.25,1.94,1.73,2.26
Cbx1,plex_2,,,,,,,0.61,1.29,0.49,0.59,0.69,1.03
Stim1,plex_2,,,,,,,0.6,1.46,0.52,0.71,0.66,0.99
Specc1l,plex_2,,,,,,,0.55,1.21,0.54,0.98,0.74,1.61
Rgl3,plex_2,,,,,,,0.42,1.05,0.4,0.52,0.87,1.18
,plex_2,,,,,,,0.46,1.77,0.41,0.44,1.58,1.35
Ptprd,plex_2,,,,,,,0.66,0.72,0.32,0.63,0.4,1.28
Ptprd,plex_2,,,,,,,0.66,0.72,0.32,0.63,0.4,1.28
Ptprd,plex_2,,,,,,,0.66,0.72,0.32,0.63,0.4,1.28
Ptprd,plex_2,,,,,,,0.66,0.72,0.32,0.63,0.4,1.28
Ptprd,plex_2,,,,,,,0.66,0.72,0.32,0.63,0.4,1.28
Ptprd,plex_2,,,,,,,0.66,0.72,0.32,0.63,0.4,1.28
Ptprd,plex_2,,,,,,,0.66,0.72,0.32,0.63,0.4,1.28
Ptprd,plex_2,,,,,,,0.66,0.72,0.32,0.63,0.4,1.28
Ptprd,plex_2,,,,,,,0.66,0.72,0.32,0.63,0.4,1.28
Slc35a4,plex_2,,,,,,,0.8,1.1,0.49,0.77,0.73,1.39
Cdo1,plex_2,,,,,,,0.71,1.04,0.61,0.7,0.54,0.84
Mgat1,plex_2,,,,,,,0.55,1.38,0.48,0.67,0.72,1.45
Snx15,plex_2,,,,,,,0.69,1.6,0.55,0.81,1.42,1.18
Ttc23l,plex_2,,,,,,,0.62,1.14,0.7,0.63,0.84,1.02
Myl3,plex_2,,,,,,,,,,,,
Calu,plex_2,,,,,,,0.72,1.39,0.63,0.67,0.63,1.16
Ergic1,plex_2,,,,,,,0.75,1.15,0.41,0.87,0.47,1.46
Ergic1,plex_2,,,,,,,0.75,1.15,0.41,0.87,0.47,1.46
Obscn,plex_2,,,,,,,0.8,1.33,0.59,0.79,0.87,1.11
Ssfa2,plex_2,,,,,,,0.63,1.06,0.48,0.67,0.63,0.89
Atp2a3,plex_2,,,,,,,,,,,,
Atp2a3,plex_2,,,,,,,,,,,,
Stx16,plex_2,,,,,,,,,,,,
Aifm2,plex_2,,,,,,,0.77,1.28,0.53,0.73,0.68,1.04
Stk25,plex_2,,,,,,,0.59,0.98,0.59,0.62,0.66,1.15
Vldlr,plex_2,,,,,,,,1.5,0.63,0.71,0.58,0.56
Vldlr,plex_2,,,,,,,,1.5,0.63,0.71,0.58,0.56
Ifi204,plex_2,,,,,,,1.13,1.43,0.47,0.53,0.74,1.21
Ifi204,plex_2,,,,,,,1.13,1.43,0.47,0.53,0.74,1.21
Ifi204,plex_2,,,,,,,1.13,1.43,0.47,0.53,0.74,1.21
Gorasp1,plex_2,,,,,,,0.86,2.05,0.72,1.16,1.26,1.69
Tmem173,plex_2,,,,,,,0.93,1.21,0.82,0.69,0.96,1.54
Tmem173,plex_2,,,,,,,0.93,1.21,0.82,0.69,0.96,1.54
Stxbp6,plex_2,,,,,,,0.42,0.83,0.49,0.5,0.52,0.89
Stxbp6,plex_2,,,,,,,0.42,0.83,0.49,0.5,0.52,0.89
Rab3gap1,plex_2,,,,,,,0.59,1.05,0.39,0.69,0.59,1.08
Tnnc2,plex_2,,,,,,,,2.43,0.91,2.22,0.54,
Mtpap,plex_2,,,,,,,,,,,,
Sco1,plex_2,,,,,,,0.67,1.19,0.45,1.03,0.75,1.34
Sco1,plex_2,,,,,,,0.67,1.19,0.45,1.03,0.75,1.34
Anapc13,plex_2,,,,,,,,1.22,0.46,,1.0,1.24
Ogfr,plex_2,,,,,,,,0.9,0.41,0.59,0.81,0.75
Tpm2,plex_2,,,,,,,0.71,0.81,0.61,0.58,0.68,0.84
Mpp5,plex_2,,,,,,,0.68,1.36,0.55,0.84,0.86,1.06
Ociad2,plex_2,,,,,,,,0.73,0.57,1.37,,0.76
Ociad2,plex_2,,,,,,,,0.73,0.57,1.37,,0.76
Slc26a1,plex_2,,,,,,,0.6,0.8,0.55,0.65,0.87,1.26
Crnkl1,plex_2,,,,,,,,,,,,
Atp12a,plex_2,,,,,,,,,,,,
Tmem201,plex_2,,,,,,,0.69,1.39,0.67,0.73,0.71,1.4
Vps52,plex_2,,,,,,,1.02,2.28,0.79,1.15,0.81,1.9
Vps52,plex_2,,,,,,,1.02,2.28,0.79,1.15,0.81,1.9
Vps52,plex_2,,,,,,,1.02,2.28,0.79,1.15,0.81,1.9
Cox7b,plex_2,,,,,,,0.75,1.12,0.75,0.79,0.64,1.07
Ppp1r14a,plex_2,,,,,,,,,,,,
Strn3,plex_2,,,,,,,0.89,0.74,0.26,0.33,0.88,1.17
Strn3,plex_2,,,,,,,0.89,0.74,0.26,0.33,0.88,1.17
Svip,plex_2,,,,,,,,,,,,
Sos1,plex_2,,,,,,,0.63,1.17,0.48,0.69,0.79,1.43
Serpind1,plex_2,,,,,,,0.37,2.11,0.29,1.85,0.97,1.49
Sfrp1,plex_2,,,,,,,0.81,1.12,0.52,0.82,0.66,1.59
Dda1,plex_2,,,,,,,0.69,1.19,0.61,0.72,0.56,1.03
Tanc2,plex_2,,,,,,,1.5,1.77,1.01,,0.64,1.69
Tanc2,plex_2,,,,,,,1.5,1.77,1.01,,0.64,1.69
Lsm2,plex_2,,,,,,,0.62,1.14,0.53,0.39,0.64,0.92
Lsm2,plex_2,,,,,,,0.62,1.14,0.53,0.39,0.64,0.92
Lsm2,plex_2,,,,,,,0.62,1.14,0.53,0.39,0.64,0.92
Lsm2,plex_2,,,,,,,0.62,1.14,0.53,0.39,0.64,0.92
Lsm2,plex_2,,,,,,,0.62,1.14,0.53,0.39,0.64,0.92
Tprg1l,plex_2,,,,,,,2.52,2.26,1.37,,1.84,1.91
Tprgl,plex_2,,,,,,,2.52,2.26,1.37,,1.84,1.91
Gstm7,plex_2,,,,,,,0.73,1.23,0.51,0.54,0.92,1.11
Met,plex_2,,,,,,,,9.81,,1.37,,1.43
Met,plex_2,,,,,,,,9.81,,1.37,,1.43
Met,plex_2,,,,,,,,9.81,,1.37,,1.43
Met,plex_2,,,,,,,,9.81,,1.37,,1.43
Pikfyve,plex_2,,,,,,,0.69,1.03,0.52,0.65,0.74,0.97
Pikfyve,plex_2,,,,,,,0.69,1.03,0.52,0.65,0.74,0.97
Acot3,plex_2,,,,,,,,,,,,
Acot3,plex_2,,,,,,,,,,,,
Apoc4,plex_2,,,,,,,0.63,0.57,,,,0.57
Vrk3,plex_2,,,,,,,,,,,,
Elovl2,plex_2,,,,,,,,,,,,
Lman2l,plex_2,,,,,,,0.8,0.72,0.39,0.62,0.65,0.92
Lman2l,plex_2,,,,,,,0.8,0.72,0.39,0.62,0.65,0.92
Nfxl1,plex_2,,,,,,,0.81,1.42,0.26,0.94,0.57,1.05
Tarsl2,plex_2,,,,,,,,,,,,
Slc25a30,plex_2,,,,,,,,,,,,
Rhbg,plex_2,,,,,,,1.07,1.28,0.79,0.77,0.92,1.22
Gm38392,plex_2,,,,,,,1.07,1.28,0.79,0.77,0.92,1.22
Rhbg,plex_2,,,,,,,1.07,1.28,0.79,0.77,0.92,1.22
Slc16a10,plex_2,,,,,,,0.74,1.08,0.57,0.63,0.67,1.12
Slc16a10,plex_2,,,,,,,0.74,1.08,0.57,0.63,0.67,1.12
Sestd1,plex_2,,,,,,,0.44,1.29,0.93,0.65,0.42,1.34
Mtmr6,plex_2,,,,,,,0.75,0.89,0.6,0.67,0.6,1.81
Mtmr6,plex_2,,,,,,,0.75,0.89,0.6,0.67,0.6,1.81
Ndufb2,plex_2,,,,,,,0.87,1.66,0.73,0.91,0.89,1.75
Naalad2,plex_2,,,,,,,0.72,1.1,0.57,0.66,0.68,1.18
Naalad2,plex_2,,,,,,,0.72,1.1,0.57,0.66,0.68,1.18
Wbscr27,plex_2,,,,,,,0.74,1.55,0.61,0.86,0.86,0.87
Wbscr27,plex_2,,,,,,,0.74,1.55,0.61,0.86,0.86,0.87
Wbscr27,plex_2,,,,,,,0.74,1.55,0.61,0.86,0.86,0.87
Wbscr27,plex_2,,,,,,,0.74,1.55,0.61,0.86,0.86,0.87
Wbscr27,plex_2,,,,,,,0.74,1.55,0.61,0.86,0.86,0.87
Wbscr27,plex_2,,,,,,,0.74,1.55,0.61,0.86,0.86,0.87
Hmgcs2,plex_2,,,,,,,0.54,1.42,0.49,1.09,0.77,1.31
Hmgcs2,plex_2,,,,,,,0.54,1.42,0.49,1.09,0.77,1.31
Pax8,plex_2,,,,,,,0.51,1.22,0.53,0.59,0.59,0.7
Pax8,plex_2,,,,,,,0.51,1.22,0.53,0.59,0.59,0.7
,plex_2,,,,,,,0.51,1.22,0.53,0.59,0.59,0.7
Pax8,plex_2,,,,,,,0.51,1.22,0.53,0.59,0.59,0.7
Pax8,plex_2,,,,,,,0.51,1.22,0.53,0.59,0.59,0.7
Pon2,plex_2,,,,,,,0.78,0.94,0.32,1.05,0.75,1.55
,plex_2,,,,,,,0.52,0.92,0.44,0.65,0.54,1.04
Thbd,plex_2,,,,,,,0.52,0.92,0.44,0.65,0.54,1.04
Strbp,plex_2,,,,,,,0.51,0.85,0.48,0.65,0.41,1.06
Strbp,plex_2,,,,,,,0.51,0.85,0.48,0.65,0.41,1.06
Rfc2,plex_2,,,,,,,0.96,1.3,0.65,0.54,0.67,0.9
Rfc2,plex_2,,,,,,,0.96,1.3,0.65,0.54,0.67,0.9
Rfc2,plex_2,,,,,,,0.96,1.3,0.65,0.54,0.67,0.9
Jam3,plex_2,,,,,,,,,,,,
Chrng,plex_2,,,,,,,1.03,1.73,0.6,0.75,1.23,1.31
Luc7l,plex_2,,,,,,,,,,,,
Supt5h,plex_2,,,,,,,0.41,1.11,0.59,0.88,0.57,0.97
Supt5h,plex_2,,,,,,,0.41,1.11,0.59,0.88,0.57,0.97
Bpifa3,plex_2,,,,,,,,,,,,
Bpifa3,plex_2,,,,,,,,,,,,
Irf2bp1,plex_2,,,,,,,0.45,1.07,0.43,0.97,0.78,1.17
Irf2bp1,plex_2,,,,,,,0.45,1.07,0.43,0.97,0.78,1.17
Tmem57,plex_2,,,,,,,1.19,2.83,0.83,2.4,1.55,3.05
Psg28,plex_2,,,,,,,,,,,,
Slco4c1,plex_2,,,,,,,,,,,,
Inadl,plex_2,,,,,,,0.78,1.26,0.65,0.8,0.86,1.19
Inadl,plex_2,,,,,,,0.78,1.26,0.65,0.8,0.86,1.19
Srsf5,plex_2,,,,,,,1.4,1.13,1.09,1.03,0.35,2.01
Srsf5,plex_2,,,,,,,1.4,1.13,1.09,1.03,0.35,2.01
Tmem102,plex_2,,,,,,,,,,,,
Sphk2,plex_2,,,,,,,,,,,,
Sphk2,plex_2,,,,,,,,,,,,
Rilp,plex_2,,,,,,,,,,,,
Zbtb10,plex_2,,,,,,,,,,,,
Adamts18,plex_2,,,,,,,0.79,1.48,0.72,0.77,0.97,1.62
A1bg,plex_2,,,,,,,0.32,0.74,0.47,1.14,0.79,0.97
Rab13,plex_2,,,,,,,0.4,0.68,,0.64,0.74,0.9
Rab13,plex_2,,,,,,,0.4,0.68,,0.64,0.74,0.9
Acly,plex_2,,,,,,,0.58,0.87,0.69,1.06,0.37,1.23
Nuak2,plex_2,,,,,,,0.96,1.62,0.56,0.56,0.92,2.0
Nuak2,plex_2,,,,,,,0.96,1.62,0.56,0.56,0.92,2.0
Slc27a4,plex_2,,,,,,,0.58,0.72,0.55,0.54,0.6,1.48
Slc27a4,plex_2,,,,,,,0.58,0.72,0.55,0.54,0.6,1.48
Sqstm1,plex_2,,,,,,,1.28,1.63,1.52,0.48,1.46,1.62
Npc1,plex_2,,,,,,,0.39,0.77,0.62,0.87,0.56,1.28
Them6,plex_2,,,,,,,0.97,,,,,2.49
Trim42,plex_2,,,,,,,0.48,0.76,0.6,0.55,0.68,0.76
Leo1,plex_2,,,,,,,0.65,1.36,0.4,0.45,0.59,0.79
Smap2,plex_2,,,,,,,0.63,1.06,0.63,0.68,0.56,0.95
Smap2,plex_2,,,,,,,0.63,1.06,0.63,0.68,0.56,0.95
Zfp185,plex_2,,,,,,,0.48,1.5,0.63,0.78,0.68,1.38
Zfp185,plex_2,,,,,,,0.48,1.5,0.63,0.78,0.68,1.38
Zfp185,plex_2,,,,,,,0.48,1.5,0.63,0.78,0.68,1.38
Mtmr2,plex_2,,,,,,,1.58,2.51,1.26,1.48,2.05,2.86
Mtmr2,plex_2,,,,,,,1.58,2.51,1.26,1.48,2.05,2.86
Vps51,plex_2,,,,,,,0.87,0.96,0.61,0.61,0.75,1.13
Bzw2,plex_2,,,,,,,1.44,1.68,0.93,1.12,2.25,2.51
Tcerg1l,plex_2,,,,,,,,,,,,
Tcerg1l,plex_2,,,,,,,,,,,,
Chchd7,plex_2,,,,,,,0.29,0.74,0.49,0.38,0.36,0.77
Chchd7,plex_2,,,,,,,0.29,0.74,0.49,0.38,0.36,0.77
Chchd7,plex_2,,,,,,,0.29,0.74,0.49,0.38,0.36,0.77
Chchd7,plex_2,,,,,,,0.29,0.74,0.49,0.38,0.36,0.77
Chchd7,plex_2,,,,,,,0.29,0.74,0.49,0.38,0.36,0.77
Chchd7,plex_2,,,,,,,0.29,0.74,0.49,0.38,0.36,0.77
Scamp4,plex_2,,,,,,,,,,,,
Scamp4,plex_2,,,,,,,,,,,,
Arhgef19,plex_2,,,,,,,0.79,1.18,0.55,0.58,0.68,0.95
Igkv15-103,plex_2,,,,,,,,,,,,
Myo9b,plex_2,,,,,,,0.63,1.03,0.53,0.68,0.95,1.6
Myo9b,plex_2,,,,,,,0.63,1.03,0.53,0.68,0.95,1.6
Als2,plex_2,,,,,,,0.73,1.31,0.47,1.3,0.88,1.35
Cdk5rap2,plex_2,,,,,,,0.61,1.14,0.54,0.9,0.83,1.09
Ppil4,plex_2,,,,,,,0.62,0.81,0.54,0.49,0.7,0.8
Tbl1xr1,plex_2,,,,,,,,,,,,
Tbl1xr1,plex_2,,,,,,,,,,,,
Pld2,plex_2,,,,,,,,,,,,
Pld2,plex_2,,,,,,,,,,,,
Acsl3,plex_2,,,,,,,,,,,,
Mtmr9,plex_2,,,,,,,0.5,1.04,0.48,0.68,0.56,1.19
Mtmr9,plex_2,,,,,,,0.5,1.04,0.48,0.68,0.56,1.19
Hfe,plex_2,,,,,,,,,,,,
Hfe,plex_2,,,,,,,,,,,,
,plex_2,,,,,,,,,,,,
Mb,plex_2,,,,,,,1.21,0.58,0.78,0.36,0.71,0.45
Dnah9,plex_2,,,,,,,1.02,2.75,0.9,1.82,1.52,1.9
Tbcc,plex_2,,,,,,,1.41,0.81,0.34,0.81,0.89,1.0
Tbcc,plex_2,,,,,,,1.41,0.81,0.34,0.81,0.89,1.0
Mrpl35,plex_2,,,,,,,0.58,0.52,0.4,0.56,0.72,0.8
Lama2,plex_2,,,,,,,0.62,0.6,0.5,0.56,1.08,1.85
Ddx47,plex_2,,,,,,,0.46,1.36,0.35,1.1,0.49,0.88
L,plex_2,,,,,,,,,,,,
Mkl2,plex_2,,,,,,,0.29,1.58,0.58,1.02,0.57,2.01
Mkl2,plex_2,,,,,,,0.29,1.58,0.58,1.02,0.57,2.01
Mkl2,plex_2,,,,,,,0.29,1.58,0.58,1.02,0.57,2.01
Ube2o,plex_2,,,,,,,0.4,1.82,1.81,,1.87,
Rcc2,plex_2,,,,,,,0.66,1.35,0.63,0.68,0.8,1.24
Rhoc,plex_2,,,,,,,0.6,0.65,0.46,0.45,0.56,0.74
Gabpa,plex_2,,,,,,,0.73,0.81,0.37,,1.4,0.88
Gabpa,plex_2,,,,,,,0.73,0.81,0.37,,1.4,0.88
,plex_2,,,,,,,0.73,0.81,0.37,,1.4,0.88
Lasp1,plex_2,,,,,,,0.92,1.82,0.85,0.73,0.95,1.59
Osbpl9,plex_2,,,,,,,0.46,0.64,0.3,0.56,0.34,1.27
Osbpl9,plex_2,,,,,,,0.46,0.64,0.3,0.56,0.34,1.27
Osbpl9,plex_2,,,,,,,0.46,0.64,0.3,0.56,0.34,1.27
Osbpl9,plex_2,,,,,,,0.46,0.64,0.3,0.56,0.34,1.27
Osbpl9,plex_2,,,,,,,0.46,0.64,0.3,0.56,0.34,1.27
Osbpl9,plex_2,,,,,,,0.46,0.64,0.3,0.56,0.34,1.27
Osbpl9,plex_2,,,,,,,0.46,0.64,0.3,0.56,0.34,1.27
Dnaja4,plex_2,,,,,,,,,,,,
Rdh10,plex_2,,,,,,,0.65,1.02,0.47,0.6,0.55,1.05
Tspo,plex_2,,,,,,,0.73,0.81,0.55,0.45,0.57,1.12
Ifitm3,plex_2,,,,,,,0.63,0.62,0.2,0.43,0.43,0.83
Ifitm2,plex_2,,,,,,,0.63,0.62,0.2,0.43,0.43,0.83
Nsmce4a,plex_2,,,,,,,1.14,1.25,0.46,0.7,1.28,1.06
Rcsd1,plex_2,,,,,,,,,,,,
Otulin,plex_2,,,,,,,0.83,1.62,0.78,0.92,0.94,1.41
Dnhd1,plex_2,,,,,,,0.75,1.32,0.49,0.71,0.9,1.16
Mtmr12,plex_2,,,,,,,0.64,0.53,0.29,,,0.95
Ikbkap,plex_2,,,,,,,0.63,1.06,0.49,0.59,0.97,1.32
Myo1e,plex_2,,,,,,,0.57,1.45,0.71,1.01,0.85,1.67
Spire2,plex_2,,,,,,,0.5,1.12,0.42,0.74,0.83,2.07
Lsg1,plex_2,,,,,,,,,,,,
Cnot7,plex_2,,,,,,,,,,,,
Necap2,plex_2,,,,,,,0.67,1.05,0.72,0.76,0.75,1.61
Necap2,plex_2,,,,,,,0.67,1.05,0.72,0.76,0.75,1.61
Dnajc30,plex_2,,,,,,,0.76,1.32,0.88,0.57,0.93,1.04
Dnajc30,plex_2,,,,,,,0.76,1.32,0.88,0.57,0.93,1.04
Dnajc30,plex_2,,,,,,,0.76,1.32,0.88,0.57,0.93,1.04
Dnajc30,plex_2,,,,,,,0.76,1.32,0.88,0.57,0.93,1.04
Mtg2,plex_2,,,,,,,,,,,,
Hmgn3,plex_2,,,,,,,0.89,1.53,0.52,0.89,0.65,0.76
Cnot1,plex_2,,,,,,,0.48,0.95,0.45,0.53,0.51,0.77
Cnot1,plex_2,,,,,,,0.48,0.95,0.45,0.53,0.51,0.77
Dnah6,plex_2,,,,,,,1.12,2.28,0.89,1.31,1.57,2.14
Ptcd2,plex_2,,,,,,,0.8,1.1,0.5,0.61,0.65,1.02
Prpf6,plex_2,,,,,,,0.78,1.05,0.48,0.57,,1.18
Tysnd1,plex_2,,,,,,,0.96,1.36,0.66,0.97,0.82,1.69
Alkbh6,plex_2,,,,,,,0.66,1.1,0.6,0.78,0.56,1.02
Alkbh6,plex_2,,,,,,,0.66,1.1,0.6,0.78,0.56,1.02
Sfxn5,plex_2,,,,,,,0.56,0.99,0.49,0.62,0.73,1.03
Hax1,plex_2,,,,,,,1.32,2.15,0.76,1.54,1.18,1.69
Hax1,plex_2,,,,,,,1.32,2.15,0.76,1.54,1.18,1.69
Lyrm7,plex_2,,,,,,,0.44,0.99,0.43,0.42,0.57,0.99
Csnk2a2,plex_2,,,,,,,0.49,1.32,0.59,0.63,0.41,1.3
Ei24,plex_2,,,,,,,0.83,2.25,0.89,1.79,0.99,1.77
Ei24,plex_2,,,,,,,0.83,2.25,0.89,1.79,0.99,1.77
Aqp4,plex_2,,,,,,,,,,,,
Rims2,plex_2,,,,,,,,,,,,
Pafah1b3,plex_2,,,,,,,0.53,0.72,0.81,0.72,0.43,1.62
Pafah1b3,plex_2,,,,,,,0.53,0.72,0.81,0.72,0.43,1.62
Mrc2,plex_2,,,,,,,0.72,0.92,0.57,0.61,0.79,1.39
Chkb,plex_2,,,,,,,0.6,0.77,0.32,0.84,0.41,0.63
Gnpda2,plex_2,,,,,,,0.64,1.25,0.14,0.76,0.56,1.25
Gnpda2,plex_2,,,,,,,0.64,1.25,0.14,0.76,0.56,1.25
Mrpl30,plex_2,,,,,,,0.63,0.92,0.37,0.57,0.78,0.87
Fmnl3,plex_2,,,,,,,,,,,,
Fmnl3,plex_2,,,,,,,,,,,,
Bpnt1,plex_2,,,,,,,0.46,0.76,0.52,0.07,0.69,0.47
Get4,plex_2,,,,,,,0.89,1.38,0.58,0.96,0.82,1.37
Lrsam1,plex_2,,,,,,,,,,,,
Serpinb6b,plex_2,,,,,,,,,,,,
Serpinb6b,plex_2,,,,,,,,,,,,
Pomc,plex_2,,,,,,,0.63,6.59,0.91,2.4,1.19,3.17
Tpm3,plex_2,,,,,,,0.37,0.76,0.48,0.56,0.35,1.14
Tpm3,plex_2,,,,,,,0.37,0.76,0.48,0.56,0.35,1.14
Plau,plex_2,,,,,,,,,,,,
Dopey2,plex_2,,,,,,,,,,,,
Dopey2,plex_2,,,,,,,,,,,,
Kif3b,plex_2,,,,,,,0.92,1.12,0.55,0.66,0.93,1.13
Utp20,plex_2,,,,,,,0.46,0.64,0.41,0.65,0.57,1.22
Utp20,plex_2,,,,,,,0.46,0.64,0.41,0.65,0.57,1.22
Armcx4,plex_2,,,,,,,1.98,6.94,1.78,3.49,2.88,4.3
Slc12a2,plex_2,,,,,,,,,,,,
Slc23a3,plex_2,,,,,,,,,,,,
Slc23a3,plex_2,,,,,,,,,,,,
Arhgef1,plex_2,,,,,,,,1.19,0.73,0.72,0.94,0.95
mCG_120563,plex_2,,,,,,,0.62,0.97,0.46,0.66,0.61,1.11
Slc22a18,plex_2,,,,,,,,,,,,
Slc22a18,plex_2,,,,,,,,,,,,
Slc22a18,plex_2,,,,,,,,,,,,
Gtpbp3,plex_2,,,,,,,,,,,,
Gtpbp3,plex_2,,,,,,,,,,,,
Abcc8,plex_2,,,,,,,0.61,1.08,0.65,0.67,0.89,1.23
Abcc8,plex_2,,,,,,,0.61,1.08,0.65,0.67,0.89,1.23
Hk2,plex_2,,,,,,,0.66,1.02,0.52,0.54,0.97,0.92
Brcc3,plex_2,,,,,,,0.7,1.03,0.48,0.62,0.61,1.21
Brcc3,plex_2,,,,,,,0.7,1.03,0.48,0.62,0.61,1.21
Abca1,plex_2,,,,,,,0.71,1.51,0.61,0.73,1.0,1.01
Wee2,plex_2,,,,,,,,,,,,
Wee2,plex_2,,,,,,,,,,,,
