gene_symbol,tmt_plex,Mmus_C57-6J_GST_GC_Rep1_M33,Mmus_C57-6J_GST_GC_Rep2_M34,Mmus_C57-6J_GST_GC_Rep3_M35,Mmus_C57-6J_GST_FLT_Rep1_M23,Mmus_C57-6J_GST_FLT_Rep2_M24,Mmus_C57-6J_GST_FLT_Rep3_M25,Mmus_C57-6J_GST_GC_Rep4_M36,Mmus_C57-6J_GST_GC_Rep5_M37,Mmus_C57-6J_GST_GC_Rep6_M38,Mmus_C57-6J_GST_FLT_Rep4_M26,Mmus_C57-6J_GST_FLT_Rep5_M27,Mmus_C57-6J_GST_FLT_Rep6_M28
Ttn,plex_1,0.75,0.92,0.24,1.03,0.74,0.9,,,,,,
Neb,plex_1,0.73,0.92,0.24,0.99,0.72,0.86,,,,,,
Myh4,plex_1,0.81,0.94,0.27,0.92,0.79,0.85,,,,,,
Ryr1,plex_1,0.83,1.0,0.28,1.08,0.75,1.06,,,,,,
Plec,plex_1,0.66,0.83,0.21,1.27,0.63,1.01,,,,,,
Myom2,plex_1,0.75,0.94,0.25,0.9,0.77,0.87,,,,,,
Obscn,plex_1,0.68,0.91,0.23,1.29,0.64,1.01,,,,,,
Myom1,plex_1,0.71,0.97,0.24,1.02,0.75,0.85,,,,,,
Mybpc2,plex_1,0.83,0.96,0.27,0.9,0.82,0.78,,,,,,
Flnc,plex_1,0.7,0.92,0.2,1.42,0.62,1.09,,,,,,
Myh7,plex_1,0.6,1.17,0.1,0.98,0.52,0.9,,,,,,
Atp2a1,plex_1,0.79,0.99,0.28,1.01,0.7,1.03,,,,,,
Actn3,plex_1,0.79,0.97,0.29,0.98,0.78,0.85,,,,,,
Myh1,plex_1,0.32,0.65,0.14,1.81,0.32,1.42,,,,,,
Col6a3,plex_1,0.66,0.91,0.2,0.95,0.53,1.1,,,,,,
Naca,plex_1,0.67,0.84,0.26,1.15,0.69,0.87,,,,,,
Mybpc1,plex_1,0.49,0.72,0.19,1.52,0.5,1.1,,,,,,
Pygm,plex_1,0.79,0.97,0.26,0.95,0.74,0.86,,,,,,
Acta1,plex_1,0.78,0.91,0.26,0.97,0.8,0.87,,,,,,
Agl,plex_1,0.74,0.94,0.25,1.07,0.72,0.94,,,,,,
Pfkm,plex_1,0.8,0.97,0.25,1.0,0.76,0.87,,,,,,
Fbn1,plex_1,0.51,0.67,0.24,1.02,0.56,0.89,,,,,,
Ckm,plex_1,0.83,0.91,0.27,1.01,0.84,0.9,,,,,,
Alb,plex_1,0.54,0.74,0.22,1.0,0.79,1.16,,,,,,
Pkm,plex_1,0.79,0.95,0.26,1.0,0.74,0.92,,,,,,
Actn2,plex_1,0.43,0.73,0.15,1.46,0.42,1.06,,,,,,
Dmd,plex_1,0.7,0.93,0.21,1.17,0.71,0.98,,,,,,
Aldoa,plex_1,0.68,0.89,0.29,1.06,0.68,0.89,,,,,,
Hspg2,plex_1,0.66,0.77,0.23,1.12,0.68,1.01,,,,,,
Hspg2,plex_1,0.66,0.77,0.23,1.12,0.68,1.01,,,,,,
Srl,plex_1,0.65,0.9,0.24,1.02,0.73,1.01,,,,,,
Gapdh,plex_1,0.83,0.93,0.32,0.94,0.75,0.89,,,,,,
Atp5b,plex_1,0.63,0.77,0.29,1.23,0.55,0.96,,,,,,
Myh2,plex_1,0.5,0.82,0.15,1.9,0.25,1.16,,,,,,
Myl1,plex_1,0.8,0.95,0.27,1.05,0.75,0.96,,,,,,
Pgm2,plex_1,0.72,0.86,0.24,0.9,0.85,0.84,,,,,,
Pgm1,plex_1,0.72,0.86,0.24,0.9,0.85,0.84,,,,,,
Pgm2,plex_1,0.72,0.86,0.24,0.9,0.85,0.84,,,,,,
Eno3,plex_1,0.79,0.89,0.25,1.0,0.81,0.9,,,,,,
Pgk1,plex_1,0.7,0.89,0.26,1.22,0.75,1.01,,,,,,
Ldb3,plex_1,0.69,0.86,0.23,1.17,0.67,0.93,,,,,,
Synpo2,plex_1,0.68,0.93,0.22,1.06,0.66,0.89,,,,,,
Aco2,plex_1,0.61,0.84,0.2,1.37,0.57,1.11,,,,,,
Vcp,plex_1,0.72,0.88,0.24,1.21,0.76,0.97,,,,,,
Ogdh,plex_1,0.66,0.87,0.22,1.22,0.62,1.02,,,,,,
Atp5a1,plex_1,0.52,0.82,0.16,1.22,0.51,0.93,,,,,,
Ampd1,plex_1,0.94,0.92,0.27,0.9,0.88,0.75,,,,,,
Gpi,plex_1,0.74,0.91,0.23,1.04,0.8,0.96,,,,,,
Slc25a12,plex_1,0.67,0.84,0.2,1.14,0.57,1.0,,,,,,
Hadha,plex_1,0.55,0.85,0.18,1.34,0.56,1.01,,,,,,
Hspa8,plex_1,0.64,0.86,0.23,1.19,0.72,0.95,,,,,,
Hspa8,plex_1,0.64,0.86,0.23,1.19,0.72,0.95,,,,,,
Hspa8,plex_1,0.64,0.86,0.23,1.19,0.72,0.95,,,,,,
Ahnak,plex_1,0.55,0.8,0.24,1.02,0.72,1.1,,,,,,
Eef2,plex_1,0.67,0.86,0.22,1.21,0.75,0.94,,,,,,
Des,plex_1,0.56,0.79,0.19,1.14,0.53,0.77,,,,,,
Des,plex_1,0.56,0.79,0.19,1.14,0.53,0.77,,,,,,
Tf,plex_1,0.41,0.61,0.16,0.94,0.87,1.48,,,,,,
Got1,plex_1,0.55,0.73,0.15,1.39,0.56,1.07,,,,,,
Anxa6,plex_1,0.72,0.9,0.21,1.08,0.77,0.98,,,,,,
Tpm1,plex_1,0.75,0.95,0.26,0.93,0.81,0.85,,,,,,
Got2,plex_1,0.59,0.86,0.17,1.4,0.53,1.0,,,,,,
Hsp90ab1,plex_1,0.6,0.82,0.21,1.15,0.65,0.86,,,,,,
Phka1,plex_1,0.74,0.99,0.25,0.9,0.67,0.8,,,,,,
Phka1,plex_1,0.74,0.99,0.25,0.9,0.67,0.8,,,,,,
Mybph,plex_1,0.81,0.99,0.24,0.82,0.67,0.8,,,,,,
Atp1a2,plex_1,0.52,0.94,0.23,1.2,0.58,0.83,,,,,,
Eef1a2,plex_1,0.62,0.96,0.22,1.02,0.69,0.91,,,,,,
Myot,plex_1,0.65,0.97,0.2,1.43,0.57,0.97,,,,,,
Ndufs1,plex_1,0.67,0.87,0.21,1.38,0.57,1.02,,,,,,
Mylpf,plex_1,0.74,0.87,0.28,0.98,0.74,0.8,,,,,,
Ldha,plex_1,0.85,1.0,0.24,0.96,0.82,0.96,,,,,,
Ldha,plex_1,0.85,1.0,0.24,0.96,0.82,0.96,,,,,,
Dync1h1,plex_1,0.74,0.94,0.24,1.11,0.82,1.17,,,,,,
Ca3,plex_1,0.79,0.84,0.26,1.15,0.89,0.85,,,,,,
Vdac1,plex_1,0.57,0.84,0.22,1.02,0.54,1.11,,,,,,
Vdac1,plex_1,0.57,0.84,0.22,1.02,0.54,1.11,,,,,,
Acadvl,plex_1,0.52,0.75,0.15,1.36,0.51,1.11,,,,,,
Tubb4b,plex_1,0.65,0.73,0.24,1.0,0.85,1.02,,,,,,
Cand2,plex_1,0.7,0.86,0.2,1.08,0.82,0.93,,,,,,
Myoz1,plex_1,0.72,0.89,0.23,1.06,0.7,0.87,,,,,,
Speg,plex_1,0.69,0.87,0.31,1.13,0.76,0.86,,,,,,
Mdh2,plex_1,0.71,0.9,0.19,1.36,0.63,1.07,,,,,,
Cacna2d1,plex_1,1.39,1.3,0.26,2.25,0.7,2.03,,,,,,
Pc,plex_1,0.77,0.52,0.26,1.08,0.93,1.12,,,,,,
Ckmt2,plex_1,0.54,0.85,0.17,1.47,0.47,1.21,,,,,,
Gpd1,plex_1,0.74,0.98,0.23,0.95,0.84,0.93,,,,,,
Gpd2,plex_1,0.8,0.94,0.24,0.94,0.83,0.93,,,,,,
Tpi1,plex_1,0.66,0.92,0.23,1.0,0.72,0.87,,,,,,
Cs,plex_1,0.69,0.87,0.23,1.4,0.6,1.14,,,,,,
Sdha,plex_1,0.74,0.86,0.23,1.44,0.53,1.08,,,,,,
Phkb,plex_1,0.66,1.02,0.25,0.96,0.68,0.79,,,,,,
Uba1,plex_1,0.6,0.88,0.25,1.05,0.68,0.93,,,,,,
EG433182,plex_1,0.56,0.71,0.25,1.0,0.76,1.04,,,,,,
Tnnt3,plex_1,0.8,0.98,0.28,1.05,0.76,0.85,,,,,,
Tnnt3,plex_1,0.8,0.98,0.28,1.05,0.76,0.85,,,,,,
Tnnt3,plex_1,0.8,0.98,0.28,1.05,0.76,0.85,,,,,,
Tnnt3,plex_1,0.8,0.98,0.28,1.05,0.76,0.85,,,,,,
Tnnt3,plex_1,0.8,0.98,0.28,1.05,0.76,0.85,,,,,,
Lmna,plex_1,0.65,0.81,0.2,1.32,0.67,0.99,,,,,,
Ugp2,plex_1,0.61,0.92,0.21,1.09,0.66,0.89,,,,,,
Pgam2,plex_1,0.73,0.86,0.23,1.03,0.75,0.86,,,,,,
Fh,plex_1,0.62,0.82,0.19,1.24,0.59,1.02,,,,,,
Ndrg2,plex_1,0.69,1.01,0.23,1.23,0.82,1.04,,,,,,
Col12a1,plex_1,0.62,0.8,0.22,1.03,0.39,1.03,,,,,,
Col12a1,plex_1,0.62,0.8,0.22,1.03,0.39,1.03,,,,,,
Col12a1,plex_1,0.62,0.8,0.22,1.03,0.39,1.03,,,,,,
Smyd1,plex_1,0.73,1.01,0.23,1.1,0.78,0.96,,,,,,
Trim72,plex_1,0.76,0.91,0.22,1.31,0.7,1.01,,,,,,
Ppp2r1a,plex_1,0.58,0.77,0.22,1.08,0.71,0.88,,,,,,
Tuba4a,plex_1,0.59,0.78,0.21,1.04,0.72,1.18,,,,,,
Tuba4a,plex_1,0.59,0.78,0.21,1.04,0.72,1.18,,,,,,
Neb,plex_1,0.76,1.03,0.23,0.94,0.69,0.93,,,,,,
Casq1,plex_1,0.65,0.91,0.24,1.11,0.78,0.96,,,,,,
Klhl41,plex_1,0.65,0.76,0.2,1.28,0.69,0.95,,,,,,
Slc25a4,plex_1,1.7,0.79,0.2,1.18,1.53,0.94,,,,,,
Hk2,plex_1,0.7,0.83,0.22,1.35,0.71,0.97,,,,,,
Myom3,plex_1,0.34,0.66,0.14,1.69,0.34,1.2,,,,,,
Cacnb1,plex_1,0.68,0.84,0.25,1.12,0.63,0.89,,,,,,
Hspd1,plex_1,0.65,0.85,0.2,1.4,0.66,1.1,,,,,,
Sptb,plex_1,0.58,0.82,0.26,1.16,0.73,1.04,,,,,,
Ak1,plex_1,0.64,0.93,0.25,1.09,0.77,0.97,,,,,,
Padi2,plex_1,0.65,0.81,0.17,1.39,0.65,1.23,,,,,,
Plin4,plex_1,0.53,0.86,0.22,1.09,0.64,0.9,,,,,,
Adssl1,plex_1,0.72,0.9,0.24,1.05,0.73,0.93,,,,,,
Adssl1,plex_1,0.72,0.9,0.24,1.05,0.73,0.93,,,,,,
Adssl1,plex_1,0.72,0.9,0.24,1.05,0.73,0.93,,,,,,
Eprs,plex_1,0.77,0.86,0.23,1.21,0.7,0.92,,,,,,
Eprs,plex_1,0.77,0.86,0.23,1.21,0.7,0.92,,,,,,
Dlat,plex_1,0.66,0.82,0.22,1.38,0.58,0.98,,,,,,
Immt,plex_1,0.67,0.86,0.2,1.3,0.64,1.13,,,,,,
Immt,plex_1,0.67,0.86,0.2,1.3,0.64,1.13,,,,,,
Tmod4,plex_1,0.68,0.88,0.26,0.96,0.77,0.96,,,,,,
Acaa2,plex_1,0.6,0.84,0.13,1.38,0.5,1.14,,,,,,
Aldh2,plex_1,0.41,0.71,0.21,1.2,0.5,1.01,,,,,,
Park7,plex_1,0.74,0.87,0.23,1.03,0.86,0.97,,,,,,
Idh2,plex_1,0.57,0.95,0.17,1.38,0.44,0.98,,,,,,
Adsl,plex_1,0.69,1.02,0.24,1.0,0.72,0.99,,,,,,
Adsl,plex_1,0.69,1.02,0.24,1.0,0.72,0.99,,,,,,
Uqcrc2,plex_1,0.59,0.82,0.21,1.11,0.53,0.92,,,,,,
Gdi2,plex_1,0.71,0.9,0.26,1.15,0.77,1.05,,,,,,
Gdi2,plex_1,0.71,0.9,0.26,1.15,0.77,1.05,,,,,,
Gdi2,plex_1,0.71,0.9,0.26,1.15,0.77,1.05,,,,,,
Gdi2,plex_1,0.71,0.9,0.26,1.15,0.77,1.05,,,,,,
Sucla2,plex_1,0.74,0.84,0.22,1.47,0.56,1.0,,,,,,
Pdhb,plex_1,0.63,0.82,0.22,1.27,0.67,1.04,,,,,,
Bin1,plex_1,0.72,0.75,0.23,1.11,0.79,0.97,,,,,,
Synm,plex_1,0.75,0.88,0.24,1.28,0.72,1.04,,,,,,
Hbbt1,plex_1,0.5,1.63,0.24,0.94,1.02,0.95,,,,,,
Selenbp1,plex_1,0.58,0.8,0.29,1.28,0.57,1.07,,,,,,
Myl3,plex_1,0.76,1.1,0.13,1.37,0.44,1.21,,,,,,
Vcl,plex_1,0.56,0.89,0.23,1.17,0.64,0.98,,,,,,
Sptan1,plex_1,0.53,0.77,0.21,1.08,0.63,1.25,,,,,,
Sptan1,plex_1,0.53,0.77,0.21,1.08,0.63,1.25,,,,,,
Mdh1,plex_1,0.61,0.82,0.2,1.34,0.57,1.09,,,,,,
Etfa,plex_1,0.57,0.9,0.18,1.15,0.49,1.0,,,,,,
Dld,plex_1,0.61,0.85,0.2,1.38,0.6,0.95,,,,,,
Cmya5,plex_1,0.72,0.88,0.21,1.03,0.69,0.91,,,,,,
Hspa9,plex_1,0.51,0.74,0.15,1.29,0.5,0.9,,,,,,
Col1a1,plex_1,0.68,1.29,0.14,0.6,0.34,1.34,,,,,,
Acsl1,plex_1,0.59,0.8,0.16,1.62,0.63,1.17,,,,,,
Tnni2,plex_1,0.79,0.96,0.25,0.99,0.74,0.83,,,,,,
Col1a2,plex_1,0.61,1.41,0.18,0.7,0.32,1.43,,,,,,
Col1a2,plex_1,0.61,1.41,0.18,0.7,0.32,1.43,,,,,,
Gys1,plex_1,0.76,1.09,0.3,1.35,0.77,0.95,,,,,,
Jph1,plex_1,0.81,1.0,0.3,1.09,0.8,0.95,,,,,,
Myh11,plex_1,0.71,0.98,0.31,0.94,0.8,1.22,,,,,,
Col6a1,plex_1,0.58,0.81,0.2,1.08,0.5,1.0,,,,,,
Cpt1b,plex_1,0.65,0.96,0.2,1.26,0.59,1.07,,,,,,
Crat,plex_1,0.68,0.89,0.18,1.37,0.56,0.94,,,,,,
Vim,plex_1,0.58,0.63,0.21,0.88,0.85,1.13,,,,,,
Vim,plex_1,0.58,0.63,0.21,0.88,0.85,1.13,,,,,,
Ldhb,plex_1,0.41,0.8,0.13,1.74,0.37,1.17,,,,,,
Pdlim5,plex_1,0.62,0.95,0.21,1.27,0.67,0.99,,,,,,
Gart,plex_1,0.63,0.94,0.23,1.16,0.64,1.02,,,,,,
Gart,plex_1,0.63,0.94,0.23,1.16,0.64,1.02,,,,,,
Pdlim3,plex_1,0.65,0.75,0.25,1.01,0.88,0.91,,,,,,
Aldh6a1,plex_1,0.84,0.91,0.23,1.65,0.57,1.35,,,,,,
Uqcrc1,plex_1,0.53,0.82,0.18,1.24,0.5,0.86,,,,,,
Etfdh,plex_1,0.64,0.95,0.16,1.44,0.51,1.1,,,,,,
Etfdh,plex_1,0.64,0.95,0.16,1.44,0.51,1.1,,,,,,
Npepps,plex_1,0.61,0.83,0.19,0.93,0.63,0.87,,,,,,
Me1,plex_1,0.73,1.0,0.31,0.91,0.9,0.95,,,,,,
Ndufs2,plex_1,0.67,0.85,0.19,1.16,0.56,1.1,,,,,,
Hadhb,plex_1,0.53,0.76,0.15,1.47,0.51,1.03,,,,,,
Synpo2l,plex_1,0.71,0.83,0.25,0.97,0.69,0.95,,,,,,
Uqcrfs1,plex_1,0.66,0.93,0.18,1.38,0.64,0.99,,,,,,
Vdac2,plex_1,0.64,0.85,0.21,1.1,0.61,1.03,,,,,,
Jph2,plex_1,0.8,0.9,0.25,1.23,0.7,0.92,,,,,,
Ivd,plex_1,0.67,0.89,0.2,1.48,0.48,1.12,,,,,,
Pzp,plex_1,0.73,1.11,0.2,1.0,0.75,1.19,,,,,,
Ndufv1,plex_1,0.57,0.86,0.25,1.31,0.55,0.97,,,,,,
Vdac3,plex_1,0.67,1.07,0.22,1.03,0.65,1.18,,,,,,
Vdac3-ps1,plex_1,0.67,1.07,0.22,1.03,0.65,1.18,,,,,,
Vdac3,plex_1,0.67,1.07,0.22,1.03,0.65,1.18,,,,,,
Vdac3,plex_1,0.67,1.07,0.22,1.03,0.65,1.18,,,,,,
Fbp2,plex_1,0.71,1.01,0.25,1.02,0.92,0.96,,,,,,
Fbp2,plex_1,0.71,1.01,0.25,1.02,0.92,0.96,,,,,,
P4hb,plex_1,0.68,0.83,0.28,1.17,0.82,1.14,,,,,,
Eif4a2,plex_1,0.69,0.92,0.22,1.28,0.83,1.0,,,,,,
Eif4a2,plex_1,0.69,0.92,0.22,1.28,0.83,1.0,,,,,,
Tpm2,plex_1,0.63,0.73,0.21,1.14,0.66,1.0,,,,,,
Acat1,plex_1,0.52,0.84,0.18,1.3,0.62,0.89,,,,,,
Pdha1,plex_1,0.6,0.95,0.22,1.39,0.72,1.04,,,,,,
Hspa5,plex_1,0.65,0.83,0.23,1.43,0.66,1.09,,,,,,
Gstp1,plex_1,0.77,0.97,0.29,1.05,0.89,1.01,,,,,,
Lrpprc,plex_1,0.76,0.83,0.23,1.29,0.71,0.98,,,,,,
Pdlim7,plex_1,0.75,1.01,0.27,0.8,0.77,0.91,,,,,,
Nefl,plex_1,0.27,0.44,0.28,0.85,0.45,1.73,,,,,,
Ecm29,plex_1,0.68,0.93,0.26,1.04,0.84,0.96,,,,,,
Ecm29,plex_1,0.68,0.93,0.26,1.04,0.84,0.96,,,,,,
Idh3g,plex_1,0.7,0.8,0.23,1.11,0.61,0.82,,,,,,
Cltc,plex_1,0.7,0.81,0.17,1.12,0.7,1.01,,,,,,
Acadl,plex_1,0.51,0.83,0.14,1.44,0.52,1.13,,,,,,
Prdx6,plex_1,0.62,0.8,0.21,1.3,0.69,1.06,,,,,,
Prdx6,plex_1,0.62,0.8,0.21,1.3,0.69,1.06,,,,,,
Prdx6,plex_1,0.62,0.8,0.21,1.3,0.69,1.06,,,,,,
Tufm,plex_1,0.66,0.82,0.2,1.27,0.57,0.96,,,,,,
Tnnc2,plex_1,1.02,0.94,0.24,0.72,1.07,0.72,,,,,,
Dysf,plex_1,0.77,0.79,0.28,0.85,0.7,0.92,,,,,,
Idh3b,plex_1,0.61,0.89,0.19,1.2,0.55,0.94,,,,,,
,plex_1,0.42,1.36,0.18,0.98,1.05,0.86,,,,,,
Hba-a1,plex_1,0.42,1.36,0.18,0.98,1.05,0.86,,,,,,
Pebp1,plex_1,0.65,1.11,0.27,1.36,0.82,1.12,,,,,,
Pebp1,plex_1,0.65,1.11,0.27,1.36,0.82,1.12,,,,,,
Cyc1,plex_1,0.6,0.86,0.19,1.57,0.5,1.06,,,,,,
Cyc1,plex_1,0.6,0.86,0.19,1.57,0.5,1.06,,,,,,
Hspa4,plex_1,0.74,0.89,0.23,1.25,0.79,1.2,,,,,,
Mylk2,plex_1,0.63,1.02,0.29,0.84,0.73,0.81,,,,,,
Mylk2,plex_1,0.63,1.02,0.29,0.84,0.73,0.81,,,,,,
,plex_1,0.53,0.59,0.28,0.9,0.63,0.56,,,,,,
Prelp,plex_1,0.57,0.66,0.24,1.15,0.6,1.17,,,,,,
Prelp,plex_1,0.57,0.66,0.24,1.15,0.6,1.17,,,,,,
Mthfd1,plex_1,0.6,0.85,0.15,1.03,0.8,1.0,,,,,,
Atp2a2,plex_1,0.65,1.23,0.13,1.2,0.56,0.95,,,,,,
Atp2a2,plex_1,0.65,1.23,0.13,1.2,0.56,0.95,,,,,,
D10Jhu81e,plex_1,0.56,0.8,0.19,1.32,0.59,0.93,,,,,,
Tln2,plex_1,0.42,0.71,0.3,0.83,0.63,0.99,,,,,,
Phb,plex_1,0.78,0.86,0.17,1.63,0.7,1.05,,,,,,
Dcn,plex_1,0.59,0.72,0.2,1.09,0.66,1.2,,,,,,
Dhrs7c,plex_1,0.75,1.12,0.24,0.87,0.74,0.94,,,,,,
Atp5o,plex_1,0.58,0.8,0.22,1.43,0.55,1.11,,,,,,
Ndufa10,plex_1,0.62,0.92,0.15,1.25,0.57,0.93,,,,,,
Mb,plex_1,0.42,0.71,0.16,1.96,0.37,1.14,,,,,,
Ces1d,plex_1,0.44,0.9,0.24,0.86,0.64,1.08,,,,,,
Cacna1s,plex_1,0.76,0.96,0.25,1.13,0.79,0.99,,,,,,
Cacna1s,plex_1,0.76,0.96,0.25,1.13,0.79,0.99,,,,,,
Ppp1r3a,plex_1,0.8,1.1,0.3,1.25,0.64,1.04,,,,,,
Ndufa9,plex_1,0.52,0.86,0.24,1.08,0.48,0.98,,,,,,
Ndufa9,plex_1,0.52,0.86,0.24,1.08,0.48,0.98,,,,,,
Dnm1l,plex_1,0.6,0.8,0.23,1.27,0.55,0.76,,,,,,
Aldh1a1,plex_1,0.39,0.67,0.25,1.45,0.8,1.17,,,,,,
Ndufv2,plex_1,0.6,0.87,0.18,1.21,0.53,1.01,,,,,,
Dlst,plex_1,0.59,0.82,0.21,1.18,0.54,0.93,,,,,,
Ptrf,plex_1,0.77,0.89,0.27,1.39,0.54,1.06,,,,,,
Prdx5,plex_1,0.53,0.87,0.22,1.34,0.7,1.07,,,,,,
Prdx5,plex_1,0.53,0.87,0.22,1.34,0.7,1.07,,,,,,
Prdx5,plex_1,0.53,0.87,0.22,1.34,0.7,1.07,,,,,,
Prdx5,plex_1,0.53,0.87,0.22,1.34,0.7,1.07,,,,,,
Map4,plex_1,0.78,0.9,0.26,1.29,0.76,1.09,,,,,,
Gm20390,plex_1,0.81,1.05,0.22,1.41,0.82,1.14,,,,,,
Atp5h,plex_1,0.54,0.78,0.22,1.28,0.54,0.94,,,,,,
Slc25a3,plex_1,0.59,0.95,0.19,1.32,0.57,1.03,,,,,,
Fhl1,plex_1,0.42,0.6,0.12,1.69,0.43,1.14,,,,,,
Pbxip1,plex_1,0.73,1.0,0.16,1.18,0.64,1.06,,,,,,
Lama2,plex_1,0.62,1.2,0.21,0.91,0.67,0.94,,,,,,
Prdx1,plex_1,0.78,1.01,0.23,1.3,0.89,0.97,,,,,,
Capn1,plex_1,0.75,1.05,0.26,0.94,0.85,1.08,,,,,,
Acads,plex_1,0.72,0.91,0.24,1.38,0.71,1.25,,,,,,
Eef1g,plex_1,0.81,0.74,0.23,1.24,0.71,1.12,,,,,,
Akr1b1,plex_1,0.79,0.96,0.25,1.12,0.8,0.93,,,,,,
Capza2,plex_1,0.78,0.93,0.35,1.05,0.74,0.92,,,,,,
Scrn3,plex_1,0.66,0.88,0.28,1.03,0.81,0.9,,,,,,
Rnh1,plex_1,0.77,0.71,0.31,1.12,0.84,0.98,,,,,,
Rnh1,plex_1,0.77,0.71,0.31,1.12,0.84,0.98,,,,,,
Hspb1,plex_1,0.51,0.65,0.2,1.44,0.62,1.02,,,,,,
Etfb,plex_1,0.61,0.94,0.14,1.55,0.6,1.11,,,,,,
Apobec2,plex_1,0.73,1.02,0.27,1.02,0.68,0.85,,,,,,
Decr1,plex_1,0.43,1.01,0.14,1.13,0.51,0.99,,,,,,
Gstm1,plex_1,0.71,0.87,0.22,1.11,0.76,0.78,,,,,,
Ppia,plex_1,0.6,0.76,0.24,0.93,0.82,0.98,,,,,,
Ppia,plex_1,0.6,0.76,0.24,0.93,0.82,0.98,,,,,,
Ppia,plex_1,0.6,0.76,0.24,0.93,0.82,0.98,,,,,,
Ywhae,plex_1,0.74,0.92,0.24,1.15,0.75,1.01,,,,,,
Rpl4,plex_1,0.69,0.79,0.23,1.21,0.87,1.04,,,,,,
Mpi,plex_1,0.85,1.04,0.29,1.21,0.76,1.12,,,,,,
Pvalb,plex_1,1.03,0.75,0.26,0.58,1.09,0.73,,,,,,
Bag3,plex_1,0.47,0.71,0.22,1.61,0.49,1.08,,,,,,
Myl2,plex_1,0.66,1.3,0.17,1.05,0.45,0.92,,,,,,
Ehd2,plex_1,0.56,0.66,0.18,1.04,0.56,0.9,,,,,,
Prx,plex_1,0.98,1.13,0.39,1.47,2.18,2.88,,,,,,
Prx,plex_1,0.98,1.13,0.39,1.47,2.18,2.88,,,,,,
Camk2a,plex_1,0.75,0.98,0.3,0.96,0.78,1.02,,,,,,
Col6a2,plex_1,0.6,0.99,0.23,0.86,0.48,0.85,,,,,,
Rpsa,plex_1,0.82,0.77,0.2,1.07,0.89,0.97,,,,,,
Gars,plex_1,0.73,0.87,0.28,0.99,0.8,0.89,,,,,,
Prdx2,plex_1,0.63,0.95,0.2,1.0,0.69,1.02,,,,,,
Oxct1,plex_1,1.07,1.37,0.47,1.38,0.52,1.23,,,,,,
Oxct1,plex_1,1.07,1.37,0.47,1.38,0.52,1.23,,,,,,
Oxct1,plex_1,1.07,1.37,0.47,1.38,0.52,1.23,,,,,,
Bgn,plex_1,0.67,0.81,0.31,1.07,0.64,1.32,,,,,,
Bgn,plex_1,0.67,0.81,0.31,1.07,0.64,1.32,,,,,,
Myoz3,plex_1,0.87,0.89,0.28,1.14,0.7,0.9,,,,,,
Myoz3,plex_1,0.87,0.89,0.28,1.14,0.7,0.9,,,,,,
Rdx,plex_1,0.72,0.82,0.23,1.25,0.73,1.02,,,,,,
Ywhag,plex_1,0.67,0.92,0.26,1.03,0.68,1.03,,,,,,
Lum,plex_1,0.51,0.65,0.26,0.88,0.75,1.01,,,,,,
Vapb,plex_1,0.7,0.93,0.22,1.09,0.79,1.03,,,,,,
Vapb,plex_1,0.7,0.93,0.22,1.09,0.79,1.03,,,,,,
Lmcd1,plex_1,0.56,0.71,0.18,1.73,0.57,1.08,,,,,,
Mapk12,plex_1,0.74,1.0,0.23,0.97,0.9,0.95,,,,,,
Capzb,plex_1,0.74,0.95,0.31,1.11,0.85,0.94,,,,,,
Prkar2a,plex_1,0.69,0.91,0.27,0.91,0.77,0.99,,,,,,
Prkar2a,plex_1,0.69,0.91,0.27,0.91,0.77,0.99,,,,,,
Ndufs3,plex_1,0.8,0.99,0.23,1.28,0.64,1.04,,,,,,
Unc45b,plex_1,0.84,0.85,0.2,1.19,0.8,1.02,,,,,,
Unc45b,plex_1,0.84,0.85,0.2,1.19,0.8,1.02,,,,,,
Actg1,plex_1,0.57,0.74,0.2,1.51,0.7,1.53,,,,,,
Actb,plex_1,0.57,0.74,0.2,1.51,0.7,1.53,,,,,,
Serpina3k,plex_1,0.27,0.8,0.21,1.55,1.02,1.72,,,,,,
Psmc6,plex_1,0.68,1.0,0.24,1.15,0.83,1.19,,,,,,
Atic,plex_1,0.66,0.86,0.29,1.12,0.84,0.87,,,,,,
Atp5c1,plex_1,0.7,0.89,0.15,1.31,0.6,1.0,,,,,,
Idh3a,plex_1,0.57,0.79,0.21,1.22,0.54,0.99,,,,,,
Pcmt1,plex_1,0.68,0.93,0.28,1.2,0.69,1.04,,,,,,
Pcmt1,plex_1,0.68,0.93,0.28,1.2,0.69,1.04,,,,,,
Pcmt1,plex_1,0.68,0.93,0.28,1.2,0.69,1.04,,,,,,
Pcmt1,plex_1,0.68,0.93,0.28,1.2,0.69,1.04,,,,,,
Pcmt1,plex_1,0.68,0.93,0.28,1.2,0.69,1.04,,,,,,
Clip1,plex_1,0.8,0.87,0.31,1.37,0.81,1.02,,,,,,
Psmd1,plex_1,0.79,0.95,0.26,1.41,0.83,1.1,,,,,,
Hhatl,plex_1,0.84,1.09,0.42,1.19,0.84,1.19,,,,,,
Rtn2,plex_1,0.79,1.14,0.23,0.99,0.77,1.06,,,,,,
Camk2g,plex_1,0.67,0.7,0.24,1.01,0.9,0.92,,,,,,
Camk2g,plex_1,0.67,0.7,0.24,1.01,0.9,0.92,,,,,,
Camk2g,plex_1,0.67,0.7,0.24,1.01,0.9,0.92,,,,,,
Slc25a11,plex_1,0.67,1.17,0.31,1.07,0.54,1.02,,,,,,
Hadh,plex_1,0.55,0.81,0.14,1.24,0.56,1.1,,,,,,
Fmod,plex_1,0.58,0.63,0.19,1.2,0.45,1.13,,,,,,
Anxa2,plex_1,0.57,0.87,0.23,1.14,0.7,1.18,,,,,,
Obscn,plex_1,0.52,0.85,0.2,1.14,0.64,0.89,,,,,,
Anxa11,plex_1,0.67,1.01,0.47,0.94,0.75,1.0,,,,,,
Nrap,plex_1,0.67,1.04,0.29,1.17,0.62,1.0,,,,,,
Nrap,plex_1,0.67,1.04,0.29,1.17,0.62,1.0,,,,,,
Cct2,plex_1,0.78,0.94,0.25,1.27,0.78,1.0,,,,,,
Pdia3,plex_1,0.78,0.83,0.24,1.35,0.86,1.23,,,,,,
Pdhx,plex_1,0.6,0.89,0.15,1.29,0.63,0.96,,,,,,
Grhpr,plex_1,0.57,0.84,0.23,0.89,0.7,0.67,,,,,,
Spr,plex_1,0.65,0.99,0.2,1.12,0.67,0.94,,,,,,
Nap1l4,plex_1,0.52,0.67,0.19,0.92,0.63,0.76,,,,,,
Nap1l4,plex_1,0.52,0.67,0.19,0.92,0.63,0.76,,,,,,
Cfl2,plex_1,0.77,0.92,0.24,1.27,0.72,1.01,,,,,,
Psma5,plex_1,0.65,0.94,0.27,1.01,0.9,0.83,,,,,,
Psma5,plex_1,0.65,0.94,0.27,1.01,0.9,0.83,,,,,,
Psma5,plex_1,0.65,0.94,0.27,1.01,0.9,0.83,,,,,,
Apoa4,plex_1,0.55,0.87,0.41,1.0,0.75,1.24,,,,,,
Ywhaz,plex_1,0.88,1.03,0.26,1.21,0.86,1.48,,,,,,
Jsrp1,plex_1,0.65,0.94,0.76,1.03,0.69,0.95,,,,,,
Jsrp1,plex_1,0.65,0.94,0.76,1.03,0.69,0.95,,,,,,
Jsrp1,plex_1,0.65,0.94,0.76,1.03,0.69,0.95,,,,,,
Serpina1d,plex_1,0.47,0.78,0.24,1.24,0.85,1.28,,,,,,
Sh3bgr,plex_1,0.71,0.99,0.38,1.14,0.67,0.98,,,,,,
Sh3bgr,plex_1,0.71,0.99,0.38,1.14,0.67,0.98,,,,,,
Dbt,plex_1,1.04,0.95,0.3,1.35,0.71,1.11,,,,,,
Dbt,plex_1,1.04,0.95,0.3,1.35,0.71,1.11,,,,,,
Cox4i1,plex_1,0.63,0.82,0.15,1.36,0.49,1.03,,,,,,
Arhgdia,plex_1,0.72,0.83,0.22,1.19,0.83,1.14,,,,,,
Serpinb6a,plex_1,0.69,0.82,0.26,1.18,0.98,1.0,,,,,,
Wdr1,plex_1,0.61,0.98,0.3,1.06,0.71,0.94,,,,,,
Iars2,plex_1,0.7,0.89,0.25,1.33,0.73,1.12,,,,,,
Lonp1,plex_1,0.53,0.7,0.17,1.26,0.5,1.0,,,,,,
Prdx3,plex_1,0.68,0.91,0.22,1.12,0.61,0.96,,,,,,
Calm1,plex_1,0.82,0.99,0.35,1.12,0.9,1.18,,,,,,
Synpo,plex_1,0.68,1.13,0.23,1.19,0.63,0.94,,,,,,
Txnrd1,plex_1,0.81,1.05,0.33,1.16,0.87,1.36,,,,,,
Txnrd1,plex_1,0.81,1.05,0.33,1.16,0.87,1.36,,,,,,
,plex_1,0.82,0.92,0.19,1.45,0.8,0.72,,,,,,
Gstm2,plex_1,0.72,0.81,0.24,1.17,0.82,0.83,,,,,,
Tpm3,plex_1,0.6,0.93,0.16,1.08,0.59,0.99,,,,,,
Macrod1,plex_1,0.64,0.72,0.22,1.09,0.75,0.98,,,,,,
Ola1,plex_1,0.64,0.82,0.22,1.19,0.7,0.8,,,,,,
Ola1,plex_1,0.64,0.82,0.22,1.19,0.7,0.8,,,,,,
Pcbp1,plex_1,0.93,1.25,0.17,3.54,1.07,1.95,,,,,,
,plex_1,0.71,0.68,0.11,0.88,0.62,0.53,,,,,,
Hsd17b10,plex_1,0.63,0.74,0.21,1.43,0.84,1.04,,,,,,
Hsd17b10,plex_1,0.63,0.74,0.21,1.43,0.84,1.04,,,,,,
Psmd2,plex_1,0.68,0.83,0.19,1.12,0.67,0.83,,,,,,
Psmd2,plex_1,0.68,0.83,0.19,1.12,0.67,0.83,,,,,,
Psmd2,plex_1,0.68,0.83,0.19,1.12,0.67,0.83,,,,,,
Psmd2,plex_1,0.68,0.83,0.19,1.12,0.67,0.83,,,,,,
Pacsin3,plex_1,1.1,1.32,0.41,2.09,0.84,1.5,,,,,,
Ank3,plex_1,0.63,1.07,0.33,1.08,0.72,1.21,,,,,,
,plex_1,0.8,1.21,0.23,1.77,0.7,1.41,,,,,,
Adck3,plex_1,0.45,0.83,0.23,1.26,0.44,0.96,,,,,,
Phb2,plex_1,0.74,1.01,0.26,1.4,0.81,1.08,,,,,,
Trdn,plex_1,0.78,0.9,0.28,1.03,0.71,0.88,,,,,,
Gbas,plex_1,0.59,0.85,0.19,1.34,0.62,0.86,,,,,,
Gbas,plex_1,0.59,0.85,0.19,1.34,0.62,0.86,,,,,,
Ppp1cb,plex_1,0.84,0.81,0.26,1.13,0.63,0.72,,,,,,
Aldh7a1,plex_1,0.55,0.94,0.16,0.96,0.65,0.86,,,,,,
Aldh7a1,plex_1,0.55,0.94,0.16,0.96,0.65,0.86,,,,,,
Fasn,plex_1,0.65,0.82,0.21,1.16,0.9,1.39,,,,,,
Gyg1,plex_1,0.81,0.88,0.28,1.26,0.72,1.05,,,,,,
Gyg,plex_1,0.81,0.88,0.28,1.26,0.72,1.05,,,,,,
Flna,plex_1,0.63,0.62,0.36,0.92,0.84,1.12,,,,,,
Ahsg,plex_1,0.54,0.95,0.21,1.14,0.96,1.37,,,,,,
Ahsg,plex_1,0.54,0.95,0.21,1.14,0.96,1.37,,,,,,
Ahsg,plex_1,0.54,0.95,0.21,1.14,0.96,1.37,,,,,,
Stac3,plex_1,0.62,0.9,0.29,1.08,1.03,1.0,,,,,,
Fabp4,plex_1,0.58,0.7,0.17,1.08,0.58,1.29,,,,,,
Cpt2,plex_1,0.56,0.88,0.3,1.14,0.56,0.9,,,,,,
Hspb6,plex_1,0.49,0.8,0.2,2.39,0.57,1.55,,,,,,
Aifm1,plex_1,0.62,0.91,0.19,1.33,0.53,0.96,,,,,,
Eml1,plex_1,0.72,0.87,0.23,1.07,0.75,1.12,,,,,,
Eml1,plex_1,0.72,0.87,0.23,1.07,0.75,1.12,,,,,,
Sar1b,plex_1,0.8,0.92,0.24,1.11,0.74,1.01,,,,,,
Acadm,plex_1,0.51,0.81,0.18,1.31,0.43,1.04,,,,,,
Echs1,plex_1,0.58,0.85,0.22,1.44,0.59,0.92,,,,,,
Mccc2,plex_1,0.56,0.87,0.26,1.24,0.7,0.87,,,,,,
Cryab,plex_1,0.5,0.85,0.11,1.45,0.34,1.02,,,,,,
Cmbl,plex_1,0.76,0.85,0.25,1.01,0.78,0.82,,,,,,
Suclg1,plex_1,0.69,0.88,0.22,1.21,0.6,1.02,,,,,,
Tmod1,plex_1,0.77,1.28,0.44,0.82,0.56,0.69,,,,,,
Stip1,plex_1,0.68,0.89,0.25,1.11,0.7,0.88,,,,,,
Stip1,plex_1,0.68,0.89,0.25,1.11,0.7,0.88,,,,,,
Hrc,plex_1,0.63,0.97,0.41,1.61,0.66,1.03,,,,,,
Hrc,plex_1,0.63,0.97,0.41,1.61,0.66,1.03,,,,,,
Hrc,plex_1,0.63,0.97,0.41,1.61,0.66,1.03,,,,,,
Sdhb,plex_1,0.59,0.77,0.2,1.22,0.5,0.87,,,,,,
Eci1,plex_1,0.63,0.82,0.22,1.44,0.56,1.15,,,,,,
Dpysl2,plex_1,0.5,0.64,0.19,1.19,0.69,1.46,,,,,,
Qdpr,plex_1,0.78,1.02,0.22,1.1,0.82,1.29,,,,,,
Hist1h2bb,plex_1,0.65,0.83,0.19,1.23,0.69,1.01,,,,,,
Lta4h,plex_1,0.71,1.12,0.28,1.09,0.89,1.36,,,,,,
Rpl12,plex_1,0.51,0.95,0.19,1.2,0.84,0.83,,,,,,
Ephx2,plex_1,1.17,1.27,0.17,1.19,0.66,0.95,,,,,,
Ephx2,plex_1,1.17,1.27,0.17,1.19,0.66,0.95,,,,,,
Rack1,plex_1,0.69,0.94,0.27,1.16,0.86,1.06,,,,,,
Hnrnpk,plex_1,0.62,0.84,0.15,1.14,0.71,1.03,,,,,,
Hnrnpk,plex_1,0.62,0.84,0.15,1.14,0.71,1.03,,,,,,
Hnrnpk,plex_1,0.62,0.84,0.15,1.14,0.71,1.03,,,,,,
Psma1,plex_1,0.67,0.92,0.21,1.0,0.72,0.94,,,,,,
Asrgl1,plex_1,0.73,0.96,0.26,1.28,0.85,0.96,,,,,,
Ank1,plex_1,0.7,1.31,0.24,0.97,1.07,1.19,,,,,,
Suclg2,plex_1,0.84,0.85,0.2,1.65,0.94,1.3,,,,,,
Suclg2,plex_1,0.84,0.85,0.2,1.65,0.94,1.3,,,,,,
Fabp3,plex_1,0.46,0.72,0.12,1.28,0.47,1.06,,,,,,
Tigar,plex_1,1.22,1.27,0.16,1.99,0.87,1.37,,,,,,
Rps2,plex_1,0.8,0.95,0.28,1.45,0.96,0.91,,,,,,
Rps2,plex_1,0.8,0.95,0.28,1.45,0.96,0.91,,,,,,
Rps2,plex_1,0.8,0.95,0.28,1.45,0.96,0.91,,,,,,
Rps2,plex_1,0.8,0.95,0.28,1.45,0.96,0.91,,,,,,
Glrx3,plex_1,0.6,0.82,0.25,1.32,0.68,1.0,,,,,,
Pccb,plex_1,0.71,0.92,0.28,1.22,0.53,1.01,,,,,,
Eef1d,plex_1,0.71,0.81,0.18,1.23,0.67,0.87,,,,,,
Eef1d,plex_1,0.71,0.81,0.18,1.23,0.67,0.87,,,,,,
Eef1d,plex_1,0.71,0.81,0.18,1.23,0.67,0.87,,,,,,
Lmnb1,plex_1,2.78,1.49,0.23,2.38,1.34,2.49,,,,,,
Nid1,plex_1,0.68,1.23,0.21,0.8,0.66,1.12,,,,,,
Dhdh,plex_1,0.82,1.1,0.35,1.13,0.83,1.03,,,,,,
Dhdh,plex_1,0.82,1.1,0.35,1.13,0.83,1.03,,,,,,
Sptbn1,plex_1,0.5,0.82,0.25,1.06,0.69,1.27,,,,,,
Acot2,plex_1,0.59,0.71,,1.31,0.56,1.17,,,,,,
Pfn1,plex_1,0.55,0.75,0.25,1.04,0.79,0.98,,,,,,
Phkg1,plex_1,0.77,0.91,0.27,1.19,0.69,0.84,,,,,,
Ybx3,plex_1,0.74,0.98,0.32,1.07,0.64,0.86,,,,,,
Nefm,plex_1,0.52,0.72,0.22,1.01,0.73,1.52,,,,,,
Nefm,plex_1,0.52,0.72,0.22,1.01,0.73,1.52,,,,,,
Mbp,plex_1,0.2,0.34,0.18,0.66,0.68,2.55,,,,,,
Ndufa7,plex_1,0.46,0.71,0.18,1.57,0.43,0.78,,,,,,
Hist2h4,plex_1,0.77,1.02,0.25,1.38,0.7,0.96,,,,,,
Tgm2,plex_1,1.0,1.03,0.29,1.1,1.01,0.83,,,,,,
Hibch,plex_1,0.68,1.02,0.25,1.39,0.69,1.07,,,,,,
Kng1,plex_1,0.51,0.6,0.17,0.79,0.68,1.64,,,,,,
Gdi1,plex_1,0.73,1.19,0.3,1.16,0.9,1.16,,,,,,
Myh9,plex_1,0.5,1.01,0.27,1.24,0.82,1.39,,,,,,
Myo18a,plex_1,0.71,0.79,0.24,1.14,0.71,0.87,,,,,,
Ran,plex_1,0.73,1.04,0.27,1.12,0.77,0.9,,,,,,
Btf3,plex_1,0.42,0.86,0.18,0.81,0.42,0.69,,,,,,
Btf3,plex_1,0.42,0.86,0.18,0.81,0.42,0.69,,,,,,
Pgp,plex_1,0.92,1.08,0.21,1.97,0.78,1.68,,,,,,
Cox5b,plex_1,0.74,0.91,0.16,1.26,0.63,0.84,,,,,,
Cox5b,plex_1,0.74,0.91,0.16,1.26,0.63,0.84,,,,,,
Sypl2,plex_1,0.99,1.04,0.22,0.84,0.7,1.05,,,,,,
Ube2l3,plex_1,0.66,0.81,0.26,1.12,0.81,0.93,,,,,,
Klhl40,plex_1,0.78,0.87,0.24,1.24,0.72,0.97,,,,,,
Nampt,plex_1,0.75,0.98,0.34,1.49,0.87,1.11,,,,,,
Ipo5,plex_1,0.7,0.88,0.26,1.05,0.83,1.08,,,,,,
Uqcrb,plex_1,0.6,0.76,0.18,1.41,0.57,1.07,,,,,,
Uqcrb,plex_1,0.6,0.76,0.18,1.41,0.57,1.07,,,,,,
Psmc2,plex_1,0.76,0.92,0.31,1.09,0.86,1.06,,,,,,
Psmc2,plex_1,0.76,0.92,0.31,1.09,0.86,1.06,,,,,,
Ca2,plex_1,0.4,1.46,0.18,0.97,0.9,1.21,,,,,,
Cse1l,plex_1,0.69,0.74,0.33,0.81,0.66,0.84,,,,,,
Eif4g1,plex_1,0.84,1.4,0.29,1.24,0.72,1.02,,,,,,
Apoa1,plex_1,0.36,0.81,0.15,1.04,0.73,1.02,,,,,,
Rplp0,plex_1,0.81,0.91,0.26,1.2,0.88,0.99,,,,,,
Rplp0,plex_1,0.81,0.91,0.26,1.2,0.88,0.99,,,,,,
Mlip,plex_1,0.63,0.66,0.23,0.95,0.76,1.07,,,,,,
Mlip,plex_1,0.63,0.66,0.23,0.95,0.76,1.07,,,,,,
Mlip,plex_1,0.63,0.66,0.23,0.95,0.76,1.07,,,,,,
Esd,plex_1,0.6,0.95,0.21,1.13,0.75,0.94,,,,,,
Esd,plex_1,0.6,0.95,0.21,1.13,0.75,0.94,,,,,,
Atp1a1,plex_1,0.73,0.84,0.18,1.04,0.85,1.33,,,,,,
Rplp2,plex_1,0.88,1.04,0.13,1.46,0.93,1.31,,,,,,
Dars,plex_1,0.73,0.91,0.23,1.08,0.66,0.82,,,,,,
Ddx3x,plex_1,0.68,0.9,0.29,1.05,0.67,1.0,,,,,,
Samm50,plex_1,0.57,0.84,0.2,1.09,0.58,0.99,,,,,,
Pabpc4,plex_1,0.64,0.94,0.29,1.21,0.74,0.87,,,,,,
Pabpc4,plex_1,0.64,0.94,0.29,1.21,0.74,0.87,,,,,,
Gm10110,plex_1,0.64,0.94,0.29,1.21,0.74,0.87,,,,,,
Pabpc4,plex_1,0.64,0.94,0.29,1.21,0.74,0.87,,,,,,
Pabpc4,plex_1,0.64,0.94,0.29,1.21,0.74,0.87,,,,,,
Pabpc4,plex_1,0.64,0.94,0.29,1.21,0.74,0.87,,,,,,
Ttn,plex_1,0.69,1.1,0.34,1.79,0.64,1.21,,,,,,
Cox6b1,plex_1,1.01,0.87,0.17,2.02,0.47,1.31,,,,,,
Oxsr1,plex_1,0.71,0.83,0.29,1.1,0.76,1.07,,,,,,
Pcca,plex_1,0.64,0.79,0.24,1.26,0.61,0.87,,,,,,
Kpnb1,plex_1,0.53,0.9,0.3,1.19,0.83,0.87,,,,,,
Atl2,plex_1,0.87,1.07,0.26,0.89,0.83,1.23,,,,,,
Ces1c,plex_1,0.65,0.9,0.21,0.93,0.62,1.11,,,,,,
Glo1,plex_1,0.71,0.94,0.37,1.11,0.82,0.96,,,,,,
Mug1,plex_1,0.38,0.59,0.19,0.9,1.0,1.1,,,,,,
Hspb7,plex_1,0.55,0.84,0.12,1.64,0.58,1.13,,,,,,
Cct4,plex_1,0.72,1.09,0.22,1.3,0.8,1.17,,,,,,
Cct4,plex_1,0.72,1.09,0.22,1.3,0.8,1.17,,,,,,
Cct4,plex_1,0.72,1.09,0.22,1.3,0.8,1.17,,,,,,
Lypla1,plex_1,0.74,0.79,0.18,1.37,0.51,0.83,,,,,,
Lypla1,plex_1,0.74,0.79,0.18,1.37,0.51,0.83,,,,,,
Lypla1,plex_1,0.74,0.79,0.18,1.37,0.51,0.83,,,,,,
Hist1h1d,plex_1,0.64,0.78,0.21,1.28,0.64,0.86,,,,,,
Cd36,plex_1,0.39,0.8,0.23,1.13,0.46,1.16,,,,,,
Atp5l,plex_1,0.59,0.84,0.16,1.44,0.5,0.99,,,,,,
Atp5l,plex_1,0.59,0.84,0.16,1.44,0.5,0.99,,,,,,
Atp5l,plex_1,0.59,0.84,0.16,1.44,0.5,0.99,,,,,,
Aldh4a1,plex_1,0.82,0.88,0.27,1.16,1.11,0.91,,,,,,
Cox5a,plex_1,0.58,0.7,0.17,1.4,0.54,1.03,,,,,,
Txnl1,plex_1,0.52,0.88,0.3,0.92,0.75,0.92,,,,,,
Rps6,plex_1,0.69,0.82,0.26,1.24,0.83,0.97,,,,,,
Uggt1,plex_1,0.95,0.91,0.28,1.24,0.98,0.92,,,,,,
HC,plex_1,0.42,0.99,0.19,1.09,0.48,1.63,,,,,,
Ighg2b,plex_1,0.42,0.99,0.19,1.09,0.48,1.63,,,,,,
HC,plex_1,0.42,0.99,0.19,1.09,0.48,1.63,,,,,,
Tcap,plex_1,0.61,1.01,0.19,1.45,0.56,0.77,,,,,,
,plex_1,0.61,1.01,0.19,1.45,0.56,0.77,,,,,,
Atp5d,plex_1,0.55,0.87,0.21,1.29,0.52,1.03,,,,,,
Atp5d,plex_1,0.55,0.87,0.21,1.29,0.52,1.03,,,,,,
Actc1,plex_1,0.84,1.0,0.24,0.91,0.93,1.11,,,,,,
Gmpr,plex_1,0.63,0.97,0.19,1.01,0.66,0.86,,,,,,
Ahcy,plex_1,0.75,0.89,0.23,1.32,0.79,1.09,,,,,,
Bcat2,plex_1,0.5,0.76,0.25,1.22,0.42,0.96,,,,,,
Letm1,plex_1,0.55,0.77,0.16,1.09,0.63,0.95,,,,,,
Atp5i,plex_1,0.68,0.9,0.17,1.31,0.6,1.04,,,,,,
Hpx,plex_1,0.36,0.42,0.16,0.71,0.64,1.97,,,,,,
Cycs,plex_1,0.57,0.64,0.21,1.32,0.55,0.83,,,,,,
Psmc1,plex_1,0.71,0.9,0.22,1.19,0.78,0.73,,,,,,
Lamc1,plex_1,1.1,1.22,0.2,0.91,0.66,1.03,,,,,,
Tapt1,plex_1,0.74,1.15,0.22,1.04,0.76,1.14,,,,,,
Atp5f1,plex_1,0.64,0.82,0.22,1.26,0.5,0.95,,,,,,
Ddb1,plex_1,0.73,0.95,0.24,0.99,0.75,0.99,,,,,,
Hdhd2,plex_1,0.58,0.78,0.2,1.07,0.91,1.14,,,,,,
Mtco2,plex_1,0.6,0.79,0.22,1.24,0.47,1.02,,,,,,
COX2,plex_1,0.6,0.79,0.22,1.24,0.47,1.02,,,,,,
Myoz2,plex_1,0.5,0.88,0.14,1.32,0.44,0.85,,,,,,
Psmc5,plex_1,0.71,0.93,0.26,1.03,0.79,0.95,,,,,,
Ndufs4,plex_1,0.52,0.72,0.24,1.07,0.53,0.92,,,,,,
Ndufs4,plex_1,0.52,0.72,0.24,1.07,0.53,0.92,,,,,,
Ndufb8,plex_1,1.3,1.1,0.14,2.11,0.67,1.9,,,,,,
Rab7a,plex_1,0.71,1.73,0.29,1.16,1.49,0.82,,,,,,
Cct5,plex_1,0.85,0.97,0.28,0.98,0.64,1.17,,,,,,
Pdp1,plex_1,0.98,1.14,0.36,1.65,0.85,1.32,,,,,,
Pdp1,plex_1,0.98,1.14,0.36,1.65,0.85,1.32,,,,,,
Pdp1,plex_1,0.98,1.14,0.36,1.65,0.85,1.32,,,,,,
Pdp1,plex_1,0.98,1.14,0.36,1.65,0.85,1.32,,,,,,
Pdp1,plex_1,0.98,1.14,0.36,1.65,0.85,1.32,,,,,,
Pdk2,plex_1,0.68,0.77,0.2,0.99,0.58,0.9,,,,,,
Apoa1bp,plex_1,0.68,0.79,0.19,1.15,0.69,0.94,,,,,,
Coq9,plex_1,0.52,0.77,0.23,1.41,0.59,0.93,,,,,,
Snta1,plex_1,0.59,0.91,0.21,1.12,0.79,0.82,,,,,,
Snta1,plex_1,0.59,0.91,0.21,1.12,0.79,0.82,,,,,,
Cbr1,plex_1,0.64,0.83,0.28,1.02,0.71,0.81,,,,,,
Rps3,plex_1,0.73,1.08,0.28,1.28,0.99,1.15,,,,,,
Rps3,plex_1,0.73,1.08,0.28,1.28,0.99,1.15,,,,,,
Rps3,plex_1,0.73,1.08,0.28,1.28,0.99,1.15,,,,,,
Rps3,plex_1,0.73,1.08,0.28,1.28,0.99,1.15,,,,,,
Svil,plex_1,0.83,1.03,0.2,1.27,0.8,1.09,,,,,,
C3,plex_1,0.41,0.49,0.22,1.01,0.68,1.66,,,,,,
Anxa7,plex_1,0.73,0.85,0.28,1.08,0.9,0.94,,,,,,
Ogn,plex_1,0.65,0.73,0.22,1.43,0.69,1.3,,,,,,
Ckb,plex_1,0.75,0.73,0.25,0.97,0.9,1.18,,,,,,
Ndufb9,plex_1,0.58,0.89,0.18,1.13,0.46,1.25,,,,,,
Ctsd,plex_1,0.78,1.12,0.19,1.07,0.68,0.99,,,,,,
Hsp90b1,plex_1,0.62,0.76,0.26,1.15,0.88,0.96,,,,,,
Glud1,plex_1,0.71,0.82,0.21,1.36,0.6,0.98,,,,,,
Hspe1,plex_1,0.85,1.11,0.28,1.88,0.79,1.22,,,,,,
Tnxb,plex_1,0.66,0.87,0.21,1.23,0.74,0.99,,,,,,
Tceb2,plex_1,1.02,1.07,0.4,1.05,0.76,0.79,,,,,,
Hnrnph2,plex_1,0.61,0.85,0.24,1.08,0.44,1.05,,,,,,
Psap,plex_1,0.58,0.8,0.27,1.02,0.64,1.09,,,,,,
Psap,plex_1,0.58,0.8,0.27,1.02,0.64,1.09,,,,,,
Psap,plex_1,0.58,0.8,0.27,1.02,0.64,1.09,,,,,,
Psap,plex_1,0.58,0.8,0.27,1.02,0.64,1.09,,,,,,
Psap,plex_1,0.58,0.8,0.27,1.02,0.64,1.09,,,,,,
Psap,plex_1,0.58,0.8,0.27,1.02,0.64,1.09,,,,,,
Psap,plex_1,0.58,0.8,0.27,1.02,0.64,1.09,,,,,,
Psap,plex_1,0.58,0.8,0.27,1.02,0.64,1.09,,,,,,
Psap,plex_1,0.58,0.8,0.27,1.02,0.64,1.09,,,,,,
Psap,plex_1,0.58,0.8,0.27,1.02,0.64,1.09,,,,,,
Psap,plex_1,0.58,0.8,0.27,1.02,0.64,1.09,,,,,,
Psap,plex_1,0.58,0.8,0.27,1.02,0.64,1.09,,,,,,
Psap,plex_1,0.58,0.8,0.27,1.02,0.64,1.09,,,,,,
Psap,plex_1,0.58,0.8,0.27,1.02,0.64,1.09,,,,,,
Psap,plex_1,0.58,0.8,0.27,1.02,0.64,1.09,,,,,,
Psap,plex_1,0.58,0.8,0.27,1.02,0.64,1.09,,,,,,
Psap,plex_1,0.58,0.8,0.27,1.02,0.64,1.09,,,,,,
Psap,plex_1,0.58,0.8,0.27,1.02,0.64,1.09,,,,,,
Psap,plex_1,0.58,0.8,0.27,1.02,0.64,1.09,,,,,,
Rab10,plex_1,1.05,1.24,0.22,1.67,0.99,1.89,,,,,,
Mif,plex_1,0.7,0.8,0.2,1.15,0.74,0.86,,,,,,
Txlnb,plex_1,0.91,1.07,0.26,1.63,0.7,1.15,,,,,,
Rars,plex_1,0.75,1.05,0.21,0.96,0.67,0.74,,,,,,
Rpl7,plex_1,0.91,1.08,0.28,1.25,0.95,0.96,,,,,,
Ppp1r7,plex_1,0.59,0.9,0.31,1.08,0.88,0.95,,,,,,
Clybl,plex_1,0.54,1.1,0.21,1.36,0.82,1.2,,,,,,
Ehd4,plex_1,0.69,0.87,0.3,1.32,0.7,1.07,,,,,,
Kera,plex_1,0.54,0.72,0.18,0.98,0.43,1.17,,,,,,
Arf3,plex_1,0.82,0.8,0.26,1.17,0.76,1.08,,,,,,
Ap2b1,plex_1,0.63,0.7,0.31,1.25,0.67,0.88,,,,,,
Ap2b1,plex_1,0.63,0.7,0.31,1.25,0.67,0.88,,,,,,
Murc,plex_1,0.67,0.98,0.21,1.42,0.92,1.15,,,,,,
Mypn,plex_1,0.67,1.11,0.39,1.12,0.79,0.98,,,,,,
Akr7a2,plex_1,0.46,0.82,0.28,0.96,0.63,0.73,,,,,,
Rpl14,plex_1,0.78,1.0,0.2,1.31,0.9,0.86,,,,,,
Osbp,plex_1,0.57,1.01,0.15,1.19,0.8,1.06,,,,,,
Cct7,plex_1,0.88,0.97,0.22,1.53,0.79,1.09,,,,,,
Cct7,plex_1,0.88,0.97,0.22,1.53,0.79,1.09,,,,,,
Cct7,plex_1,0.88,0.97,0.22,1.53,0.79,1.09,,,,,,
Cct7,plex_1,0.88,0.97,0.22,1.53,0.79,1.09,,,,,,
Cct7,plex_1,0.88,0.97,0.22,1.53,0.79,1.09,,,,,,
Cobl,plex_1,0.8,1.46,0.21,1.12,0.56,0.99,,,,,,
Cobl,plex_1,0.8,1.46,0.21,1.12,0.56,0.99,,,,,,
Eif4b,plex_1,0.66,0.96,0.27,1.21,0.61,0.74,,,,,,
Gpd1l,plex_1,0.99,1.65,0.45,1.29,1.23,0.84,,,,,,
Gpd1l,plex_1,0.99,1.65,0.45,1.29,1.23,0.84,,,,,,
Iars,plex_1,0.73,0.98,0.28,1.29,0.94,1.12,,,,,,
Cdv3,plex_1,0.88,0.85,0.24,1.15,0.72,0.84,,,,,,
Cdv3,plex_1,0.88,0.85,0.24,1.15,0.72,0.84,,,,,,
Smpx,plex_1,0.59,0.77,0.19,1.44,0.66,0.96,,,,,,
Uba52,plex_1,0.72,0.71,0.18,1.21,0.63,0.74,,,,,,
Uchl3,plex_1,0.52,0.79,0.34,0.81,0.67,0.97,,,,,,
Ppp3ca,plex_1,0.81,0.72,0.22,1.09,0.73,0.96,,,,,,
Thbs4,plex_1,0.49,0.93,0.21,1.15,0.46,1.01,,,,,,
Xirp1,plex_1,0.62,0.79,0.24,1.32,0.58,0.71,,,,,,
Gphn,plex_1,0.93,1.18,0.3,1.68,0.91,1.01,,,,,,
Gphn,plex_1,0.93,1.18,0.3,1.68,0.91,1.01,,,,,,
Napa,plex_1,0.72,0.95,0.32,0.98,0.57,0.78,,,,,,
Rplp1,plex_1,0.79,0.73,0.19,1.13,1.08,0.79,,,,,,
Lgals1,plex_1,0.65,0.77,0.23,0.84,0.74,0.93,,,,,,
Prkaa2,plex_1,0.72,0.93,0.17,1.05,0.74,0.9,,,,,,
Ndufb5,plex_1,0.54,0.91,0.16,1.22,0.49,1.04,,,,,,
Ndufb5,plex_1,0.54,0.91,0.16,1.22,0.49,1.04,,,,,,
Psmb5,plex_1,0.99,0.92,0.19,1.03,0.75,0.89,,,,,,
Calr,plex_1,0.69,0.66,0.21,0.95,0.85,0.88,,,,,,
Psmb1,plex_1,0.66,0.76,0.31,0.95,0.72,0.87,,,,,,
Gsn,plex_1,0.55,0.78,0.26,0.91,0.79,1.17,,,,,,
Eef1b2,plex_1,0.61,0.71,0.27,0.95,0.78,1.04,,,,,,
Eef1b,plex_1,0.61,0.71,0.27,0.95,0.78,1.04,,,,,,
Dctn2,plex_1,0.72,0.7,0.2,0.64,0.56,0.89,,,,,,
Acadsb,plex_1,0.69,0.7,0.26,0.99,0.5,0.83,,,,,,
Psma2,plex_1,0.72,1.05,0.32,1.14,0.78,1.09,,,,,,
Psma2,plex_1,0.72,1.05,0.32,1.14,0.78,1.09,,,,,,
Apoo,plex_1,0.62,0.79,0.22,1.03,0.55,0.84,,,,,,
Map2k6,plex_1,0.75,0.83,0.34,1.29,0.82,1.09,,,,,,
Map2k6,plex_1,0.75,0.83,0.34,1.29,0.82,1.09,,,,,,
Gstm5,plex_1,0.98,0.97,0.27,1.6,0.85,0.91,,,,,,
Gstm5,plex_1,0.98,0.97,0.27,1.6,0.85,0.91,,,,,,
Ppp2ca,plex_1,0.6,0.82,0.25,1.42,0.78,1.26,,,,,,
Anxa5,plex_1,0.54,0.56,0.25,0.9,0.74,1.11,,,,,,
Tuba1b,plex_1,0.38,0.46,0.14,0.75,0.76,1.4,,,,,,
Cap2,plex_1,0.7,0.97,0.32,1.29,0.77,0.95,,,,,,
Tnnt1,plex_1,0.62,1.07,0.11,1.13,0.5,0.99,,,,,,
Tnnt1,plex_1,0.62,1.07,0.11,1.13,0.5,0.99,,,,,,
Tnnt1,plex_1,0.62,1.07,0.11,1.13,0.5,0.99,,,,,,
Trap1,plex_1,0.46,0.93,0.17,1.18,0.76,1.21,,,,,,
Trap1,plex_1,0.46,0.93,0.17,1.18,0.76,1.21,,,,,,
Trap1,plex_1,0.46,0.93,0.17,1.18,0.76,1.21,,,,,,
Trap1,plex_1,0.46,0.93,0.17,1.18,0.76,1.21,,,,,,
Trap1,plex_1,0.46,0.93,0.17,1.18,0.76,1.21,,,,,,
Vwa5a,plex_1,0.61,0.78,0.27,1.14,0.79,1.16,,,,,,
Eif5a,plex_1,0.69,0.97,0.23,1.18,0.77,1.03,,,,,,
Adk,plex_1,0.5,0.88,0.21,1.6,0.65,1.18,,,,,,
Adk,plex_1,0.5,0.88,0.21,1.6,0.65,1.18,,,,,,
Ncl,plex_1,0.6,0.83,0.31,0.96,0.68,0.89,,,,,,
Sgca,plex_1,0.55,1.0,0.17,0.96,0.47,0.83,,,,,,
Eif3j1,plex_1,1.25,1.02,0.49,1.74,1.07,0.96,,,,,,
Eif3j2,plex_1,1.25,1.02,0.49,1.74,1.07,0.96,,,,,,
Adh5,plex_1,0.79,0.73,0.23,1.56,0.67,1.12,,,,,,
Ndufa13,plex_1,0.66,0.9,0.2,1.34,0.5,1.12,,,,,,
Fhl3,plex_1,0.53,0.95,0.24,1.88,0.63,1.03,,,,,,
Prkaca,plex_1,0.6,0.91,0.14,0.94,0.59,0.88,,,,,,
Prkaca,plex_1,0.6,0.91,0.14,0.94,0.59,0.88,,,,,,
Dusp3,plex_1,0.82,1.01,0.35,0.96,0.82,1.03,,,,,,
Dusp3,plex_1,0.82,1.01,0.35,0.96,0.82,1.03,,,,,,
Rtn4,plex_1,0.74,0.88,0.26,0.86,0.71,0.93,,,,,,
Pcbp2,plex_1,0.9,1.11,0.21,1.37,0.9,1.2,,,,,,
Cyb5r1,plex_1,0.78,1.03,0.15,1.62,0.73,1.28,,,,,,
Hibadh,plex_1,0.48,0.91,0.2,1.4,0.64,1.21,,,,,,
Myo1c,plex_1,0.7,0.95,0.33,1.28,0.58,1.11,,,,,,
Myo1c,plex_1,0.7,0.95,0.33,1.28,0.58,1.11,,,,,,
Myo1c,plex_1,0.7,0.95,0.33,1.28,0.58,1.11,,,,,,
Serpinc1,plex_1,0.56,1.03,0.35,1.13,0.89,1.46,,,,,,
Pdia6,plex_1,0.63,0.68,0.22,1.07,0.72,1.01,,,,,,
Zak,plex_1,0.66,0.89,0.28,0.96,0.73,0.96,,,,,,
Kif5b,plex_1,0.62,0.74,0.23,0.79,0.57,0.84,,,,,,
Ttr,plex_1,0.55,0.74,0.18,1.07,0.7,0.89,,,,,,
Tln1,plex_1,0.73,0.81,0.33,1.35,0.63,1.16,,,,,,
Apool,plex_1,0.79,1.02,0.19,1.91,0.85,1.21,,,,,,
Blmh,plex_1,0.54,0.81,0.19,1.02,0.86,0.82,,,,,,
Canx,plex_1,0.48,0.83,0.23,1.07,0.69,1.0,,,,,,
Cct3,plex_1,0.92,0.95,0.23,1.21,0.78,1.2,,,,,,
Scp2,plex_1,0.52,0.8,0.16,0.97,0.65,0.89,,,,,,
Ndufa3,plex_1,0.72,0.74,0.13,1.33,0.51,0.89,,,,,,
Mapt,plex_1,0.58,0.75,0.18,1.04,0.62,0.98,,,,,,
Bsg,plex_1,0.58,1.0,0.31,1.06,0.53,1.04,,,,,,
Bsg,plex_1,0.58,1.0,0.31,1.06,0.53,1.04,,,,,,
Bsg,plex_1,0.58,1.0,0.31,1.06,0.53,1.04,,,,,,
Bsg,plex_1,0.58,1.0,0.31,1.06,0.53,1.04,,,,,,
Dbi,plex_1,0.45,0.62,0.26,1.03,0.61,0.83,,,,,,
Dbi,plex_1,0.45,0.62,0.26,1.03,0.61,0.83,,,,,,
Dbi,plex_1,0.45,0.62,0.26,1.03,0.61,0.83,,,,,,
Sod1,plex_1,0.69,0.95,0.28,1.17,0.78,1.03,,,,,,
Hint1,plex_1,0.67,0.92,0.28,1.31,0.75,1.03,,,,,,
Lap3,plex_1,1.25,0.83,0.55,1.49,0.88,1.02,,,,,,
Psmd3,plex_1,0.81,0.99,0.36,1.07,0.72,1.01,,,,,,
Psmd3,plex_1,0.81,0.99,0.36,1.07,0.72,1.01,,,,,,
Plin3,plex_1,0.65,1.33,0.19,0.82,0.32,1.36,,,,,,
Ndufs8,plex_1,0.62,0.91,0.21,1.55,0.59,1.03,,,,,,
Pgls,plex_1,0.83,1.11,0.67,1.33,1.45,1.56,,,,,,
Bckdha,plex_1,0.63,0.9,0.2,1.37,0.56,1.28,,,,,,
Bckdha,plex_1,0.63,0.9,0.2,1.37,0.56,1.28,,,,,,
Tagln,plex_1,0.53,0.51,0.22,0.66,0.84,0.92,,,,,,
Pdpr,plex_1,0.62,0.71,0.21,1.23,0.66,0.93,,,,,,
Thop1,plex_1,0.55,0.9,0.45,0.81,0.95,1.14,,,,,,
Mpz,plex_1,0.26,0.43,0.16,0.56,0.62,2.58,,,,,,
H2afy,plex_1,0.49,0.84,0.21,1.1,0.62,0.92,,,,,,
H2afy,plex_1,0.49,0.84,0.21,1.1,0.62,0.92,,,,,,
Farsb,plex_1,0.99,1.13,0.29,1.11,0.92,1.15,,,,,,
Farsb,plex_1,0.99,1.13,0.29,1.11,0.92,1.15,,,,,,
Farsb,plex_1,0.99,1.13,0.29,1.11,0.92,1.15,,,,,,
Usp5,plex_1,0.64,0.7,0.26,1.02,0.59,0.87,,,,,,
Usp5,plex_1,0.64,0.7,0.26,1.02,0.59,0.87,,,,,,
Tubb5,plex_1,0.4,0.35,0.14,1.18,0.69,1.71,,,,,,
Ddost,plex_1,0.68,0.99,0.28,0.86,0.81,0.75,,,,,,
Sdpr,plex_1,0.72,0.86,0.2,1.13,0.7,0.89,,,,,,
Mcts1,plex_1,0.93,1.45,0.64,1.51,0.97,1.6,,,,,,
Ndufa4,plex_1,1.1,1.16,0.15,1.51,0.75,1.33,,,,,,
Tnnc1,plex_1,0.98,1.15,0.22,0.67,0.83,0.62,,,,,,
Ccbl1,plex_1,0.81,0.88,0.39,1.4,1.13,1.02,,,,,,
Rad23b,plex_1,0.85,0.88,0.35,1.02,0.7,1.0,,,,,,
Rad23b,plex_1,0.85,0.88,0.35,1.02,0.7,1.0,,,,,,
Rad23b,plex_1,0.85,0.88,0.35,1.02,0.7,1.0,,,,,,
Rad23b,plex_1,0.85,0.88,0.35,1.02,0.7,1.0,,,,,,
Aamdc,plex_1,0.77,0.93,0.25,1.17,0.78,1.0,,,,,,
Aamdc,plex_1,0.77,0.93,0.25,1.17,0.78,1.0,,,,,,
Aamdc,plex_1,0.77,0.93,0.25,1.17,0.78,1.0,,,,,,
Casq2,plex_1,0.74,0.89,0.22,1.61,0.67,1.43,,,,,,
Atp1b1,plex_1,0.4,0.7,0.12,1.44,0.3,0.93,,,,,,
Atp1b1,plex_1,0.4,0.7,0.12,1.44,0.3,0.93,,,,,,
Myl4,plex_1,1.4,1.58,0.51,1.2,0.84,1.02,,,,,,
Myl4,plex_1,1.4,1.58,0.51,1.2,0.84,1.02,,,,,,
Myl4,plex_1,1.4,1.58,0.51,1.2,0.84,1.02,,,,,,
Tpt1,plex_1,0.78,0.94,0.26,1.15,0.96,1.3,,,,,,
Ndufa12,plex_1,0.7,0.95,0.31,1.5,0.66,1.07,,,,,,
Ndufa12,plex_1,0.7,0.95,0.31,1.5,0.66,1.07,,,,,,
Ndufa12,plex_1,0.7,0.95,0.31,1.5,0.66,1.07,,,,,,
Dpt,plex_1,0.49,0.66,0.24,0.87,0.69,0.86,,,,,,
Rpn1,plex_1,0.79,1.07,0.25,1.24,0.92,1.07,,,,,,
Rpn1,plex_1,0.79,1.07,0.25,1.24,0.92,1.07,,,,,,
Rpn1,plex_1,0.79,1.07,0.25,1.24,0.92,1.07,,,,,,
Rpn1,plex_1,0.79,1.07,0.25,1.24,0.92,1.07,,,,,,
Pdcd6ip,plex_1,1.26,1.09,0.28,1.78,0.69,1.48,,,,,,
Pdcd6ip,plex_1,1.26,1.09,0.28,1.78,0.69,1.48,,,,,,
Acad12,plex_1,1.08,1.07,0.29,1.15,0.74,1.06,,,,,,
Ndufb11,plex_1,0.54,0.75,0.14,1.35,0.41,1.05,,,,,,
Ndufb11,plex_1,0.54,0.75,0.14,1.35,0.41,1.05,,,,,,
Mccc1,plex_1,0.63,0.83,0.18,1.26,0.55,0.83,,,,,,
Psma6,plex_1,0.94,0.96,0.4,1.7,1.21,1.1,,,,,,
Idh1,plex_1,0.58,0.68,0.35,1.41,0.88,1.24,,,,,,
Idh1,plex_1,0.58,0.68,0.35,1.41,0.88,1.24,,,,,,
Idh1,plex_1,0.58,0.68,0.35,1.41,0.88,1.24,,,,,,
Idh1,plex_1,0.58,0.68,0.35,1.41,0.88,1.24,,,,,,
Psmc3,plex_1,0.62,0.92,0.19,0.91,0.88,0.96,,,,,,
Psmc3,plex_1,0.62,0.92,0.19,0.91,0.88,0.96,,,,,,
Psmc3,plex_1,0.62,0.92,0.19,0.91,0.88,0.96,,,,,,
Ide,plex_1,4.45,2.43,0.23,7.21,0.83,3.53,,,,,,
Eif2s2,plex_1,0.67,0.86,0.29,1.11,0.69,1.12,,,,,,
Psmb3,plex_1,0.85,0.91,0.22,0.64,0.6,0.72,,,,,,
Mpst,plex_1,0.88,1.07,0.25,1.63,0.81,1.39,,,,,,
Mpst,plex_1,0.88,1.07,0.25,1.63,0.81,1.39,,,,,,
Mpst,plex_1,0.88,1.07,0.25,1.63,0.81,1.39,,,,,,
,plex_1,0.66,0.84,0.62,1.67,0.73,0.98,,,,,,
Maob,plex_1,0.68,0.93,0.26,1.16,0.5,0.89,,,,,,
Cct8,plex_1,0.88,0.96,0.22,1.17,0.77,0.89,,,,,,
Nploc4,plex_1,0.8,0.82,0.19,1.17,0.67,0.67,,,,,,
Nploc4,plex_1,0.8,0.82,0.19,1.17,0.67,0.67,,,,,,
Nploc4,plex_1,0.8,0.82,0.19,1.17,0.67,0.67,,,,,,
Nploc4,plex_1,0.8,0.82,0.19,1.17,0.67,0.67,,,,,,
Eif2s3x,plex_1,0.6,0.7,0.16,1.02,0.63,0.85,,,,,,
Gsto1,plex_1,0.53,0.94,0.16,1.08,0.67,0.87,,,,,,
Dync1i2,plex_1,,1.84,0.91,,,,,,,,,
Stat5b,plex_1,0.49,0.69,0.22,0.81,0.64,0.59,,,,,,
Carnmt1,plex_1,0.7,0.87,0.23,1.66,0.79,1.22,,,,,,
Fgg,plex_1,0.5,1.02,0.11,0.88,0.81,2.18,,,,,,
Sod2,plex_1,0.57,0.97,0.21,1.43,0.54,1.06,,,,,,
Pgam1,plex_1,0.76,1.15,0.41,1.68,1.02,1.69,,,,,,
Pgam1,plex_1,0.76,1.15,0.41,1.68,1.02,1.69,,,,,,
Chchd3,plex_1,0.65,0.94,0.28,1.3,0.39,0.98,,,,,,
Ppp1r12b,plex_1,0.78,0.87,0.29,1.45,0.78,1.25,,,,,,
Actn1,plex_1,0.58,0.8,0.22,1.03,0.71,1.04,,,,,,
Mvp,plex_1,0.87,0.97,0.32,0.96,0.62,1.01,,,,,,
Mvp,plex_1,0.87,0.97,0.32,0.96,0.62,1.01,,,,,,
Dnaja2,plex_1,0.72,0.9,0.22,1.78,0.63,0.94,,,,,,
St13,plex_1,0.63,0.87,0.18,0.96,0.44,1.0,,,,,,
St13,plex_1,0.63,0.87,0.18,0.96,0.44,1.0,,,,,,
St13,plex_1,0.63,0.87,0.18,0.96,0.44,1.0,,,,,,
St13,plex_1,0.63,0.87,0.18,0.96,0.44,1.0,,,,,,
St13,plex_1,0.63,0.87,0.18,0.96,0.44,1.0,,,,,,
Map4,plex_1,0.85,1.01,0.24,1.16,0.69,1.17,,,,,,
Map4,plex_1,0.85,1.01,0.24,1.16,0.69,1.17,,,,,,
Myl6,plex_1,0.46,0.77,0.21,1.07,0.77,1.01,,,,,,
Myl6,plex_1,0.46,0.77,0.21,1.07,0.77,1.01,,,,,,
Tuba8,plex_1,0.74,0.79,0.25,1.17,0.81,0.95,,,,,,
Rab11b,plex_1,0.69,1.18,0.33,1.1,0.72,1.05,,,,,,
Rab11b,plex_1,0.69,1.18,0.33,1.1,0.72,1.05,,,,,,
Prep,plex_1,0.54,0.81,0.22,1.14,0.7,0.67,,,,,,
Prep,plex_1,0.54,0.81,0.22,1.14,0.7,0.67,,,,,,
Prep,plex_1,0.54,0.81,0.22,1.14,0.7,0.67,,,,,,
Ilk,plex_1,0.76,1.01,0.16,1.03,0.82,1.07,,,,,,
Coq6,plex_1,0.58,0.72,0.14,1.06,0.77,0.71,,,,,,
Uqcrh,plex_1,0.96,1.02,0.26,1.57,0.93,1.13,,,,,,
Cryz,plex_1,0.56,0.91,,1.17,0.68,0.96,,,,,,
Cryz,plex_1,0.56,0.91,,1.17,0.68,0.96,,,,,,
Cryz,plex_1,0.56,0.91,,1.17,0.68,0.96,,,,,,
Taldo1,plex_1,0.53,0.73,0.2,1.18,0.55,0.81,,,,,,
Ppa1,plex_1,0.81,0.93,0.22,1.17,0.74,0.96,,,,,,
Ndufb4,plex_1,0.69,0.98,0.21,1.36,0.61,0.99,,,,,,
Vapa,plex_1,0.99,1.15,0.27,1.38,0.82,1.34,,,,,,
Rpl23,plex_1,0.62,0.52,0.12,0.97,0.72,0.69,,,,,,
Cilp2,plex_1,1.04,1.36,0.27,0.79,0.56,1.25,,,,,,
Cmpk1,plex_1,0.56,0.84,0.2,1.13,0.63,1.04,,,,,,
Prps1,plex_1,0.53,0.81,0.18,0.85,0.7,0.77,,,,,,
Prps1,plex_1,0.53,0.81,0.18,0.85,0.7,0.77,,,,,,
Prps1,plex_1,0.53,0.81,0.18,0.85,0.7,0.77,,,,,,
Prps1l3,plex_1,0.53,0.81,0.18,0.85,0.7,0.77,,,,,,
Atp5j2,plex_1,0.61,0.83,0.19,1.36,0.55,1.3,,,,,,
Aspn,plex_1,0.49,0.64,0.17,0.8,0.62,0.9,,,,,,
Mrps36,plex_1,0.64,0.85,0.19,1.38,0.62,1.0,,,,,,
Rab14,plex_1,0.74,0.99,0.23,1.35,0.63,1.23,,,,,,
Rpl3l,plex_1,0.75,0.8,0.24,1.24,0.79,0.85,,,,,,
Rpl3l,plex_1,0.75,0.8,0.24,1.24,0.79,0.85,,,,,,
Ube2k,plex_1,0.86,0.99,0.23,1.16,1.03,1.02,,,,,,
Ube2k,plex_1,0.86,0.99,0.23,1.16,1.03,1.02,,,,,,
Ube2k,plex_1,0.86,0.99,0.23,1.16,1.03,1.02,,,,,,
Psmd13,plex_1,0.98,1.14,0.26,1.22,0.87,1.21,,,,,,
Psmd13,plex_1,0.98,1.14,0.26,1.22,0.87,1.21,,,,,,
Aco1,plex_1,0.74,0.8,0.21,1.05,0.84,1.05,,,,,,
Emc1,plex_1,0.63,0.88,0.26,1.16,0.65,1.04,,,,,,
Emc1,plex_1,0.63,0.88,0.26,1.16,0.65,1.04,,,,,,
Gpx3,plex_1,0.45,0.71,0.21,1.11,0.55,0.96,,,,,,
Map2k3,plex_1,0.57,0.76,0.19,1.06,0.63,0.85,,,,,,
Afg3l2,plex_1,0.94,0.98,0.17,1.48,0.84,1.46,,,,,,
Ube2v2,plex_1,0.77,0.97,0.21,1.2,0.76,1.11,,,,,,
Ube2v2,plex_1,0.77,0.97,0.21,1.2,0.76,1.11,,,,,,
Gnas,plex_1,0.77,1.01,0.29,0.99,0.79,0.9,,,,,,
Fkbp3,plex_1,0.63,0.86,0.2,1.16,0.67,0.94,,,,,,
Rap1a,plex_1,0.65,0.78,0.23,0.99,0.69,1.16,,,,,,
Mtch2,plex_1,0.54,0.84,0.17,1.04,0.58,1.0,,,,,,
Mtch2,plex_1,0.54,0.84,0.17,1.04,0.58,1.0,,,,,,
Eif3a,plex_1,3.87,2.79,1.44,5.37,1.49,3.16,,,,,,
Rpl18,plex_1,0.7,0.89,0.36,1.17,0.73,0.79,,,,,,
Rpl18,plex_1,0.7,0.89,0.36,1.17,0.73,0.79,,,,,,
Rpl18,plex_1,0.7,0.89,0.36,1.17,0.73,0.79,,,,,,
Hnrnpd,plex_1,1.17,1.06,0.43,1.39,1.14,1.19,,,,,,
Hnrnpd,plex_1,1.17,1.06,0.43,1.39,1.14,1.19,,,,,,
Hnrnpd,plex_1,1.17,1.06,0.43,1.39,1.14,1.19,,,,,,
Hnrnpd,plex_1,1.17,1.06,0.43,1.39,1.14,1.19,,,,,,
Hnrnpd,plex_1,1.17,1.06,0.43,1.39,1.14,1.19,,,,,,
Hnrnpd,plex_1,1.17,1.06,0.43,1.39,1.14,1.19,,,,,,
Hnrnpd,plex_1,1.17,1.06,0.43,1.39,1.14,1.19,,,,,,
Rac1,plex_1,0.76,0.95,0.25,1.16,0.73,1.11,,,,,,
Capza1,plex_1,0.76,0.72,0.19,0.87,0.53,0.59,,,,,,
Fgb,plex_1,1.1,1.37,0.39,1.79,1.37,2.5,,,,,,
Gpt,plex_1,0.96,1.62,0.19,1.87,0.85,1.42,,,,,,
Rpn2,plex_1,0.87,1.01,0.32,0.98,0.75,0.88,,,,,,
Rpn2,plex_1,0.87,1.01,0.32,0.98,0.75,0.88,,,,,,
Rpn2,plex_1,0.87,1.01,0.32,0.98,0.75,0.88,,,,,,
Rpn2,plex_1,0.87,1.01,0.32,0.98,0.75,0.88,,,,,,
Rpl13,plex_1,1.8,1.35,0.25,3.27,0.77,2.13,,,,,,
Akr1b10,plex_1,0.57,0.88,0.22,1.27,0.62,0.89,,,,,,
Tpp2,plex_1,0.61,0.93,0.24,1.13,0.61,0.88,,,,,,
Tpp2,plex_1,0.61,0.93,0.24,1.13,0.61,0.88,,,,,,
Tpp2,plex_1,0.61,0.93,0.24,1.13,0.61,0.88,,,,,,
Hspb8,plex_1,0.75,0.7,0.2,1.2,0.8,0.8,,,,,,
Vars,plex_1,0.65,0.77,0.24,1.01,1.08,1.03,,,,,,
Vars,plex_1,0.65,0.77,0.24,1.01,1.08,1.03,,,,,,
Vars,plex_1,0.65,0.77,0.24,1.01,1.08,1.03,,,,,,
Rpl7a,plex_1,0.65,0.83,0.26,1.27,0.67,0.84,,,,,,
Rpl7a,plex_1,0.65,0.83,0.26,1.27,0.67,0.84,,,,,,
Rpl7a,plex_1,0.65,0.83,0.26,1.27,0.67,0.84,,,,,,
Rpl7a,plex_1,0.65,0.83,0.26,1.27,0.67,0.84,,,,,,
Ndufb10,plex_1,0.61,0.71,0.21,1.31,0.52,0.95,,,,,,
,plex_1,0.2,0.49,0.18,1.91,0.8,3.56,,,,,,
,plex_1,0.2,0.49,0.18,1.91,0.8,3.56,,,,,,
Tecr,plex_1,0.73,0.93,0.24,1.1,0.9,0.98,,,,,,
Nit2,plex_1,0.73,0.85,0.19,1.02,0.57,1.05,,,,,,
Ptgr2,plex_1,0.57,0.82,0.23,0.89,0.74,0.83,,,,,,
Acyp2,plex_1,1.0,0.91,0.23,2.43,0.69,1.31,,,,,,
Pa2g4,plex_1,1.24,1.0,0.18,1.27,0.73,0.9,,,,,,
Pa2g4,plex_1,1.24,1.0,0.18,1.27,0.73,0.9,,,,,,
Pa2g4,plex_1,1.24,1.0,0.18,1.27,0.73,0.9,,,,,,
Pa2g4,plex_1,1.24,1.0,0.18,1.27,0.73,0.9,,,,,,
Ndufa5,plex_1,0.69,0.98,0.18,1.54,0.53,1.06,,,,,,
Cisd1,plex_1,0.62,0.82,0.29,1.23,0.68,1.16,,,,,,
Phpt1,plex_1,0.72,0.91,0.25,1.57,0.88,1.11,,,,,,
Rps3a,plex_1,0.73,0.99,0.27,1.37,0.86,0.91,,,,,,
Rps3a1,plex_1,0.73,0.99,0.27,1.37,0.86,0.91,,,,,,
Rps3a1,plex_1,0.73,0.99,0.27,1.37,0.86,0.91,,,,,,
Rps3a1,plex_1,0.73,0.99,0.27,1.37,0.86,0.91,,,,,,
Nqo1,plex_1,1.03,1.16,0.26,1.14,0.81,1.04,,,,,,
Cndp2,plex_1,0.74,0.82,0.29,0.96,0.77,1.03,,,,,,
Psmd14,plex_1,0.89,1.3,0.19,2.07,0.66,1.24,,,,,,
Dag1,plex_1,0.71,1.22,0.2,1.32,0.62,1.2,,,,,,
Prkab2,plex_1,0.71,0.61,0.24,0.86,0.53,0.85,,,,,,
Scrn2,plex_1,0.79,1.02,0.26,1.04,0.72,0.96,,,,,,
Tppp3,plex_1,0.69,0.58,0.21,1.89,0.76,1.42,,,,,,
Tppp3,plex_1,0.69,0.58,0.21,1.89,0.76,1.42,,,,,,
Ndufa2,plex_1,0.69,1.0,0.19,1.72,0.54,1.12,,,,,,
Mgst3,plex_1,0.2,0.51,,0.79,0.75,0.73,,,,,,
Tns1,plex_1,0.62,0.8,0.26,1.19,0.55,1.03,,,,,,
Tns1,plex_1,0.62,0.8,0.26,1.19,0.55,1.03,,,,,,
Tns1,plex_1,0.62,0.8,0.26,1.19,0.55,1.03,,,,,,
Tns1,plex_1,0.62,0.8,0.26,1.19,0.55,1.03,,,,,,
Tns1,plex_1,0.62,0.8,0.26,1.19,0.55,1.03,,,,,,
Oplah,plex_1,0.99,1.18,0.28,1.72,0.94,1.25,,,,,,
Mtx1,plex_1,0.98,1.57,0.43,1.56,1.07,1.21,,,,,,
Mavs,plex_1,0.77,1.19,,1.25,0.51,0.81,,,,,,
Fkbp1a,plex_1,0.74,1.0,0.23,0.91,0.97,0.99,,,,,,
Fkbp1a,plex_1,0.74,1.0,0.23,0.91,0.97,0.99,,,,,,
Acly,plex_1,0.63,0.64,0.31,1.24,0.74,1.2,,,,,,
Dhrs4,plex_1,0.41,0.71,0.09,1.54,0.35,0.86,,,,,,
Dhrs4,plex_1,0.41,0.71,0.09,1.54,0.35,0.86,,,,,,
Cat,plex_1,0.45,0.75,0.21,1.04,0.54,1.15,,,,,,
Fam213b,plex_1,0.94,0.93,0.31,1.69,0.76,0.84,,,,,,
Qars,plex_1,0.78,0.98,0.29,1.11,0.89,1.03,,,,,,
Qars,plex_1,0.78,0.98,0.29,1.11,0.89,1.03,,,,,,
Qars,plex_1,0.78,0.98,0.29,1.11,0.89,1.03,,,,,,
Qars,plex_1,0.78,0.98,0.29,1.11,0.89,1.03,,,,,,
Qars,plex_1,0.78,0.98,0.29,1.11,0.89,1.03,,,,,,
Pgd,plex_1,0.62,0.78,0.26,1.12,0.8,0.94,,,,,,
Hmgcl,plex_1,0.63,1.05,0.29,1.3,0.56,0.76,,,,,,
Hmgcl,plex_1,0.63,1.05,0.29,1.3,0.56,0.76,,,,,,
Npm1,plex_1,0.72,0.78,0.24,1.38,0.79,1.0,,,,,,
Ube2d1,plex_1,0.82,0.83,0.21,0.91,0.73,0.96,,,,,,
Ighm,plex_1,0.5,1.08,0.19,0.93,1.43,1.49,,,,,,
Ighm,plex_1,0.5,1.08,0.19,0.93,1.43,1.49,,,,,,
Paics,plex_1,0.66,0.83,0.35,1.12,0.99,1.03,,,,,,
Psmd12,plex_1,0.96,1.19,0.22,1.33,0.96,1.12,,,,,,
Psmd12,plex_1,0.96,1.19,0.22,1.33,0.96,1.12,,,,,,
Psmd12,plex_1,0.96,1.19,0.22,1.33,0.96,1.12,,,,,,
Rps13,plex_1,0.85,1.01,0.22,1.31,0.73,1.01,,,,,,
Rps13,plex_1,0.85,1.01,0.22,1.31,0.73,1.01,,,,,,
Ppp2r4,plex_1,0.57,0.87,0.39,0.68,0.69,1.06,,,,,,
Dynlrb1,plex_1,0.54,0.8,,0.95,0.52,0.77,,,,,,
Dynlrb1,plex_1,0.54,0.8,,0.95,0.52,0.77,,,,,,
Tpm4,plex_1,0.73,0.74,0.12,1.26,0.47,1.4,,,,,,
Impa1,plex_1,0.81,0.98,0.26,1.96,0.92,1.12,,,,,,
Impa1,plex_1,0.81,0.98,0.26,1.96,0.92,1.12,,,,,,
Impa1,plex_1,0.81,0.98,0.26,1.96,0.92,1.12,,,,,,
Impa1,plex_1,0.81,0.98,0.26,1.96,0.92,1.12,,,,,,
Yars,plex_1,0.65,1.12,0.25,1.88,0.55,0.99,,,,,,
Nars,plex_1,0.67,0.76,0.22,1.08,0.69,0.93,,,,,,
Stim1,plex_1,0.65,0.88,0.18,1.21,0.63,1.18,,,,,,
Map2k1,plex_1,0.76,0.97,0.29,1.08,0.77,1.04,,,,,,
Ndufs7,plex_1,1.03,1.04,0.19,1.46,0.72,1.06,,,,,,
Col4a2,plex_1,0.81,1.48,0.13,0.41,0.54,1.1,,,,,,
Map2k4,plex_1,0.71,0.8,,1.02,0.86,0.6,,,,,,
Gsta4,plex_1,0.76,0.84,0.15,1.19,0.71,0.92,,,,,,
Acad9,plex_1,0.82,0.96,,1.07,0.76,1.08,,,,,,
H1f0,plex_1,0.63,0.85,0.2,1.42,0.67,0.82,,,,,,
Prr33,plex_1,0.5,0.62,0.31,0.83,0.65,0.85,,,,,,
Vps35,plex_1,0.62,0.77,0.12,0.96,0.79,1.05,,,,,,
Vps35,plex_1,0.62,0.77,0.12,0.96,0.79,1.05,,,,,,
Vps35,plex_1,0.62,0.77,0.12,0.96,0.79,1.05,,,,,,
Crot,plex_1,0.73,0.64,0.16,0.49,0.71,0.82,,,,,,
Ndufb6,plex_1,0.56,0.82,0.24,1.26,0.53,1.0,,,,,,
Oat,plex_1,0.53,0.98,0.16,1.01,0.76,0.98,,,,,,
Ywhah,plex_1,0.58,0.8,0.12,0.89,1.02,1.04,,,,,,
Pmpca,plex_1,0.75,3.76,0.23,1.47,0.68,2.42,,,,,,
Glod4,plex_1,0.75,0.93,0.25,1.02,0.77,0.88,,,,,,
Rpl17,plex_1,0.69,0.83,0.24,1.15,0.76,0.89,,,,,,
Rpl17,plex_1,0.69,0.83,0.24,1.15,0.76,0.89,,,,,,
Rpl17,plex_1,0.69,0.83,0.24,1.15,0.76,0.89,,,,,,
Rpl17,plex_1,0.69,0.83,0.24,1.15,0.76,0.89,,,,,,
Rpl17,plex_1,0.69,0.83,0.24,1.15,0.76,0.89,,,,,,
Cox6c,plex_1,0.55,0.75,0.19,1.32,0.47,0.84,,,,,,
Acaa1b,plex_1,,,,,,,,,,,,
Acaa1b,plex_1,,,,,,,,,,,,
Coq7,plex_1,0.47,0.75,0.18,1.27,0.56,1.05,,,,,,
Coq7,plex_1,0.47,0.75,0.18,1.27,0.56,1.05,,,,,,
Coq7,plex_1,0.47,0.75,0.18,1.27,0.56,1.05,,,,,,
Psma7,plex_1,0.74,1.01,0.25,1.32,1.03,1.31,,,,,,
Rps8,plex_1,0.65,0.87,0.21,1.25,0.66,0.94,,,,,,
Rps8,plex_1,0.65,0.87,0.21,1.25,0.66,0.94,,,,,,
Rpl10a,plex_1,0.67,0.83,0.2,1.05,0.75,1.08,,,,,,
Rpl10a,plex_1,0.67,0.83,0.2,1.05,0.75,1.08,,,,,,
Mtdh,plex_1,0.77,0.96,0.38,1.06,0.69,0.93,,,,,,
Rps9,plex_1,0.75,1.13,0.27,1.19,0.87,0.98,,,,,,
Mtap,plex_1,0.76,0.94,0.39,1.23,0.74,1.08,,,,,,
Bckdhb,plex_1,1.01,0.71,0.27,1.41,0.81,1.23,,,,,,
Bckdhb,plex_1,1.01,0.71,0.27,1.41,0.81,1.23,,,,,,
Mpc1,plex_1,1.44,1.12,0.38,1.2,0.76,1.48,,,,,,
Mpc1,plex_1,1.44,1.12,0.38,1.2,0.76,1.48,,,,,,
Mecr,plex_1,0.61,0.85,0.17,1.1,0.65,0.76,,,,,,
Serpina1b,plex_1,0.5,0.85,0.24,1.1,0.78,1.38,,,,,,
Auh,plex_1,0.51,0.78,0.27,1.02,0.52,1.15,,,,,,
Ndufab1,plex_1,0.67,0.68,0.21,1.57,0.69,1.01,,,,,,
Ndufab1,plex_1,0.67,0.68,0.21,1.57,0.69,1.01,,,,,,
Ndufab1,plex_1,0.67,0.68,0.21,1.57,0.69,1.01,,,,,,
Ndufab1,plex_1,0.67,0.68,0.21,1.57,0.69,1.01,,,,,,
Stbd1,plex_1,0.91,0.96,0.32,1.04,0.86,0.9,,,,,,
Kpna3,plex_1,0.56,0.71,0.23,0.92,0.79,0.92,,,,,,
Sgcd,plex_1,1.44,1.4,0.16,1.99,0.67,2.01,,,,,,
Tor1aip1,plex_1,0.76,0.9,0.26,1.12,0.53,0.93,,,,,,
Tor1aip1,plex_1,0.76,0.9,0.26,1.12,0.53,0.93,,,,,,
Aimp1,plex_1,1.23,1.74,0.26,1.5,0.94,1.78,,,,,,
Acad8,plex_1,0.84,1.13,0.31,1.66,0.6,0.88,,,,,,
Psme1,plex_1,0.91,0.57,0.22,0.84,0.85,0.99,,,,,,
Psme1,plex_1,0.91,0.57,0.22,0.84,0.85,0.99,,,,,,
Hspa1a,plex_1,0.7,1.05,0.11,1.14,0.72,1.33,,,,,,
Hspa1b,plex_1,0.7,1.05,0.11,1.14,0.72,1.33,,,,,,
Ptges2,plex_1,0.52,2.65,1.01,0.92,0.54,2.05,,,,,,
Psmd8,plex_1,0.64,1.06,0.23,1.33,0.91,0.88,,,,,,
Ktn1,plex_1,0.85,1.24,0.2,1.61,0.66,0.95,,,,,,
Ktn1,plex_1,0.85,1.24,0.2,1.61,0.66,0.95,,,,,,
Ktn1,plex_1,0.85,1.24,0.2,1.61,0.66,0.95,,,,,,
Farsa,plex_1,0.89,1.21,0.32,1.03,0.82,0.98,,,,,,
Farsa,plex_1,0.89,1.21,0.32,1.03,0.82,0.98,,,,,,
Hnrnpa2b1,plex_1,0.82,0.77,0.3,1.6,0.66,1.15,,,,,,
Hnrnpa2b1,plex_1,0.82,0.77,0.3,1.6,0.66,1.15,,,,,,
Hnrnpa2b1,plex_1,0.82,0.77,0.3,1.6,0.66,1.15,,,,,,
Hnrnpa2b1,plex_1,0.82,0.77,0.3,1.6,0.66,1.15,,,,,,
Chordc1,plex_1,0.46,1.05,0.24,0.68,0.77,0.99,,,,,,
Gstk1,plex_1,0.63,0.79,0.21,1.2,0.56,0.9,,,,,,
Rpl6,plex_1,0.69,0.85,0.24,1.19,0.84,0.87,,,,,,
Coq10a,plex_1,1.11,1.38,0.32,2.0,0.77,1.27,,,,,,
Rpl32,plex_1,0.7,0.97,0.33,1.5,0.88,0.86,,,,,,
Rpl32,plex_1,0.7,0.97,0.33,1.5,0.88,0.86,,,,,,
Tgfbi,plex_1,0.53,0.81,0.14,0.79,0.55,0.92,,,,,,
Tgfbi,plex_1,0.53,0.81,0.14,0.79,0.55,0.92,,,,,,
Tgfbi,plex_1,0.53,0.81,0.14,0.79,0.55,0.92,,,,,,
Tgfbi,plex_1,0.53,0.81,0.14,0.79,0.55,0.92,,,,,,
Cul5,plex_1,0.68,0.85,0.3,0.91,0.73,0.88,,,,,,
Rpl13a,plex_1,0.87,0.94,0.29,1.4,0.79,0.94,,,,,,
Cops4,plex_1,0.74,0.81,0.26,1.32,0.78,1.02,,,,,,
Opa1,plex_1,0.79,1.05,0.27,1.17,0.68,1.04,,,,,,
Opa1,plex_1,0.79,1.05,0.27,1.17,0.68,1.04,,,,,,
mKIAA0567,plex_1,0.79,1.05,0.27,1.17,0.68,1.04,,,,,,
Opa1,plex_1,0.79,1.05,0.27,1.17,0.68,1.04,,,,,,
Cul4a,plex_1,0.71,1.06,0.36,1.62,1.15,1.26,,,,,,
Uqcrq,plex_1,0.66,0.96,0.2,1.81,0.65,1.24,,,,,,
Rps6ka3,plex_1,0.42,0.84,0.11,1.11,0.71,0.86,,,,,,
Rps6ka3,plex_1,0.42,0.84,0.11,1.11,0.71,0.86,,,,,,
Rps6ka3,plex_1,0.42,0.84,0.11,1.11,0.71,0.86,,,,,,
Pdlim1,plex_1,0.56,1.26,0.13,1.07,0.41,1.17,,,,,,
Pdlim1,plex_1,0.56,1.26,0.13,1.07,0.41,1.17,,,,,,
Pdlim1,plex_1,0.56,1.26,0.13,1.07,0.41,1.17,,,,,,
Ankrd2,plex_1,0.86,1.42,0.3,1.92,0.46,1.16,,,,,,
Dusp23,plex_1,0.86,1.11,0.27,1.09,0.92,0.98,,,,,,
Ddx1,plex_1,0.7,0.73,0.2,0.82,0.9,0.85,,,,,,
Capns1,plex_1,0.49,0.8,0.26,0.99,0.86,0.84,,,,,,
Tceb1,plex_1,0.85,0.92,,1.1,0.79,0.94,,,,,,
Tceb1,plex_1,0.85,0.92,,1.1,0.79,0.94,,,,,,
Tceb1,plex_1,0.85,0.92,,1.1,0.79,0.94,,,,,,
Adprh,plex_1,0.71,0.79,0.23,1.13,0.84,1.02,,,,,,
Eif1,plex_1,0.85,0.99,,1.08,0.68,0.85,,,,,,
Eif1,plex_1,0.85,0.99,,1.08,0.68,0.85,,,,,,
Eif1b,plex_1,0.85,0.99,,1.08,0.68,0.85,,,,,,
Tpd52l2,plex_1,0.81,0.82,0.19,1.14,0.69,1.09,,,,,,
Tpd52l2,plex_1,0.81,0.82,0.19,1.14,0.69,1.09,,,,,,
Tpd52l2,plex_1,0.81,0.82,0.19,1.14,0.69,1.09,,,,,,
Tpd52l2,plex_1,0.81,0.82,0.19,1.14,0.69,1.09,,,,,,
Tpd52l2,plex_1,0.81,0.82,0.19,1.14,0.69,1.09,,,,,,
Rcsd1,plex_1,0.98,1.2,0.39,1.31,0.94,1.54,,,,,,
Nefh,plex_1,,,,0.68,1.36,1.55,,,,,,
Psmd11,plex_1,0.78,0.87,0.19,1.03,0.76,0.82,,,,,,
Psmd11,plex_1,0.78,0.87,0.19,1.03,0.76,0.82,,,,,,
Psmd11,plex_1,0.78,0.87,0.19,1.03,0.76,0.82,,,,,,
Psmd11,plex_1,0.78,0.87,0.19,1.03,0.76,0.82,,,,,,
Psmd11,plex_1,0.78,0.87,0.19,1.03,0.76,0.82,,,,,,
Rpl5,plex_1,0.62,0.78,0.25,1.19,0.67,0.7,,,,,,
,plex_1,0.55,1.16,0.17,1.59,1.07,1.39,,,,,,
Fitm1,plex_1,0.66,0.79,0.27,0.92,0.5,0.93,,,,,,
Rsu1,plex_1,0.52,0.64,0.46,0.82,0.86,1.01,,,,,,
Rsu1,plex_1,0.52,0.64,0.46,0.82,0.86,1.01,,,,,,
Asph,plex_1,1.33,1.58,0.35,1.76,1.05,2.19,,,,,,
Asph,plex_1,1.33,1.58,0.35,1.76,1.05,2.19,,,,,,
,plex_1,0.74,1.08,0.34,1.17,0.85,1.02,,,,,,
Tmed2,plex_1,0.74,1.08,0.34,1.17,0.85,1.02,,,,,,
Tmed2,plex_1,0.74,1.08,0.34,1.17,0.85,1.02,,,,,,
Pitpna,plex_1,0.58,0.77,0.29,0.92,0.61,0.88,,,,,,
Mtco1,plex_1,0.59,0.7,0.07,1.04,0.33,0.71,,,,,,
COI,plex_1,0.59,0.7,0.07,1.04,0.33,0.71,,,,,,
Nexn,plex_1,0.57,0.9,0.18,1.01,1.0,1.01,,,,,,
Pafah1b1,plex_1,0.68,0.8,0.24,0.87,0.81,0.56,,,,,,
Pafah1b1,plex_1,0.68,0.8,0.24,0.87,0.81,0.56,,,,,,
Ndufa6,plex_1,0.62,0.86,0.17,1.1,0.66,1.14,,,,,,
Cops2,plex_1,0.63,0.8,0.17,1.18,0.99,0.97,,,,,,
Cops2,plex_1,0.63,0.8,0.17,1.18,0.99,0.97,,,,,,
Myh3,plex_1,1.21,2.18,0.56,0.87,0.75,1.29,,,,,,
Tmco1,plex_1,0.83,0.87,,1.11,0.68,1.23,,,,,,
Tuba1a,plex_1,0.71,0.74,0.19,0.89,1.15,1.33,,,,,,
Art3,plex_1,0.68,0.97,0.26,1.03,0.62,0.86,,,,,,
Bpgm,plex_1,0.82,1.28,0.24,1.27,0.88,1.01,,,,,,
Carkd,plex_1,0.62,0.82,0.19,0.89,0.68,0.62,,,,,,
Carkd,plex_1,0.62,0.82,0.19,0.89,0.68,0.62,,,,,,
Carkd,plex_1,0.62,0.82,0.19,0.89,0.68,0.62,,,,,,
Carkd,plex_1,0.62,0.82,0.19,0.89,0.68,0.62,,,,,,
Carkd,plex_1,0.62,0.82,0.19,0.89,0.68,0.62,,,,,,
Coro6,plex_1,0.55,0.72,0.17,1.23,0.64,1.14,,,,,,
Coro6,plex_1,0.55,0.72,0.17,1.23,0.64,1.14,,,,,,
Psmb2,plex_1,0.81,0.91,0.21,0.99,0.92,0.85,,,,,,
Mpc2,plex_1,0.74,0.96,0.19,1.14,0.59,0.89,,,,,,
Cenpv,plex_1,1.69,1.39,0.25,4.72,0.8,1.92,,,,,,
Spryd4,plex_1,1.07,1.24,0.31,1.86,0.76,1.86,,,,,,
Sfpq,plex_1,0.51,0.91,0.3,1.09,0.71,0.84,,,,,,
Tkt,plex_1,0.72,0.72,0.22,1.34,0.7,1.41,,,,,,
Psma3,plex_1,0.76,0.93,0.17,0.93,0.77,0.91,,,,,,
Psma3,plex_1,0.76,0.93,0.17,0.93,0.77,0.91,,,,,,
Capn3,plex_1,1.72,1.39,0.19,3.52,0.75,1.67,,,,,,
Fam49b,plex_1,0.56,0.84,0.26,0.88,0.58,0.88,,,,,,
Fahd1,plex_1,0.58,0.74,0.15,1.06,0.59,0.75,,,,,,
Snd1,plex_1,0.72,0.84,0.21,0.99,0.93,0.85,,,,,,
Abce1,plex_1,0.55,0.64,0.25,1.08,0.73,0.76,,,,,,
Ppib,plex_1,0.55,0.73,0.14,0.92,0.81,1.03,,,,,,
Nucb1,plex_1,,2.19,,2.59,1.11,1.27,,,,,,
Ndufa8,plex_1,0.53,0.88,0.2,1.26,0.61,0.89,,,,,,
Gpx4,plex_1,0.83,1.08,0.35,1.49,0.82,1.08,,,,,,
Gpx4,plex_1,0.83,1.08,0.35,1.49,0.82,1.08,,,,,,
Tagln2,plex_1,0.58,0.66,0.2,1.16,0.78,0.94,,,,,,
Apmap,plex_1,1.01,1.0,0.27,1.4,0.65,1.08,,,,,,
Asna1,plex_1,0.58,0.62,0.17,0.99,0.81,0.74,,,,,,
Actr3,plex_1,0.38,0.58,,0.71,0.73,0.64,,,,,,
Sccpdh,plex_1,0.5,0.7,0.21,0.73,0.52,0.72,,,,,,
Eif3e,plex_1,0.55,1.24,0.63,0.62,0.69,0.78,,,,,,
Fsd2,plex_1,0.81,1.28,0.22,1.07,0.82,1.03,,,,,,
Fsd2,plex_1,0.81,1.28,0.22,1.07,0.82,1.03,,,,,,
Rps11,plex_1,0.77,0.81,0.35,1.14,1.09,1.01,,,,,,
Rps11,plex_1,0.77,0.81,0.35,1.14,1.09,1.01,,,,,,
,plex_1,0.77,0.81,0.35,1.14,1.09,1.01,,,,,,
C2cd2,plex_1,0.85,1.03,0.42,0.88,0.64,0.94,,,,,,
C2cd2,plex_1,0.85,1.03,0.42,0.88,0.64,0.94,,,,,,
C2cd2,plex_1,0.85,1.03,0.42,0.88,0.64,0.94,,,,,,
C2cd2,plex_1,0.85,1.03,0.42,0.88,0.64,0.94,,,,,,
C2cd2,plex_1,0.85,1.03,0.42,0.88,0.64,0.94,,,,,,
Picalm,plex_1,0.51,0.61,0.23,0.76,0.59,0.74,,,,,,
Hist1h3a,plex_1,0.64,0.84,0.23,1.26,0.59,0.82,,,,,,
Hist1h3i,plex_1,0.64,0.84,0.23,1.26,0.59,0.82,,,,,,
As3mt,plex_1,0.77,0.7,0.26,1.28,0.84,1.39,,,,,,
Gpt2,plex_1,0.54,1.12,0.59,1.2,1.08,1.15,,,,,,
Fga,plex_1,0.41,1.07,0.27,0.89,0.63,1.69,,,,,,
Fga,plex_1,0.41,1.07,0.27,0.89,0.63,1.69,,,,,,
Ddt,plex_1,0.51,0.78,0.15,1.61,0.74,1.19,,,,,,
Eif5,plex_1,0.93,0.9,0.27,1.14,0.77,1.12,,,,,,
Col15a1,plex_1,0.65,1.0,0.14,0.83,0.82,0.98,,,,,,
Hnrnpu,plex_1,0.63,0.93,0.33,1.48,0.74,1.17,,,,,,
Atp6v1a,plex_1,0.52,0.82,0.35,1.37,0.55,0.98,,,,,,
Fhod1,plex_1,1.11,1.13,0.32,3.05,0.81,1.57,,,,,,
Ppm1b,plex_1,1.96,2.93,0.14,2.33,1.55,1.72,,,,,,
Ppm1b,plex_1,1.96,2.93,0.14,2.33,1.55,1.72,,,,,,
Tom1,plex_1,0.71,0.9,0.28,0.95,0.52,0.7,,,,,,
Tom1,plex_1,0.71,0.9,0.28,0.95,0.52,0.7,,,,,,
Serpina1c,plex_1,0.42,0.67,0.2,0.98,1.04,1.36,,,,,,
Usp47,plex_1,0.47,0.85,0.27,1.34,0.77,0.97,,,,,,
Arl6ip5,plex_1,0.62,0.82,0.19,0.9,0.62,0.93,,,,,,
Nt5c3a,plex_1,0.99,0.84,0.23,1.2,0.61,1.13,,,,,,
Ctsb,plex_1,0.67,1.35,0.22,0.83,1.23,0.91,,,,,,
Ctsb,plex_1,0.67,1.35,0.22,0.83,1.23,0.91,,,,,,
Eif4h,plex_1,0.69,0.79,0.22,1.19,0.64,0.8,,,,,,
Pfn2,plex_1,0.67,0.87,0.28,0.89,0.7,0.84,,,,,,
Pfn2,plex_1,0.67,0.87,0.28,0.89,0.7,0.84,,,,,,
Prosc,plex_1,0.6,0.86,0.22,1.09,0.81,0.88,,,,,,
Prosc,plex_1,0.6,0.86,0.22,1.09,0.81,0.88,,,,,,
Atp5j,plex_1,0.67,0.86,0.14,1.23,0.72,1.09,,,,,,
Smtnl2,plex_1,0.97,1.09,0.37,1.11,1.02,1.01,,,,,,
Nans,plex_1,,,,,,,,,,,,
Eif2s1,plex_1,0.7,0.92,0.26,1.19,0.88,0.96,,,,,,
Lamb2,plex_1,0.69,0.93,0.2,1.08,0.63,0.86,,,,,,
Myh8,plex_1,0.88,1.2,0.31,1.46,0.78,1.04,,,,,,
Slc25a20,plex_1,0.56,0.9,0.17,1.19,0.52,1.1,,,,,,
Slc25a20,plex_1,0.56,0.9,0.17,1.19,0.52,1.1,,,,,,
Hspb2,plex_1,1.18,1.74,,1.43,1.48,1.27,,,,,,
Denr,plex_1,1.59,0.94,,0.95,,0.93,,,,,,
Ahsa1,plex_1,0.72,1.35,,1.01,0.89,1.48,,,,,,
Cct6a,plex_1,1.35,1.53,0.33,2.1,1.92,1.45,,,,,,
Cct6a,plex_1,1.35,1.53,0.33,2.1,1.92,1.45,,,,,,
Cct6a,plex_1,1.35,1.53,0.33,2.1,1.92,1.45,,,,,,
Cct6a,plex_1,1.35,1.53,0.33,2.1,1.92,1.45,,,,,,
Cct6a,plex_1,1.35,1.53,0.33,2.1,1.92,1.45,,,,,,
Slc4a1,plex_1,0.43,1.3,0.16,0.89,0.81,1.02,,,,,,
Slc4a1,plex_1,0.43,1.3,0.16,0.89,0.81,1.02,,,,,,
Uqcr10,plex_1,0.68,0.86,0.13,1.06,0.64,0.98,,,,,,
Ddx19a,plex_1,0.57,0.68,0.12,0.8,0.57,0.75,,,,,,
S100a11,plex_1,0.34,0.5,0.18,0.5,0.63,0.66,,,,,,
Rps17,plex_1,0.61,0.95,0.22,1.15,0.76,1.12,,,,,,
Mars,plex_1,0.79,0.97,0.23,1.42,0.68,0.97,,,,,,
Psmc4,plex_1,0.75,0.8,0.3,1.15,0.68,0.89,,,,,,
Rtcb,plex_1,0.61,0.85,0.25,1.04,0.95,1.13,,,,,,
Rtcb,plex_1,0.61,0.85,0.25,1.04,0.95,1.13,,,,,,
Mic13,plex_1,0.85,0.86,0.41,1.44,0.59,1.08,,,,,,
Acot13,plex_1,0.63,0.87,0.22,1.31,0.68,1.0,,,,,,
Atp2a3,plex_1,1.34,1.17,0.56,2.26,0.88,1.53,,,,,,
Sar1a,plex_1,0.67,0.72,0.15,1.02,0.5,0.84,,,,,,
Sar1a,plex_1,0.67,0.72,0.15,1.02,0.5,0.84,,,,,,
Hnrnpm,plex_1,0.87,0.81,0.31,1.7,0.78,1.27,,,,,,
Ndufc2,plex_1,0.73,1.25,0.31,1.59,0.57,1.26,,,,,,
Cox7c,plex_1,0.61,0.87,0.28,0.88,0.63,0.77,,,,,,
Gnb1,plex_1,0.43,0.64,0.13,0.93,0.55,0.87,,,,,,
Gnb1,plex_1,0.43,0.64,0.13,0.93,0.55,0.87,,,,,,
Gnb1,plex_1,0.43,0.64,0.13,0.93,0.55,0.87,,,,,,
Tnni1,plex_1,0.69,1.04,0.09,1.16,0.4,0.98,,,,,,
Tnni1,plex_1,0.69,1.04,0.09,1.16,0.4,0.98,,,,,,
Tnni1,plex_1,0.69,1.04,0.09,1.16,0.4,0.98,,,,,,
Ywhab,plex_1,1.42,1.15,0.3,1.72,1.54,1.39,,,,,,
Ywhab,plex_1,1.42,1.15,0.3,1.72,1.54,1.39,,,,,,
Cox6a2,plex_1,0.66,0.95,0.16,1.76,0.57,1.03,,,,,,
Cox6a2,plex_1,0.66,0.95,0.16,1.76,0.57,1.03,,,,,,
Pdcd5,plex_1,0.64,0.73,0.27,1.0,0.68,0.88,,,,,,
Mybpc1,plex_1,0.42,1.02,0.11,1.28,0.26,1.23,,,,,,
Lpp,plex_1,0.78,0.78,0.22,1.21,0.66,0.99,,,,,,
Ndufs6,plex_1,0.5,0.73,0.12,1.08,0.44,0.72,,,,,,
Slc37a4,plex_1,0.82,0.97,0.31,0.82,0.8,0.85,,,,,,
Slc37a4,plex_1,0.82,0.97,0.31,0.82,0.8,0.85,,,,,,
Mybbp1a,plex_1,0.75,1.09,0.24,1.18,0.57,1.12,,,,,,
Epdr1,plex_1,0.57,0.66,0.12,1.29,0.49,0.81,,,,,,
Sars,plex_1,0.61,0.94,0.22,1.43,0.91,1.42,,,,,,
Sars,plex_1,0.61,0.94,0.22,1.43,0.91,1.42,,,,,,
Igkv12-44,plex_1,0.26,0.51,0.31,0.29,,3.69,,,,,,
,plex_1,0.26,0.51,0.31,0.29,,3.69,,,,,,
Otub1,plex_1,0.82,0.93,0.22,1.23,0.95,0.9,,,,,,
Otub1,plex_1,0.82,0.93,0.22,1.23,0.95,0.9,,,,,,
Hnrnpa3,plex_1,0.57,0.59,0.25,0.98,0.73,0.94,,,,,,
Hnrnpa3,plex_1,0.57,0.59,0.25,0.98,0.73,0.94,,,,,,
Cfl1,plex_1,0.51,0.58,0.24,0.79,0.62,1.09,,,,,,
Cdh13,plex_1,1.02,1.28,0.32,0.66,1.08,0.94,,,,,,
Rab18,plex_1,1.35,1.61,0.59,1.73,1.18,1.84,,,,,,
Ostf1,plex_1,1.15,1.08,0.24,1.69,0.79,0.93,,,,,,
Hagh,plex_1,0.5,0.87,0.21,1.02,0.56,0.93,,,,,,
Hagh,plex_1,0.5,0.87,0.21,1.02,0.56,0.93,,,,,,
Rps12-ps3,plex_1,0.73,0.77,0.29,1.57,0.96,1.06,,,,,,
Endog,plex_1,0.85,0.87,0.08,0.67,0.76,1.1,,,,,,
Anxa3,plex_1,1.61,0.47,,2.21,0.92,1.47,,,,,,
Sept11,plex_1,0.68,0.89,0.31,0.84,0.98,0.81,,,,,,
Sept11,plex_1,0.68,0.89,0.31,0.84,0.98,0.81,,,,,,
Sept11,plex_1,0.68,0.89,0.31,0.84,0.98,0.81,,,,,,
Sept11,plex_1,0.68,0.89,0.31,0.84,0.98,0.81,,,,,,
Sept11,plex_1,0.68,0.89,0.31,0.84,0.98,0.81,,,,,,
Sdr39u1,plex_1,0.7,0.88,0.25,1.38,0.6,0.75,,,,,,
Sdr39u1,plex_1,0.7,0.88,0.25,1.38,0.6,0.75,,,,,,
Cyb5r3,plex_1,0.65,1.53,0.52,1.69,1.91,2.21,,,,,,
Cyb5r3,plex_1,0.65,1.53,0.52,1.69,1.91,2.21,,,,,,
Srpra,plex_1,0.62,0.89,0.21,0.89,0.77,0.94,,,,,,
Rps24,plex_1,0.67,0.59,,0.84,0.92,0.89,,,,,,
Rps24,plex_1,0.67,0.59,,0.84,0.92,0.89,,,,,,
Rps24,plex_1,0.67,0.59,,0.84,0.92,0.89,,,,,,
Actr2,plex_1,0.53,0.66,0.17,1.28,0.63,1.04,,,,,,
Pura,plex_1,0.94,1.05,0.24,1.61,1.29,1.45,,,,,,
Gm5580,plex_1,0.9,1.0,0.32,1.83,0.8,0.95,,,,,,
Gstz1,plex_1,0.76,1.46,,1.21,1.19,1.88,,,,,,
Gstz1,plex_1,0.76,1.46,,1.21,1.19,1.88,,,,,,
Vps13c,plex_1,1.16,1.08,0.4,1.55,0.79,1.5,,,,,,
Vps13c,plex_1,1.16,1.08,0.4,1.55,0.79,1.5,,,,,,
Fech,plex_1,0.73,0.97,0.34,1.23,0.64,0.84,,,,,,
Ndufv3,plex_1,0.56,0.99,0.17,1.42,0.65,0.92,,,,,,
Serbp1,plex_1,0.7,0.71,0.34,1.12,0.62,0.82,,,,,,
Ywhaq,plex_1,0.47,0.57,0.19,1.36,0.46,1.03,,,,,,
Ywhaq,plex_1,0.47,0.57,0.19,1.36,0.46,1.03,,,,,,
Ywhaq,plex_1,0.47,0.57,0.19,1.36,0.46,1.03,,,,,,
Ywhaq,plex_1,0.47,0.57,0.19,1.36,0.46,1.03,,,,,,
Neb,plex_1,0.44,0.78,0.31,0.71,0.68,0.47,,,,,,
Rcn2,plex_1,0.8,2.06,0.89,0.93,0.58,1.27,,,,,,
Rcn2,plex_1,0.8,2.06,0.89,0.93,0.58,1.27,,,,,,
Prph,plex_1,0.13,0.08,0.2,0.42,0.92,1.78,,,,,,
Prph,plex_1,0.13,0.08,0.2,0.42,0.92,1.78,,,,,,
Prph,plex_1,0.13,0.08,0.2,0.42,0.92,1.78,,,,,,
Prph,plex_1,0.13,0.08,0.2,0.42,0.92,1.78,,,,,,
Prph,plex_1,0.13,0.08,0.2,0.42,0.92,1.78,,,,,,
Alad,plex_1,0.9,1.22,0.47,0.63,0.63,1.04,,,,,,
Alad,plex_1,0.9,1.22,0.47,0.63,0.63,1.04,,,,,,
Twf2,plex_1,0.65,0.68,0.22,1.17,0.77,0.98,,,,,,
Twf2,plex_1,0.65,0.68,0.22,1.17,0.77,0.98,,,,,,
Ubac1,plex_1,1.0,0.69,0.25,0.82,1.01,1.03,,,,,,
Ubac1,plex_1,1.0,0.69,0.25,0.82,1.01,1.03,,,,,,
Ubac1,plex_1,1.0,0.69,0.25,0.82,1.01,1.03,,,,,,
Aimp2,plex_1,1.13,1.31,0.26,1.43,1.09,1.11,,,,,,
Prune,plex_1,0.92,0.91,0.36,0.94,0.88,0.95,,,,,,
Bphl,plex_1,0.77,1.22,0.21,1.74,0.85,1.14,,,,,,
Me3,plex_1,0.82,1.08,0.16,1.26,0.97,1.06,,,,,,
Ap2a2,plex_1,0.66,0.64,0.25,1.22,0.61,1.01,,,,,,
Aarsd1,plex_1,0.7,0.91,0.23,1.34,0.87,1.38,,,,,,
Fam213a,plex_1,,,,,,,,,,,,
Fam213a,plex_1,,,,,,,,,,,,
Cecr5,plex_1,,,,,,,,,,,,
Fn1,plex_1,0.85,1.6,0.58,1.26,0.64,1.51,,,,,,
Mettl7a1,plex_1,0.81,0.87,0.2,1.16,0.83,1.14,,,,,,
Mettl7a1,plex_1,0.81,0.87,0.2,1.16,0.83,1.14,,,,,,
Mettl7a1,plex_1,0.81,0.87,0.2,1.16,0.83,1.14,,,,,,
Atp1b2,plex_1,0.61,0.96,0.23,0.91,0.81,0.82,,,,,,
Ago2,plex_1,0.44,0.8,,0.97,0.66,0.75,,,,,,
Dnajb4,plex_1,0.51,0.92,0.16,1.27,0.55,1.11,,,,,,
Gm9493,plex_1,0.71,0.8,0.32,1.21,0.69,0.71,,,,,,
Rps7,plex_1,0.71,0.8,0.32,1.21,0.69,0.71,,,,,,
Tmem38a,plex_1,0.92,1.09,0.27,0.95,0.85,1.1,,,,,,
Matr3,plex_1,0.58,0.63,0.24,1.24,0.65,0.91,,,,,,
Matr3,plex_1,0.58,0.63,0.24,1.24,0.65,0.91,,,,,,
Matr3,plex_1,0.58,0.63,0.24,1.24,0.65,0.91,,,,,,
Matr3,plex_1,0.58,0.63,0.24,1.24,0.65,0.91,,,,,,
Cars,plex_1,0.31,0.73,,0.6,1.0,0.76,,,,,,
Cars,plex_1,0.31,0.73,,0.6,1.0,0.76,,,,,,
Crk,plex_1,0.88,0.92,0.15,1.02,0.99,0.74,,,,,,
Rps16,plex_1,0.83,0.81,0.32,1.18,0.73,0.85,,,,,,
Eif3f,plex_1,0.53,0.88,0.16,1.09,0.99,0.81,,,,,,
Rpl23a,plex_1,0.74,0.97,0.25,1.39,0.89,1.07,,,,,,
Rpl23a,plex_1,0.74,0.97,0.25,1.39,0.89,1.07,,,,,,
Rpl23a,plex_1,0.74,0.97,0.25,1.39,0.89,1.07,,,,,,
Rpl23a-ps3,plex_1,0.74,0.97,0.25,1.39,0.89,1.07,,,,,,
Rpl24,plex_1,0.73,1.05,0.18,1.5,0.93,0.95,,,,,,
Tubb2a,plex_1,0.21,0.3,0.23,0.78,0.66,1.22,,,,,,
Tubb2b,plex_1,0.21,0.3,0.23,0.78,0.66,1.22,,,,,,
Eri3,plex_1,0.62,0.69,0.19,0.99,0.54,0.61,,,,,,
Eri3,plex_1,0.62,0.69,0.19,0.99,0.54,0.61,,,,,,
Eri3,plex_1,0.62,0.69,0.19,0.99,0.54,0.61,,,,,,
Slc25a5,plex_1,0.6,0.74,0.22,1.08,0.54,1.12,,,,,,
Ipo7,plex_1,0.8,1.11,0.26,0.85,0.92,0.92,,,,,,
Taco1,plex_1,1.72,1.39,0.24,8.6,0.54,2.33,,,,,,
Mustn1,plex_1,0.74,0.74,0.18,1.66,0.93,1.22,,,,,,
Rpl38,plex_1,0.6,0.9,0.26,1.39,1.02,1.0,,,,,,
Acyp1,plex_1,0.76,0.71,0.2,1.01,0.9,0.84,,,,,,
Tardbp,plex_1,0.68,0.95,0.19,2.1,0.62,1.0,,,,,,
Tardbp,plex_1,0.68,0.95,0.19,2.1,0.62,1.0,,,,,,
Tardbp,plex_1,0.68,0.95,0.19,2.1,0.62,1.0,,,,,,
Tardbp,plex_1,0.68,0.95,0.19,2.1,0.62,1.0,,,,,,
Tardbp,plex_1,0.68,0.95,0.19,2.1,0.62,1.0,,,,,,
Tardbp,plex_1,0.68,0.95,0.19,2.1,0.62,1.0,,,,,,
Tardbp,plex_1,0.68,0.95,0.19,2.1,0.62,1.0,,,,,,
Tardbp,plex_1,0.68,0.95,0.19,2.1,0.62,1.0,,,,,,
Rpl10,plex_1,0.71,0.86,0.28,1.28,0.71,0.92,,,,,,
Itgb1,plex_1,0.47,0.74,0.29,0.8,0.55,0.82,,,,,,
Hsp90aa1,plex_1,0.49,0.88,0.22,1.04,0.53,1.15,,,,,,
Psmd7,plex_1,0.83,1.3,0.25,1.3,0.81,0.74,,,,,,
Lmnb2,plex_1,0.58,1.07,0.28,1.17,0.73,1.0,,,,,,
Lmnb2,plex_1,0.58,1.07,0.28,1.17,0.73,1.0,,,,,,
Ndufs5,plex_1,0.62,0.75,0.18,1.16,0.5,0.87,,,,,,
Bcl2l13,plex_1,0.81,1.12,0.28,1.24,1.44,1.09,,,,,,
Bcl2l13,plex_1,0.81,1.12,0.28,1.24,1.44,1.09,,,,,,
Bcl2l13,plex_1,0.81,1.12,0.28,1.24,1.44,1.09,,,,,,
Prmt1,plex_1,0.81,0.87,0.56,1.03,1.07,1.04,,,,,,
Prmt1,plex_1,0.81,0.87,0.56,1.03,1.07,1.04,,,,,,
Prmt1,plex_1,0.81,0.87,0.56,1.03,1.07,1.04,,,,,,
Cops3,plex_1,0.66,0.83,0.26,0.98,0.78,0.86,,,,,,
Rbm3,plex_1,,1.05,,1.29,1.38,0.68,,,,,,
Rbm3,plex_1,,1.05,,1.29,1.38,0.68,,,,,,
Rbm3,plex_1,,1.05,,1.29,1.38,0.68,,,,,,
Rbm3,plex_1,,1.05,,1.29,1.38,0.68,,,,,,
Sgcg,plex_1,0.7,0.88,0.2,1.34,0.51,0.68,,,,,,
Agpat3,plex_1,0.94,1.36,0.17,1.72,0.99,1.42,,,,,,
Zbed5,plex_1,0.8,0.86,0.21,1.29,0.84,1.03,,,,,,
Fn3k,plex_1,0.8,1.0,0.19,1.15,0.65,0.99,,,,,,
Dnajb5,plex_1,0.64,1.0,0.3,1.32,0.87,1.14,,,,,,
Rpl18a,plex_1,0.46,0.75,0.5,0.83,0.76,0.72,,,,,,
Rpl18a,plex_1,0.46,0.75,0.5,0.83,0.76,0.72,,,,,,
Bpnt1,plex_1,0.59,0.59,0.26,1.01,0.93,1.27,,,,,,
Bpnt1,plex_1,0.59,0.59,0.26,1.01,0.93,1.27,,,,,,
Bpnt1,plex_1,0.59,0.59,0.26,1.01,0.93,1.27,,,,,,
Serpinh1,plex_1,0.72,0.58,0.19,1.23,0.88,1.36,,,,,,
Serpinh1,plex_1,0.72,0.58,0.19,1.23,0.88,1.36,,,,,,
Serpinh1,plex_1,0.72,0.58,0.19,1.23,0.88,1.36,,,,,,
Serpinh1,plex_1,0.72,0.58,0.19,1.23,0.88,1.36,,,,,,
Serpinh1,plex_1,0.72,0.58,0.19,1.23,0.88,1.36,,,,,,
Serpinh1,plex_1,0.72,0.58,0.19,1.23,0.88,1.36,,,,,,
Neb,plex_1,0.91,1.09,0.23,1.43,0.83,0.97,,,,,,
Aars,plex_1,0.74,0.93,0.28,1.38,0.81,1.12,,,,,,
Camk2d,plex_1,0.65,1.14,0.41,1.15,0.77,1.32,,,,,,
Camk2d,plex_1,0.65,1.14,0.41,1.15,0.77,1.32,,,,,,
Camk2d,plex_1,0.65,1.14,0.41,1.15,0.77,1.32,,,,,,
Camk2d,plex_1,0.65,1.14,0.41,1.15,0.77,1.32,,,,,,
Ubr4,plex_1,0.69,0.86,0.3,1.03,0.9,1.05,,,,,,
Cops8,plex_1,0.62,0.78,0.17,1.21,0.57,0.81,,,,,,
Fundc2,plex_1,0.8,0.92,0.31,1.54,0.63,0.83,,,,,,
Timm44,plex_1,1.5,0.9,0.11,2.37,0.82,1.82,,,,,,
Timm44,plex_1,1.5,0.9,0.11,2.37,0.82,1.82,,,,,,
Myl12a,plex_1,1.09,0.83,,1.33,0.94,1.71,,,,,,
Tcp1,plex_1,0.55,0.79,0.25,1.19,0.5,1.17,,,,,,
Ufd1l,plex_1,0.79,0.92,0.31,1.42,0.7,0.95,,,,,,
Ufd1l,plex_1,0.79,0.92,0.31,1.42,0.7,0.95,,,,,,
Ufd1l,plex_1,0.79,0.92,0.31,1.42,0.7,0.95,,,,,,
Myh13,plex_1,1.45,1.1,0.27,6.06,1.25,5.47,,,,,,
Blvrb,plex_1,0.56,1.11,0.18,1.2,0.76,0.87,,,,,,
Eif3m,plex_1,0.7,1.01,0.23,1.21,0.83,0.97,,,,,,
Eif3m,plex_1,0.7,1.01,0.23,1.21,0.83,0.97,,,,,,
Rpl22,plex_1,0.61,0.74,0.25,1.0,0.72,0.69,,,,,,
Sms,plex_1,0.77,0.84,0.2,1.89,1.01,1.35,,,,,,
Akr1a1,plex_1,0.69,0.81,0.22,1.0,0.9,0.96,,,,,,
Akr1a1,plex_1,0.69,0.81,0.22,1.0,0.9,0.96,,,,,,
Akr1a1,plex_1,0.69,0.81,0.22,1.0,0.9,0.96,,,,,,
Nfs1,plex_1,0.6,0.88,0.28,1.45,0.72,1.23,,,,,,
Nfs1,plex_1,0.6,0.88,0.28,1.45,0.72,1.23,,,,,,
Vps4b,plex_1,0.84,1.12,0.15,1.31,0.71,1.01,,,,,,
Vps4b,plex_1,0.84,1.12,0.15,1.31,0.71,1.01,,,,,,
H2afz,plex_1,0.61,0.94,0.17,1.36,0.6,1.0,,,,,,
H2afv,plex_1,0.61,0.94,0.17,1.36,0.6,1.0,,,,,,
H2afz,plex_1,0.61,0.94,0.17,1.36,0.6,1.0,,,,,,
H2afv,plex_1,0.61,0.94,0.17,1.36,0.6,1.0,,,,,,
F13a1,plex_1,0.55,0.59,0.13,0.97,0.9,1.32,,,,,,
Ndufb7,plex_1,0.74,0.96,0.14,1.99,0.71,1.66,,,,,,
Pitrm1,plex_1,0.64,0.91,0.26,1.08,0.75,0.86,,,,,,
Cox7a2,plex_1,0.68,1.04,0.15,0.94,0.67,1.0,,,,,,
Gpx1,plex_1,0.52,0.81,,0.95,0.57,0.69,,,,,,
Rad23a,plex_1,2.62,4.92,1.77,1.22,1.34,1.99,,,,,,
Rad23a,plex_1,2.62,4.92,1.77,1.22,1.34,1.99,,,,,,
Rad23a,plex_1,2.62,4.92,1.77,1.22,1.34,1.99,,,,,,
Rad23a,plex_1,2.62,4.92,1.77,1.22,1.34,1.99,,,,,,
Adipoq,plex_1,0.69,0.87,0.2,1.2,0.89,0.93,,,,,,
Sirt2,plex_1,0.71,0.83,0.25,0.87,0.81,0.76,,,,,,
Sirt2,plex_1,0.71,0.83,0.25,0.87,0.81,0.76,,,,,,
Sirt2,plex_1,0.71,0.83,0.25,0.87,0.81,0.76,,,,,,
Emc7,plex_1,0.72,0.86,0.26,2.85,0.66,1.09,,,,,,
Hdgf,plex_1,0.82,0.87,0.18,1.47,0.89,1.34,,,,,,
Psmd4,plex_1,0.71,0.93,0.24,0.93,0.84,0.9,,,,,,
Psmd4,plex_1,0.71,0.93,0.24,0.93,0.84,0.9,,,,,,
Psmd4,plex_1,0.71,0.93,0.24,0.93,0.84,0.9,,,,,,
Gsr,plex_1,1.04,1.34,0.34,1.64,0.83,1.26,,,,,,
Gsr,plex_1,1.04,1.34,0.34,1.64,0.83,1.26,,,,,,
Hist1h2aa,plex_1,1.24,0.74,,1.74,0.27,1.22,,,,,,
Kars,plex_1,0.67,0.77,0.24,1.04,0.78,0.84,,,,,,
Acp1,plex_1,0.6,0.99,0.22,1.23,0.82,0.95,,,,,,
Nedd4,plex_1,0.77,0.92,0.4,1.02,0.61,1.68,,,,,,
Usp14,plex_1,0.64,1.01,0.26,1.16,0.7,0.92,,,,,,
Usp14,plex_1,0.64,1.01,0.26,1.16,0.7,0.92,,,,,,
Banf1,plex_1,0.78,0.91,0.22,1.19,0.63,0.82,,,,,,
Mdp1,plex_1,1.22,1.44,0.46,1.42,1.1,1.16,,,,,,
Adh1,plex_1,0.96,1.02,0.22,0.98,0.56,0.89,,,,,,
Kiaa1161,plex_1,0.69,0.91,0.23,1.05,0.92,1.01,,,,,,
Gcdh,plex_1,0.59,0.86,0.24,1.13,0.52,0.94,,,,,,
Tpm1,plex_1,0.47,0.67,0.23,0.86,1.02,0.84,,,,,,
Rpl31,plex_1,0.8,1.01,0.28,1.12,0.71,0.84,,,,,,
Rpl31,plex_1,0.8,1.01,0.28,1.12,0.71,0.84,,,,,,
Glg1,plex_1,0.57,0.71,0.23,0.97,0.87,1.2,,,,,,
Tpp1,plex_1,0.44,0.93,0.15,0.94,0.99,1.02,,,,,,
Tpp1,plex_1,0.44,0.93,0.15,0.94,0.99,1.02,,,,,,
Psmb7,plex_1,0.74,0.85,0.29,1.14,0.81,1.03,,,,,,
Psmb7,plex_1,0.74,0.85,0.29,1.14,0.81,1.03,,,,,,
Cav1,plex_1,0.99,1.02,0.34,1.41,0.71,1.22,,,,,,
Gpcpd1,plex_1,0.79,1.05,0.24,0.91,0.84,0.7,,,,,,
Usmg5,plex_1,0.84,1.17,0.15,1.49,0.68,1.33,,,,,,
Gps1,plex_1,0.67,0.84,0.22,1.0,0.7,0.91,,,,,,
Gps1,plex_1,0.67,0.84,0.22,1.0,0.7,0.91,,,,,,
Vat1,plex_1,0.47,0.42,0.21,1.1,0.47,0.97,,,,,,
Vat1,plex_1,0.47,0.42,0.21,1.1,0.47,0.97,,,,,,
Vat1,plex_1,0.47,0.42,0.21,1.1,0.47,0.97,,,,,,
Vat1,plex_1,0.47,0.42,0.21,1.1,0.47,0.97,,,,,,
Lrrc20,plex_1,0.89,0.75,0.25,0.97,0.74,0.76,,,,,,
Fermt2,plex_1,0.79,1.1,0.23,1.15,0.84,0.97,,,,,,
Vps13a,plex_1,0.68,1.11,0.25,1.4,0.75,1.02,,,,,,
Tmem233,plex_1,,,,1.7,1.67,1.85,,,,,,
Tpm3,plex_1,0.42,0.85,0.4,1.57,0.51,0.74,,,,,,
Lars,plex_1,0.91,1.1,0.24,1.49,1.15,1.24,,,,,,
Pmpcb,plex_1,0.83,0.96,0.18,1.01,0.59,0.94,,,,,,
Pmpcb,plex_1,0.83,0.96,0.18,1.01,0.59,0.94,,,,,,
Myl6b,plex_1,0.46,1.0,0.15,2.14,0.34,1.24,,,,,,
Mtatp8,plex_1,0.52,0.6,0.19,0.96,0.56,0.97,,,,,,
Apoh,plex_1,0.46,0.71,0.13,1.17,0.52,1.14,,,,,,
Calu,plex_1,2.26,1.66,0.13,3.58,1.03,2.67,,,,,,
Calu,plex_1,2.26,1.66,0.13,3.58,1.03,2.67,,,,,,
Psma4,plex_1,0.78,0.88,0.23,1.03,0.7,0.93,,,,,,
Psma4,plex_1,0.78,0.88,0.23,1.03,0.7,0.93,,,,,,
Psma4,plex_1,0.78,0.88,0.23,1.03,0.7,0.93,,,,,,
Psma4,plex_1,0.78,0.88,0.23,1.03,0.7,0.93,,,,,,
Chtop,plex_1,0.52,0.7,0.3,1.1,0.63,0.77,,,,,,
Sbk2,plex_1,0.87,0.88,0.26,2.0,0.75,1.37,,,,,,
Psmd9,plex_1,1.48,1.68,0.22,2.05,1.12,1.25,,,,,,
Psmd9,plex_1,1.48,1.68,0.22,2.05,1.12,1.25,,,,,,
Psmd9,plex_1,1.48,1.68,0.22,2.05,1.12,1.25,,,,,,
Psme2,plex_1,0.32,0.62,0.1,1.28,0.15,0.87,,,,,,
PSME2b,plex_1,0.32,0.62,0.1,1.28,0.15,0.87,,,,,,
Col3a1,plex_1,0.5,0.78,0.23,0.51,0.38,1.04,,,,,,
Col3a1,plex_1,0.5,0.78,0.23,0.51,0.38,1.04,,,,,,
Col3a1,plex_1,0.5,0.78,0.23,0.51,0.38,1.04,,,,,,
Col3a1,plex_1,0.5,0.78,0.23,0.51,0.38,1.04,,,,,,
Col3a1,plex_1,0.5,0.78,0.23,0.51,0.38,1.04,,,,,,
Col3a1,plex_1,0.5,0.78,0.23,0.51,0.38,1.04,,,,,,
Tubb3,plex_1,0.12,0.23,0.11,0.3,0.69,2.67,,,,,,
Nutf2,plex_1,0.74,0.96,0.3,1.18,0.77,0.94,,,,,,
,plex_1,0.74,0.96,0.3,1.18,0.77,0.94,,,,,,
Sun2,plex_1,0.79,1.04,0.23,1.09,0.49,0.95,,,,,,
Sun2,plex_1,0.79,1.04,0.23,1.09,0.49,0.95,,,,,,
Sun2,plex_1,0.79,1.04,0.23,1.09,0.49,0.95,,,,,,
Ak3,plex_1,0.49,0.85,0.18,1.59,0.52,0.92,,,,,,
Ak3,plex_1,0.49,0.85,0.18,1.59,0.52,0.92,,,,,,
Rps25,plex_1,0.76,1.09,0.3,1.42,0.94,1.07,,,,,,
Pdk4,plex_1,0.34,0.74,0.26,1.17,0.43,1.15,,,,,,
Cdc42,plex_1,0.78,1.04,0.48,1.41,0.7,0.84,,,,,,
Cdc42,plex_1,0.78,1.04,0.48,1.41,0.7,0.84,,,,,,
Cops5,plex_1,0.79,0.92,0.33,1.02,0.92,0.96,,,,,,
Txn,plex_1,0.51,0.7,0.16,0.86,0.83,0.7,,,,,,
Timm13,plex_1,0.52,1.01,,1.16,0.39,0.89,,,,,,
Nsfl1c,plex_1,0.71,0.69,0.24,1.09,0.84,0.81,,,,,,
Nsfl1c,plex_1,0.71,0.69,0.24,1.09,0.84,0.81,,,,,,
Lancl1,plex_1,0.59,0.75,0.18,0.93,0.68,0.99,,,,,,
Tmed9,plex_1,0.68,0.82,0.12,0.83,1.08,1.42,,,,,,
Mapk14,plex_1,0.79,1.13,0.35,1.29,1.16,1.23,,,,,,
Mapk14,plex_1,0.79,1.13,0.35,1.29,1.16,1.23,,,,,,
Mapk14,plex_1,0.79,1.13,0.35,1.29,1.16,1.23,,,,,,
Nfu1,plex_1,20.74,15.99,,31.77,3.84,14.64,,,,,,
Nfu1,plex_1,20.74,15.99,,31.77,3.84,14.64,,,,,,
Hnrnpl,plex_1,0.59,0.78,0.2,1.41,0.67,0.92,,,,,,
Prkar1a,plex_1,0.59,0.83,0.23,1.12,0.5,1.07,,,,,,
Prkar1a,plex_1,0.59,0.83,0.23,1.12,0.5,1.07,,,,,,
Prkar1a,plex_1,0.59,0.83,0.23,1.12,0.5,1.07,,,,,,
Cfd,plex_1,0.56,0.37,0.16,1.76,0.91,1.49,,,,,,
Cfd,plex_1,0.56,0.37,0.16,1.76,0.91,1.49,,,,,,
Neb,plex_1,0.73,1.25,0.37,0.9,0.65,0.54,,,,,,
Rpl8,plex_1,0.61,0.85,0.29,1.29,0.7,0.77,,,,,,
,plex_1,0.49,0.55,0.18,0.77,0.47,0.62,,,,,,
Tarsl2,plex_1,1.06,1.05,0.28,2.07,1.13,1.58,,,,,,
Strap,plex_1,0.54,0.72,0.23,1.05,0.61,0.8,,,,,,
Slmap,plex_1,0.53,0.92,0.19,1.31,0.31,1.47,,,,,,
Ca1,plex_1,0.39,1.53,0.17,0.78,0.86,0.58,,,,,,
Huwe1,plex_1,0.83,0.86,0.26,1.16,0.51,0.93,,,,,,
Huwe1,plex_1,0.83,0.86,0.26,1.16,0.51,0.93,,,,,,
Cul3,plex_1,0.64,0.97,0.29,0.94,0.74,0.78,,,,,,
Hars,plex_1,0.78,0.83,0.31,1.2,0.91,1.08,,,,,,
Hars,plex_1,0.78,0.83,0.31,1.2,0.91,1.08,,,,,,
Hars,plex_1,0.78,0.83,0.31,1.2,0.91,1.08,,,,,,
Hars,plex_1,0.78,0.83,0.31,1.2,0.91,1.08,,,,,,
Cds2,plex_1,0.59,1.08,0.25,0.95,0.71,1.01,,,,,,
Rab5c,plex_1,0.81,1.43,0.51,0.8,0.7,0.96,,,,,,
Rab5c,plex_1,0.81,1.43,0.51,0.8,0.7,0.96,,,,,,
Rab5c,plex_1,0.81,1.43,0.51,0.8,0.7,0.96,,,,,,
Coa3,plex_1,0.91,1.11,0.25,1.28,0.49,0.67,,,,,,
Sqrdl,plex_1,0.75,0.78,,0.52,0.48,0.68,,,,,,
Sqrdl,plex_1,0.75,0.78,,0.52,0.48,0.68,,,,,,
,plex_1,0.56,0.8,0.27,1.15,0.65,1.06,,,,,,
Mtnd5,plex_1,1.03,1.01,0.18,1.57,0.65,1.47,,,,,,
Hp1bp3,plex_1,1.01,1.32,0.34,1.85,1.01,1.1,,,,,,
Hp1bp3,plex_1,1.01,1.32,0.34,1.85,1.01,1.1,,,,,,
Alpk3,plex_1,0.78,1.27,0.34,1.94,0.83,1.23,,,,,,
Msn,plex_1,1.82,1.27,0.18,1.95,0.45,1.37,,,,,,
Fahd2,plex_1,0.43,0.55,,0.9,0.52,0.63,,,,,,
Fahd2a,plex_1,0.43,0.55,,0.9,0.52,0.63,,,,,,
Serping1,plex_1,,,,,,,,,,,,
Serping1,plex_1,,,,,,,,,,,,
Npepl1,plex_1,0.83,1.86,0.21,3.07,1.53,1.29,,,,,,
Hist1h1b,plex_1,0.65,0.76,0.26,1.48,0.57,1.08,,,,,,
Actg1,plex_1,,,,,,,,,,,,
Katnal2,plex_1,0.52,0.9,,0.64,0.55,0.35,,,,,,
Ahnak2,plex_1,0.47,0.53,0.15,0.69,0.55,0.84,,,,,,
Eif4a1,plex_1,0.34,0.87,0.17,1.65,1.08,1.13,,,,,,
Eif4a1,plex_1,0.34,0.87,0.17,1.65,1.08,1.13,,,,,,
Fam210a,plex_1,0.62,0.95,0.36,1.22,0.55,1.44,,,,,,
Hint2,plex_1,,2.37,,1.59,,1.73,,,,,,
Fbxo40,plex_1,0.9,0.63,0.22,1.57,0.6,0.97,,,,,,
Scn4a,plex_1,0.63,1.43,0.41,1.02,0.56,1.01,,,,,,
Scn4a,plex_1,0.63,1.43,0.41,1.02,0.56,1.01,,,,,,
Cnbp,plex_1,,,,,,,,,,,,
Cnbp,plex_1,,,,,,,,,,,,
Cnbp,plex_1,,,,,,,,,,,,
Cnbp,plex_1,,,,,,,,,,,,
Ctsl,plex_1,0.99,0.81,,1.24,0.79,0.62,,,,,,
Ctsl,plex_1,0.99,0.81,,1.24,0.79,0.62,,,,,,
Ctsl,plex_1,0.99,0.81,,1.24,0.79,0.62,,,,,,
Ctsl,plex_1,0.99,0.81,,1.24,0.79,0.62,,,,,,
Ctsl,plex_1,0.99,0.81,,1.24,0.79,0.62,,,,,,
Ctsl,plex_1,0.99,0.81,,1.24,0.79,0.62,,,,,,
Ctsl,plex_1,0.99,0.81,,1.24,0.79,0.62,,,,,,
Ctsl,plex_1,0.99,0.81,,1.24,0.79,0.62,,,,,,
Rpia,plex_1,,0.69,,,0.25,0.89,,,,,,
Xirp2,plex_1,1.01,1.02,0.17,1.71,0.7,1.05,,,,,,
Psmd6,plex_1,0.79,0.94,0.27,1.14,0.81,1.0,,,,,,
Psmd6,plex_1,0.79,0.94,0.27,1.14,0.81,1.0,,,,,,
Spag9,plex_1,0.56,0.9,0.5,1.34,0.61,0.96,,,,,,
Aldh5a1,plex_1,,,,,,,,,,,,
Hook3,plex_1,0.72,0.6,,1.33,0.94,0.98,,,,,,
Slc25a13,plex_1,4.04,2.54,0.34,5.68,1.74,4.6,,,,,,
Anp32a,plex_1,0.64,0.8,0.09,1.11,0.52,1.11,,,,,,
ND1,plex_1,0.61,0.86,0.21,1.16,0.74,0.85,,,,,,
mt-Nd1,plex_1,0.61,0.86,0.21,1.16,0.74,0.85,,,,,,
mt-Nd1,plex_1,0.61,0.86,0.21,1.16,0.74,0.85,,,,,,
ND1,plex_1,0.61,0.86,0.21,1.16,0.74,0.85,,,,,,
Mylpf,plex_1,0.39,1.07,,0.46,0.29,0.76,,,,,,
Dctn3,plex_1,0.63,1.08,0.13,1.16,1.01,0.99,,,,,,
Dctn3,plex_1,0.63,1.08,0.13,1.16,1.01,0.99,,,,,,
Shmt1,plex_1,1.26,0.95,0.12,2.25,0.82,1.36,,,,,,
Shmt1,plex_1,1.26,0.95,0.12,2.25,0.82,1.36,,,,,,
Ppp3cb,plex_1,0.51,1.05,,1.05,0.84,0.71,,,,,,
Ppp3cb,plex_1,0.51,1.05,,1.05,0.84,0.71,,,,,,
Ppp3cb,plex_1,0.51,1.05,,1.05,0.84,0.71,,,,,,
Ppp3cb,plex_1,0.51,1.05,,1.05,0.84,0.71,,,,,,
Ppp3cb,plex_1,0.51,1.05,,1.05,0.84,0.71,,,,,,
Ppp3cb,plex_1,0.51,1.05,,1.05,0.84,0.71,,,,,,
Ppp5c,plex_1,16.24,8.47,0.16,16.63,3.08,12.32,,,,,,
Klhl31,plex_1,0.72,0.74,0.26,1.03,0.94,0.77,,,,,,
Klhl31,plex_1,0.72,0.74,0.26,1.03,0.94,0.77,,,,,,
Eif4g2,plex_1,0.86,1.54,0.34,1.08,0.79,1.25,,,,,,
Pgk1,plex_1,0.71,0.93,0.22,1.32,0.86,0.73,,,,,,
Rps10,plex_1,1.06,1.21,0.27,2.36,0.87,1.35,,,,,,
Palld,plex_1,0.36,0.52,0.26,0.81,0.84,0.81,,,,,,
Palld,plex_1,0.36,0.52,0.26,0.81,0.84,0.81,,,,,,
Mtpn,plex_1,0.77,0.77,0.41,1.18,0.92,1.34,,,,,,
Fxr1,plex_1,0.73,0.88,0.26,1.41,0.81,1.1,,,,,,
Hsph1,plex_1,0.39,0.54,0.26,1.5,0.4,0.55,,,,,,
Hsph1,plex_1,0.39,0.54,0.26,1.5,0.4,0.55,,,,,,
Hspa12a,plex_1,0.26,0.36,,1.01,0.66,1.9,,,,,,
Ppp3r1,plex_1,0.82,0.72,0.22,0.73,0.62,0.89,,,,,,
Ppp3r1,plex_1,0.82,0.72,0.22,0.73,0.62,0.89,,,,,,
Cab39,plex_1,0.55,0.8,0.23,1.17,0.54,0.76,,,,,,
Cast,plex_1,0.63,0.79,0.22,0.99,0.65,0.79,,,,,,
Cast,plex_1,0.63,0.79,0.22,0.99,0.65,0.79,,,,,,
Cast,plex_1,0.63,0.79,0.22,0.99,0.65,0.79,,,,,,
Cast,plex_1,0.63,0.79,0.22,0.99,0.65,0.79,,,,,,
Fis1,plex_1,0.66,0.8,0.14,0.86,0.71,0.97,,,,,,
Mat2a,plex_1,0.92,0.96,0.11,1.27,0.77,0.9,,,,,,
Mat2a,plex_1,0.92,0.96,0.11,1.27,0.77,0.9,,,,,,
Mat2a,plex_1,0.92,0.96,0.11,1.27,0.77,0.9,,,,,,
Mat2a,plex_1,0.92,0.96,0.11,1.27,0.77,0.9,,,,,,
Mat2a,plex_1,0.92,0.96,0.11,1.27,0.77,0.9,,,,,,
Mat2a,plex_1,0.92,0.96,0.11,1.27,0.77,0.9,,,,,,
Mat2a,plex_1,0.92,0.96,0.11,1.27,0.77,0.9,,,,,,
Mat2a,plex_1,0.92,0.96,0.11,1.27,0.77,0.9,,,,,,
Gsk3b,plex_1,1.58,0.93,0.26,2.68,1.2,1.64,,,,,,
Man2a2,plex_1,0.83,0.84,0.28,1.19,0.76,0.96,,,,,,
Rab2a,plex_1,0.44,0.87,,0.82,0.69,0.76,,,,,,
Cyb5a,plex_1,0.57,0.92,0.32,0.95,0.76,1.21,,,,,,
Cyb5a,plex_1,0.57,0.92,0.32,0.95,0.76,1.21,,,,,,
Rbbp9,plex_1,1.03,1.13,0.3,1.42,0.59,1.17,,,,,,
Rps28,plex_1,0.72,0.79,0.3,1.72,0.93,0.73,,,,,,
Rps28,plex_1,0.72,0.79,0.3,1.72,0.93,0.73,,,,,,
Nedd8,plex_1,0.72,0.99,0.18,1.37,0.64,1.09,,,,,,
Gc,plex_1,0.51,0.53,0.26,0.79,0.5,0.99,,,,,,
Rps5,plex_1,0.74,1.11,0.45,0.88,1.01,0.92,,,,,,
Rps5,plex_1,0.74,1.11,0.45,0.88,1.01,0.92,,,,,,
Rps5,plex_1,0.74,1.11,0.45,0.88,1.01,0.92,,,,,,
Vwa8,plex_1,1.17,1.1,0.39,1.44,0.9,1.33,,,,,,
Rmdn1,plex_1,0.46,0.81,0.14,0.94,0.26,0.75,,,,,,
Actn4,plex_1,1.69,1.23,0.23,3.42,0.79,1.96,,,,,,
Ndufb1,plex_1,0.73,0.72,0.15,1.4,0.55,0.97,,,,,,
Ehd1,plex_1,0.59,1.0,0.24,1.24,0.71,1.11,,,,,,
Ehd1,plex_1,0.59,1.0,0.24,1.24,0.71,1.11,,,,,,
Ehd1,plex_1,0.59,1.0,0.24,1.24,0.71,1.11,,,,,,
Ehd1,plex_1,0.59,1.0,0.24,1.24,0.71,1.11,,,,,,
Ehd1,plex_1,0.59,1.0,0.24,1.24,0.71,1.11,,,,,,
Ehd1,plex_1,0.59,1.0,0.24,1.24,0.71,1.11,,,,,,
Eci2,plex_1,0.36,0.86,0.12,1.53,0.48,0.77,,,,,,
Eci2,plex_1,0.36,0.86,0.12,1.53,0.48,0.77,,,,,,
Eci2,plex_1,0.36,0.86,0.12,1.53,0.48,0.77,,,,,,
Eci2,plex_1,0.36,0.86,0.12,1.53,0.48,0.77,,,,,,
Eci2,plex_1,0.36,0.86,0.12,1.53,0.48,0.77,,,,,,
Eci2,plex_1,0.36,0.86,0.12,1.53,0.48,0.77,,,,,,
Eci2,plex_1,0.36,0.86,0.12,1.53,0.48,0.77,,,,,,
Eci2,plex_1,0.36,0.86,0.12,1.53,0.48,0.77,,,,,,
Ddx39b,plex_1,0.71,0.79,0.25,1.22,0.74,0.96,,,,,,
Ptrh2,plex_1,0.23,0.74,,0.93,0.98,0.58,,,,,,
Atad1,plex_1,0.68,0.89,0.25,1.67,0.62,1.52,,,,,,
Plg,plex_1,1.26,1.08,0.14,3.48,0.31,1.91,,,,,,
Plg,plex_1,1.26,1.08,0.14,3.48,0.31,1.91,,,,,,
Fxn,plex_1,0.41,1.21,0.16,1.26,0.56,1.06,,,,,,
Fxn,plex_1,0.41,1.21,0.16,1.26,0.56,1.06,,,,,,
Fxn,plex_1,0.41,1.21,0.16,1.26,0.56,1.06,,,,,,
C1qbp,plex_1,0.67,0.96,0.37,1.48,0.64,1.58,,,,,,
Eef1a1,plex_1,0.78,1.03,0.3,1.54,0.82,1.59,,,,,,
Rabggta,plex_1,0.75,0.61,0.26,1.23,0.2,1.28,,,,,,
Rabggta,plex_1,0.75,0.61,0.26,1.23,0.2,1.28,,,,,,
Ppp1r14c,plex_1,0.93,1.03,0.28,0.92,1.0,0.95,,,,,,
Mtm1,plex_1,0.75,0.78,0.24,1.25,0.64,0.61,,,,,,
Obscn,plex_1,1.0,1.35,0.16,1.42,1.2,1.67,,,,,,
,plex_1,0.56,0.94,0.22,0.76,0.66,0.82,,,,,,
Rab1a,plex_1,0.7,1.04,0.11,0.9,0.57,0.93,,,,,,
Igh,plex_1,0.27,0.78,0.24,0.83,,1.6,,,,,,
HC,plex_1,0.27,0.78,0.24,0.83,,1.6,,,,,,
,plex_1,0.27,0.78,0.24,0.83,,1.6,,,,,,
Ighg2c,plex_1,0.27,0.78,0.24,0.83,,1.6,,,,,,
Sugt1,plex_1,0.95,0.98,0.26,1.63,0.93,1.06,,,,,,
Tomm22,plex_1,0.72,0.99,0.34,1.08,0.72,1.27,,,,,,
Purb,plex_1,0.99,0.5,,1.56,1.39,0.44,,,,,,
Ranbp2,plex_1,1.06,1.21,0.41,1.11,0.84,1.08,,,,,,
Tmem182,plex_1,0.82,1.09,0.17,0.74,0.79,0.82,,,,,,
Erlin2,plex_1,0.69,0.72,0.17,1.01,0.63,0.75,,,,,,
Abcc9,plex_1,0.77,0.9,0.31,1.16,0.63,0.87,,,,,,
Clptm1,plex_1,0.43,0.87,0.17,0.58,0.8,0.6,,,,,,
Rpl30,plex_1,0.56,0.89,0.28,0.79,0.68,0.87,,,,,,
Hist1h3b,plex_1,,,,,,,,,,,,
Hist1h3e,plex_1,,,,,,,,,,,,
Mpp6,plex_1,0.53,0.94,0.26,0.99,0.65,0.83,,,,,,
Mpp6,plex_1,0.53,0.94,0.26,0.99,0.65,0.83,,,,,,
Lactb,plex_1,0.73,0.88,0.27,1.37,0.56,0.87,,,,,,
,plex_1,0.64,0.68,0.41,0.68,0.31,1.63,,,,,,
Aprt,plex_1,,,,,,,,,,,,
Dnm2,plex_1,0.46,0.97,0.29,0.95,0.61,0.85,,,,,,
Dnm2,plex_1,0.46,0.97,0.29,0.95,0.61,0.85,,,,,,
Camk2b,plex_1,0.5,0.76,0.16,1.07,0.66,0.72,,,,,,
Cbr4,plex_1,0.29,1.08,0.21,0.9,0.75,0.64,,,,,,
Mcu,plex_1,0.8,1.09,0.25,0.99,0.66,0.78,,,,,,
Rragc,plex_1,0.73,0.86,0.19,1.08,0.8,0.83,,,,,,
Dnajb2,plex_1,0.6,0.8,0.18,1.21,0.57,0.81,,,,,,
Eif4e,plex_1,0.62,0.78,0.26,1.06,0.73,1.03,,,,,,
Msi2,plex_1,,,,,,,,,,,,
Msi2,plex_1,,,,,,,,,,,,
,plex_1,,,,,,,,,,,,
Msi2,plex_1,,,,,,,,,,,,
Mrrf,plex_1,,,,,,,,,,,,
Capg,plex_1,0.54,0.7,0.35,0.81,0.51,1.01,,,,,,
Capg,plex_1,0.54,0.7,0.35,0.81,0.51,1.01,,,,,,
Capg,plex_1,0.54,0.7,0.35,0.81,0.51,1.01,,,,,,
Rpl37a,plex_1,0.6,0.78,0.38,1.23,0.79,1.06,,,,,,
Rpl37a,plex_1,0.6,0.78,0.38,1.23,0.79,1.06,,,,,,
Rpl37a,plex_1,0.6,0.78,0.38,1.23,0.79,1.06,,,,,,
Tfam,plex_1,0.64,0.79,0.17,0.95,0.52,0.82,,,,,,
Tfam,plex_1,0.64,0.79,0.17,0.95,0.52,0.82,,,,,,
Tfam,plex_1,0.64,0.79,0.17,0.95,0.52,0.82,,,,,,
Tfam,plex_1,0.64,0.79,0.17,0.95,0.52,0.82,,,,,,
Grb2,plex_1,0.55,0.77,0.26,1.36,0.66,0.89,,,,,,
Grb2,plex_1,0.55,0.77,0.26,1.36,0.66,0.89,,,,,,
Grb2,plex_1,0.55,0.77,0.26,1.36,0.66,0.89,,,,,,
Cox7a1,plex_1,0.58,0.91,0.18,1.52,0.55,1.27,,,,,,
Cox7a1,plex_1,0.58,0.91,0.18,1.52,0.55,1.27,,,,,,
Scn1b,plex_1,0.7,0.94,0.25,0.63,0.93,0.65,,,,,,
Mfap4,plex_1,0.75,1.0,0.17,1.26,0.83,1.43,,,,,,
Col5a2,plex_1,0.6,1.63,,0.55,0.25,1.39,,,,,,
Rnf123,plex_1,0.75,1.05,0.32,0.88,0.82,0.93,,,,,,
Rnf123,plex_1,0.75,1.05,0.32,0.88,0.82,0.93,,,,,,
Rnf123,plex_1,0.75,1.05,0.32,0.88,0.82,0.93,,,,,,
Nme1,plex_1,0.86,1.05,,0.94,,0.74,,,,,,
Ufm1,plex_1,0.91,0.99,,1.05,0.87,0.25,,,,,,
Sumo3,plex_1,0.87,0.92,0.45,0.94,0.71,0.93,,,,,,
Ptges3,plex_1,0.66,1.14,,0.99,0.5,1.27,,,,,,
Ptges3,plex_1,0.66,1.14,,0.99,0.5,1.27,,,,,,
Ptges3,plex_1,0.66,1.14,,0.99,0.5,1.27,,,,,,
Ptges3,plex_1,0.66,1.14,,0.99,0.5,1.27,,,,,,
,plex_1,,,1.04,1.82,1.58,1.26,,,,,,
Rpl35,plex_1,0.79,0.89,0.32,1.48,0.93,0.83,,,,,,
Bag2,plex_1,0.26,1.46,0.26,1.63,1.07,1.45,,,,,,
Cuta,plex_1,,,,,,,,,,,,
Cuta,plex_1,,,,,,,,,,,,
Cuta,plex_1,,,,,,,,,,,,
Tpm2,plex_1,2.3,2.51,,2.95,4.37,5.49,,,,,,
,plex_1,0.51,0.73,0.16,0.73,0.81,0.91,,,,,,
Cyb5b,plex_1,1.0,1.25,0.5,1.65,0.82,0.64,,,,,,
Cap1,plex_1,0.96,1.42,0.7,1.45,,1.02,,,,,,
Cops7a,plex_1,1.05,1.25,0.34,1.22,0.8,1.11,,,,,,
Cops7a,plex_1,1.05,1.25,0.34,1.22,0.8,1.11,,,,,,
Cops7a,plex_1,1.05,1.25,0.34,1.22,0.8,1.11,,,,,,
Cops7a,plex_1,1.05,1.25,0.34,1.22,0.8,1.11,,,,,,
Cops7a,plex_1,1.05,1.25,0.34,1.22,0.8,1.11,,,,,,
Hmgb1,plex_1,0.55,0.87,0.15,1.33,0.75,1.23,,,,,,
Cbfb,plex_1,,2.39,,,,,,,,,,
Cbfb,plex_1,,2.39,,,,,,,,,,
Cstb,plex_1,0.98,0.77,,0.99,0.53,0.7,,,,,,
Mapkapk2,plex_1,0.5,0.67,0.2,1.12,0.47,0.79,,,,,,
Dcun1d2,plex_1,,0.38,,,,,,,,,,
Dcun1d2,plex_1,,0.38,,,,,,,,,,
Rpl28,plex_1,0.85,0.84,0.21,1.3,0.75,1.09,,,,,,
Map4,plex_1,,,,,,,,,,,,
Kcnj11,plex_1,0.94,0.97,0.21,2.23,0.68,1.77,,,,,,
Kcnj11,plex_1,0.94,0.97,0.21,2.23,0.68,1.77,,,,,,
Coq5,plex_1,0.62,1.04,0.33,1.35,0.53,1.11,,,,,,
Tacc2,plex_1,0.96,0.55,0.25,0.82,1.35,0.83,,,,,,
Faf2,plex_1,0.76,0.49,,1.46,0.86,1.19,,,,,,
Faf2,plex_1,0.76,0.49,,1.46,0.86,1.19,,,,,,
Mybpc1,plex_1,0.65,0.82,0.31,1.69,0.66,1.18,,,,,,
RtcA,plex_1,0.76,1.08,,1.21,0.9,1.16,,,,,,
Rtca,plex_1,0.76,1.08,,1.21,0.9,1.16,,,,,,
Rtca,plex_1,0.76,1.08,,1.21,0.9,1.16,,,,,,
Rtca,plex_1,0.76,1.08,,1.21,0.9,1.16,,,,,,
Map2k2,plex_1,0.75,0.96,0.2,1.32,0.77,0.96,,,,,,
Lgalsl,plex_1,0.75,1.13,0.35,1.49,0.78,1.26,,,,,,
Dffa,plex_1,0.67,0.89,0.27,1.45,0.75,1.12,,,,,,
Akt2,plex_1,0.54,0.15,,0.96,0.72,0.66,,,,,,
Flad1,plex_1,,,,,,,,,,,,
Flad1,plex_1,,,,,,,,,,,,
F2,plex_1,0.59,0.99,0.21,0.81,0.7,1.14,,,,,,
Lrpap1,plex_1,0.6,1.31,0.21,0.76,0.63,1.15,,,,,,
Capn2,plex_1,0.62,0.97,0.19,1.2,0.7,1.07,,,,,,
Dync1li1,plex_1,0.83,1.05,0.29,0.95,0.81,0.9,,,,,,
Bcam,plex_1,0.65,0.92,0.15,1.01,0.73,1.59,,,,,,
Ndufa11,plex_1,0.56,1.07,0.22,1.15,0.45,1.1,,,,,,
Ndufa11,plex_1,0.56,1.07,0.22,1.15,0.45,1.1,,,,,,
Skp1a,plex_1,0.6,0.7,,1.85,1.68,1.44,,,,,,
Ppme1,plex_1,0.55,1.14,0.16,0.61,0.62,0.55,,,,,,
Ak2,plex_1,0.78,1.05,0.23,1.63,0.9,1.23,,,,,,
Ak2,plex_1,0.78,1.05,0.23,1.63,0.9,1.23,,,,,,
Metap1,plex_1,0.61,0.85,0.22,0.8,0.6,1.13,,,,,,
Usp15,plex_1,0.41,0.89,0.23,1.16,0.64,1.09,,,,,,
Usp15,plex_1,0.41,0.89,0.23,1.16,0.64,1.09,,,,,,
Usp15,plex_1,0.41,0.89,0.23,1.16,0.64,1.09,,,,,,
Gclm,plex_1,0.7,0.85,0.24,1.41,0.73,1.05,,,,,,
Rhog,plex_1,0.67,1.2,,0.97,1.08,1.63,,,,,,
Zadh2,plex_1,0.75,0.88,0.2,1.05,0.59,0.96,,,,,,
Zadh2,plex_1,0.75,0.88,0.2,1.05,0.59,0.96,,,,,,
Asl,plex_1,0.86,0.83,0.31,1.51,0.86,1.07,,,,,,
Tnc,plex_1,0.96,0.79,0.16,1.01,0.74,1.44,,,,,,
Tnc,plex_1,0.96,0.79,0.16,1.01,0.74,1.44,,,,,,
Tnc,plex_1,0.96,0.79,0.16,1.01,0.74,1.44,,,,,,
Tnc,plex_1,0.96,0.79,0.16,1.01,0.74,1.44,,,,,,
Tnc,plex_1,0.96,0.79,0.16,1.01,0.74,1.44,,,,,,
Tnc,plex_1,0.96,0.79,0.16,1.01,0.74,1.44,,,,,,
Tnc,plex_1,0.96,0.79,0.16,1.01,0.74,1.44,,,,,,
Rps19,plex_1,0.72,0.93,0.59,1.81,0.91,1.26,,,,,,
Rps19,plex_1,0.72,0.93,0.59,1.81,0.91,1.26,,,,,,
Rps19,plex_1,0.72,0.93,0.59,1.81,0.91,1.26,,,,,,
Rps19,plex_1,0.72,0.93,0.59,1.81,0.91,1.26,,,,,,
Rps19,plex_1,0.72,0.93,0.59,1.81,0.91,1.26,,,,,,
Rps19,plex_1,0.72,0.93,0.59,1.81,0.91,1.26,,,,,,
Uchl1,plex_1,0.43,0.63,0.34,1.03,0.82,1.58,,,,,,
Mapkapk3,plex_1,0.66,0.81,0.07,1.34,1.12,1.0,,,,,,
Emc10,plex_1,,,,,,,,,,,,
Ank1,plex_1,0.76,1.03,0.3,0.85,0.51,1.11,,,,,,
Ufc1,plex_1,0.86,1.22,0.13,1.15,0.82,1.07,,,,,,
Lamb1,plex_1,2.47,1.75,0.21,3.44,0.98,2.16,,,,,,
Marc2,plex_1,0.66,0.78,0.29,1.08,0.68,1.08,,,,,,
Nqo2,plex_1,0.79,0.81,0.24,1.19,0.54,1.18,,,,,,
Nqo2,plex_1,0.79,0.81,0.24,1.19,0.54,1.18,,,,,,
Nif3l1,plex_1,0.77,0.89,,1.24,0.28,0.97,,,,,,
Nif3l1,plex_1,0.77,0.89,,1.24,0.28,0.97,,,,,,
Mlec,plex_1,1.27,1.77,0.19,1.32,1.18,1.45,,,,,,
G3bp1,plex_1,0.56,0.65,0.22,1.02,0.56,0.81,,,,,,
Dtna,plex_1,0.83,1.54,0.52,1.47,0.97,1.01,,,,,,
Csrp3,plex_1,0.55,0.69,0.13,1.8,0.29,0.96,,,,,,
Atg9a,plex_1,,,,,,,,,,,,
Atg9a,plex_1,,,,,,,,,,,,
Atg9a,plex_1,,,,,,,,,,,,
Atg9a,plex_1,,,,,,,,,,,,
H2-K1,plex_1,0.73,1.1,0.33,1.02,1.08,0.99,,,,,,
Epb41,plex_1,0.7,0.95,0.44,1.35,0.67,0.98,,,,,,
Rpl15,plex_1,0.61,0.71,0.2,1.07,0.75,0.84,,,,,,
Uqcr11,plex_1,0.94,1.0,0.29,1.22,0.7,1.1,,,,,,
Gfm2,plex_1,0.4,1.23,0.37,1.54,0.67,0.92,,,,,,
Gfm2,plex_1,0.4,1.23,0.37,1.54,0.67,0.92,,,,,,
Gfm2,plex_1,0.4,1.23,0.37,1.54,0.67,0.92,,,,,,
Gfm2,plex_1,0.4,1.23,0.37,1.54,0.67,0.92,,,,,,
Gfm2,plex_1,0.4,1.23,0.37,1.54,0.67,0.92,,,,,,
Gfm2,plex_1,0.4,1.23,0.37,1.54,0.67,0.92,,,,,,
Gfm2,plex_1,0.4,1.23,0.37,1.54,0.67,0.92,,,,,,
Esyt2,plex_1,,,,,,,,,,,,
Rps21,plex_1,0.62,0.87,0.35,1.24,0.69,0.98,,,,,,
mCG_6739,plex_1,0.62,0.87,0.35,1.24,0.69,0.98,,,,,,
1110002E22Rik,plex_1,0.78,0.92,0.19,0.76,0.61,0.88,,,,,,
Glrx5,plex_1,0.68,0.72,0.19,1.46,0.56,1.05,,,,,,
Cul2,plex_1,0.81,0.98,0.27,1.48,0.79,0.9,,,,,,
Cul2,plex_1,0.81,0.98,0.27,1.48,0.79,0.9,,,,,,
Dynll2,plex_1,0.55,0.69,0.14,0.87,0.67,0.94,,,,,,
Snx3,plex_1,0.68,0.78,0.24,0.93,0.66,0.84,,,,,,
Snx3,plex_1,0.68,0.78,0.24,0.93,0.66,0.84,,,,,,
Snx3,plex_1,0.68,0.78,0.24,0.93,0.66,0.84,,,,,,
Snx3,plex_1,0.68,0.78,0.24,0.93,0.66,0.84,,,,,,
Ube2m,plex_1,0.64,0.8,0.2,1.27,0.75,1.05,,,,,,
Sec23a,plex_1,0.66,0.88,,1.2,0.79,0.95,,,,,,
ND3,plex_1,,0.65,,0.68,0.61,0.25,,,,,,
mt-Nd3,plex_1,,0.65,,0.68,0.61,0.25,,,,,,
Ovos,plex_1,0.98,0.95,0.32,1.24,0.86,1.24,,,,,,
Tpd52,plex_1,0.65,0.63,,1.11,0.63,0.83,,,,,,
Tpd52,plex_1,0.65,0.63,,1.11,0.63,0.83,,,,,,
Tpd52,plex_1,0.65,0.63,,1.11,0.63,0.83,,,,,,
Tpd52,plex_1,0.65,0.63,,1.11,0.63,0.83,,,,,,
Tpd52,plex_1,0.65,0.63,,1.11,0.63,0.83,,,,,,
Tpd52,plex_1,0.65,0.63,,1.11,0.63,0.83,,,,,,
Tpd52,plex_1,0.65,0.63,,1.11,0.63,0.83,,,,,,
Ube2d3,plex_1,0.88,0.91,0.16,1.32,0.84,1.2,,,,,,
Pgm5,plex_1,1.08,1.17,0.32,1.75,0.65,1.25,,,,,,
Col5a1,plex_1,0.77,1.5,0.2,1.16,0.63,0.99,,,,,,
Eif3b,plex_1,0.56,0.78,0.22,1.29,0.69,0.82,,,,,,
Ech1,plex_1,0.43,0.74,0.11,1.28,0.45,0.78,,,,,,
Arpc3,plex_1,0.6,0.65,0.28,1.37,0.7,1.2,,,,,,
Sf3b4,plex_1,,,,,,,,,,,,
Derl1,plex_1,0.66,0.96,0.2,1.31,0.81,0.86,,,,,,
Derl1,plex_1,0.66,0.96,0.2,1.31,0.81,0.86,,,,,,
Rpl27,plex_1,1.0,1.1,0.31,1.6,1.11,1.0,,,,,,
Bckdk,plex_1,0.59,0.82,0.18,0.98,0.58,0.8,,,,,,
Lmo7,plex_1,0.55,0.63,0.21,0.78,0.65,0.58,,,,,,
Ttn,plex_1,1.03,0.94,0.25,0.72,0.95,0.78,,,,,,
Pfdn5,plex_1,0.58,0.78,0.24,0.94,0.77,1.2,,,,,,
Kras,plex_1,0.56,0.67,0.22,0.91,0.63,0.99,,,,,,
Kras,plex_1,0.56,0.67,0.22,0.91,0.63,0.99,,,,,,
Hnrnpdl,plex_1,0.56,1.06,,1.41,1.26,1.17,,,,,,
Hnrnpdl,plex_1,0.56,1.06,,1.41,1.26,1.17,,,,,,
Srsf1,plex_1,1.18,1.1,,1.5,1.12,1.28,,,,,,
Homer1,plex_1,1.7,1.34,0.36,3.2,1.09,2.16,,,,,,
Ccbl2,plex_1,5.57,3.28,0.22,7.1,1.7,6.26,,,,,,
Ccbl2,plex_1,5.57,3.28,0.22,7.1,1.7,6.26,,,,,,
Myom1,plex_1,0.49,0.85,,0.26,,0.49,,,,,,
Wars,plex_1,0.86,1.12,0.15,1.15,0.36,1.13,,,,,,
Wars,plex_1,0.86,1.12,0.15,1.15,0.36,1.13,,,,,,
H2-Ke6,plex_1,1.14,0.97,,1.68,1.21,0.83,,,,,,
Hsd17b8,plex_1,1.14,0.97,,1.68,1.21,0.83,,,,,,
Hsd17b8,plex_1,1.14,0.97,,1.68,1.21,0.83,,,,,,
H2-Ke6,plex_1,1.14,0.97,,1.68,1.21,0.83,,,,,,
Aup1,plex_1,0.78,0.98,0.2,0.63,0.57,1.16,,,,,,
Aup1,plex_1,0.78,0.98,0.2,0.63,0.57,1.16,,,,,,
Tmem109,plex_1,0.72,1.07,0.22,0.66,0.66,0.75,,,,,,
Pm20d2,plex_1,,,,,,,,,,,,
Pm20d2,plex_1,,,,,,,,,,,,
Khsrp,plex_1,0.72,1.1,0.24,1.4,0.83,1.21,,,,,,
Ube2n,plex_1,0.69,0.94,0.2,0.94,0.82,0.89,,,,,,
Ftl2,plex_1,0.64,0.76,,1.5,1.02,1.03,,,,,,
Slc27a1,plex_1,0.76,1.85,0.92,1.22,0.77,1.59,,,,,,
Fau,plex_1,0.72,0.89,0.33,1.6,1.07,0.92,,,,,,
fau,plex_1,0.72,0.89,0.33,1.6,1.07,0.92,,,,,,
fau,plex_1,0.72,0.89,0.33,1.6,1.07,0.92,,,,,,
,plex_1,0.72,0.89,0.33,1.6,1.07,0.92,,,,,,
Fau,plex_1,0.72,0.89,0.33,1.6,1.07,0.92,,,,,,
Tsta3,plex_1,0.8,0.81,,0.37,0.49,0.72,,,,,,
Serpinf2,plex_1,0.33,0.55,0.04,0.76,0.45,1.31,,,,,,
Ddx5,plex_1,0.77,1.04,0.2,0.93,0.72,0.86,,,,,,
Plaa,plex_1,0.57,0.72,0.19,1.05,0.7,0.93,,,,,,
Atad3,plex_1,0.47,0.77,0.21,0.83,0.61,0.71,,,,,,
Nap1l1,plex_1,0.35,0.53,0.29,0.76,0.45,0.75,,,,,,
Eif3i,plex_1,0.52,0.74,0.3,1.15,0.53,1.18,,,,,,
Nudt3,plex_1,0.81,0.98,0.28,1.11,0.89,1.24,,,,,,
Nudt3,plex_1,0.81,0.98,0.28,1.11,0.89,1.24,,,,,,
Nudt3,plex_1,0.81,0.98,0.28,1.11,0.89,1.24,,,,,,
Itpa,plex_1,0.65,0.87,0.29,1.37,0.67,1.06,,,,,,
Hnrnph1,plex_1,1.0,1.12,0.35,1.06,0.76,1.21,,,,,,
Hnrnph1,plex_1,1.0,1.12,0.35,1.06,0.76,1.21,,,,,,
Stoml2,plex_1,1.06,1.03,,1.57,0.7,1.9,,,,,,
Stoml2,plex_1,1.06,1.03,,1.57,0.7,1.9,,,,,,
Vps25,plex_1,0.72,0.87,0.28,1.18,0.63,0.75,,,,,,
Clic1,plex_1,0.46,0.86,0.2,1.06,1.09,1.29,,,,,,
Tomm70,plex_1,0.6,0.82,0.35,0.92,0.88,0.75,,,,,,
Ralb,plex_1,0.67,0.74,0.21,1.09,0.63,1.36,,,,,,
Ralb,plex_1,0.67,0.74,0.21,1.09,0.63,1.36,,,,,,
Rala,plex_1,0.67,0.74,0.21,1.09,0.63,1.36,,,,,,
Clta,plex_1,,,,,,,,,,,,
Clta,plex_1,,,,,,,,,,,,
Clta,plex_1,,,,,,,,,,,,
Ndufb3,plex_1,0.79,1.1,0.33,1.72,0.7,1.17,,,,,,
Ndufb3,plex_1,0.79,1.1,0.33,1.72,0.7,1.17,,,,,,
Mospd1,plex_1,0.75,1.11,0.21,0.87,0.79,1.01,,,,,,
Mospd1,plex_1,0.75,1.11,0.21,0.87,0.79,1.01,,,,,,
Acp6,plex_1,0.81,1.19,0.2,1.81,0.75,1.08,,,,,,
Dpysl3,plex_1,0.47,0.94,,0.75,1.11,1.54,,,,,,
Mapk1,plex_1,0.53,0.69,0.23,0.93,0.58,0.78,,,,,,
Nt5c1a,plex_1,0.88,1.18,0.33,1.1,0.97,1.22,,,,,,
Rtn4ip1,plex_1,0.88,0.64,,1.27,,0.83,,,,,,
Rtn4ip1,plex_1,0.88,0.64,,1.27,,0.83,,,,,,
Sephs1,plex_1,0.68,1.47,0.25,0.98,1.14,1.74,,,,,,
Sephs1,plex_1,0.68,1.47,0.25,0.98,1.14,1.74,,,,,,
Sephs1,plex_1,0.68,1.47,0.25,0.98,1.14,1.74,,,,,,
Edf1,plex_1,0.5,0.91,0.23,2.04,0.46,0.8,,,,,,
Rps14,plex_1,0.73,0.95,0.34,1.55,0.93,1.07,,,,,,
Rps14,plex_1,0.73,0.95,0.34,1.55,0.93,1.07,,,,,,
Rps14,plex_1,0.73,0.95,0.34,1.55,0.93,1.07,,,,,,
Rps14,plex_1,0.73,0.95,0.34,1.55,0.93,1.07,,,,,,
rps14,plex_1,0.73,0.95,0.34,1.55,0.93,1.07,,,,,,
Ganab,plex_1,0.53,0.51,0.12,0.9,0.64,0.85,,,,,,
Ganab,plex_1,0.53,0.51,0.12,0.9,0.64,0.85,,,,,,
Serpinf1,plex_1,0.76,0.61,0.19,0.87,0.68,1.29,,,,,,
Lcmt1,plex_1,1.47,0.99,0.23,1.28,2.71,1.05,,,,,,
Rab6a,plex_1,0.47,0.73,0.21,0.63,0.56,0.66,,,,,,
Rab6a,plex_1,0.47,0.73,0.21,0.63,0.56,0.66,,,,,,
Alg3,plex_1,0.56,0.85,,0.92,0.24,1.49,,,,,,
Sec61b,plex_1,0.5,0.5,0.41,0.66,0.66,0.76,,,,,,
,plex_1,,,,,,,,,,,,
Igkv12-41,plex_1,,,,,,,,,,,,
,plex_1,,,,,,,,,,,,
,plex_1,,,,,,,,,,,,
Cluh,plex_1,2.25,1.51,0.29,2.18,0.82,2.1,,,,,,
Copb1,plex_1,0.72,0.83,0.19,1.1,0.76,0.84,,,,,,
Sec24c,plex_1,0.75,0.75,0.12,0.43,0.78,0.36,,,,,,
Sec24c,plex_1,0.75,0.75,0.12,0.43,0.78,0.36,,,,,,
Sec24c,plex_1,0.75,0.75,0.12,0.43,0.78,0.36,,,,,,
Sec24c,plex_1,0.75,0.75,0.12,0.43,0.78,0.36,,,,,,
Pam16,plex_1,1.66,1.53,0.12,2.02,1.35,1.84,,,,,,
Ndufa1,plex_1,0.48,1.21,0.5,1.23,0.6,0.98,,,,,,
Bzw2,plex_1,0.67,0.8,0.25,1.03,0.71,1.05,,,,,,
Zyx,plex_1,1.05,0.76,,0.65,1.13,1.74,,,,,,
Zyx,plex_1,1.05,0.76,,0.65,1.13,1.74,,,,,,
Zyx,plex_1,1.05,0.76,,0.65,1.13,1.74,,,,,,
Zyx,plex_1,1.05,0.76,,0.65,1.13,1.74,,,,,,
Zyx,plex_1,1.05,0.76,,0.65,1.13,1.74,,,,,,
Minos1,plex_1,0.33,1.48,,1.35,,1.11,,,,,,
Txnrd2,plex_1,1.07,0.83,0.28,1.45,0.77,1.17,,,,,,
Txnrd2,plex_1,1.07,0.83,0.28,1.45,0.77,1.17,,,,,,
Txnrd2,plex_1,1.07,0.83,0.28,1.45,0.77,1.17,,,,,,
Txnrd2,plex_1,1.07,0.83,0.28,1.45,0.77,1.17,,,,,,
Txnrd2,plex_1,1.07,0.83,0.28,1.45,0.77,1.17,,,,,,
Txnrd2,plex_1,1.07,0.83,0.28,1.45,0.77,1.17,,,,,,
Txnrd2,plex_1,1.07,0.83,0.28,1.45,0.77,1.17,,,,,,
Txnrd2,plex_1,1.07,0.83,0.28,1.45,0.77,1.17,,,,,,
Txnrd2,plex_1,1.07,0.83,0.28,1.45,0.77,1.17,,,,,,
Txnrd2,plex_1,1.07,0.83,0.28,1.45,0.77,1.17,,,,,,
Txnrd2,plex_1,1.07,0.83,0.28,1.45,0.77,1.17,,,,,,
Mff,plex_1,0.4,0.81,,1.29,1.17,1.22,,,,,,
Mff,plex_1,0.4,0.81,,1.29,1.17,1.22,,,,,,
Mff,plex_1,0.4,0.81,,1.29,1.17,1.22,,,,,,
Mff,plex_1,0.4,0.81,,1.29,1.17,1.22,,,,,,
Mff,plex_1,0.4,0.81,,1.29,1.17,1.22,,,,,,
Mff,plex_1,0.4,0.81,,1.29,1.17,1.22,,,,,,
Mff,plex_1,0.4,0.81,,1.29,1.17,1.22,,,,,,
Mff,plex_1,0.4,0.81,,1.29,1.17,1.22,,,,,,
Mff,plex_1,0.4,0.81,,1.29,1.17,1.22,,,,,,
Arpp19,plex_1,0.59,0.89,0.21,1.43,1.0,0.97,,,,,,
Ensa,plex_1,0.59,0.89,0.21,1.43,1.0,0.97,,,,,,
Arpp19,plex_1,0.59,0.89,0.21,1.43,1.0,0.97,,,,,,
Arpp19,plex_1,0.59,0.89,0.21,1.43,1.0,0.97,,,,,,
Ensa,plex_1,0.59,0.89,0.21,1.43,1.0,0.97,,,,,,
Hspa2,plex_1,,,,,,,,,,,,
Slc12a2,plex_1,0.29,1.03,0.49,1.2,0.77,1.02,,,,,,
Apex1,plex_1,,,,,,,,,,,,
Rpl34,plex_1,0.8,0.9,0.26,1.52,0.8,0.68,,,,,,
Igh,plex_1,0.99,1.03,0.23,0.87,0.72,0.82,,,,,,
Ttn,plex_1,0.64,0.7,0.26,0.96,0.66,1.04,,,,,,
Rpl19,plex_1,0.84,0.73,0.19,1.75,0.7,1.18,,,,,,
Cul1,plex_1,0.96,1.19,0.43,1.43,1.27,1.14,,,,,,
Tha1,plex_1,0.61,0.97,0.56,1.11,0.57,0.75,,,,,,
H2afx,plex_1,,,,,,,,,,,,
Bag6,plex_1,0.72,1.03,0.33,1.12,1.26,0.94,,,,,,
Isoc1,plex_1,0.69,0.86,0.24,0.99,0.75,0.67,,,,,,
Isoc1,plex_1,0.69,0.86,0.24,0.99,0.75,0.67,,,,,,
Prkcq,plex_1,0.55,0.81,0.13,0.87,0.56,0.72,,,,,,
Hmga1,plex_1,0.67,1.01,0.29,1.43,0.71,1.05,,,,,,
Psmd5,plex_1,0.47,1.13,0.06,0.86,0.58,0.87,,,,,,
Slc16a3,plex_1,0.63,1.24,0.28,0.87,0.66,0.78,,,,,,
Slc16a3,plex_1,0.63,1.24,0.28,0.87,0.66,0.78,,,,,,
Gosr2,plex_1,,,,,,,,,,,,
Lrrc47,plex_1,0.69,0.86,0.21,0.84,0.6,0.58,,,,,,
Hist1h1e,plex_1,0.37,0.87,0.4,0.82,0.68,0.82,,,,,,
Comp,plex_1,11.23,5.87,,17.63,2.57,10.9,,,,,,
Cep290,plex_1,1.35,1.26,0.28,1.84,0.78,1.23,,,,,,
Lrrc59,plex_1,0.59,1.06,0.29,0.99,0.97,1.34,,,,,,
Pdia3,plex_1,0.63,0.72,,1.01,1.1,0.95,,,,,,
Hspb3,plex_1,0.56,0.6,,0.71,0.65,0.67,,,,,,
Pdk1,plex_1,,,,,,,,,,,,
Pdxk,plex_1,0.76,0.73,0.27,0.83,0.45,0.82,,,,,,
Pdxk,plex_1,0.76,0.73,0.27,0.83,0.45,0.82,,,,,,
Prdx4,plex_1,,,,,,,,,,,,
S100a13,plex_1,0.76,0.67,0.41,1.56,1.07,1.18,,,,,,
S100a13,plex_1,0.76,0.67,0.41,1.56,1.07,1.18,,,,,,
Bdh1,plex_1,0.49,0.91,0.11,1.1,0.59,1.19,,,,,,
Rpl36,plex_1,0.87,0.9,0.23,1.43,1.07,1.04,,,,,,
Rpl36,plex_1,0.87,0.9,0.23,1.43,1.07,1.04,,,,,,
Rpl36-ps3,plex_1,0.87,0.9,0.23,1.43,1.07,1.04,,,,,,
Cp,plex_1,0.54,0.72,0.36,0.93,1.11,1.5,,,,,,
Nit1,plex_1,,,,,1.97,,,,,,,
Nit1,plex_1,,,,,1.97,,,,,,,
Cand1,plex_1,1.25,0.81,0.18,1.54,0.37,1.46,,,,,,
Phgdh,plex_1,1.26,1.29,0.43,1.0,0.89,1.4,,,,,,
Cept1,plex_1,2.87,1.81,,6.12,1.12,1.95,,,,,,
Cept1,plex_1,2.87,1.81,,6.12,1.12,1.95,,,,,,
Cept1,plex_1,2.87,1.81,,6.12,1.12,1.95,,,,,,
Tsg101,plex_1,0.72,1.1,0.46,1.17,0.6,0.76,,,,,,
Tsg101,plex_1,0.72,1.1,0.46,1.17,0.6,0.76,,,,,,
Selt,plex_1,0.49,1.05,0.23,0.76,0.87,0.92,,,,,,
Ociad2,plex_1,,,,,,,,,,,,
Atp6v1e1,plex_1,0.53,0.69,0.2,0.82,0.86,0.76,,,,,,
Acot9,plex_1,0.68,0.8,0.19,1.59,0.57,0.94,,,,,,
Smoc2,plex_1,0.68,1.07,0.32,0.74,0.88,0.89,,,,,,
Smoc2,plex_1,0.68,1.07,0.32,0.74,0.88,0.89,,,,,,
Memo1,plex_1,0.7,0.76,0.17,0.9,0.59,1.01,,,,,,
Memo1,plex_1,0.7,0.76,0.17,0.9,0.59,1.01,,,,,,
Pcyox1,plex_1,0.85,0.95,0.43,1.12,0.83,1.11,,,,,,
Pcyox1,plex_1,0.85,0.95,0.43,1.12,0.83,1.11,,,,,,
Pcyox1,plex_1,0.85,0.95,0.43,1.12,0.83,1.11,,,,,,
Atox1,plex_1,0.69,0.62,0.22,1.13,0.51,0.76,,,,,,
Synj2bp,plex_1,0.79,0.85,0.34,1.19,0.8,1.08,,,,,,
Ap2m1,plex_1,0.59,0.75,0.33,1.16,0.63,0.84,,,,,,
Arl3,plex_1,0.6,1.07,0.08,0.83,0.86,1.31,,,,,,
Adhfe1,plex_1,,,,,,,,,,,,
Adhfe1,plex_1,,,,,,,,,,,,
Adhfe1,plex_1,,,,,,,,,,,,
Pter,plex_1,0.5,0.65,0.57,0.58,0.77,0.58,,,,,,
Actr1b,plex_1,0.85,1.06,0.17,1.41,0.97,0.85,,,,,,
Mfn1,plex_1,0.73,0.85,0.27,0.55,0.63,0.62,,,,,,
Anxa1,plex_1,0.71,0.71,0.23,1.04,0.54,0.87,,,,,,
Xdh,plex_1,0.77,1.69,0.23,1.21,1.06,1.38,,,,,,
Tst,plex_1,0.62,0.6,0.25,1.0,0.64,0.88,,,,,,
Col4a1,plex_1,0.95,1.24,0.15,0.75,0.88,1.37,,,,,,
Rab35,plex_1,,,,,1.0,,,,,,,
Rps4x,plex_1,0.69,0.72,0.21,1.22,0.61,0.93,,,,,,
Rps4x,plex_1,0.69,0.72,0.21,1.22,0.61,0.93,,,,,,
Rps4x,plex_1,0.69,0.72,0.21,1.22,0.61,0.93,,,,,,
Amy2,plex_1,,0.29,0.19,1.05,0.14,3.86,,,,,,
Sdhc,plex_1,1.23,1.56,,1.15,0.86,1.91,,,,,,
Sdhc,plex_1,1.23,1.56,,1.15,0.86,1.91,,,,,,
Pepd,plex_1,0.7,0.79,0.2,1.31,0.83,0.8,,,,,,
Prob1,plex_1,0.91,1.32,0.24,1.37,0.62,1.69,,,,,,
Prob1,plex_1,0.91,1.32,0.24,1.37,0.62,1.69,,,,,,
Srsf7,plex_1,0.75,,,1.21,0.93,1.28,,,,,,
Srsf7,plex_1,0.75,,,1.21,0.93,1.28,,,,,,
Srsf7,plex_1,0.75,,,1.21,0.93,1.28,,,,,,
Igk,plex_1,0.73,1.06,0.22,1.21,0.71,1.13,,,,,,
Ubr3,plex_1,0.9,1.26,0.47,0.95,0.95,1.35,,,,,,
Ubr3,plex_1,0.9,1.26,0.47,0.95,0.95,1.35,,,,,,
Ubr3,plex_1,0.9,1.26,0.47,0.95,0.95,1.35,,,,,,
Sntb1,plex_1,0.51,0.91,0.28,0.87,0.69,0.9,,,,,,
Fth1,plex_1,0.5,0.66,0.22,1.06,0.62,0.8,,,,,,
Lamtor1,plex_1,0.7,1.2,0.16,1.4,0.69,1.07,,,,,,
Lamtor1,plex_1,0.7,1.2,0.16,1.4,0.69,1.07,,,,,,
Apoa2,plex_1,0.28,0.7,,0.83,0.61,0.85,,,,,,
Apoa2,plex_1,0.28,0.7,,0.83,0.61,0.85,,,,,,
Apoa2,plex_1,0.28,0.7,,0.83,0.61,0.85,,,,,,
Gmps,plex_1,0.73,0.74,0.3,0.77,0.93,0.64,,,,,,
Nmt1,plex_1,,,,,,,,,,,,
Sgcb,plex_1,0.59,0.96,,0.42,0.35,0.82,,,,,,
Dctn1,plex_1,1.37,1.44,0.28,2.01,0.78,1.5,,,,,,
Nos1,plex_1,0.57,0.83,0.23,0.8,0.5,0.66,,,,,,
Mut,plex_1,0.51,0.79,0.22,0.77,0.46,0.83,,,,,,
Surf4,plex_1,0.59,0.88,0.28,1.25,0.84,1.1,,,,,,
Surf4,plex_1,0.59,0.88,0.28,1.25,0.84,1.1,,,,,,
Fam162a,plex_1,0.49,0.75,0.16,1.22,0.54,0.77,,,,,,
Akr1b7,plex_1,,,,,,,,,,,,
Syncrip,plex_1,1.29,1.48,0.61,1.91,1.23,1.93,,,,,,
Syncrip,plex_1,1.29,1.48,0.61,1.91,1.23,1.93,,,,,,
Sept14,plex_1,1.28,2.8,1.19,0.94,0.86,1.99,,,,,,
Sept14,plex_1,1.28,2.8,1.19,0.94,0.86,1.99,,,,,,
Pfkm,plex_1,1.05,1.87,0.69,1.36,1.0,0.87,,,,,,
Mlf1,plex_1,0.6,0.97,0.32,1.32,0.44,0.69,,,,,,
Hsdl2,plex_1,5.21,1.94,0.2,9.93,0.72,4.5,,,,,,
Akt1s1,plex_1,,,,,,,,,,,,
Akt1s1,plex_1,,,,,,,,,,,,
Igbp1,plex_1,1.07,0.91,0.19,1.51,0.65,1.34,,,,,,
Inmt,plex_1,0.54,1.03,0.05,1.19,0.6,1.07,,,,,,
Myadm,plex_1,,,,,,,,,,,,
Perm1,plex_1,0.36,0.89,,1.35,0.23,1.07,,,,,,
Eif5b,plex_1,0.82,1.65,0.23,2.11,0.65,1.67,,,,,,
Wdr61,plex_1,0.67,0.73,0.22,1.24,0.74,1.17,,,,,,
Wdr61,plex_1,0.67,0.73,0.22,1.24,0.74,1.17,,,,,,
Wdr61,plex_1,0.67,0.73,0.22,1.24,0.74,1.17,,,,,,
Wdr61,plex_1,0.67,0.73,0.22,1.24,0.74,1.17,,,,,,
Mat2b,plex_1,0.88,0.56,,1.04,0.45,0.57,,,,,,
Mat2b,plex_1,0.88,0.56,,1.04,0.45,0.57,,,,,,
Dupd1,plex_1,0.86,0.87,0.25,1.53,0.71,1.26,,,,,,
Gm3839,plex_1,0.81,0.71,0.26,1.09,0.9,0.94,,,,,,
Abhd16a,plex_1,1.31,1.09,0.12,2.52,0.77,1.32,,,,,,
Kpna4,plex_1,0.63,1.01,0.19,1.03,0.75,0.95,,,,,,
Lman1,plex_1,0.38,0.91,0.22,0.9,0.72,0.53,,,,,,
Pgrmc2,plex_1,0.62,1.18,,,1.08,,,,,,,
Ucp3,plex_1,,0.88,0.62,,0.36,0.93,,,,,,
Acta1,plex_1,0.64,0.82,0.37,1.02,0.77,0.64,,,,,,
Myh14,plex_1,0.92,0.89,0.2,1.17,0.9,1.08,,,,,,
Myh14,plex_1,0.92,0.89,0.2,1.17,0.9,1.08,,,,,,
Myh14,plex_1,0.92,0.89,0.2,1.17,0.9,1.08,,,,,,
Akr1e2,plex_1,1.03,0.79,0.12,1.21,0.73,0.98,,,,,,
Nek7,plex_1,0.78,1.43,,1.23,0.84,0.75,,,,,,
Msrb3,plex_1,0.78,1.25,0.12,1.58,0.57,1.23,,,,,,
Msrb3,plex_1,0.78,1.25,0.12,1.58,0.57,1.23,,,,,,
Grpel1,plex_1,0.59,0.75,0.08,1.08,0.72,0.87,,,,,,
Grpel1,plex_1,0.59,0.75,0.08,1.08,0.72,0.87,,,,,,
Tpd52l1,plex_1,,,,,,,,,,,,
Mylk,plex_1,0.38,0.47,0.35,1.36,0.49,0.69,,,,,,
Pafah1b2,plex_1,0.61,0.73,0.2,0.85,0.81,1.19,,,,,,
Hscb,plex_1,,,,,,,,,,,,
Hscb,plex_1,,,,,,,,,,,,
Hnrnpab,plex_1,0.5,0.81,0.13,0.89,0.67,1.0,,,,,,
Hnrnpab,plex_1,0.5,0.81,0.13,0.89,0.67,1.0,,,,,,
Hnrnpab,plex_1,0.5,0.81,0.13,0.89,0.67,1.0,,,,,,
Hnrnpab,plex_1,0.5,0.81,0.13,0.89,0.67,1.0,,,,,,
Hnrnpab,plex_1,0.5,0.81,0.13,0.89,0.67,1.0,,,,,,
Lama4,plex_1,1.47,1.23,0.24,2.85,0.83,2.51,,,,,,
Txndc12,plex_1,0.64,0.77,0.23,1.06,0.78,1.11,,,,,,
Rbmx,plex_1,0.81,1.44,0.48,1.16,0.52,1.12,,,,,,
Rbmx,plex_1,0.81,1.44,0.48,1.16,0.52,1.12,,,,,,
Rbmx,plex_1,0.81,1.44,0.48,1.16,0.52,1.12,,,,,,
Anp32e,plex_1,0.56,,,,,1.0,,,,,,
Anp32e,plex_1,0.56,,,,,1.0,,,,,,
2210016F16Rik,plex_1,0.42,0.68,0.13,0.55,0.46,0.6,,,,,,
Ptms,plex_1,0.22,0.35,0.24,0.71,0.68,1.0,,,,,,
Ubap2l,plex_1,1.34,1.4,,1.81,1.27,1.54,,,,,,
Ubap2l,plex_1,1.34,1.4,,1.81,1.27,1.54,,,,,,
Ubap2l,plex_1,1.34,1.4,,1.81,1.27,1.54,,,,,,
Ubap2l,plex_1,1.34,1.4,,1.81,1.27,1.54,,,,,,
Abcb7,plex_1,0.6,0.94,0.15,1.23,0.51,1.33,,,,,,
Rhoc,plex_1,0.67,0.75,0.26,1.22,0.71,1.16,,,,,,
Mp68,plex_1,0.43,0.75,0.24,1.06,0.45,0.86,,,,,,
Acacb,plex_1,0.8,0.62,0.06,1.6,0.64,1.5,,,,,,
Actn4,plex_1,,,,,,,,,,,,
Sept2,plex_1,0.66,0.59,0.22,1.5,0.79,0.98,,,,,,
Mtx2,plex_1,0.61,0.72,0.3,0.97,0.75,0.99,,,,,,
Mtx2,plex_1,0.61,0.72,0.3,0.97,0.75,0.99,,,,,,
Mtx2,plex_1,0.61,0.72,0.3,0.97,0.75,0.99,,,,,,
Mtx2,plex_1,0.61,0.72,0.3,0.97,0.75,0.99,,,,,,
Mtx2,plex_1,0.61,0.72,0.3,0.97,0.75,0.99,,,,,,
NID-2,plex_1,0.81,0.57,0.22,1.1,0.65,1.27,,,,,,
Nid2,plex_1,0.81,0.57,0.22,1.1,0.65,1.27,,,,,,
Nid2,plex_1,0.81,0.57,0.22,1.1,0.65,1.27,,,,,,
Nid2,plex_1,0.81,0.57,0.22,1.1,0.65,1.27,,,,,,
Nid2,plex_1,0.81,0.57,0.22,1.1,0.65,1.27,,,,,,
Phospho1,plex_1,,,,,,,,,,,,
Krt76,plex_1,0.41,0.58,0.2,1.15,0.4,0.71,,,,,,
Htra2,plex_1,0.67,0.83,0.03,1.31,0.63,1.14,,,,,,
Tiprl,plex_1,0.82,1.25,0.37,1.11,1.03,1.08,,,,,,
Apeh,plex_1,0.7,0.75,0.29,1.07,0.63,0.88,,,,,,
Apeh,plex_1,0.7,0.75,0.29,1.07,0.63,0.88,,,,,,
Thy1,plex_1,0.32,0.28,,0.8,0.59,0.73,,,,,,
Thy1,plex_1,0.32,0.28,,0.8,0.59,0.73,,,,,,
Tmem43,plex_1,0.37,1.09,0.18,1.4,0.88,1.77,,,,,,
Ambp,plex_1,,,,,,,,,,,,
Psmb4,plex_1,0.74,0.8,0.21,1.18,0.62,0.84,,,,,,
Pigs,plex_1,0.99,1.14,0.56,0.84,1.04,0.96,,,,,,
Pigs,plex_1,0.99,1.14,0.56,0.84,1.04,0.96,,,,,,
Pigs,plex_1,0.99,1.14,0.56,0.84,1.04,0.96,,,,,,
Pigs,plex_1,0.99,1.14,0.56,0.84,1.04,0.96,,,,,,
Adrm1,plex_1,0.58,0.57,,0.65,0.73,0.43,,,,,,
Pdcd6,plex_1,,,,,,0.41,,,,,,
Pdcd6,plex_1,,,,,,0.41,,,,,,
Pdcd6,plex_1,,,,,,0.41,,,,,,
Pdcd6,plex_1,,,,,,0.41,,,,,,
Copg1,plex_1,0.84,1.26,0.47,1.72,0.82,1.25,,,,,,
Pfdn4,plex_1,0.71,1.07,,1.3,0.75,0.95,,,,,,
Pfdn4,plex_1,0.71,1.07,,1.3,0.75,0.95,,,,,,
Pfdn4,plex_1,0.71,1.07,,1.3,0.75,0.95,,,,,,
Pfdn4,plex_1,0.71,1.07,,1.3,0.75,0.95,,,,,,
Pfdn4,plex_1,0.71,1.07,,1.3,0.75,0.95,,,,,,
Pygb,plex_1,0.83,1.07,0.17,0.92,0.68,0.73,,,,,,
Pfdn2,plex_1,1.24,2.26,0.33,1.28,0.63,1.83,,,,,,
Rab1b,plex_1,1.02,1.13,0.15,1.59,0.52,1.36,,,,,,
Bnip1,plex_1,,1.2,,,0.33,,,,,,,
Bnip1,plex_1,,1.2,,,0.33,,,,,,,
Nudt16,plex_1,0.55,0.65,,0.93,0.66,0.44,,,,,,
Nudt16,plex_1,0.55,0.65,,0.93,0.66,0.44,,,,,,
Nudt16,plex_1,0.55,0.65,,0.93,0.66,0.44,,,,,,
Neb,plex_1,0.87,0.81,0.26,1.12,0.64,0.84,,,,,,
Cops6,plex_1,1.2,1.28,0.43,0.94,0.82,0.67,,,,,,
Cops6,plex_1,1.2,1.28,0.43,0.94,0.82,0.67,,,,,,
Clcn1,plex_1,0.69,1.0,0.19,0.53,0.79,0.52,,,,,,
Set,plex_1,,,,,,,,,,,,
Set,plex_1,,,,,,,,,,,,
Rps15,plex_1,0.9,0.86,0.36,1.55,1.1,1.18,,,,,,
Rps15,plex_1,0.9,0.86,0.36,1.55,1.1,1.18,,,,,,
Rps15,plex_1,0.9,0.86,0.36,1.55,1.1,1.18,,,,,,
Rps15,plex_1,0.9,0.86,0.36,1.55,1.1,1.18,,,,,,
Plin1,plex_1,0.34,0.62,0.18,0.4,0.48,0.9,,,,,,
Dstn,plex_1,4.26,2.12,0.27,9.89,0.67,4.83,,,,,,
Dnpep,plex_1,,,,,,,,,,,,
Mbnl1,plex_1,0.75,0.57,0.2,1.47,0.7,0.75,,,,,,
Vps18,plex_1,2.27,2.07,0.22,3.39,1.0,3.0,,,,,,
Sult1a1,plex_1,0.78,0.64,0.27,1.07,0.68,1.69,,,,,,
Sult1a1,plex_1,0.78,0.64,0.27,1.07,0.68,1.69,,,,,,
Sult1a1,plex_1,0.78,0.64,0.27,1.07,0.68,1.69,,,,,,
Sult1a1,plex_1,0.78,0.64,0.27,1.07,0.68,1.69,,,,,,
,plex_1,0.78,0.64,0.27,1.07,0.68,1.69,,,,,,
Rab5a,plex_1,,,,0.68,,,,,,,,
Arhgdib,plex_1,0.49,0.52,0.11,0.66,0.56,0.73,,,,,,
Gspt2,plex_1,0.87,0.78,0.37,0.96,0.59,1.2,,,,,,
Sri,plex_1,1.02,1.14,,3.23,1.62,1.65,,,,,,
Sri,plex_1,1.02,1.14,,3.23,1.62,1.65,,,,,,
Emc2,plex_1,0.23,0.55,0.04,0.32,0.4,1.1,,,,,,
Nenf,plex_1,0.74,0.9,,1.02,0.8,0.77,,,,,,
Snrpa1,plex_1,0.94,0.9,,1.97,1.04,1.09,,,,,,
Hnrnpa0,plex_1,1.5,1.19,0.23,2.19,1.05,1.16,,,,,,
Epm2a,plex_1,0.64,0.97,0.3,1.03,0.62,0.78,,,,,,
2210010C04Rik,plex_1,4.27,1.99,0.23,8.34,0.96,3.74,,,,,,
2210010C04Rik,plex_1,4.27,1.99,0.23,8.34,0.96,3.74,,,,,,
Ampd1,plex_1,1.13,1.36,0.34,1.88,1.17,1.32,,,,,,
Ptrf,plex_1,0.68,0.7,0.3,2.02,0.69,1.09,,,,,,
Arpc2,plex_1,0.65,0.75,0.24,1.38,0.65,1.05,,,,,,
Sirt5,plex_1,0.5,0.91,,0.85,0.52,0.91,,,,,,
Angptl7,plex_1,0.36,2.73,,0.69,,0.86,,,,,,
Srp54,plex_1,0.91,1.69,0.29,1.24,0.59,1.21,,,,,,
Prkag2,plex_1,0.63,0.95,0.22,0.85,0.63,0.84,,,,,,
Erap1,plex_1,0.81,0.9,0.43,0.9,1.01,1.1,,,,,,
Slc44a2,plex_1,1.23,1.1,0.32,2.82,0.58,1.77,,,,,,
Slc44a2,plex_1,1.23,1.1,0.32,2.82,0.58,1.77,,,,,,
Rbmxl1,plex_1,0.62,0.62,0.13,0.96,0.81,1.13,,,,,,
Serpina1a,plex_1,0.6,0.42,,0.92,0.69,1.44,,,,,,
Tom1l2,plex_1,1.76,1.18,,1.19,0.56,3.9,,,,,,
Tom1l2,plex_1,1.76,1.18,,1.19,0.56,3.9,,,,,,
Ethe1,plex_1,0.65,0.94,,1.34,0.62,0.73,,,,,,
Rdh14,plex_1,2.51,0.8,,10.75,,3.48,,,,,,
Hacd1,plex_1,0.87,0.96,0.27,1.4,0.6,1.3,,,,,,
Timm8a1,plex_1,0.6,0.78,0.25,1.2,0.69,1.02,,,,,,
Ndufaf3,plex_1,0.46,0.58,,0.93,0.51,0.87,,,,,,
Lmod3,plex_1,1.19,2.44,1.02,1.22,0.85,1.67,,,,,,
Sypl,plex_1,0.8,0.56,0.1,0.53,1.44,0.99,,,,,,
Snx2,plex_1,0.68,0.8,0.11,1.02,0.38,0.97,,,,,,
Snx2,plex_1,0.68,0.8,0.11,1.02,0.38,0.97,,,,,,
Slc16a1,plex_1,1.41,1.82,0.71,0.49,1.06,1.24,,,,,,
Slc16a1,plex_1,1.41,1.82,0.71,0.49,1.06,1.24,,,,,,
Slc16a1,plex_1,1.41,1.82,0.71,0.49,1.06,1.24,,,,,,
Dst,plex_1,0.76,1.1,0.35,1.41,0.64,1.25,,,,,,
S100a4,plex_1,1.06,0.85,0.2,1.32,0.66,1.22,,,,,,
S100a4,plex_1,1.06,0.85,0.2,1.32,0.66,1.22,,,,,,
Epn1,plex_1,0.43,,,0.48,0.98,,,,,,,
Epn1,plex_1,0.43,,,0.48,0.98,,,,,,,
Epn1,plex_1,0.43,,,0.48,0.98,,,,,,,
Apoc1,plex_1,1.1,2.09,0.45,1.23,1.66,2.09,,,,,,
Efemp1,plex_1,0.66,0.72,0.21,0.62,0.62,0.52,,,,,,
Prkacb,plex_1,,1.04,,,,1.27,,,,,,
Prkacb,plex_1,,1.04,,,,1.27,,,,,,
Prkacb,plex_1,,1.04,,,,1.27,,,,,,
Prkacb,plex_1,,1.04,,,,1.27,,,,,,
Cisd2,plex_1,0.67,0.81,0.28,0.93,0.87,1.16,,,,,,
Parp3,plex_1,1.09,0.82,0.27,0.46,1.15,0.65,,,,,,
Parp3,plex_1,1.09,0.82,0.27,0.46,1.15,0.65,,,,,,
Parp3,plex_1,1.09,0.82,0.27,0.46,1.15,0.65,,,,,,
Parp3,plex_1,1.09,0.82,0.27,0.46,1.15,0.65,,,,,,
Parp3,plex_1,1.09,0.82,0.27,0.46,1.15,0.65,,,,,,
Dhx9,plex_1,0.64,2.68,,2.25,1.65,0.8,,,,,,
Dhx9,plex_1,0.64,2.68,,2.25,1.65,0.8,,,,,,
Ube2i,plex_1,0.65,0.71,0.22,1.17,0.56,0.87,,,,,,
Srsf3,plex_1,0.65,0.62,,1.31,0.68,1.03,,,,,,
Srsf3,plex_1,0.65,0.62,,1.31,0.68,1.03,,,,,,
Ruvbl1,plex_1,,,,,,,,,,,,
Mfap5,plex_1,0.57,0.59,0.29,0.67,0.49,1.01,,,,,,
Tmem143,plex_1,,,,,,,,,,,,
Tmem143,plex_1,,,,,,,,,,,,
Tmem143,plex_1,,,,,,,,,,,,
Bcap31,plex_1,0.76,0.87,0.3,0.85,0.84,1.07,,,,,,
Prkcsh,plex_1,0.54,0.8,0.31,1.64,1.0,1.47,,,,,,
Prkcsh,plex_1,0.54,0.8,0.31,1.64,1.0,1.47,,,,,,
Cdnf,plex_1,0.78,0.73,0.23,0.91,0.76,0.97,,,,,,
Slirp,plex_1,0.46,0.62,0.15,0.98,0.58,0.75,,,,,,
Nptn,plex_1,0.95,1.18,0.3,1.44,0.92,1.26,,,,,,
Nptn,plex_1,0.95,1.18,0.3,1.44,0.92,1.26,,,,,,
Nptn,plex_1,0.95,1.18,0.3,1.44,0.92,1.26,,,,,,
Nptn,plex_1,0.95,1.18,0.3,1.44,0.92,1.26,,,,,,
Nptn,plex_1,0.95,1.18,0.3,1.44,0.92,1.26,,,,,,
Nptn,plex_1,0.95,1.18,0.3,1.44,0.92,1.26,,,,,,
Nptn,plex_1,0.95,1.18,0.3,1.44,0.92,1.26,,,,,,
Cyp2d22,plex_1,0.47,0.7,0.25,0.8,0.63,0.83,,,,,,
Cyp2d22,plex_1,0.47,0.7,0.25,0.8,0.63,0.83,,,,,,
Rpl26,plex_1,0.62,0.96,,1.18,0.94,0.86,,,,,,
Suox,plex_1,0.89,1.18,0.3,1.37,0.86,1.31,,,,,,
Gpaa1,plex_1,,0.94,,,,,,,,,,
Gpaa1,plex_1,,0.94,,,,,,,,,,
Gstm4,plex_1,0.54,0.75,0.29,0.74,0.69,0.39,,,,,,
Sfn,plex_1,,,,,,,,,,,,
Sfn,plex_1,,,,,,,,,,,,
Cfh,plex_1,0.43,0.79,0.17,0.97,0.76,1.58,,,,,,
Sep15,plex_1,,,,,,,,,,,,
Sep15,plex_1,,,,,,,,,,,,
Hrg,plex_1,0.34,0.8,0.2,0.95,0.92,1.54,,,,,,
Ssr1,plex_1,0.69,1.14,0.27,1.25,1.0,1.34,,,,,,
Ssr1,plex_1,0.69,1.14,0.27,1.25,1.0,1.34,,,,,,
Ssr1,plex_1,0.69,1.14,0.27,1.25,1.0,1.34,,,,,,
Crkl,plex_1,0.23,0.66,,0.73,0.64,0.5,,,,,,
Crkl,plex_1,0.23,0.66,,0.73,0.64,0.5,,,,,,
Pank4,plex_1,0.39,1.21,,0.68,,1.1,,,,,,
Pank4,plex_1,0.39,1.21,,0.68,,1.1,,,,,,
Tnmd,plex_1,1.77,2.32,,4.52,0.97,2.69,,,,,,
Mlip,plex_1,,0.39,,,,0.99,,,,,,
Mlip,plex_1,,0.39,,,,0.99,,,,,,
Pea15,plex_1,0.63,0.77,0.36,1.47,0.7,1.63,,,,,,
Pea15,plex_1,0.63,0.77,0.36,1.47,0.7,1.63,,,,,,
Fscn1,plex_1,0.28,0.44,0.24,0.94,0.52,1.3,,,,,,
,plex_1,1.01,1.17,0.08,1.53,0.69,1.06,,,,,,
Ap1b1,plex_1,,,,,,,,,,,,
Fnta,plex_1,0.53,0.91,0.26,0.99,0.7,1.21,,,,,,
Sfxn1,plex_1,0.73,0.99,,0.71,0.22,0.86,,,,,,
Rsl1d1,plex_1,,,,,,,,,,,,
Myl1,plex_1,0.25,0.88,0.16,0.44,0.62,0.37,,,,,,
Lypla2,plex_1,0.65,0.89,0.27,1.34,0.65,0.87,,,,,,
Epb41l2,plex_1,1.02,1.09,0.25,0.99,1.93,1.32,,,,,,
Pin1,plex_1,0.63,0.93,0.17,1.31,0.9,1.38,,,,,,
Pin1,plex_1,0.63,0.93,0.17,1.31,0.9,1.38,,,,,,
Rab5b,plex_1,0.59,0.78,0.21,1.12,0.58,0.67,,,,,,
Rab5b,plex_1,0.59,0.78,0.21,1.12,0.58,0.67,,,,,,
Rab5b,plex_1,0.59,0.78,0.21,1.12,0.58,0.67,,,,,,
Upf1,plex_1,0.44,0.81,0.29,2.39,0.79,0.59,,,,,,
Upf1,plex_1,0.44,0.81,0.29,2.39,0.79,0.59,,,,,,
Aoc3,plex_1,,,,,,,,,,,,
Aoc3,plex_1,,,,,,,,,,,,
Rbbp7,plex_1,0.89,1.11,0.2,1.72,0.8,1.49,,,,,,
Sp3,plex_1,0.91,1.79,0.2,0.54,0.22,1.55,,,,,,
Sp3,plex_1,0.91,1.79,0.2,0.54,0.22,1.55,,,,,,
Sp3,plex_1,0.91,1.79,0.2,0.54,0.22,1.55,,,,,,
Myl9,plex_1,0.52,0.49,0.22,0.74,0.57,0.74,,,,,,
Ociad1,plex_1,0.69,1.59,,3.31,0.92,0.69,,,,,,
Bzw1,plex_1,3.96,2.04,0.1,10.49,0.61,2.91,,,,,,
Tars,plex_1,0.69,0.87,0.23,1.12,0.79,1.0,,,,,,
Sfxn3,plex_1,,,,,,,,,,,,
Impdh2,plex_1,,0.77,,1.59,,,,,,,,
Eif3l,plex_1,1.09,1.58,0.96,1.58,0.58,1.04,,,,,,
Drg2,plex_1,,,,,,,,,,,,
Asb2,plex_1,0.65,0.76,0.24,0.86,0.75,0.95,,,,,,
Asb2,plex_1,0.65,0.76,0.24,0.86,0.75,0.95,,,,,,
Prpf19,plex_1,,0.99,,,,,,,,,,
Prpf19,plex_1,,0.99,,,,,,,,,,
Prpf19,plex_1,,0.99,,,,,,,,,,
Atp2b1,plex_1,0.3,1.14,0.35,1.2,0.34,1.0,,,,,,
Nrbp1,plex_1,0.6,0.93,0.22,1.07,0.79,0.74,,,,,,
Nrbp1,plex_1,0.6,0.93,0.22,1.07,0.79,0.74,,,,,,
Nrbp1,plex_1,0.6,0.93,0.22,1.07,0.79,0.74,,,,,,
Rps23,plex_1,0.7,0.98,0.23,1.27,0.87,0.89,,,,,,
Rps23,plex_1,0.7,0.98,0.23,1.27,0.87,0.89,,,,,,
Rps23,plex_1,0.7,0.98,0.23,1.27,0.87,0.89,,,,,,
Rps23,plex_1,0.7,0.98,0.23,1.27,0.87,0.89,,,,,,
Zswim4,plex_1,0.77,0.76,0.38,1.43,0.84,0.96,,,,,,
Aamp,plex_1,,,,,,,,,,,,
Aamp,plex_1,,,,,,,,,,,,
Aamp,plex_1,,,,,,,,,,,,
Aamp,plex_1,,,,,,,,,,,,
Aamp,plex_1,,,,,,,,,,,,
Fadd,plex_1,,,,,,,,,,,,
Eif2a,plex_1,0.97,1.15,0.22,1.48,0.99,1.31,,,,,,
Wbp2,plex_1,0.79,0.85,0.31,1.59,0.61,0.98,,,,,,
Wbp2,plex_1,0.79,0.85,0.31,1.59,0.61,0.98,,,,,,
Wbp2,plex_1,0.79,0.85,0.31,1.59,0.61,0.98,,,,,,
Creld1,plex_1,0.85,1.57,0.09,0.61,0.33,1.53,,,,,,
Nomo1,plex_1,0.83,0.69,0.14,0.99,0.84,0.83,,,,,,
Tomm20,plex_1,0.74,1.05,0.09,0.8,0.9,1.34,,,,,,
Itga7,plex_1,0.53,0.38,,,0.62,,,,,,,
Itga7,plex_1,0.53,0.38,,,0.62,,,,,,,
Itga7,plex_1,0.53,0.38,,,0.62,,,,,,,
Vti1b,plex_1,,,,,,,,,,,,
Spg7,plex_1,1.32,0.99,,1.01,,1.02,,,,,,
Spg7,plex_1,1.32,0.99,,1.01,,1.02,,,,,,
Spg7,plex_1,1.32,0.99,,1.01,,1.02,,,,,,
Spg7,plex_1,1.32,0.99,,1.01,,1.02,,,,,,
Mlycd,plex_1,0.94,1.0,0.2,1.36,1.0,1.18,,,,,,
Mlycd,plex_1,0.94,1.0,0.2,1.36,1.0,1.18,,,,,,
Tpm1,plex_1,0.48,0.66,0.16,0.86,0.88,1.06,,,,,,
Hyou1,plex_1,0.49,0.66,0.22,0.64,0.34,0.71,,,,,,
Srsf10,plex_1,0.42,0.79,0.2,1.32,0.46,0.8,,,,,,
Srsf10,plex_1,0.42,0.79,0.2,1.32,0.46,0.8,,,,,,
Deptor,plex_1,1.01,0.84,0.29,1.04,1.12,0.99,,,,,,
Deptor,plex_1,1.01,0.84,0.29,1.04,1.12,0.99,,,,,,
Depdc6,plex_1,1.01,0.84,0.29,1.04,1.12,0.99,,,,,,
Sh3kbp1,plex_1,1.17,0.98,0.13,1.87,0.97,1.62,,,,,,
Sh3kbp1,plex_1,1.17,0.98,0.13,1.87,0.97,1.62,,,,,,
Sh3kbp1,plex_1,1.17,0.98,0.13,1.87,0.97,1.62,,,,,,
Sh3kbp1,plex_1,1.17,0.98,0.13,1.87,0.97,1.62,,,,,,
Sh3kbp1,plex_1,1.17,0.98,0.13,1.87,0.97,1.62,,,,,,
Dnph1,plex_1,0.8,1.01,0.33,0.73,0.86,0.93,,,,,,
Fdx1,plex_1,0.92,0.79,,2.53,1.36,1.72,,,,,,
Fdx1,plex_1,0.92,0.79,,2.53,1.36,1.72,,,,,,
Eif3h,plex_1,1.13,1.11,0.28,1.44,1.0,1.33,,,,,,
Limch1,plex_1,0.25,0.69,0.24,,0.62,,,,,,,
Prkcdbp,plex_1,0.49,1.0,0.25,1.11,0.9,1.16,,,,,,
Mark3,plex_1,0.71,0.78,0.27,1.2,0.87,0.9,,,,,,
Mark3,plex_1,0.71,0.78,0.27,1.2,0.87,0.9,,,,,,
Mark3,plex_1,0.71,0.78,0.27,1.2,0.87,0.9,,,,,,
Armc3,plex_1,0.77,0.52,0.18,0.39,0.84,0.5,,,,,,
Mrpl11,plex_1,0.47,0.41,,0.77,0.39,0.83,,,,,,
cytb,plex_1,0.38,0.48,0.31,0.68,0.76,0.55,,,,,,
mt-Cytb,plex_1,0.38,0.48,0.31,0.68,0.76,0.55,,,,,,
cytb,plex_1,0.38,0.48,0.31,0.68,0.76,0.55,,,,,,
cytb,plex_1,0.38,0.48,0.31,0.68,0.76,0.55,,,,,,
cytb,plex_1,0.38,0.48,0.31,0.68,0.76,0.55,,,,,,
CYTB,plex_1,0.38,0.48,0.31,0.68,0.76,0.55,,,,,,
mt-Cytb,plex_1,0.38,0.48,0.31,0.68,0.76,0.55,,,,,,
cytb,plex_1,0.38,0.48,0.31,0.68,0.76,0.55,,,,,,
cytb,plex_1,0.38,0.48,0.31,0.68,0.76,0.55,,,,,,
CYTB,plex_1,0.38,0.48,0.31,0.68,0.76,0.55,,,,,,
cytb,plex_1,0.38,0.48,0.31,0.68,0.76,0.55,,,,,,
,plex_1,0.38,0.48,0.31,0.68,0.76,0.55,,,,,,
cytb,plex_1,0.38,0.48,0.31,0.68,0.76,0.55,,,,,,
cytb,plex_1,0.38,0.48,0.31,0.68,0.76,0.55,,,,,,
,plex_1,0.38,0.48,0.31,0.68,0.76,0.55,,,,,,
cytb,plex_1,0.38,0.48,0.31,0.68,0.76,0.55,,,,,,
cytb,plex_1,0.38,0.48,0.31,0.68,0.76,0.55,,,,,,
,plex_1,0.38,0.48,0.31,0.68,0.76,0.55,,,,,,
,plex_1,0.38,0.48,0.31,0.68,0.76,0.55,,,,,,
cytb,plex_1,0.38,0.48,0.31,0.68,0.76,0.55,,,,,,
,plex_1,0.38,0.48,0.31,0.68,0.76,0.55,,,,,,
Ttc38,plex_1,0.42,0.65,0.48,1.12,0.63,0.89,,,,,,
Gpam,plex_1,0.87,1.35,0.28,1.76,1.37,1.2,,,,,,
Gpam,plex_1,0.87,1.35,0.28,1.76,1.37,1.2,,,,,,
Ppp6r3,plex_1,0.43,1.14,,1.61,,1.32,,,,,,
Ppp6r3,plex_1,0.43,1.14,,1.61,,1.32,,,,,,
Ppp6r3,plex_1,0.43,1.14,,1.61,,1.32,,,,,,
Acss1,plex_1,0.45,0.85,0.16,1.62,0.23,0.86,,,,,,
S100a1,plex_1,0.8,0.83,0.25,1.4,0.5,1.17,,,,,,
Mtfp1,plex_1,1.13,1.2,,1.34,,1.14,,,,,,
Mtfp1,plex_1,1.13,1.2,,1.34,,1.14,,,,,,
Col24a1,plex_1,0.74,1.23,0.28,0.86,0.54,1.17,,,,,,
Abca5,plex_1,4.84,2.29,0.19,8.28,0.93,5.53,,,,,,
Ahcyl1,plex_1,0.38,0.49,0.09,0.62,0.4,0.5,,,,,,
Rps27l,plex_1,,,,,,,,,,,,
Sf3b3,plex_1,0.61,0.96,0.22,1.04,0.6,1.1,,,,,,
Thumpd1,plex_1,0.26,0.94,0.4,1.14,0.72,1.14,,,,,,
Atp5e,plex_1,0.57,0.67,0.15,1.15,0.51,0.69,,,,,,
Atp5e,plex_1,0.57,0.67,0.15,1.15,0.51,0.69,,,,,,
Tmem11,plex_1,0.57,0.91,0.14,0.8,0.57,0.65,,,,,,
Gmfb,plex_1,0.56,0.73,0.27,0.89,0.75,0.88,,,,,,
Gmfb,plex_1,0.56,0.73,0.27,0.89,0.75,0.88,,,,,,
Gmfb,plex_1,0.56,0.73,0.27,0.89,0.75,0.88,,,,,,
Rpl21,plex_1,0.71,0.87,0.2,1.5,0.75,0.92,,,,,,
Rpl21,plex_1,0.71,0.87,0.2,1.5,0.75,0.92,,,,,,
Bola3,plex_1,0.5,0.75,0.15,1.46,0.47,0.72,,,,,,
Ddx6,plex_1,0.7,1.14,0.24,2.2,1.02,1.58,,,,,,
Arcn1,plex_1,0.97,0.83,0.15,0.85,0.4,0.95,,,,,,
Arcn1,plex_1,0.97,0.83,0.15,0.85,0.4,0.95,,,,,,
Ric8a,plex_1,,,,,,,,,,,,
Sorbs2,plex_1,1.7,1.48,0.41,3.06,0.93,1.71,,,,,,
Ttn,plex_1,1.32,1.42,0.51,1.44,1.32,0.82,,,,,,
Cltb,plex_1,0.46,0.59,0.33,1.35,0.74,0.66,,,,,,
Cltb,plex_1,0.46,0.59,0.33,1.35,0.74,0.66,,,,,,
Cltb,plex_1,0.46,0.59,0.33,1.35,0.74,0.66,,,,,,
Sec31b,plex_1,2.78,1.12,,2.78,2.22,3.89,,,,,,
Hectd1,plex_1,3.23,2.74,0.33,5.54,0.78,3.12,,,,,,
Rpl3,plex_1,0.72,0.82,0.21,0.84,0.65,1.0,,,,,,
Erp44,plex_1,,,,,,,,,,,,
Erp44,plex_1,,,,,,,,,,,,
Sarnp,plex_1,2.01,1.7,0.84,2.94,2.61,2.26,,,,,,
Sarnp,plex_1,2.01,1.7,0.84,2.94,2.61,2.26,,,,,,
Lsm4,plex_1,,,,,,,,,,,,
G6pdx,plex_1,0.5,0.68,0.21,0.96,0.6,0.8,,,,,,
Vta1,plex_1,,1.43,,1.97,,1.53,,,,,,
Vta1,plex_1,,1.43,,1.97,,1.53,,,,,,
Vta1,plex_1,,1.43,,1.97,,1.53,,,,,,
Mief2,plex_1,0.44,0.68,0.19,0.86,0.54,0.49,,,,,,
Lrrk2,plex_1,1.91,2.42,1.09,6.1,2.68,2.63,,,,,,
Ppp1ca,plex_1,0.73,1.19,0.24,1.12,0.71,0.91,,,,,,
Apip,plex_1,0.58,0.91,0.22,1.12,0.67,1.4,,,,,,
Abcd3,plex_1,0.71,0.82,0.18,0.96,0.73,0.9,,,,,,
Gm12117,plex_1,0.63,0.81,0.18,0.62,0.62,0.7,,,,,,
G3bp2,plex_1,0.62,0.88,0.2,1.04,0.77,1.01,,,,,,
G3bp2,plex_1,0.62,0.88,0.2,1.04,0.77,1.01,,,,,,
Tmed10,plex_1,0.75,0.89,0.22,1.0,0.74,0.93,,,,,,
Orm1,plex_1,0.17,0.48,,0.43,0.49,2.78,,,,,,
Fam98b,plex_1,,,,,0.98,,,,,,,
Tbrg4,plex_1,1.2,1.4,0.29,1.18,1.19,1.26,,,,,,
Tbrg4,plex_1,1.2,1.4,0.29,1.18,1.19,1.26,,,,,,
Sdhd,plex_1,0.86,1.17,0.2,1.71,0.71,1.45,,,,,,
Dhrs11,plex_1,0.39,0.58,0.18,0.87,0.97,1.52,,,,,,
Ube2v1,plex_1,0.55,0.66,0.14,1.03,0.7,0.79,,,,,,
Gm20431,plex_1,0.55,0.66,0.14,1.03,0.7,0.79,,,,,,
Ube2v1,plex_1,0.55,0.66,0.14,1.03,0.7,0.79,,,,,,
Ube2v1,plex_1,0.55,0.66,0.14,1.03,0.7,0.79,,,,,,
Hsd17b4,plex_1,0.57,0.93,0.21,0.66,0.8,1.28,,,,,,
Syne1,plex_1,0.62,1.03,0.24,0.93,0.7,0.84,,,,,,
Vbp1,plex_1,1.14,1.06,0.31,2.03,1.33,1.09,,,,,,
Vbp1,plex_1,1.14,1.06,0.31,2.03,1.33,1.09,,,,,,
Rpl27a,plex_1,0.62,0.74,0.24,1.44,0.64,0.67,,,,,,
F8a,plex_1,1.95,,,4.25,1.34,,,,,,,
F8a1,plex_1,1.95,,,4.25,1.34,,,,,,,
F8a,plex_1,1.95,,,4.25,1.34,,,,,,,
F8a,plex_1,1.95,,,4.25,1.34,,,,,,,
Mroh8,plex_1,0.58,0.69,0.25,1.01,0.61,0.85,,,,,,
Faf1,plex_1,0.79,0.91,0.21,1.33,0.68,1.15,,,,,,
Pon3,plex_1,,,,,,,,,,,,
Csrp1,plex_1,0.63,0.68,,0.59,0.66,0.87,,,,,,
Rnpep,plex_1,0.7,0.8,0.21,1.07,0.81,1.03,,,,,,
Asph,plex_1,5.27,5.13,,11.7,1.84,5.12,,,,,,
Rad54l2,plex_1,0.56,0.69,,0.95,0.43,0.64,,,,,,
Rasgrf1,plex_1,0.43,0.57,0.16,0.46,0.56,1.13,,,,,,
Rp1l1,plex_1,0.83,1.19,0.28,1.74,0.75,1.3,,,,,,
Uso1,plex_1,0.73,0.91,0.23,0.9,0.89,1.66,,,,,,
Uso1,plex_1,0.73,0.91,0.23,0.9,0.89,1.66,,,,,,
Grsf1,plex_1,0.76,1.04,0.17,1.13,0.77,1.13,,,,,,
Grsf1,plex_1,0.76,1.04,0.17,1.13,0.77,1.13,,,,,,
Grsf1,plex_1,0.76,1.04,0.17,1.13,0.77,1.13,,,,,,
Ccdc88b,plex_1,0.67,0.97,0.22,0.94,0.65,0.9,,,,,,
Ccdc88b,plex_1,0.67,0.97,0.22,0.94,0.65,0.9,,,,,,
Dab2ip,plex_1,0.44,0.69,0.28,0.96,0.46,0.71,,,,,,
Dab2ip,plex_1,0.44,0.69,0.28,0.96,0.46,0.71,,,,,,
Crocc,plex_1,0.44,0.73,0.14,0.53,0.33,0.88,,,,,,
Ppp2r2a,plex_1,0.44,0.64,,0.86,0.51,0.98,,,,,,
Mtfr1l,plex_1,0.54,0.72,0.28,0.97,0.61,0.94,,,,,,
Rpl9,plex_1,0.59,0.88,0.16,0.89,0.85,1.0,,,,,,
Rpl9,plex_1,0.59,0.88,0.16,0.89,0.85,1.0,,,,,,
Col2a1,plex_1,0.93,1.12,0.32,1.14,0.56,1.22,,,,,,
Col2a1,plex_1,0.93,1.12,0.32,1.14,0.56,1.22,,,,,,
Col2a1,plex_1,0.93,1.12,0.32,1.14,0.56,1.22,,,,,,
Col2a1,plex_1,0.93,1.12,0.32,1.14,0.56,1.22,,,,,,
Col2a1,plex_1,0.93,1.12,0.32,1.14,0.56,1.22,,,,,,
Col2a1,plex_1,0.93,1.12,0.32,1.14,0.56,1.22,,,,,,
Col2a1,plex_1,0.93,1.12,0.32,1.14,0.56,1.22,,,,,,
Actc1,plex_1,0.72,2.34,1.01,0.69,0.61,1.39,,,,,,
Tmsb4x,plex_1,0.57,0.48,0.18,0.83,0.66,1.08,,,,,,
Tmsb4x,plex_1,0.57,0.48,0.18,0.83,0.66,1.08,,,,,,
Csde1,plex_1,1.02,0.99,0.18,2.21,0.73,1.65,,,,,,
Csde1,plex_1,1.02,0.99,0.18,2.21,0.73,1.65,,,,,,
Csde1,plex_1,1.02,0.99,0.18,2.21,0.73,1.65,,,,,,
Csde1,plex_1,1.02,0.99,0.18,2.21,0.73,1.65,,,,,,
Csde1,plex_1,1.02,0.99,0.18,2.21,0.73,1.65,,,,,,
Csde1,plex_1,1.02,0.99,0.18,2.21,0.73,1.65,,,,,,
Csde1,plex_1,1.02,0.99,0.18,2.21,0.73,1.65,,,,,,
Csde1,plex_1,1.02,0.99,0.18,2.21,0.73,1.65,,,,,,
Ccdc47,plex_1,0.79,0.95,0.19,0.89,1.14,1.19,,,,,,
Myh13,plex_1,0.67,1.03,0.33,1.08,0.68,0.67,,,,,,
Ptcd3,plex_1,0.92,1.09,0.41,1.84,0.7,1.33,,,,,,
Cisd3,plex_1,0.86,0.93,0.21,1.72,0.81,1.51,,,,,,
Tnnt3,plex_1,0.6,0.84,0.19,1.7,0.59,1.06,,,,,,
Tnnt3,plex_1,0.6,0.84,0.19,1.7,0.59,1.06,,,,,,
Tnnt3,plex_1,0.6,0.84,0.19,1.7,0.59,1.06,,,,,,
Tnnt3,plex_1,0.6,0.84,0.19,1.7,0.59,1.06,,,,,,
Tnnt3,plex_1,0.6,0.84,0.19,1.7,0.59,1.06,,,,,,
Tnnt3,plex_1,0.6,0.84,0.19,1.7,0.59,1.06,,,,,,
Tnnt3,plex_1,0.6,0.84,0.19,1.7,0.59,1.06,,,,,,
Tnnt3,plex_1,0.6,0.84,0.19,1.7,0.59,1.06,,,,,,
Tnnt3,plex_1,0.6,0.84,0.19,1.7,0.59,1.06,,,,,,
Neu2,plex_1,0.84,0.99,0.33,1.43,0.76,0.91,,,,,,
Asph,plex_1,0.83,1.08,0.39,1.0,0.97,0.9,,,,,,
Asph,plex_1,0.83,1.08,0.39,1.0,0.97,0.9,,,,,,
Asph,plex_1,0.83,1.08,0.39,1.0,0.97,0.9,,,,,,
Thsd1,plex_1,1.68,1.81,0.2,5.42,0.74,4.17,,,,,,
Thsd1,plex_1,1.68,1.81,0.2,5.42,0.74,4.17,,,,,,
Thsd1,plex_1,1.68,1.81,0.2,5.42,0.74,4.17,,,,,,
Thsd1,plex_1,1.68,1.81,0.2,5.42,0.74,4.17,,,,,,
Sub1,plex_1,0.58,0.54,0.22,0.87,0.49,0.76,,,,,,
Mkrn2,plex_1,,,,,,,,,,,,
Mkrn2,plex_1,,,,,,,,,,,,
Rims2,plex_1,0.76,0.83,0.32,0.81,1.04,0.6,,,,,,
Pdlim5,plex_1,0.73,0.87,0.23,1.06,0.67,1.7,,,,,,
Usp9x,plex_1,0.65,0.89,0.17,1.09,1.0,0.86,,,,,,
Them4,plex_1,1.13,0.37,,1.17,,1.35,,,,,,
Them4,plex_1,1.13,0.37,,1.17,,1.35,,,,,,
Stx8,plex_1,0.5,0.82,0.25,0.9,0.51,1.08,,,,,,
Stx8,plex_1,0.5,0.82,0.25,0.9,0.51,1.08,,,,,,
Glrx,plex_1,0.54,0.86,0.24,1.21,0.68,0.97,,,,,,
Cmya5,plex_1,0.93,1.19,0.27,1.65,0.78,1.08,,,,,,
Arhgap17,plex_1,,,,,,,,,,,,
Arhgap17,plex_1,,,,,,,,,,,,
Spred1,plex_1,,,,,,,,,,,,
Vps26a,plex_1,0.88,0.82,0.29,0.81,0.94,1.3,,,,,,
Mycbp2,plex_1,1.72,1.29,0.26,2.61,1.17,1.43,,,,,,
Fdps,plex_1,0.8,1.11,0.32,1.27,0.7,1.11,,,,,,
Fdps,plex_1,0.8,1.11,0.32,1.27,0.7,1.11,,,,,,
Fdps,plex_1,0.8,1.11,0.32,1.27,0.7,1.11,,,,,,
Eml2,plex_1,0.69,1.03,0.11,1.22,0.71,1.0,,,,,,
Drg1,plex_1,,,,,,,,,,,,
Atp5s,plex_1,1.2,,,2.03,0.3,0.86,,,,,,
Myo9b,plex_1,0.96,1.15,0.27,1.27,0.58,0.98,,,,,,
Evpl,plex_1,1.11,1.08,0.27,1.51,0.68,1.3,,,,,,
Fbf1,plex_1,10.41,5.11,0.49,18.34,0.82,10.55,,,,,,
L2hgdh,plex_1,0.83,0.73,0.21,1.33,0.9,1.14,,,,,,
Hnrnpa1,plex_1,,,,,,,,,,,,
Ptbp1,plex_1,0.68,0.85,0.15,1.6,0.72,1.4,,,,,,
Myh4,plex_1,0.91,1.34,0.44,1.04,1.01,1.24,,,,,,
Trak2,plex_1,,,,,,,,,,,,
Art1,plex_1,0.49,0.79,0.46,1.13,0.79,1.07,,,,,,
Stx4,plex_1,0.46,1.11,,0.43,,0.99,,,,,,
Spg11,plex_1,0.75,1.13,0.2,1.11,0.64,0.83,,,,,,
Ralgapa1,plex_1,0.32,0.41,0.17,0.38,0.54,0.49,,,,,,
Cd34,plex_1,0.53,0.68,,0.97,0.56,0.93,,,,,,
Cd34,plex_1,0.53,0.68,,0.97,0.56,0.93,,,,,,
Cd34,plex_1,0.53,0.68,,0.97,0.56,0.93,,,,,,
Cd34,plex_1,0.53,0.68,,0.97,0.56,0.93,,,,,,
Kpna7,plex_1,1.04,1.01,0.23,1.32,0.69,1.1,,,,,,
Kpna7,plex_1,1.04,1.01,0.23,1.32,0.69,1.1,,,,,,
,plex_1,,,,,,,,,,,,
,plex_1,,,,,,,,,,,,
Igkv4-57-1,plex_1,,,,,,,,,,,,
Dhx15,plex_1,1.05,0.68,,1.3,0.31,0.9,,,,,,
Wnk2,plex_1,0.42,0.56,0.06,0.78,0.5,0.63,,,,,,
Wnk2,plex_1,0.42,0.56,0.06,0.78,0.5,0.63,,,,,,
Hdlbp,plex_1,0.61,0.72,0.18,1.14,0.59,0.85,,,,,,
Etf1,plex_1,0.8,1.03,,1.22,1.09,1.17,,,,,,
Parp1,plex_1,9.02,4.38,0.37,11.27,2.28,9.06,,,,,,
Parp1,plex_1,9.02,4.38,0.37,11.27,2.28,9.06,,,,,,
Abhd11,plex_1,0.86,0.95,0.25,1.05,0.85,0.66,,,,,,
Kbtbd11,plex_1,,,,,,,,,,,,
Abhd12,plex_1,0.72,0.81,,1.6,0.8,1.83,,,,,,
Rpl35a,plex_1,0.5,0.72,0.17,1.28,0.83,0.62,,,,,,
Rpl35a,plex_1,0.5,0.72,0.17,1.28,0.83,0.62,,,,,,
Rpl35a,plex_1,0.5,0.72,0.17,1.28,0.83,0.62,,,,,,
Plcl1,plex_1,1.29,0.58,0.19,1.52,0.8,0.68,,,,,,
Ccdc124,plex_1,1.02,1.45,0.34,2.15,0.95,0.99,,,,,,
Rtn4,plex_1,0.71,0.87,0.28,1.12,0.77,0.63,,,,,,
Myo15a,plex_1,1.29,0.96,0.31,2.62,0.68,1.64,,,,,,
Myo15a,plex_1,1.29,0.96,0.31,2.62,0.68,1.64,,,,,,
Isoc2a,plex_1,,,,,,,,,,,,
Ubap2,plex_1,0.75,0.9,0.22,1.08,0.52,0.63,,,,,,
Ubap2,plex_1,0.75,0.9,0.22,1.08,0.52,0.63,,,,,,
Gm20425,plex_1,,,,,,,,,,,,
Thnsl2,plex_1,,,,,,,,,,,,
Pak2,plex_1,0.66,1.04,0.23,0.89,0.68,0.85,,,,,,
Marf1,plex_1,2.96,1.87,0.42,4.91,1.06,3.21,,,,,,
Marf1,plex_1,2.96,1.87,0.42,4.91,1.06,3.21,,,,,,
Marf1,plex_1,2.96,1.87,0.42,4.91,1.06,3.21,,,,,,
Marf1,plex_1,2.96,1.87,0.42,4.91,1.06,3.21,,,,,,
Plxna4,plex_1,5.0,2.8,0.23,7.91,2.29,4.62,,,,,,
Plxna4,plex_1,5.0,2.8,0.23,7.91,2.29,4.62,,,,,,
Cnp,plex_1,1.06,0.82,0.47,0.72,0.98,1.33,,,,,,
Ckap5,plex_1,2.12,1.7,0.24,2.62,0.74,1.72,,,,,,
Hook2,plex_1,,,,,,,,,,,,
Ccdc22,plex_1,,,,,,,,,,,,
Rpl39,plex_1,0.57,0.88,0.19,0.97,0.68,0.81,,,,,,
Cbx1,plex_1,0.77,1.11,0.21,1.24,0.6,1.02,,,,,,
Slit2,plex_1,0.41,1.22,0.22,1.13,0.91,0.9,,,,,,
Prkra,plex_1,,,,,,,,,,,,
Dhx37,plex_1,1.02,0.84,0.25,1.71,0.77,1.06,,,,,,
Dhx37,plex_1,1.02,0.84,0.25,1.71,0.77,1.06,,,,,,
Prkg1,plex_1,0.24,,,,0.65,0.72,,,,,,
Cst3,plex_1,,,,,,,,,,,,
Cst3,plex_1,,,,,,,,,,,,
Cst3,plex_1,,,,,,,,,,,,
Cutc,plex_1,,,,,,,,,,,,
Cutc,plex_1,,,,,,,,,,,,
Cutc,plex_1,,,,,,,,,,,,
Cutc,plex_1,,,,,,,,,,,,
Prdm10,plex_1,,,,,,,,,,,,
Prdm10,plex_1,,,,,,,,,,,,
Snrpb,plex_1,0.58,0.72,0.04,1.34,0.98,1.06,,,,,,
4933406M09Rik,plex_1,,,,,,,,,,,,
4933406M09Rik,plex_1,,,,,,,,,,,,
Plcd4,plex_1,,,,,,,,,,,,
Plcd4,plex_1,,,,,,,,,,,,
Plcd4,plex_1,,,,,,,,,,,,
Stxbp3,plex_1,0.85,1.03,0.1,1.34,1.37,1.82,,,,,,
Ttc19,plex_1,,,,,,,,,,,,
Ttc19,plex_1,,,,,,,,,,,,
Sepsecs,plex_1,0.59,0.87,0.31,1.67,0.39,1.05,,,,,,
4921513D11Rik,plex_1,0.8,0.84,0.29,1.76,0.65,0.86,,,,,,
4921513D11Rik,plex_1,0.8,0.84,0.29,1.76,0.65,0.86,,,,,,
Ttc6,plex_1,2.09,1.58,1.21,3.22,1.5,2.43,,,,,,
Atpaf1,plex_1,0.56,0.77,0.23,1.23,0.7,1.01,,,,,,
Atpaf1,plex_1,0.56,0.77,0.23,1.23,0.7,1.01,,,,,,
,plex_1,1.02,0.98,0.26,2.0,0.9,1.01,,,,,,
Gcsh,plex_1,1.45,0.68,,0.96,1.23,1.38,,,,,,
Nub1,plex_1,,,,,,,,,,,,
Nub1,plex_1,,,,,,,,,,,,
Nub1,plex_1,,,,,,,,,,,,
Nub1,plex_1,,,,,,,,,,,,
,plex_1,0.94,0.72,0.48,1.28,0.84,1.3,,,,,,
Lnp,plex_1,,,,,,,,,,,,
Lnp,plex_1,,,,,,,,,,,,
Lnp,plex_1,,,,,,,,,,,,
Pabpc1,plex_1,0.61,0.51,0.19,0.69,0.81,0.7,,,,,,
Ppp2r5d,plex_1,0.81,0.98,0.21,2.06,0.58,0.7,,,,,,
Ppp2r5d,plex_1,0.81,0.98,0.21,2.06,0.58,0.7,,,,,,
Ablim2,plex_1,0.6,0.91,0.28,0.9,0.32,0.84,,,,,,
Txndc5,plex_1,0.74,0.93,0.28,0.99,1.08,0.63,,,,,,
Txndc5,plex_1,0.74,0.93,0.28,0.99,1.08,0.63,,,,,,
Txndc5,plex_1,0.74,0.93,0.28,0.99,1.08,0.63,,,,,,
Txndc5,plex_1,0.74,0.93,0.28,0.99,1.08,0.63,,,,,,
Txndc5,plex_1,0.74,0.93,0.28,0.99,1.08,0.63,,,,,,
Ddah1,plex_1,0.31,0.8,0.07,1.25,0.68,1.36,,,,,,
Ldha,plex_1,0.72,0.9,0.25,0.96,0.94,0.96,,,,,,
Hsd17b11,plex_1,0.58,0.74,,0.56,0.5,0.76,,,,,,
Dis3,plex_1,16.75,11.68,0.93,26.29,3.69,24.77,,,,,,
Szrd1,plex_1,,,,,,,,,,,,
Szrd1,plex_1,,,,,,,,,,,,
Szrd1,plex_1,,,,,,,,,,,,
Ttn,plex_2,,,,,,,1.04,0.26,0.89,0.8,0.95,0.64
Neb,plex_2,,,,,,,1.14,0.28,0.95,0.78,0.93,0.63
Myh4,plex_2,,,,,,,1.07,0.3,0.96,0.82,0.95,0.61
Ryr1,plex_2,,,,,,,1.09,0.27,0.78,0.76,0.94,0.63
Plec,plex_2,,,,,,,1.21,0.29,0.79,0.66,0.98,0.86
Plec,plex_2,,,,,,,1.21,0.29,0.79,0.66,0.98,0.86
Plec,plex_2,,,,,,,1.21,0.29,0.79,0.66,0.98,0.86
Plec,plex_2,,,,,,,1.21,0.29,0.79,0.66,0.98,0.86
Plec,plex_2,,,,,,,1.21,0.29,0.79,0.66,0.98,0.86
Plec,plex_2,,,,,,,1.21,0.29,0.79,0.66,0.98,0.86
Plec,plex_2,,,,,,,1.21,0.29,0.79,0.66,0.98,0.86
Plec,plex_2,,,,,,,1.21,0.29,0.79,0.66,0.98,0.86
Plec,plex_2,,,,,,,1.21,0.29,0.79,0.66,0.98,0.86
Plec,plex_2,,,,,,,1.21,0.29,0.79,0.66,0.98,0.86
Plec,plex_2,,,,,,,1.21,0.29,0.79,0.66,0.98,0.86
Myom2,plex_2,,,,,,,1.03,0.3,1.0,0.87,0.97,0.54
Obscn,plex_2,,,,,,,1.26,0.3,0.85,0.65,0.89,0.74
Myom1,plex_2,,,,,,,1.04,0.24,0.9,0.81,0.96,0.61
Mybpc2,plex_2,,,,,,,1.02,0.31,1.13,0.86,0.91,0.55
Actn3,plex_2,,,,,,,1.1,0.28,1.07,0.84,0.91,0.6
Atp2a1,plex_2,,,,,,,1.04,0.27,0.8,0.73,1.0,0.64
Myh7,plex_2,,,,,,,1.82,0.51,0.2,0.22,1.29,1.03
Flnc,plex_2,,,,,,,1.26,0.3,0.62,0.58,1.05,0.81
Myh1,plex_2,,,,,,,1.36,0.5,0.41,0.23,1.15,1.16
Pygm,plex_2,,,,,,,0.98,0.29,1.01,0.83,1.12,0.64
Mybpc1,plex_2,,,,,,,1.21,0.39,0.49,0.3,1.16,0.96
Col6a3,plex_2,,,,,,,1.07,0.37,0.95,0.76,1.04,0.75
Acta1,plex_2,,,,,,,1.07,0.35,0.97,0.77,0.92,0.68
Agl,plex_2,,,,,,,1.12,0.28,0.94,0.8,1.0,0.62
Naca,plex_2,,,,,,,1.09,0.26,1.05,0.71,0.79,0.68
Pfkm,plex_2,,,,,,,0.98,0.24,1.0,0.74,0.98,0.68
Pfkm,plex_2,,,,,,,0.98,0.24,1.0,0.74,0.98,0.68
Actn2,plex_2,,,,,,,1.18,0.38,0.39,0.3,0.96,1.02
Ckm,plex_2,,,,,,,1.12,0.29,1.0,0.87,0.98,0.65
Pkm,plex_2,,,,,,,1.01,0.3,1.02,0.8,1.06,0.6
Gapdh,plex_2,,,,,,,1.0,0.3,1.0,0.79,0.95,0.66
Atp5b,plex_2,,,,,,,1.12,0.4,0.69,0.49,1.02,1.02
Alb,plex_2,,,,,,,0.78,0.33,0.99,0.75,1.34,0.78
Aldoa,plex_2,,,,,,,1.15,0.32,0.98,0.78,1.02,0.67
Dmd,plex_2,,,,,,,1.14,0.33,0.78,0.77,1.06,0.81
Myl1,plex_2,,,,,,,1.11,0.29,0.97,0.79,0.93,0.63
Pgm2,plex_2,,,,,,,0.87,0.22,0.88,0.77,0.97,0.55
Pgm2,plex_2,,,,,,,0.87,0.22,0.88,0.77,0.97,0.55
Pgm1,plex_2,,,,,,,0.87,0.22,0.88,0.77,0.97,0.55
Fbn1,plex_2,,,,,,,0.83,0.35,0.72,0.68,1.1,0.74
Srl,plex_2,,,,,,,1.03,0.22,0.65,0.8,1.05,0.7
Myh2,plex_2,,,,,,,1.44,0.48,0.24,0.16,0.8,1.22
Aco2,plex_2,,,,,,,1.22,0.34,0.67,0.55,1.09,0.94
Ogdh,plex_2,,,,,,,1.14,0.31,0.71,0.61,0.96,0.89
Ogdh,plex_2,,,,,,,1.14,0.31,0.71,0.61,0.96,0.89
Ogdh,plex_2,,,,,,,1.14,0.31,0.71,0.61,0.96,0.89
Ogdh,plex_2,,,,,,,1.14,0.31,0.71,0.61,0.96,0.89
Slc25a12,plex_2,,,,,,,1.1,0.29,0.64,0.59,1.03,0.82
Eno3,plex_2,,,,,,,0.99,0.34,1.14,0.72,0.92,0.6
Gpi,plex_2,,,,,,,1.06,0.29,0.96,0.82,1.07,0.69
Pgk1,plex_2,,,,,,,1.05,0.26,0.76,0.79,1.01,0.71
Ldb3,plex_2,,,,,,,1.07,0.28,0.84,0.73,0.88,0.57
Eef2,plex_2,,,,,,,1.01,0.28,0.85,0.84,0.94,0.72
Hadha,plex_2,,,,,,,1.33,0.37,0.63,0.45,0.98,0.9
Hspg2,plex_2,,,,,,,1.02,0.4,0.78,0.8,1.15,0.81
Atp5a1,plex_2,,,,,,,1.14,0.4,0.81,0.55,0.96,0.8
Vcp,plex_2,,,,,,,1.13,0.31,0.82,0.81,1.08,0.73
Ampd1,plex_2,,,,,,,0.91,0.24,1.06,0.84,0.9,0.49
Tpm1,plex_2,,,,,,,1.02,0.33,1.14,0.83,0.92,0.61
Anxa6,plex_2,,,,,,,0.91,0.22,0.85,0.79,1.08,0.73
Eef1a2,plex_2,,,,,,,0.93,0.23,0.86,0.72,0.94,0.61
Ldha,plex_2,,,,,,,1.01,0.23,0.97,0.92,1.04,0.64
Ldha,plex_2,,,,,,,1.01,0.23,0.97,0.92,1.04,0.64
Synpo2,plex_2,,,,,,,1.18,0.25,0.84,0.71,0.86,0.65
Ndufs1,plex_2,,,,,,,1.21,0.38,0.73,0.6,0.94,0.93
Des,plex_2,,,,,,,0.98,0.36,0.92,0.65,1.0,0.69
Des,plex_2,,,,,,,0.98,0.36,0.92,0.65,1.0,0.69
Hspa8,plex_2,,,,,,,1.11,0.2,0.75,0.83,0.94,0.65
Mybph,plex_2,,,,,,,1.02,0.3,1.07,0.99,0.95,0.57
Ahnak,plex_2,,,,,,,1.97,0.3,1.07,1.0,1.13,1.01
Tf,plex_2,,,,,,,0.62,0.19,0.67,0.58,1.23,0.62
Tubb4b,plex_2,,,,,,,0.79,0.21,0.73,0.83,0.98,0.79
Hsp90ab1,plex_2,,,,,,,1.01,0.28,0.77,0.74,0.97,0.68
Gpd2,plex_2,,,,,,,0.88,0.26,0.87,0.84,0.98,0.55
Mdh2,plex_2,,,,,,,1.15,0.39,0.79,0.59,1.11,0.91
Got1,plex_2,,,,,,,0.97,0.35,0.75,0.49,0.91,0.94
Mylpf,plex_2,,,,,,,1.0,0.28,0.94,0.76,0.85,0.61
Sdha,plex_2,,,,,,,1.25,0.36,0.74,0.64,0.99,0.93
Myot,plex_2,,,,,,,1.21,0.36,0.76,0.53,0.97,0.78
Ca3,plex_2,,,,,,,1.21,0.28,0.94,0.82,1.01,0.62
Casq1,plex_2,,,,,,,1.0,0.3,0.89,0.89,1.28,0.62
Klhl41,plex_2,,,,,,,1.08,0.32,0.78,0.77,1.03,0.8
Got2,plex_2,,,,,,,1.1,0.34,0.63,0.46,0.94,0.96
Atp1a2,plex_2,,,,,,,1.83,0.31,0.94,0.77,1.39,1.03
Acadvl,plex_2,,,,,,,1.36,0.44,0.66,0.46,1.11,0.97
Pgam2,plex_2,,,,,,,0.99,0.28,1.0,0.72,0.9,0.63
Fh,plex_2,,,,,,,1.11,0.32,0.58,0.52,0.91,0.87
Fh,plex_2,,,,,,,1.11,0.32,0.58,0.52,0.91,0.87
Vdac1,plex_2,,,,,,,1.14,0.39,0.62,0.64,1.02,0.8
Vdac1,plex_2,,,,,,,1.14,0.39,0.62,0.64,1.02,0.8
Myoz1,plex_2,,,,,,,1.18,0.38,0.89,0.79,0.89,0.53
Phka1,plex_2,,,,,,,1.18,0.21,0.92,0.78,1.05,0.67
Phka1,plex_2,,,,,,,1.18,0.21,0.92,0.78,1.05,0.67
Tnnt3,plex_2,,,,,,,1.15,0.24,0.98,0.84,1.09,0.68
Tnnt3,plex_2,,,,,,,1.15,0.24,0.98,0.84,1.09,0.68
Tnnt3,plex_2,,,,,,,1.15,0.24,0.98,0.84,1.09,0.68
Tnnt3,plex_2,,,,,,,1.15,0.24,0.98,0.84,1.09,0.68
Tnnt3,plex_2,,,,,,,1.15,0.24,0.98,0.84,1.09,0.68
Tpi1,plex_2,,,,,,,1.06,0.29,1.04,0.79,1.05,0.63
Gpd1,plex_2,,,,,,,1.06,0.29,1.09,0.82,1.0,0.62
Uba1,plex_2,,,,,,,0.89,0.3,0.91,0.78,0.89,0.75
Slc25a4,plex_2,,,,,,,1.27,0.35,0.77,0.57,1.08,0.88
Dlat,plex_2,,,,,,,1.64,0.32,0.81,0.75,1.19,1.17
Cand2,plex_2,,,,,,,1.08,0.3,0.97,0.67,1.0,0.57
Uqcrc2,plex_2,,,,,,,1.15,0.44,0.83,0.61,1.04,0.89
Cs,plex_2,,,,,,,1.25,0.34,0.78,0.62,1.06,0.98
Uqcrc1,plex_2,,,,,,,1.1,0.4,0.61,0.54,0.93,0.89
Cacna2d1,plex_2,,,,,,,1.03,0.32,0.79,0.72,1.1,0.64
Ckmt2,plex_2,,,,,,,1.22,0.54,0.64,0.41,0.99,1.04
Hk2,plex_2,,,,,,,1.01,0.4,0.8,0.63,0.89,0.63
Dync1h1,plex_2,,,,,,,0.9,0.52,0.76,0.77,0.93,0.73
Ak1,plex_2,,,,,,,1.11,0.42,1.03,0.81,1.14,0.66
Trim72,plex_2,,,,,,,0.98,0.43,0.83,0.64,1.0,0.81
Ugp2,plex_2,,,,,,,1.05,0.25,0.78,0.65,0.93,0.71
Aldh2,plex_2,,,,,,,1.03,0.37,0.63,0.51,1.08,0.95
Aldh2,plex_2,,,,,,,1.03,0.37,0.63,0.51,1.08,0.95
Aldh2,plex_2,,,,,,,1.03,0.37,0.63,0.51,1.08,0.95
Aldh2,plex_2,,,,,,,1.03,0.37,0.63,0.51,1.08,0.95
Bin1,plex_2,,,,,,,1.13,0.33,0.88,0.88,1.05,0.85
Neb,plex_2,,,,,,,1.12,0.31,0.93,0.87,0.88,0.64
Cacnb1,plex_2,,,,,,,1.15,0.22,1.1,0.87,1.0,0.71
Cacnb1,plex_2,,,,,,,1.15,0.22,1.1,0.87,1.0,0.71
Hspd1,plex_2,,,,,,,1.26,0.31,0.71,0.63,1.04,0.8
Park7,plex_2,,,,,,,1.03,0.37,1.02,0.81,1.05,0.62
Tuba4a,plex_2,,,,,,,0.99,0.2,0.74,0.84,1.06,0.77
Tuba4a,plex_2,,,,,,,0.99,0.2,0.74,0.84,1.06,0.77
Vim,plex_2,,,,,,,1.35,0.26,0.92,1.21,1.23,0.96
Vim,plex_2,,,,,,,1.35,0.26,0.92,1.21,1.23,0.96
Aldh6a1,plex_2,,,,,,,1.05,0.42,0.84,0.58,1.18,0.85
Acsl1,plex_2,,,,,,,1.27,0.29,0.6,0.58,0.98,0.99
Hbbt1,plex_2,,,,,,,0.92,0.22,0.59,0.68,1.72,0.82
Acat1,plex_2,,,,,,,1.17,0.38,0.62,0.51,1.04,0.96
Ndrg2,plex_2,,,,,,,1.15,0.49,1.42,0.87,1.24,0.76
Vcl,plex_2,,,,,,,0.91,0.22,0.68,0.97,1.2,1.11
Padi2,plex_2,,,,,,,1.28,0.44,0.66,0.56,1.21,0.8
Padi2,plex_2,,,,,,,1.28,0.44,0.66,0.56,1.21,0.8
Col12a1,plex_2,,,,,,,0.95,0.43,1.03,0.53,1.03,0.74
Col12a1,plex_2,,,,,,,0.95,0.43,1.03,0.53,1.03,0.74
Col12a1,plex_2,,,,,,,0.95,0.43,1.03,0.53,1.03,0.74
Hadhb,plex_2,,,,,,,1.35,0.42,0.64,0.49,1.04,1.02
Gys1,plex_2,,,,,,,1.29,0.37,1.1,0.86,1.12,0.89
Myom3,plex_2,,,,,,,1.29,0.45,0.28,0.17,1.21,1.28
Cpt1b,plex_2,,,,,,,1.46,0.29,0.76,0.57,1.25,0.94
Col6a1,plex_2,,,,,,,1.12,0.35,1.0,0.74,1.2,0.7
Mdh1,plex_2,,,,,,,1.28,0.66,0.91,0.56,1.27,0.95
Adsl,plex_2,,,,,,,0.97,0.28,0.86,0.76,1.01,0.71
Adsl,plex_2,,,,,,,0.97,0.28,0.86,0.76,1.01,0.71
Myl3,plex_2,,,,,,,1.77,0.52,0.24,0.29,1.18,1.1
Adssl1,plex_2,,,,,,,0.96,0.31,1.0,0.67,1.05,0.64
Adssl1,plex_2,,,,,,,0.96,0.31,1.0,0.67,1.05,0.64
Cyc1,plex_2,,,,,,,1.2,0.35,0.78,0.57,1.07,1.08
Cyc1,plex_2,,,,,,,1.2,0.35,0.78,0.57,1.07,1.08
Ppp2r1a,plex_2,,,,,,,0.94,0.27,0.78,0.7,0.99,0.66
Pdhb,plex_2,,,,,,,1.37,0.31,0.72,0.61,0.89,0.83
Tnni2,plex_2,,,,,,,0.97,0.28,0.93,0.76,0.92,0.62
Sucla2,plex_2,,,,,,,1.14,0.31,0.78,0.59,1.1,0.87
Tpm2,plex_2,,,,,,,1.03,0.43,0.93,0.61,1.09,0.84
EG433182,plex_2,,,,,,,0.83,0.37,1.1,0.75,0.99,0.68
Idh2,plex_2,,,,,,,1.45,0.43,0.42,0.3,1.04,1.18
Col1a2,plex_2,,,,,,,0.94,1.09,0.55,0.65,1.46,0.58
Col1a2,plex_2,,,,,,,0.94,1.09,0.55,0.65,1.46,0.58
Lmna,plex_2,,,,,,,1.08,0.32,0.8,0.74,1.19,0.81
Lmna,plex_2,,,,,,,1.08,0.32,0.8,0.74,1.19,0.81
Speg,plex_2,,,,,,,1.04,0.23,0.73,0.62,0.89,0.71
Speg,plex_2,,,,,,,1.04,0.23,0.73,0.62,0.89,0.71
Dld,plex_2,,,,,,,0.94,0.97,1.32,0.51,0.89,0.79
Smyd1,plex_2,,,,,,,1.13,0.32,1.02,0.86,1.13,0.76
Ldhb,plex_2,,,,,,,1.12,0.33,0.25,0.22,0.97,1.43
Prdx6,plex_2,,,,,,,1.14,0.2,0.79,0.66,1.08,0.79
Prdx6,plex_2,,,,,,,1.14,0.2,0.79,0.66,1.08,0.79
Prdx6,plex_2,,,,,,,1.14,0.2,0.79,0.66,1.08,0.79
Pdha1,plex_2,,,,,,,1.12,0.37,0.7,0.71,1.07,0.84
Plin4,plex_2,,,,,,,1.16,0.45,0.78,0.61,1.1,0.73
Synpo2l,plex_2,,,,,,,1.16,0.7,0.84,0.7,0.98,0.74
Cmya5,plex_2,,,,,,,1.14,0.23,0.8,0.83,1.07,0.8
Gdi2,plex_2,,,,,,,1.12,0.28,0.91,0.7,1.2,0.93
Gdi2,plex_2,,,,,,,1.12,0.28,0.91,0.7,1.2,0.93
Gdi2,plex_2,,,,,,,1.12,0.28,0.91,0.7,1.2,0.93
Vdac3,plex_2,,,,,,,1.06,0.3,0.8,0.68,1.14,0.73
Fbp2,plex_2,,,,,,,1.19,0.18,1.22,0.87,0.87,0.48
Fbp2,plex_2,,,,,,,1.19,0.18,1.22,0.87,0.87,0.48
Etfa,plex_2,,,,,,,1.36,0.32,0.6,0.49,0.99,1.07
Me1,plex_2,,,,,,,1.04,0.18,1.04,1.08,1.07,0.58
Hspa9,plex_2,,,,,,,1.04,0.39,0.62,0.54,0.84,0.92
Selenbp1,plex_2,,,,,,,0.95,0.38,0.85,0.69,1.04,0.82
Apobec2,plex_2,,,,,,,1.28,0.21,0.86,0.88,1.25,0.91
Myh11,plex_2,,,,,,,0.99,0.24,0.66,0.97,1.8,0.76
Pc,plex_2,,,,,,,0.89,0.22,1.18,1.26,0.83,0.68
Pcx,plex_2,,,,,,,0.89,0.22,1.18,1.26,0.83,0.68
Pcx,plex_2,,,,,,,0.89,0.22,1.18,1.26,0.83,0.68
Pcx,plex_2,,,,,,,0.89,0.22,1.18,1.26,0.83,0.68
Pcx,plex_2,,,,,,,0.89,0.22,1.18,1.26,0.83,0.68
Immt,plex_2,,,,,,,1.02,0.34,0.67,0.56,0.96,0.79
Immt,plex_2,,,,,,,1.02,0.34,0.67,0.56,0.96,0.79
Acaa2,plex_2,,,,,,,1.11,0.51,0.63,0.41,0.97,1.19
Phkb,plex_2,,,,,,,1.17,0.24,0.8,0.8,1.05,0.7
Capn1,plex_2,,,,,,,1.11,0.3,1.02,0.93,1.03,0.75
Acads,plex_2,,,,,,,1.12,0.26,0.66,0.51,0.94,1.04
Mb,plex_2,,,,,,,1.37,0.41,0.37,0.25,1.05,1.05
Tmod4,plex_2,,,,,,,1.63,0.46,1.2,1.06,1.21,0.8
Col1a1,plex_2,,,,,,,0.79,1.1,0.5,0.64,1.41,0.67
Tnnc2,plex_2,,,,,,,1.52,0.18,0.78,0.85,0.88,0.65
Gstp1,plex_2,,,,,,,0.82,0.26,0.94,0.82,1.12,0.79
Eprs,plex_2,,,,,,,1.14,0.28,1.0,0.78,0.92,0.73
Ces1d,plex_2,,,,,,,0.8,0.36,0.91,0.8,0.99,0.69
Synm,plex_2,,,,,,,1.21,0.33,0.95,0.74,0.95,0.75
Synm,plex_2,,,,,,,1.21,0.33,0.95,0.74,0.95,0.75
Idh3b,plex_2,,,,,,,1.14,0.29,0.65,0.57,0.96,0.81
Idh3g,plex_2,,,,,,,0.98,0.34,0.79,0.48,0.94,0.63
Cltc,plex_2,,,,,,,1.37,0.22,0.68,1.15,1.09,0.86
Atp5h,plex_2,,,,,,,1.28,0.36,0.72,0.59,1.06,1.02
Mpi,plex_2,,,,,,,1.2,0.26,0.75,0.75,1.18,0.67
Ndufa9,plex_2,,,,,,,1.16,0.26,0.59,0.59,0.85,0.78
Sptan1,plex_2,,,,,,,0.78,0.21,0.58,0.66,0.9,0.65
Sptan1,plex_2,,,,,,,0.78,0.21,0.58,0.66,0.9,0.65
Pdlim5,plex_2,,,,,,,1.41,0.44,0.81,0.71,1.19,0.73
,plex_2,,,,,,,0.8,0.29,0.52,0.62,1.6,0.7
Hba-a1,plex_2,,,,,,,0.8,0.29,0.52,0.62,1.6,0.7
Ndufa10,plex_2,,,,,,,1.08,0.54,0.85,0.53,1.23,0.94
Atp5o,plex_2,,,,,,,0.94,0.42,0.76,0.55,1.19,0.9
Prdx1,plex_2,,,,,,,1.06,0.27,0.94,0.84,1.09,0.7
Sptb,plex_2,,,,,,,1.12,0.38,0.85,0.74,1.02,0.65
Etfdh,plex_2,,,,,,,1.97,0.32,0.56,0.58,1.07,0.94
Etfdh,plex_2,,,,,,,1.97,0.32,0.56,0.58,1.07,0.94
Ivd,plex_2,,,,,,,1.07,0.44,0.93,0.6,1.09,0.86
Dnm1l,plex_2,,,,,,,1.31,0.41,0.8,0.71,1.0,0.83
Dnm1l,plex_2,,,,,,,1.31,0.41,0.8,0.71,1.0,0.83
Pvalb,plex_2,,,,,,,1.3,0.21,0.5,1.01,1.21,0.62
Phkg1,plex_2,,,,,,,1.16,0.26,0.99,0.86,0.99,0.53
Dpysl2,plex_2,,,,,,,0.82,0.17,0.69,0.92,1.34,0.94
Slc25a3,plex_2,,,,,,,1.37,0.19,0.6,0.57,1.04,1.05
Npepps,plex_2,,,,,,,1.0,0.2,0.73,0.7,0.87,0.65
Uqcrfs1,plex_2,,,,,,,1.14,0.39,0.68,0.49,1.0,1.0
Gbas,plex_2,,,,,,,1.04,0.31,0.7,0.54,1.05,0.93
Gbas,plex_2,,,,,,,1.04,0.31,0.7,0.54,1.05,0.93
Vdac2,plex_2,,,,,,,1.17,0.29,0.7,0.68,1.01,0.85
Fmod,plex_2,,,,,,,0.9,0.48,1.32,0.62,0.86,0.69
Fmod,plex_2,,,,,,,0.9,0.48,1.32,0.62,0.86,0.69
Ptrf,plex_2,,,,,,,1.21,0.4,0.93,0.71,1.14,0.81
Ndufv1,plex_2,,,,,,,1.14,0.36,0.66,0.52,0.95,0.87
,plex_2,,,,,,,1.5,0.25,2.96,1.16,0.63,0.29
Gstm1,plex_2,,,,,,,0.69,0.26,0.86,0.64,0.94,0.61
Mylk2,plex_2,,,,,,,1.04,0.57,1.06,0.66,1.03,0.44
Mylk2,plex_2,,,,,,,1.04,0.57,1.06,0.66,1.03,0.44
Fhl1,plex_2,,,,,,,1.26,0.47,0.45,0.27,1.33,0.94
Pebp1,plex_2,,,,,,,1.05,0.31,0.9,0.63,1.2,0.86
Pebp1,plex_2,,,,,,,1.05,0.31,0.9,0.63,1.2,0.86
Gm20390,plex_2,,,,,,,0.99,0.54,0.86,0.77,1.12,0.75
Suclg1,plex_2,,,,,,,1.0,0.26,0.62,0.49,1.02,0.8
Nefl,plex_2,,,,,,,0.71,0.19,0.49,0.85,1.5,0.98
Nefl,plex_2,,,,,,,0.71,0.19,0.49,0.85,1.5,0.98
Crat,plex_2,,,,,,,1.12,0.29,0.76,0.54,1.11,0.91
Crat,plex_2,,,,,,,1.12,0.29,0.76,0.54,1.11,0.91
Prelp,plex_2,,,,,,,0.95,0.4,1.3,0.68,0.82,0.63
Prelp,plex_2,,,,,,,0.95,0.4,1.3,0.68,0.82,0.63
Acadl,plex_2,,,,,,,1.54,0.38,0.56,0.45,1.19,1.06
Pdlim3,plex_2,,,,,,,0.97,0.18,0.61,0.76,0.87,0.5
Dcn,plex_2,,,,,,,0.94,0.44,1.07,0.91,1.12,0.75
Adck3,plex_2,,,,,,,1.19,0.47,0.76,0.68,1.07,1.15
Jsrp1,plex_2,,,,,,,0.88,0.24,0.8,0.59,0.86,0.55
Jsrp1,plex_2,,,,,,,0.88,0.24,0.8,0.59,0.86,0.55
Jsrp1,plex_2,,,,,,,0.88,0.24,0.8,0.59,0.86,0.55
Rnh1,plex_2,,,,,,,1.38,0.36,1.23,0.79,1.32,0.69
Capza2,plex_2,,,,,,,1.05,0.24,0.87,0.8,0.99,0.76
,plex_2,,,,,,,1.4,0.3,2.05,1.01,0.68,0.37
Ywhae,plex_2,,,,,,,1.09,0.17,0.68,0.88,1.06,0.7
Ywhae,plex_2,,,,,,,1.09,0.17,0.68,0.88,1.06,0.7
Dlst,plex_2,,,,,,,1.2,0.32,0.69,0.53,1.13,1.03
Tufm,plex_2,,,,,,,1.08,0.33,0.78,0.63,0.91,0.85
Eef1g,plex_2,,,,,,,1.38,0.23,0.89,0.9,1.18,0.79
Oxct1,plex_2,,,,,,,0.98,0.31,0.63,0.54,0.81,1.1
Gart,plex_2,,,,,,,1.38,0.24,0.72,0.86,1.28,0.85
Gart,plex_2,,,,,,,1.38,0.24,0.72,0.86,1.28,0.85
Pdlim7,plex_2,,,,,,,1.02,0.23,1.06,0.92,0.95,0.48
Pdlim7,plex_2,,,,,,,1.02,0.23,1.06,0.92,0.95,0.48
Camk2g,plex_2,,,,,,,1.03,0.34,0.77,0.72,1.05,0.76
Camk2g,plex_2,,,,,,,1.03,0.34,0.77,0.72,1.05,0.76
Camk2g,plex_2,,,,,,,1.03,0.34,0.77,0.72,1.05,0.76
Ndufs2,plex_2,,,,,,,1.16,0.62,0.92,0.55,1.1,1.01
Pacsin3,plex_2,,,,,,,1.23,0.64,1.01,0.8,1.48,0.71
Idh3a,plex_2,,,,,,,1.13,0.51,0.75,0.56,1.08,0.98
Myl2,plex_2,,,,,,,1.58,0.58,0.39,0.36,1.06,0.84
Lama2,plex_2,,,,,,,1.44,0.51,0.85,0.77,1.32,0.7
Eif4a2,plex_2,,,,,,,1.06,0.24,0.9,0.98,1.21,0.8
Eif4a2,plex_2,,,,,,,1.06,0.24,0.9,0.98,1.21,0.8
Akr1b1,plex_2,,,,,,,0.96,0.29,0.96,0.82,0.98,0.6
Pcmt1,plex_2,,,,,,,0.81,0.24,0.66,0.75,0.94,0.69
Pcmt1,plex_2,,,,,,,0.81,0.24,0.66,0.75,0.94,0.69
Pcmt1,plex_2,,,,,,,0.81,0.24,0.66,0.75,0.94,0.69
Pcmt1,plex_2,,,,,,,0.81,0.24,0.66,0.75,0.94,0.69
Pcmt1,plex_2,,,,,,,0.81,0.24,0.66,0.75,0.94,0.69
Lum,plex_2,,,,,,,0.86,0.32,1.24,0.96,1.26,0.8
Jph2,plex_2,,,,,,,1.14,0.27,1.01,0.93,0.94,0.64
Fabp4,plex_2,,,,,,,0.91,0.29,0.8,0.63,1.23,0.8
Lmcd1,plex_2,,,,,,,1.13,0.18,0.35,0.47,0.93,0.9
Rpl4,plex_2,,,,,,,0.96,0.24,0.79,0.75,0.87,0.74
Nefm,plex_2,,,,,,,0.83,0.19,0.6,0.68,1.71,0.96
Hspb6,plex_2,,,,,,,1.35,0.35,0.37,0.36,0.87,0.93
Prdx5,plex_2,,,,,,,1.11,0.35,0.64,0.57,1.06,0.95
Prdx5,plex_2,,,,,,,1.11,0.35,0.64,0.57,1.06,0.95
Prdx5,plex_2,,,,,,,1.11,0.35,0.64,0.57,1.06,0.95
Prdx5,plex_2,,,,,,,1.11,0.35,0.64,0.57,1.06,0.95
Hspa4,plex_2,,,,,,,0.85,0.2,0.56,0.81,0.89,0.81
Serpina1c,plex_2,,,,,,,0.86,0.24,0.77,0.73,1.47,0.79
Rtn2,plex_2,,,,,,,1.35,0.41,1.29,0.88,1.15,0.72
Dysf,plex_2,,,,,,,0.93,0.23,0.86,0.75,1.0,0.64
Aifm1,plex_2,,,,,,,0.99,0.35,0.72,0.54,1.08,0.67
Ehd2,plex_2,,,,,,,0.92,0.35,0.76,0.69,1.17,0.9
Vapb,plex_2,,,,,,,1.1,0.29,0.87,0.78,1.07,0.66
Vapb,plex_2,,,,,,,1.1,0.29,0.87,0.78,1.07,0.66
Hnrnpk,plex_2,,,,,,,0.96,0.2,0.94,0.87,1.13,0.89
Hnrnpk,plex_2,,,,,,,0.96,0.2,0.94,0.87,1.13,0.89
Hnrnpk,plex_2,,,,,,,0.96,0.2,0.94,0.87,1.13,0.89
Ndufv2,plex_2,,,,,,,1.26,0.38,0.74,0.66,1.12,1.03
Thbs4,plex_2,,,,,,,1.96,0.6,1.53,0.83,1.38,1.4
Capzb,plex_2,,,,,,,1.03,0.31,1.04,0.83,1.0,0.67
Macrod1,plex_2,,,,,,,1.09,0.4,1.09,0.83,1.15,0.84
Ppp1r3a,plex_2,,,,,,,1.0,0.33,0.98,0.79,0.93,0.88
Hspb1,plex_2,,,,,,,1.02,0.39,0.51,0.53,1.02,0.84
Slc25a11,plex_2,,,,,,,1.22,0.27,0.65,0.55,0.97,0.95
Pccb,plex_2,,,,,,,1.11,0.93,0.78,0.7,0.88,0.78
Pccb,plex_2,,,,,,,1.11,0.93,0.78,0.7,0.88,0.78
Pccb,plex_2,,,,,,,1.11,0.93,0.78,0.7,0.88,0.78
Tpm3,plex_2,,,,,,,1.28,0.5,0.32,0.5,1.12,0.84
Tpm3,plex_2,,,,,,,1.28,0.5,0.32,0.5,1.12,0.84
Arhgdia,plex_2,,,,,,,1.05,0.19,0.66,0.8,1.21,0.79
Prdx3,plex_2,,,,,,,1.16,0.22,0.81,0.59,0.96,0.81
Pbxip1,plex_2,,,,,,,1.08,0.36,0.82,0.96,1.05,0.71
Hsd17b10,plex_2,,,,,,,1.05,0.43,0.64,1.24,1.46,0.98
Hsd17b10,plex_2,,,,,,,1.05,0.43,0.64,1.24,1.46,0.98
Hsd17b10,plex_2,,,,,,,1.05,0.43,0.64,1.24,1.46,0.98
P4hb,plex_2,,,,,,,0.96,0.32,1.1,0.87,1.07,0.73
P4hb,plex_2,,,,,,,0.96,0.32,1.1,0.87,1.07,0.73
P4hb,plex_2,,,,,,,0.96,0.32,1.1,0.87,1.07,0.73
P4hb,plex_2,,,,,,,0.96,0.32,1.1,0.87,1.07,0.73
P4hb,plex_2,,,,,,,0.96,0.32,1.1,0.87,1.07,0.73
P4hb,plex_2,,,,,,,0.96,0.32,1.1,0.87,1.07,0.73
P4hb,plex_2,,,,,,,0.96,0.32,1.1,0.87,1.07,0.73
Col6a2,plex_2,,,,,,,0.91,0.21,0.82,0.68,1.08,0.63
Cacna1s,plex_2,,,,,,,1.04,0.24,0.72,0.84,1.0,0.69
Cacna1s,plex_2,,,,,,,1.04,0.24,0.72,0.84,1.0,0.69
Dhrs7c,plex_2,,,,,,,0.98,0.21,0.76,0.76,0.84,0.71
Calm1,plex_2,,,,,,,0.93,0.4,0.84,0.88,1.06,0.78
Calm1,plex_2,,,,,,,0.93,0.4,0.84,0.88,1.06,0.78
Ppia,plex_2,,,,,,,0.99,0.4,0.9,0.8,1.38,0.69
Ppia,plex_2,,,,,,,0.99,0.4,0.9,0.8,1.38,0.69
Prx,plex_2,,,,,,,0.57,0.42,0.64,0.87,1.74,1.01
Prx,plex_2,,,,,,,0.57,0.42,0.64,0.87,1.74,1.01
Prx,plex_2,,,,,,,0.57,0.42,0.64,0.87,1.74,1.01
Prx,plex_2,,,,,,,0.57,0.42,0.64,0.87,1.74,1.01
Ighg2b,plex_2,,,,,,,1.31,0.21,0.78,0.72,1.99,1.27
HC,plex_2,,,,,,,1.31,0.21,0.78,0.72,1.99,1.27
HC,plex_2,,,,,,,1.31,0.21,0.78,0.72,1.99,1.27
Hspa5,plex_2,,,,,,,1.78,0.28,0.91,0.71,1.5,0.88
Ybx3,plex_2,,,,,,,1.03,0.39,0.88,1.1,1.02,0.86
Ybx3,plex_2,,,,,,,1.03,0.39,0.88,1.1,1.02,0.86
Cse1l,plex_2,,,,,,,1.03,0.19,0.71,0.96,0.94,0.59
Etfb,plex_2,,,,,,,1.21,0.4,0.64,0.47,1.0,1.06
Hadh,plex_2,,,,,,,1.09,0.41,0.59,0.36,0.78,0.84
Map4,plex_2,,,,,,,0.88,0.15,1.01,0.75,0.79,0.62
Map4,plex_2,,,,,,,0.88,0.15,1.01,0.75,0.79,0.62
Map4,plex_2,,,,,,,0.88,0.15,1.01,0.75,0.79,0.62
Glud1,plex_2,,,,,,,0.71,0.37,0.64,0.56,0.72,0.76
Cmbl,plex_2,,,,,,,1.02,0.2,1.0,0.85,1.11,0.53
Hspb7,plex_2,,,,,,,1.71,0.35,0.4,0.39,1.24,0.76
Actg1,plex_2,,,,,,,1.43,0.33,1.65,0.78,1.68,0.78
Actb,plex_2,,,,,,,1.43,0.33,1.65,0.78,1.68,0.78
Trdn,plex_2,,,,,,,1.12,0.2,0.72,0.69,1.05,0.51
Sh3bgr,plex_2,,,,,,,0.84,0.21,0.94,0.9,1.14,0.78
Sh3bgr,plex_2,,,,,,,0.84,0.21,0.94,0.9,1.14,0.78
Synpo,plex_2,,,,,,,0.71,0.26,0.94,0.48,0.83,0.62
Cycs,plex_2,,,,,,,0.97,0.27,0.49,0.55,0.98,0.97
Cox4i1,plex_2,,,,,,,1.5,0.33,0.67,0.59,0.92,1.03
Txnrd1,plex_2,,,,,,,1.44,0.62,1.04,0.99,1.18,0.68
Txnrd1,plex_2,,,,,,,1.44,0.62,1.04,0.99,1.18,0.68
Atic,plex_2,,,,,,,0.94,0.26,0.88,0.83,1.09,0.51
Lta4h,plex_2,,,,,,,1.07,0.18,0.83,0.79,0.99,0.64
Ywhag,plex_2,,,,,,,1.02,0.28,1.09,0.75,1.08,0.64
Sdhb,plex_2,,,,,,,0.94,0.28,0.66,0.48,0.8,0.79
Myh9,plex_2,,,,,,,0.89,0.26,0.88,0.76,0.81,0.66
Decr1,plex_2,,,,,,,1.31,0.58,0.58,0.46,0.99,0.9
Prkar2a,plex_2,,,,,,,1.04,0.46,1.25,0.85,1.11,0.76
Prkar2a,plex_2,,,,,,,1.04,0.46,1.25,0.85,1.11,0.76
Ola1,plex_2,,,,,,,0.95,0.27,1.01,0.76,0.91,0.75
Cryab,plex_2,,,,,,,1.92,0.52,0.32,0.35,1.12,1.55
Pcbp1,plex_2,,,,,,,0.91,0.28,0.78,0.72,1.03,0.65
COX2,plex_2,,,,,,,1.17,0.35,0.8,0.55,0.94,0.93
Mtco2,plex_2,,,,,,,1.17,0.35,0.8,0.55,0.94,0.93
Esd,plex_2,,,,,,,1.13,0.42,0.66,0.93,1.14,0.84
Esd,plex_2,,,,,,,1.13,0.42,0.66,0.93,1.14,0.84
Eci1,plex_2,,,,,,,1.33,0.31,0.65,0.49,0.98,0.8
Eci1,plex_2,,,,,,,1.33,0.31,0.65,0.49,0.98,0.8
Prdx2,plex_2,,,,,,,0.85,0.25,0.69,0.56,0.99,0.65
Psmd2,plex_2,,,,,,,1.12,0.22,0.89,0.87,1.06,0.87
Mthfd1,plex_2,,,,,,,1.33,0.36,1.25,1.14,1.22,0.75
Tln2,plex_2,,,,,,,2.61,0.03,0.7,0.65,1.78,2.02
Phb,plex_2,,,,,,,1.05,0.33,0.7,0.67,1.03,0.75
Nap1l4,plex_2,,,,,,,1.09,0.21,0.82,0.88,0.92,0.94
Nap1l4,plex_2,,,,,,,1.09,0.21,0.82,0.88,0.92,0.94
Nap1l4,plex_2,,,,,,,1.09,0.21,0.82,0.88,0.92,0.94
Ctsd,plex_2,,,,,,,0.76,0.27,0.49,0.56,1.1,0.68
Pzp,plex_2,,,,,,,0.87,0.3,0.78,0.86,1.5,0.75
Qdpr,plex_2,,,,,,,1.24,0.23,0.89,0.8,1.03,0.83
Pfn1,plex_2,,,,,,,0.61,0.3,0.84,0.94,0.84,0.71
Tigar,plex_2,,,,,,,0.75,0.33,0.81,0.55,1.03,0.29
Fasn,plex_2,,,,,,,1.25,0.19,1.12,1.2,0.93,0.84
Fasn,plex_2,,,,,,,1.25,0.19,1.12,1.2,0.93,0.84
Fasn,plex_2,,,,,,,1.25,0.19,1.12,1.2,0.93,0.84
Stac3,plex_2,,,,,,,1.04,0.38,0.84,0.87,0.95,0.57
,plex_2,,,,,,,1.04,0.08,0.33,0.92,1.21,0.69
Glo1,plex_2,,,,,,,0.97,0.29,0.91,0.89,1.1,0.57
Cox5a,plex_2,,,,,,,1.21,0.41,0.83,0.48,0.87,0.86
Rplp2,plex_2,,,,,,,1.17,0.29,0.8,0.94,0.85,0.77
Lamc1,plex_2,,,,,,,1.03,0.35,0.63,0.61,1.09,0.78
Tnxb,plex_2,,,,,,,1.31,0.51,1.13,0.84,1.3,0.71
Acadm,plex_2,,,,,,,1.43,0.46,0.48,0.41,1.04,1.17
Rack1,plex_2,,,,,,,0.87,0.16,0.68,0.71,0.73,0.59
Anxa2,plex_2,,,,,,,1.78,0.29,1.37,1.19,1.59,0.75
Cfl2,plex_2,,,,,,,1.1,0.22,0.83,0.88,1.16,0.73
Tmod1,plex_2,,,,,,,1.55,0.83,1.29,0.75,0.68,0.61
Pcca,plex_2,,,,,,,0.89,0.21,0.61,0.59,0.74,0.81
Dars,plex_2,,,,,,,0.79,0.32,0.91,0.55,0.83,0.62
Jph1,plex_2,,,,,,,1.07,0.3,0.79,0.58,0.94,0.6
Hibadh,plex_2,,,,,,,1.13,0.35,0.57,0.5,0.78,0.86
Sypl2,plex_2,,,,,,,1.02,0.47,0.66,0.78,1.29,0.65
Gstm2,plex_2,,,,,,,0.83,0.27,0.82,0.76,0.99,0.61
Ywhaz,plex_2,,,,,,,0.76,0.16,0.62,0.75,1.11,0.68
Ndufa7,plex_2,,,,,,,1.36,0.47,0.88,0.52,1.03,0.98
Acot2,plex_2,,,,,,,1.81,0.64,0.54,0.43,1.68,1.25
Pabpc4,plex_2,,,,,,,1.24,0.33,0.81,0.85,1.11,0.99
Pabpc4,plex_2,,,,,,,1.24,0.33,0.81,0.85,1.11,0.99
Pabpc4,plex_2,,,,,,,1.24,0.33,0.81,0.85,1.11,0.99
Pabpc4,plex_2,,,,,,,1.24,0.33,0.81,0.85,1.11,0.99
Gm10110,plex_2,,,,,,,1.24,0.33,0.81,0.85,1.11,0.99
Pabpc4,plex_2,,,,,,,1.24,0.33,0.81,0.85,1.11,0.99
Hibch,plex_2,,,,,,,0.9,0.65,0.63,0.98,0.79,0.82
Tpt1,plex_2,,,,,,,1.24,0.25,0.99,1.03,1.17,0.88
Tcap,plex_2,,,,,,,1.73,0.47,1.01,1.0,1.09,0.8
Hrc,plex_2,,,,,,,1.16,0.32,1.12,0.78,1.8,1.17
Hrc,plex_2,,,,,,,1.16,0.32,1.12,0.78,1.8,1.17
Hrc,plex_2,,,,,,,1.16,0.32,1.12,0.78,1.8,1.17
Pdhx,plex_2,,,,,,,1.26,0.38,0.81,0.57,0.95,0.8
Ndufs3,plex_2,,,,,,,1.01,0.38,0.58,0.47,1.17,1.17
Asrgl1,plex_2,,,,,,,1.23,0.24,0.95,0.77,1.16,0.84
Ank1,plex_2,,,,,,,1.54,0.3,1.17,1.08,1.19,0.99
Coq9,plex_2,,,,,,,1.17,0.34,0.77,0.56,1.01,0.82
Sar1b,plex_2,,,,,,,0.83,0.51,1.3,0.66,1.06,0.58
Uqcrb,plex_2,,,,,,,1.28,0.35,0.6,0.5,0.91,0.92
Uqcrb,plex_2,,,,,,,1.28,0.35,0.6,0.5,0.91,0.92
Lmnb1,plex_2,,,,,,,4.56,0.39,1.46,2.02,3.14,2.32
Psmc6,plex_2,,,,,,,1.26,0.39,0.75,0.93,1.01,0.84
Atp5c1,plex_2,,,,,,,1.34,0.35,0.84,0.76,1.14,0.89
Fabp3,plex_2,,,,,,,1.82,0.37,0.37,0.31,1.04,1.02
Ndufs8,plex_2,,,,,,,1.21,0.95,0.72,0.59,0.98,0.9
Ndufb9,plex_2,,,,,,,2.26,0.2,1.39,1.11,1.84,1.4
Bgn,plex_2,,,,,,,1.37,0.38,1.16,0.88,0.94,0.8
Bgn,plex_2,,,,,,,1.37,0.38,1.16,0.88,0.94,0.8
Hpx,plex_2,,,,,,,0.8,0.21,0.74,0.72,1.38,0.69
Ddb1,plex_2,,,,,,,0.8,0.07,0.92,0.91,1.08,0.92
Pdp1,plex_2,,,,,,,1.0,0.17,1.42,0.6,0.97,1.0
Pdp1,plex_2,,,,,,,1.0,0.17,1.42,0.6,0.97,1.0
Pdp1,plex_2,,,,,,,1.0,0.17,1.42,0.6,0.97,1.0
Pdp1,plex_2,,,,,,,1.0,0.17,1.42,0.6,0.97,1.0
Pdp1,plex_2,,,,,,,1.0,0.17,1.42,0.6,0.97,1.0
Psmd1,plex_2,,,,,,,0.81,0.09,0.45,0.72,0.9,0.6
C3,plex_2,,,,,,,1.04,0.53,0.82,0.71,0.86,0.57
Ube2l3,plex_2,,,,,,,1.06,0.25,0.88,0.83,0.95,0.7
Hhatl,plex_2,,,,,,,1.0,0.35,0.78,0.81,1.09,0.65
Echs1,plex_2,,,,,,,1.2,0.28,0.62,0.46,0.94,1.02
Mbp,plex_2,,,,,,,0.51,0.07,0.52,0.75,1.42,1.25
Mbp,plex_2,,,,,,,0.51,0.07,0.52,0.75,1.42,1.25
Rdx,plex_2,,,,,,,1.1,0.35,0.89,0.82,0.92,0.74
Rdx,plex_2,,,,,,,1.1,0.35,0.89,0.82,0.92,0.74
Rdx,plex_2,,,,,,,1.1,0.35,0.89,0.82,0.92,0.74
Aldh1a1,plex_2,,,,,,,0.94,0.35,0.97,0.38,1.21,0.66
Cox6b1,plex_2,,,,,,,0.96,0.54,0.81,0.45,0.8,0.81
Ephx2,plex_2,,,,,,,1.05,0.43,0.72,0.55,0.95,0.71
Ephx2,plex_2,,,,,,,1.05,0.43,0.72,0.55,0.95,0.71
Unc45b,plex_2,,,,,,,1.02,0.26,0.83,0.95,1.06,0.74
Unc45b,plex_2,,,,,,,1.02,0.26,0.83,0.95,1.06,0.74
Hist1h2bb,plex_2,,,,,,,1.02,0.43,1.02,0.61,1.3,0.86
Hspe1,plex_2,,,,,,,1.32,0.26,0.83,0.68,1.13,0.89
Nrap,plex_2,,,,,,,1.25,0.17,1.78,0.54,0.8,0.59
Nrap,plex_2,,,,,,,1.25,0.17,1.78,0.54,0.8,0.59
Psmc5,plex_2,,,,,,,2.05,0.28,0.78,0.85,1.15,0.84
Cyb5r1,plex_2,,,,,,,1.14,0.19,1.01,0.62,0.75,0.55
Rpsa,plex_2,,,,,,,0.95,0.52,0.63,0.82,0.92,0.69
Serpinb6a,plex_2,,,,,,,0.8,0.19,0.79,0.69,0.95,0.64
Spr,plex_2,,,,,,,0.93,0.34,0.92,0.63,1.01,0.75
Spr,plex_2,,,,,,,0.93,0.34,0.92,0.63,1.01,0.75
Atp5l,plex_2,,,,,,,1.04,0.64,0.57,0.58,0.96,0.91
Atp5l,plex_2,,,,,,,1.04,0.64,0.57,0.58,0.96,0.91
Atp5l,plex_2,,,,,,,1.04,0.64,0.57,0.58,0.96,0.91
Cd36,plex_2,,,,,,,1.42,0.44,0.67,0.62,1.49,1.13
Cd36,plex_2,,,,,,,1.42,0.44,0.67,0.62,1.49,1.13
Psma2,plex_2,,,,,,,0.83,0.29,0.69,0.7,0.81,0.62
Psma2,plex_2,,,,,,,0.83,0.29,0.69,0.7,0.81,0.62
Dhdh,plex_2,,,,,,,1.08,0.32,1.12,0.95,1.0,0.77
Atl2,plex_2,,,,,,,0.71,0.33,0.82,0.56,0.71,0.54
Gmpr,plex_2,,,,,,,1.15,0.34,1.08,0.71,1.13,0.8
Atp5d,plex_2,,,,,,,2.07,0.31,1.3,1.17,1.43,1.32
Atp5d,plex_2,,,,,,,2.07,0.31,1.3,1.17,1.43,1.32
Hist2h4,plex_2,,,,,,,1.04,0.2,0.61,0.66,1.22,0.89
Atp2a2,plex_2,,,,,,,1.42,0.71,0.28,0.33,1.16,1.02
Atp2a2,plex_2,,,,,,,1.42,0.71,0.28,0.33,1.16,1.02
Aspn,plex_2,,,,,,,0.64,0.46,1.17,0.98,1.08,0.71
Scrn3,plex_2,,,,,,,1.17,0.16,1.02,0.81,0.9,0.75
D10Jhu81e,plex_2,,,,,,,1.02,0.22,0.46,0.48,0.98,0.88
Mlip,plex_2,,,,,,,1.09,0.55,1.15,1.04,0.88,0.72
Mlip,plex_2,,,,,,,1.09,0.55,1.15,1.04,0.88,0.72
Rpl7,plex_2,,,,,,,1.13,0.47,1.0,0.8,0.99,0.55
Anxa11,plex_2,,,,,,,1.05,0.28,0.86,0.8,1.0,0.65
Gm8730,plex_2,,,,,,,0.74,0.27,1.0,0.83,0.87,0.72
Rplp0,plex_2,,,,,,,0.74,0.27,1.0,0.83,0.87,0.72
Rplp0,plex_2,,,,,,,0.74,0.27,1.0,0.83,0.87,0.72
Eml1,plex_2,,,,,,,1.17,0.35,1.17,0.83,1.03,0.5
Eml1,plex_2,,,,,,,1.17,0.35,1.17,0.83,1.03,0.5
Psma1,plex_2,,,,,,,0.75,0.37,0.89,0.72,1.1,0.52
Eif5a,plex_2,,,,,,,1.09,0.21,0.91,0.93,1.03,0.69
Psmc2,plex_2,,,,,,,1.14,0.19,0.74,0.89,0.95,0.87
Rab10,plex_2,,,,,,,1.22,0.13,0.76,0.75,1.13,0.84
Eef1d,plex_2,,,,,,,1.21,1.38,2.5,0.9,0.95,0.67
Eef1d,plex_2,,,,,,,1.21,1.38,2.5,0.9,0.95,0.67
Gyg1,plex_2,,,,,,,1.06,0.27,0.97,0.96,1.29,0.76
Gyg,plex_2,,,,,,,1.06,0.27,0.97,0.96,1.29,0.76
Clip1,plex_2,,,,,,,1.08,0.33,0.73,0.9,0.99,0.66
Clip1,plex_2,,,,,,,1.08,0.33,0.73,0.9,0.99,0.66
Kpnb1,plex_2,,,,,,,1.38,0.38,1.29,0.81,1.09,0.73
Kpnb1,plex_2,,,,,,,1.38,0.38,1.29,0.81,1.09,0.73
Kpnb1,plex_2,,,,,,,1.38,0.38,1.29,0.81,1.09,0.73
Kpnb1,plex_2,,,,,,,1.38,0.38,1.29,0.81,1.09,0.73
Taldo1,plex_2,,,,,,,0.64,0.42,1.09,0.61,0.92,0.72
Grhpr,plex_2,,,,,,,0.91,0.21,0.84,0.76,1.07,0.73
Tnnt1,plex_2,,,,,,,1.91,0.43,0.19,0.2,1.18,1.07
Akr1b10,plex_2,,,,,,,0.96,0.33,0.83,0.82,1.23,0.82
Akr1b10,plex_2,,,,,,,0.96,0.33,0.83,0.82,1.23,0.82
Akr1b10,plex_2,,,,,,,0.96,0.33,0.83,0.82,1.23,0.82
Adh5,plex_2,,,,,,,1.32,0.27,0.95,1.03,1.03,0.65
Acadsb,plex_2,,,,,,,1.32,0.32,0.63,0.83,1.0,1.08
Bcat2,plex_2,,,,,,,1.25,0.43,0.92,0.75,1.07,1.02
Camk2a,plex_2,,,,,,,1.14,0.11,0.77,0.93,0.89,0.65
Samm50,plex_2,,,,,,,1.19,0.12,0.64,0.77,1.11,0.53
Snta1,plex_2,,,,,,,0.92,0.27,0.83,0.69,0.97,0.8
Snta1,plex_2,,,,,,,0.92,0.27,0.83,0.69,0.97,0.8
Actc1,plex_2,,,,,,,0.8,0.18,0.83,1.21,1.16,0.67
Ran,plex_2,,,,,,,1.03,0.22,0.97,0.81,0.8,0.75
Stip1,plex_2,,,,,,,1.19,0.34,0.85,0.79,1.09,0.72
Stip1,plex_2,,,,,,,1.19,0.34,0.85,0.79,1.09,0.72
Myh8,plex_2,,,,,,,0.61,0.41,0.76,0.48,0.64,0.33
Aamdc,plex_2,,,,,,,1.11,0.32,1.09,0.78,0.92,0.58
Sptbn1,plex_2,,,,,,,1.13,0.22,0.72,0.95,1.0,0.66
Aldh4a1,plex_2,,,,,,,0.95,0.29,0.79,0.67,0.86,0.98
Gdi1,plex_2,,,,,,,1.18,0.2,0.81,0.79,1.13,0.95
Aldh7a1,plex_2,,,,,,,0.97,0.31,0.48,0.58,0.83,0.9
Aldh7a1,plex_2,,,,,,,0.97,0.31,0.48,0.58,0.83,0.9
Ogn,plex_2,,,,,,,2.34,0.4,1.37,1.39,1.78,1.16
Lonp1,plex_2,,,,,,,4.74,0.09,1.75,1.77,1.91,1.57
Lap3,plex_2,,,,,,,0.85,,0.79,0.85,0.61,0.95
Lap3,plex_2,,,,,,,0.85,,0.79,0.85,0.61,0.95
Flna,plex_2,,,,,,,1.37,0.5,0.95,0.76,1.26,0.96
Arf3,plex_2,,,,,,,1.14,0.29,0.67,0.84,1.08,0.9
Cpt2,plex_2,,,,,,,1.21,0.35,0.79,0.48,1.03,0.92
Serpina3k,plex_2,,,,,,,0.73,0.21,0.53,0.78,1.59,0.42
Tuba1b,plex_2,,,,,,,0.7,0.32,0.62,1.15,2.22,1.45
Sod1,plex_2,,,,,,,1.14,0.3,1.03,0.8,1.08,0.75
Myoz2,plex_2,,,,,,,1.21,0.52,0.21,0.2,0.75,0.92
Lrpprc,plex_2,,,,,,,1.1,0.7,0.55,0.55,1.12,0.96
Hist1h1e,plex_2,,,,,,,0.74,0.43,1.03,0.55,1.03,0.65
Bag3,plex_2,,,,,,,1.56,0.37,1.09,1.16,1.16,0.86
Murc,plex_2,,,,,,,0.73,0.35,0.82,0.68,0.84,0.56
Lamb2,plex_2,,,,,,,1.16,0.42,0.74,0.81,1.96,1.23
Cox5b,plex_2,,,,,,,1.72,0.7,1.07,0.67,1.29,1.0
Cox5b,plex_2,,,,,,,1.72,0.7,1.07,0.67,1.29,1.0
Ecm29,plex_2,,,,,,,1.3,0.22,0.68,1.05,1.02,0.66
Ecm29,plex_2,,,,,,,1.3,0.22,0.68,1.05,1.02,0.66
Nampt,plex_2,,,,,,,1.05,0.23,0.69,0.81,1.4,0.63
Calr,plex_2,,,,,,,1.06,0.21,0.77,0.95,1.0,0.73
Cct2,plex_2,,,,,,,0.86,0.65,1.01,0.78,1.22,0.81
Rad23b,plex_2,,,,,,,1.1,0.33,0.77,1.15,0.86,0.69
Rad23b,plex_2,,,,,,,1.1,0.33,0.77,1.15,0.86,0.69
Rad23b,plex_2,,,,,,,1.1,0.33,0.77,1.15,0.86,0.69
Rad23b,plex_2,,,,,,,1.1,0.33,0.77,1.15,0.86,0.69
Gsto1,plex_2,,,,,,,1.81,0.3,0.62,0.9,1.05,0.84
Myoz3,plex_2,,,,,,,1.24,0.32,1.01,0.82,0.98,0.68
Myoz3,plex_2,,,,,,,1.24,0.32,1.01,0.82,0.98,0.68
Lgals1,plex_2,,,,,,,0.9,0.3,0.99,1.09,1.13,0.83
Ndufa13,plex_2,,,,,,,1.4,0.28,0.75,0.55,1.08,1.0
Anxa5,plex_2,,,,,,,1.01,0.27,0.85,0.82,1.28,0.99
Pdpr,plex_2,,,,,,,1.23,0.54,0.71,0.7,1.13,0.9
Atp1b1,plex_2,,,,,,,1.05,0.5,0.39,0.24,0.78,0.84
Suclg2,plex_2,,,,,,,1.36,0.24,0.63,0.9,1.02,1.1
Casq2,plex_2,,,,,,,1.35,0.31,0.41,0.44,1.14,1.18
Hint1,plex_2,,,,,,,1.16,0.21,0.86,0.85,0.94,0.72
Cct5,plex_2,,,,,,,1.22,0.35,0.83,0.63,0.93,0.59
Hnrnph1,plex_2,,,,,,,1.14,0.29,1.04,0.86,0.99,0.67
Hnrnph1,plex_2,,,,,,,1.14,0.29,1.04,0.86,0.99,0.67
Nid1,plex_2,,,,,,,1.11,0.59,0.53,0.72,1.12,0.62
Ndufa3,plex_2,,,,,,,1.07,0.25,0.61,0.58,0.91,0.86
Atp5i,plex_2,,,,,,,1.26,0.29,0.58,0.54,1.01,1.26
Ndufs6,plex_2,,,,,,,1.23,0.42,0.68,0.69,0.91,0.93
Fga,plex_2,,,,,,,0.83,0.23,0.67,0.59,1.13,0.66
Fga,plex_2,,,,,,,0.83,0.23,0.67,0.59,1.13,0.66
Pgp,plex_2,,,,,,,5.45,0.54,2.06,0.92,2.0,1.23
Kera,plex_2,,,,,,,0.63,0.28,1.07,0.82,0.71,1.04
Kera,plex_2,,,,,,,0.63,0.28,1.07,0.82,0.71,1.04
Eef1b,plex_2,,,,,,,1.1,0.24,0.88,0.8,1.11,0.73
Eef1b2,plex_2,,,,,,,1.1,0.24,0.88,0.8,1.11,0.73
Carnmt1,plex_2,,,,,,,1.35,0.55,1.04,0.77,1.0,0.76
Eif4g1,plex_2,,,,,,,1.22,0.34,1.03,0.94,1.31,0.84
Rplp1,plex_2,,,,,,,0.81,,0.61,0.77,0.86,0.63
Myo18a,plex_2,,,,,,,1.26,0.32,0.85,1.16,1.25,1.12
Tagln,plex_2,,,,,,,0.96,0.24,0.7,1.05,1.75,0.57
Ppp3ca,plex_2,,,,,,,1.01,0.21,0.83,0.55,0.77,0.54
Psmc3,plex_2,,,,,,,1.23,0.25,0.84,1.0,1.12,0.95
Xirp1,plex_2,,,,,,,1.28,0.35,0.59,1.22,1.44,0.81
Txlnb,plex_2,,,,,,,1.28,0.31,1.03,0.95,1.08,0.76
Atp5j,plex_2,,,,,,,1.24,0.53,0.73,0.66,1.19,1.12
Dusp3,plex_2,,,,,,,0.73,,1.04,0.78,0.98,
Dusp3,plex_2,,,,,,,0.73,,1.04,0.78,0.98,
Ide,plex_2,,,,,,,1.08,0.23,0.79,0.68,0.7,0.86
Kpna3,plex_2,,,,,,,0.76,0.15,0.42,0.99,0.76,0.44
Phb2,plex_2,,,,,,,0.78,0.33,0.86,0.59,1.01,0.77
Apoa1bp,plex_2,,,,,,,1.17,0.42,0.69,0.63,1.05,0.74
Ndufs4,plex_2,,,,,,,1.22,0.3,0.78,0.55,0.91,0.96
Ndufs4,plex_2,,,,,,,1.22,0.3,0.78,0.55,0.91,0.96
Akr7a2,plex_2,,,,,,,1.15,0.61,1.14,0.66,1.4,0.72
Gpd1l,plex_2,,,,,,,0.9,0.44,0.87,0.94,1.22,0.76
Gpd1l,plex_2,,,,,,,0.9,0.44,0.87,0.94,1.22,0.76
Mypn,plex_2,,,,,,,1.18,0.32,0.93,0.78,0.61,0.59
Ddost,plex_2,,,,,,,0.72,,0.19,,0.63,0.33
Mcts1,plex_2,,,,,,,0.97,0.16,0.78,0.98,1.01,0.73
Mcts1,plex_2,,,,,,,0.97,0.16,0.78,0.98,1.01,0.73
Psmd13,plex_2,,,,,,,1.08,0.32,0.72,0.89,0.93,0.77
,plex_2,,,,,,,1.96,0.21,2.09,0.87,0.62,0.33
Actn4,plex_2,,,,,,,2.13,0.18,1.41,1.28,1.77,0.87
Psmb1,plex_2,,,,,,,1.24,0.32,0.88,0.86,1.08,0.91
Ndufb10,plex_2,,,,,,,1.05,0.49,0.76,0.62,1.08,0.83
Atp5f1,plex_2,,,,,,,1.22,0.2,0.95,0.58,1.17,1.04
Uqcrh,plex_2,,,,,,,1.59,0.51,0.82,0.61,1.1,1.04
Pfn2,plex_2,,,,,,,1.32,0.38,1.05,0.87,1.11,0.68
Pfn2,plex_2,,,,,,,1.32,0.38,1.05,0.87,1.11,0.68
Ddx3x,plex_2,,,,,,,0.8,0.31,0.79,0.57,0.76,0.68
Ddx3x,plex_2,,,,,,,0.8,0.31,0.79,0.57,0.76,0.68
Ddx3x,plex_2,,,,,,,0.8,0.31,0.79,0.57,0.76,0.68
Mtch2,plex_2,,,,,,,0.84,0.26,0.56,0.58,0.93,0.58
Mtch2,plex_2,,,,,,,0.84,0.26,0.56,0.58,0.93,0.58
Zak,plex_2,,,,,,,0.84,2.9,0.6,0.59,1.75,0.77
Ahsg,plex_2,,,,,,,0.52,1.46,0.43,0.64,1.65,0.28
Rab7a,plex_2,,,,,,,1.32,0.2,0.75,0.91,1.2,0.83
Rps27a,plex_2,,,,,,,0.69,0.13,0.38,0.58,0.53,0.46
Ubc,plex_2,,,,,,,0.69,0.13,0.38,0.58,0.53,0.46
Uba52,plex_2,,,,,,,0.69,0.13,0.38,0.58,0.53,0.46
Ubb,plex_2,,,,,,,0.69,0.13,0.38,0.58,0.53,0.46
Sgca,plex_2,,,,,,,1.12,0.27,1.09,0.69,0.93,0.83
Rpl17,plex_2,,,,,,,1.29,0.17,0.61,0.86,0.86,0.7
Rpl17,plex_2,,,,,,,1.29,0.17,0.61,0.86,0.86,0.7
Ncl,plex_2,,,,,,,1.91,0.19,1.43,1.19,1.27,0.95
Ncl,plex_2,,,,,,,1.91,0.19,1.43,1.19,1.27,0.95
Ncl,plex_2,,,,,,,1.91,0.19,1.43,1.19,1.27,0.95
Cct4,plex_2,,,,,,,0.99,0.39,1.02,0.85,1.22,0.72
Cct4,plex_2,,,,,,,0.99,0.39,1.02,0.85,1.22,0.72
Cct4,plex_2,,,,,,,0.99,0.39,1.02,0.85,1.22,0.72
Cct4,plex_2,,,,,,,0.99,0.39,1.02,0.85,1.22,0.72
Ndufb4,plex_2,,,,,,,0.9,0.38,0.46,0.39,0.84,0.8
Gstm5,plex_2,,,,,,,1.08,0.29,0.84,0.8,0.91,0.61
Klhl40,plex_2,,,,,,,1.06,0.32,0.75,0.65,1.17,0.8
Psap,plex_2,,,,,,,1.23,0.32,0.86,0.7,0.76,0.7
Psap,plex_2,,,,,,,1.23,0.32,0.86,0.7,0.76,0.7
Psap,plex_2,,,,,,,1.23,0.32,0.86,0.7,0.76,0.7
Psap,plex_2,,,,,,,1.23,0.32,0.86,0.7,0.76,0.7
Psap,plex_2,,,,,,,1.23,0.32,0.86,0.7,0.76,0.7
Psap,plex_2,,,,,,,1.23,0.32,0.86,0.7,0.76,0.7
Psap,plex_2,,,,,,,1.23,0.32,0.86,0.7,0.76,0.7
Psap,plex_2,,,,,,,1.23,0.32,0.86,0.7,0.76,0.7
Psap,plex_2,,,,,,,1.23,0.32,0.86,0.7,0.76,0.7
Psap,plex_2,,,,,,,1.23,0.32,0.86,0.7,0.76,0.7
Psap,plex_2,,,,,,,1.23,0.32,0.86,0.7,0.76,0.7
Psap,plex_2,,,,,,,1.23,0.32,0.86,0.7,0.76,0.7
Psap,plex_2,,,,,,,1.23,0.32,0.86,0.7,0.76,0.7
Psap,plex_2,,,,,,,1.23,0.32,0.86,0.7,0.76,0.7
Psap,plex_2,,,,,,,1.23,0.32,0.86,0.7,0.76,0.7
Psap,plex_2,,,,,,,1.23,0.32,0.86,0.7,0.76,0.7
Psap,plex_2,,,,,,,1.23,0.32,0.86,0.7,0.76,0.7
Psap,plex_2,,,,,,,1.23,0.32,0.86,0.7,0.76,0.7
Psap,plex_2,,,,,,,1.23,0.32,0.86,0.7,0.76,0.7
Rpl7a,plex_2,,,,,,,1.33,0.24,0.93,0.7,0.89,0.69
Rpl7a,plex_2,,,,,,,1.33,0.24,0.93,0.7,0.89,0.69
Rpl7a,plex_2,,,,,,,1.33,0.24,0.93,0.7,0.89,0.69
Rpl7a,plex_2,,,,,,,1.33,0.24,0.93,0.7,0.89,0.69
Tceb1,plex_2,,,,,,,1.17,,0.92,0.48,0.68,0.77
Tceb1,plex_2,,,,,,,1.17,,0.92,0.48,0.68,0.77
Tceb1,plex_2,,,,,,,1.17,,0.92,0.48,0.68,0.77
Actn1,plex_2,,,,,,,9.21,0.38,1.91,2.85,4.02,2.62
Apoo,plex_2,,,,,,,0.98,0.17,0.64,0.67,1.18,0.77
Apoo,plex_2,,,,,,,0.98,0.17,0.64,0.67,1.18,0.77
Apoo,plex_2,,,,,,,0.98,0.17,0.64,0.67,1.18,0.77
Apoo,plex_2,,,,,,,0.98,0.17,0.64,0.67,1.18,0.77
Apoa4,plex_2,,,,,,,1.03,0.45,1.71,0.9,1.42,0.94
Stim1,plex_2,,,,,,,1.19,0.53,0.89,0.72,1.19,0.81
Cct3,plex_2,,,,,,,1.1,0.26,1.13,0.86,1.21,0.83
Capn2,plex_2,,,,,,,0.66,0.25,0.61,0.61,0.71,0.45
Lypla1,plex_2,,,,,,,1.33,0.25,0.85,0.82,1.21,0.69
Lypla1,plex_2,,,,,,,1.33,0.25,0.85,0.82,1.21,0.69
Lypla1,plex_2,,,,,,,1.33,0.25,0.85,0.82,1.21,0.69
Lypla1,plex_2,,,,,,,1.33,0.25,0.85,0.82,1.21,0.69
Dync1i2,plex_2,,,,,,,1.27,0.39,1.14,0.96,1.03,0.79
Wdr1,plex_2,,,,,,,1.05,0.26,0.9,0.57,0.9,0.6
Ppp2r4,plex_2,,,,,,,1.06,,0.73,0.59,1.31,0.7
Tpd52l2,plex_2,,,,,,,1.96,0.57,0.83,0.9,1.39,0.84
Art3,plex_2,,,,,,,1.33,0.49,0.95,0.78,1.16,0.64
Isoc1,plex_2,,,,,,,0.5,0.18,1.04,0.56,1.46,0.52
Isoc1,plex_2,,,,,,,0.5,0.18,1.04,0.56,1.46,0.52
Ndufb8,plex_2,,,,,,,2.47,0.57,1.46,1.08,1.39,1.45
Usp5,plex_2,,,,,,,1.1,0.91,1.52,1.08,1.17,0.85
Usp5,plex_2,,,,,,,1.1,0.91,1.52,1.08,1.17,0.85
Dbi,plex_2,,,,,,,0.89,0.25,0.85,0.78,0.95,0.71
Mrps36,plex_2,,,,,,,1.23,0.21,0.86,0.74,1.28,1.22
Col15a1,plex_2,,,,,,,0.84,0.13,0.87,0.99,1.06,0.94
Bsg,plex_2,,,,,,,1.34,0.27,0.84,0.87,1.0,0.77
Bsg,plex_2,,,,,,,1.34,0.27,0.84,0.87,1.0,0.77
Bsg,plex_2,,,,,,,1.34,0.27,0.84,0.87,1.0,0.77
Bsg,plex_2,,,,,,,1.34,0.27,0.84,0.87,1.0,0.77
Bsg,plex_2,,,,,,,1.34,0.27,0.84,0.87,1.0,0.77
Rsu1,plex_2,,,,,,,1.02,0.33,0.77,0.77,1.28,0.76
Rsu1,plex_2,,,,,,,1.02,0.33,0.77,0.77,1.28,0.76
Sod2,plex_2,,,,,,,1.0,0.35,0.53,0.47,0.92,0.82
Sod2,plex_2,,,,,,,1.0,0.35,0.53,0.47,0.92,0.82
Hist1h3i,plex_2,,,,,,,1.05,0.24,0.75,0.66,1.06,0.74
Hist1h3a,plex_2,,,,,,,1.05,0.24,0.75,0.66,1.06,0.74
Fxr1,plex_2,,,,,,,1.17,0.65,1.47,0.78,1.33,1.54
Fxr1,plex_2,,,,,,,1.17,0.65,1.47,0.78,1.33,1.54
Fxr1,plex_2,,,,,,,1.17,0.65,1.47,0.78,1.33,1.54
Ppp1cb,plex_2,,,,,,,1.05,0.2,0.96,0.81,1.08,0.66
Ndufb5,plex_2,,,,,,,1.3,0.47,0.58,0.69,1.2,1.19
Ndufb5,plex_2,,,,,,,1.3,0.47,0.58,0.69,1.2,1.19
Rps6,plex_2,,,,,,,1.14,0.21,0.72,0.79,0.74,0.7
Rpl13,plex_2,,,,,,,1.1,0.33,0.7,0.76,1.0,0.52
Rpl13,plex_2,,,,,,,1.1,0.33,0.7,0.76,1.0,0.52
Afg3l2,plex_2,,,,,,,1.29,0.41,0.88,0.83,1.17,0.78
Fitm1,plex_2,,,,,,,0.82,0.18,0.81,0.85,1.42,0.7
Ppp2r2a,plex_2,,,,,,,1.09,0.29,1.24,0.74,1.07,0.64
Eif3a,plex_2,,,,,,,1.03,0.25,0.81,0.62,0.72,0.71
Mug1,plex_2,,,,,,,2.69,0.18,0.6,0.9,1.09,0.94
Rab11b,plex_2,,,,,,,1.03,0.28,0.65,0.68,0.97,0.63
Rab11b,plex_2,,,,,,,1.03,0.28,0.65,0.68,0.97,0.63
Obscn,plex_2,,,,,,,0.87,0.54,0.85,1.53,0.8,0.66
Ube2v2,plex_2,,,,,,,0.91,0.24,0.9,0.7,0.97,0.74
Rpl14,plex_2,,,,,,,0.93,0.2,0.67,0.71,0.89,0.71
Mpst,plex_2,,,,,,,0.87,0.22,0.82,0.59,0.88,0.75
Mpst,plex_2,,,,,,,0.87,0.22,0.82,0.59,0.88,0.75
Mpst,plex_2,,,,,,,0.87,0.22,0.82,0.59,0.88,0.75
Myl12a,plex_2,,,,,,,0.74,0.02,0.57,0.65,1.08,0.59
Myl12a,plex_2,,,,,,,0.74,0.02,0.57,0.65,1.08,0.59
Myl12b,plex_2,,,,,,,0.74,0.02,0.57,0.65,1.08,0.59
Myo1c,plex_2,,,,,,,0.66,0.25,0.73,0.55,1.69,1.01
Myo1c,plex_2,,,,,,,0.66,0.25,0.73,0.55,1.69,1.01
Myo1c,plex_2,,,,,,,0.66,0.25,0.73,0.55,1.69,1.01
Ttn,plex_2,,,,,,,1.44,0.57,1.17,1.11,1.22,0.75
Hspb2,plex_2,,,,,,,0.93,0.75,1.2,0.75,1.4,0.89
Rtn4,plex_2,,,,,,,1.16,0.13,0.72,0.78,1.15,0.7
Tnnc1,plex_2,,,,,,,3.23,0.57,0.18,0.2,1.27,0.7
Tkt,plex_2,,,,,,,0.95,0.26,1.27,1.15,1.3,0.92
Pdia3,plex_2,,,,,,,1.31,0.38,0.89,1.08,1.11,1.0
Ttr,plex_2,,,,,,,0.75,0.28,0.93,0.68,1.32,0.82
Rcsd1,plex_2,,,,,,,2.3,,1.92,0.86,1.1,0.91
Rcsd1,plex_2,,,,,,,2.3,,1.92,0.86,1.1,0.91
Apoa1,plex_2,,,,,,,1.08,0.31,1.11,0.88,1.52,0.82
Ces1c,plex_2,,,,,,,0.97,0.18,0.75,0.6,1.17,0.74
Vwa5a,plex_2,,,,,,,0.87,0.38,0.97,0.68,0.91,0.68
Gnas,plex_2,,,,,,,34.04,2.22,29.07,21.61,27.36,11.85
Psma5,plex_2,,,,,,,2.17,0.43,1.13,0.82,1.24,1.29
Psma5,plex_2,,,,,,,2.17,0.43,1.13,0.82,1.24,1.29
Psma5,plex_2,,,,,,,2.17,0.43,1.13,0.82,1.24,1.29
Mtap,plex_2,,,,,,,1.06,0.44,1.0,0.97,1.32,0.68
Myl6,plex_2,,,,,,,1.04,0.28,0.86,0.78,1.46,0.83
Myl6,plex_2,,,,,,,1.04,0.28,0.86,0.78,1.46,0.83
Txn,plex_2,,,,,,,0.92,0.16,0.84,0.83,0.86,0.65
Gpt,plex_2,,,,,,,1.12,0.44,0.63,0.7,0.94,0.92
Dbt,plex_2,,,,,,,2.57,0.44,1.15,1.19,1.23,0.93
Dbt,plex_2,,,,,,,2.57,0.44,1.15,1.19,1.23,0.93
Pdlim1,plex_2,,,,,,,1.87,0.71,0.33,0.55,1.29,1.59
Pdlim1,plex_2,,,,,,,1.87,0.71,0.33,0.55,1.29,1.59
Pdlim1,plex_2,,,,,,,1.87,0.71,0.33,0.55,1.29,1.59
H2afy,plex_2,,,,,,,0.89,0.55,0.83,0.68,0.94,0.84
H2afy,plex_2,,,,,,,0.89,0.55,0.83,0.68,0.94,0.84
Ank3,plex_2,,,,,,,0.93,0.18,0.58,1.25,0.38,0.31
Psma4,plex_2,,,,,,,0.82,0.15,1.35,0.78,1.19,0.56
Psma4,plex_2,,,,,,,0.82,0.15,1.35,0.78,1.19,0.56
Psma4,plex_2,,,,,,,0.82,0.15,1.35,0.78,1.19,0.56
Gpx3,plex_2,,,,,,,0.87,0.27,0.73,0.54,1.49,0.79
Cct6a,plex_2,,,,,,,1.0,0.18,1.12,0.71,1.23,0.88
Cct6a,plex_2,,,,,,,1.0,0.18,1.12,0.71,1.23,0.88
Cct6a,plex_2,,,,,,,1.0,0.18,1.12,0.71,1.23,0.88
Cct6a,plex_2,,,,,,,1.0,0.18,1.12,0.71,1.23,0.88
Cct6a,plex_2,,,,,,,1.0,0.18,1.12,0.71,1.23,0.88
Bpgm,plex_2,,,,,,,1.28,0.27,1.04,0.77,1.21,0.68
Cops2,plex_2,,,,,,,1.07,0.15,0.79,0.8,1.05,0.69
Cops2,plex_2,,,,,,,1.07,0.15,0.79,0.8,1.05,0.69
Akr1a1,plex_2,,,,,,,0.79,0.31,0.85,0.7,1.14,0.6
Anxa7,plex_2,,,,,,,0.73,0.41,0.68,0.74,1.06,0.48
Pafah1b1,plex_2,,,,,,,0.96,0.71,1.61,0.82,1.03,1.06
Pafah1b1,plex_2,,,,,,,0.96,0.71,1.61,0.82,1.03,1.06
Cct8,plex_2,,,,,,,1.04,0.35,0.74,0.78,1.18,0.75
Txnl1,plex_2,,,,,,,1.03,0.05,0.75,0.66,0.94,0.69
Ndufb6,plex_2,,,,,,,1.29,0.29,0.7,0.54,1.14,1.05
Fhl3,plex_2,,,,,,,0.88,0.27,0.73,0.52,0.81,0.6
Pitpna,plex_2,,,,,,,0.96,0.21,0.93,0.81,1.0,0.67
Pitpna,plex_2,,,,,,,0.96,0.21,0.93,0.81,1.0,0.67
Pitpna,plex_2,,,,,,,0.96,0.21,0.93,0.81,1.0,0.67
Pitpna,plex_2,,,,,,,0.96,0.21,0.93,0.81,1.0,0.67
Pitpna,plex_2,,,,,,,0.96,0.21,0.93,0.81,1.0,0.67
Pitpna,plex_2,,,,,,,0.96,0.21,0.93,0.81,1.0,0.67
Map2k1,plex_2,,,,,,,1.2,0.2,0.94,0.93,1.17,0.8
Map2k1,plex_2,,,,,,,1.2,0.2,0.94,0.93,1.17,0.8
Map2k1,plex_2,,,,,,,1.2,0.2,0.94,0.93,1.17,0.8
Map2k1,plex_2,,,,,,,1.2,0.2,0.94,0.93,1.17,0.8
Ppp1r12b,plex_2,,,,,,,1.42,0.34,0.87,0.8,0.9,0.74
Wars,plex_2,,,,,,,2.18,0.3,1.27,1.15,1.39,0.89
Wars,plex_2,,,,,,,2.18,0.3,1.27,1.15,1.39,0.89
Wars,plex_2,,,,,,,2.18,0.3,1.27,1.15,1.39,0.89
Wars,plex_2,,,,,,,2.18,0.3,1.27,1.15,1.39,0.89
Igk,plex_2,,,,,,,,,,,,
Myh3,plex_2,,,,,,,0.99,0.15,0.63,0.47,2.05,0.38
Ptgr2,plex_2,,,,,,,1.08,0.18,0.92,0.53,1.13,0.54
Ca2,plex_2,,,,,,,1.13,0.38,0.54,0.44,1.77,1.01
Hdhd2,plex_2,,,,,,,0.91,0.46,0.79,0.57,0.8,0.59
Maob,plex_2,,,,,,,1.02,0.32,0.89,0.91,0.96,0.85
Oxsr1,plex_2,,,,,,,0.98,0.28,0.7,0.71,1.06,0.66
Apool,plex_2,,,,,,,0.99,0.54,0.55,0.88,0.79,0.88
Apool,plex_2,,,,,,,0.99,0.54,0.55,0.88,0.79,0.88
Adk,plex_2,,,,,,,1.02,0.3,0.44,0.76,0.98,0.79
Adk,plex_2,,,,,,,1.02,0.3,0.44,0.76,0.98,0.79
Uchl3,plex_2,,,,,,,3.87,,1.26,1.17,1.89,0.92
Nit2,plex_2,,,,,,,1.08,0.43,1.39,0.81,1.27,0.76
Kng1,plex_2,,,,,,,0.7,0.17,0.82,0.51,1.15,0.7
Kng1,plex_2,,,,,,,0.7,0.17,0.82,0.51,1.15,0.7
Prr33,plex_2,,,,,,,0.89,0.39,0.68,0.86,0.99,0.54
Pgls,plex_2,,,,,,,0.93,0.22,0.76,0.61,0.88,0.81
Rpl12,plex_2,,,,,,,0.92,0.3,1.1,0.83,1.1,0.74
Smpx,plex_2,,,,,,,1.15,,1.1,0.96,1.34,0.69
Atp5j2,plex_2,,,,,,,1.3,0.41,0.84,0.5,1.2,1.04
Mapk12,plex_2,,,,,,,1.18,0.24,0.87,0.97,1.18,0.56
Vars,plex_2,,,,,,,0.94,0.47,0.92,0.54,0.85,0.62
Vars,plex_2,,,,,,,0.94,0.47,0.92,0.54,0.85,0.62
Pcbp2,plex_2,,,,,,,0.77,0.54,0.84,0.69,1.39,0.91
Pcbp2,plex_2,,,,,,,0.77,0.54,0.84,0.69,1.39,0.91
Pcbp2,plex_2,,,,,,,0.77,0.54,0.84,0.69,1.39,0.91
Pcbp2,plex_2,,,,,,,0.77,0.54,0.84,0.69,1.39,0.91
Pcbp2,plex_2,,,,,,,0.77,0.54,0.84,0.69,1.39,0.91
Pcbp2,plex_2,,,,,,,0.77,0.54,0.84,0.69,1.39,0.91
Cfl1,plex_2,,,,,,,7.85,0.45,2.63,2.14,3.19,2.4
Ndufa8,plex_2,,,,,,,1.11,0.3,0.92,0.56,0.88,0.84
Tceb2,plex_2,,,,,,,1.26,0.72,1.18,0.87,0.88,0.84
Bcl2l13,plex_2,,,,,,,1.87,,1.39,0.53,1.45,0.87
Bcl2l13,plex_2,,,,,,,1.87,,1.39,0.53,1.45,0.87
Bcl2l13,plex_2,,,,,,,1.87,,1.39,0.53,1.45,0.87
,plex_2,,,,,,,1.84,0.33,0.8,0.4,0.76,1.0
Cul5,plex_2,,,,,,,1.52,0.31,0.98,0.99,1.2,0.91
Psmb2,plex_2,,,,,,,2.49,0.22,1.91,1.06,1.75,1.17
Actr3,plex_2,,,,,,,0.98,0.2,0.91,0.83,0.88,0.82
Rps13,plex_2,,,,,,,0.94,0.24,0.83,0.66,0.9,0.66
Rps13,plex_2,,,,,,,0.94,0.24,0.83,0.66,0.9,0.66
Scrn2,plex_2,,,,,,,0.43,,0.76,0.46,0.64,0.7
Ndufa12,plex_2,,,,,,,0.7,0.4,0.88,0.48,1.12,0.73
Ndufa12,plex_2,,,,,,,0.7,0.4,0.88,0.48,1.12,0.73
Ndufa12,plex_2,,,,,,,0.7,0.4,0.88,0.48,1.12,0.73
Prkab2,plex_2,,,,,,,0.76,2.43,1.01,0.9,0.67,0.37
Cap2,plex_2,,,,,,,1.03,0.14,0.73,0.52,0.94,0.52
Cryz,plex_2,,,,,,,1.31,0.23,0.6,0.83,1.65,0.97
Cryz,plex_2,,,,,,,1.31,0.23,0.6,0.83,1.65,0.97
Cryz,plex_2,,,,,,,1.31,0.23,0.6,0.83,1.65,0.97
Cryz,plex_2,,,,,,,1.31,0.23,0.6,0.83,1.65,0.97
Ube2d3,plex_2,,,,,,,1.3,0.29,0.89,0.81,0.98,0.65
Ube2d3,plex_2,,,,,,,1.3,0.29,0.89,0.81,0.98,0.65
Ube2d3,plex_2,,,,,,,1.3,0.29,0.89,0.81,0.98,0.65
Ube2d3,plex_2,,,,,,,1.3,0.29,0.89,0.81,0.98,0.65
Ube2d3,plex_2,,,,,,,1.3,0.29,0.89,0.81,0.98,0.65
Ndufb11,plex_2,,,,,,,1.87,0.42,1.0,0.6,1.07,1.35
Ndufb11,plex_2,,,,,,,1.87,0.42,1.0,0.6,1.07,1.35
Hnrnpm,plex_2,,,,,,,1.5,0.31,2.26,1.06,2.02,1.1
Hnrnpm,plex_2,,,,,,,1.5,0.31,2.26,1.06,2.02,1.1
Glrx3,plex_2,,,,,,,1.01,0.2,0.66,0.74,1.21,0.8
Trap1,plex_2,,,,,,,0.86,2.4,0.51,0.7,1.1,0.6
Trap1,plex_2,,,,,,,0.86,2.4,0.51,0.7,1.1,0.6
Trap1,plex_2,,,,,,,0.86,2.4,0.51,0.7,1.1,0.6
Trap1,plex_2,,,,,,,0.86,2.4,0.51,0.7,1.1,0.6
Trap1,plex_2,,,,,,,0.86,2.4,0.51,0.7,1.1,0.6
Trap1,plex_2,,,,,,,0.86,2.4,0.51,0.7,1.1,0.6
Psmd7,plex_2,,,,,,,1.65,0.1,1.6,1.44,1.2,1.21
Ehd4,plex_2,,,,,,,1.15,0.31,0.83,1.08,1.33,1.0
Psmc4,plex_2,,,,,,,0.98,0.19,0.66,0.93,1.18,0.78
Psmc4,plex_2,,,,,,,0.98,0.19,0.66,0.93,1.18,0.78
Psmc4,plex_2,,,,,,,0.98,0.19,0.66,0.93,1.18,0.78
Psmc4,plex_2,,,,,,,0.98,0.19,0.66,0.93,1.18,0.78
Psmc4,plex_2,,,,,,,0.98,0.19,0.66,0.93,1.18,0.78
Gm9493,plex_2,,,,,,,1.1,0.2,1.04,0.73,1.11,0.96
Rps7,plex_2,,,,,,,1.1,0.2,1.04,0.73,1.11,0.96
Mif,plex_2,,,,,,,1.41,0.58,0.89,0.76,1.01,0.9
Mybpc1,plex_2,,,,,,,1.4,0.33,,,0.92,1.22
Aars,plex_2,,,,,,,1.24,0.31,1.05,0.83,1.07,0.83
Aars,plex_2,,,,,,,1.24,0.31,1.05,0.83,1.07,0.83
Aars,plex_2,,,,,,,1.24,0.31,1.05,0.83,1.07,0.83
Nars,plex_2,,,,,,,1.33,0.24,0.75,0.75,1.11,0.59
Rpl3l,plex_2,,,,,,,1.1,0.24,0.94,0.85,0.76,0.73
Fkbp1a,plex_2,,,,,,,1.04,0.27,0.83,0.86,1.03,0.65
Fkbp1a,plex_2,,,,,,,1.04,0.27,0.83,0.86,1.03,0.65
Yars,plex_2,,,,,,,1.13,0.28,1.23,0.77,0.87,0.6
Yars,plex_2,,,,,,,1.13,0.28,1.23,0.77,0.87,0.6
Ube2n,plex_2,,,,,,,1.08,0.22,0.72,0.83,1.02,0.61
Pdia6,plex_2,,,,,,,1.02,0.32,0.96,0.83,0.82,0.6
Pdia6,plex_2,,,,,,,1.02,0.32,0.96,0.83,0.82,0.6
Rpl18,plex_2,,,,,,,0.79,,0.8,0.65,0.62,0.92
Klhl31,plex_2,,,,,,,0.74,,0.97,0.98,0.79,0.86
Prkacb,plex_2,,,,,,,2.28,0.4,1.06,0.92,1.53,0.89
Ndufa5,plex_2,,,,,,,1.06,0.32,0.65,0.5,0.86,0.88
Idh1,plex_2,,,,,,,1.12,0.1,0.6,0.63,1.12,0.86
Idh1,plex_2,,,,,,,1.12,0.1,0.6,0.63,1.12,0.86
Idh1,plex_2,,,,,,,1.12,0.1,0.6,0.63,1.12,0.86
Idh1,plex_2,,,,,,,1.12,0.1,0.6,0.63,1.12,0.86
Fermt2,plex_2,,,,,,,0.91,0.18,0.67,0.64,1.14,0.68
Ppp2ca,plex_2,,,,,,,1.31,0.49,0.92,0.96,0.92,0.75
Tubb5,plex_2,,,,,,,0.86,0.1,0.77,0.84,1.24,1.03
Abce1,plex_2,,,,,,,1.13,0.6,1.12,0.67,1.1,0.84
Psma7,plex_2,,,,,,,1.16,0.38,1.26,0.9,1.41,0.84
Eif4b,plex_2,,,,,,,1.33,0.27,0.66,0.87,1.05,0.87
Ighm,plex_2,,,,,,,1.38,,0.73,0.57,1.08,0.93
Ighm,plex_2,,,,,,,1.38,,0.73,0.57,1.08,0.93
Rac1,plex_2,,,,,,,1.17,0.29,0.89,0.77,1.21,0.91
Rac1,plex_2,,,,,,,1.17,0.29,0.89,0.77,1.21,0.91
Rac1,plex_2,,,,,,,1.17,0.29,0.89,0.77,1.21,0.91
Rac1,plex_2,,,,,,,1.17,0.29,0.89,0.77,1.21,0.91
Rac1,plex_2,,,,,,,1.17,0.29,0.89,0.77,1.21,0.91
Tln1,plex_2,,,,,,,0.65,0.19,0.46,0.6,0.9,0.66
Tln1,plex_2,,,,,,,0.65,0.19,0.46,0.6,0.9,0.66
Tln1,plex_2,,,,,,,0.65,0.19,0.46,0.6,0.9,0.66
Rbm3,plex_2,,,,,,,1.04,,,,1.95,
Vapa,plex_2,,,,,,,0.96,0.32,0.82,0.54,0.95,0.5
Adipoq,plex_2,,,,,,,0.8,0.58,0.72,0.74,1.28,0.62
Tns1,plex_2,,,,,,,1.19,0.22,0.65,0.73,0.96,0.92
Tns1,plex_2,,,,,,,1.19,0.22,0.65,0.73,0.96,0.92
Fech,plex_2,,,,,,,1.43,0.28,0.83,0.86,1.22,0.85
Blmh,plex_2,,,,,,,0.82,0.3,0.78,0.81,0.97,0.62
Rps2,plex_2,,,,,,,1.06,0.36,0.94,0.94,0.92,0.69
Rps2,plex_2,,,,,,,1.06,0.36,0.94,0.94,0.92,0.69
Rps2,plex_2,,,,,,,1.06,0.36,0.94,0.94,0.92,0.69
Rps2,plex_2,,,,,,,1.06,0.36,0.94,0.94,0.92,0.69
Rps2,plex_2,,,,,,,1.06,0.36,0.94,0.94,0.92,0.69
Rps2,plex_2,,,,,,,1.06,0.36,0.94,0.94,0.92,0.69
Nutf2,plex_2,,,,,,,0.97,0.22,0.76,0.75,0.89,0.7
,plex_2,,,,,,,0.97,0.22,0.76,0.75,0.89,0.7
Cap1,plex_2,,,,,,,7.69,0.37,3.43,2.47,3.16,3.54
Rab14,plex_2,,,,,,,3.12,,,,1.99,0.59
Kars,plex_2,,,,,,,0.75,0.41,1.0,0.72,0.86,0.69
Rpl6,plex_2,,,,,,,1.08,0.2,0.82,0.92,0.85,0.71
Cyb5r3,plex_2,,,,,,,0.63,0.27,0.63,0.61,0.39,0.29
Cyb5r3,plex_2,,,,,,,0.63,0.27,0.63,0.61,0.39,0.29
Fis1,plex_2,,,,,,,0.82,,0.52,0.51,0.79,0.49
Scp2,plex_2,,,,,,,1.12,0.31,0.88,0.56,0.95,1.0
Scp2,plex_2,,,,,,,1.12,0.31,0.88,0.56,0.95,1.0
Ndufs7,plex_2,,,,,,,0.99,0.21,0.75,0.6,0.89,0.77
Ndufa4,plex_2,,,,,,,0.91,0.38,0.49,0.36,0.76,1.0
Mccc1,plex_2,,,,,,,0.97,0.32,0.78,0.73,1.03,0.98
Acly,plex_2,,,,,,,6.64,0.45,2.72,2.3,3.05,2.38
Acp1,plex_2,,,,,,,0.93,0.23,1.01,0.59,1.27,0.57
Tgm2,plex_2,,,,,,,1.28,0.13,0.54,0.8,1.26,0.9
Tnni1,plex_2,,,,,,,1.92,1.6,0.31,0.2,1.89,1.14
S100a11,plex_2,,,,,,,,,1.0,,,
Mpz,plex_2,,,,,,,0.43,0.17,0.37,0.64,1.45,1.23
Cisd1,plex_2,,,,,,,1.09,0.35,0.73,0.73,1.13,0.79
Psmb4,plex_2,,,,,,,0.9,0.27,0.8,0.59,0.84,0.66
Thop1,plex_2,,,,,,,1.27,0.2,0.64,0.74,0.67,0.73
Thop1,plex_2,,,,,,,1.27,0.2,0.64,0.74,0.67,0.73
Rars,plex_2,,,,,,,0.8,0.25,0.64,0.75,0.9,0.46
Oplah,plex_2,,,,,,,1.56,0.29,1.21,0.94,1.07,0.66
Fkbp3,plex_2,,,,,,,1.46,0.31,0.88,1.03,1.0,0.84
Tuba1a,plex_2,,,,,,,0.8,0.02,0.83,0.71,1.0,0.78
Phpt1,plex_2,,,,,,,1.06,0.24,1.07,0.79,1.08,0.7
Tecr,plex_2,,,,,,,0.79,0.28,0.99,0.56,1.18,0.6
Mpc1,plex_2,,,,,,,1.28,0.2,1.06,0.83,1.2,1.37
Mpc1,plex_2,,,,,,,1.28,0.2,1.06,0.83,1.2,1.37
Nedd4,plex_2,,,,,,,1.62,0.2,1.39,1.14,1.62,0.85
Hmgb1,plex_2,,,,,,,1.4,0.49,0.99,1.02,0.99,0.77
Hmgb1,plex_2,,,,,,,1.4,0.49,0.99,1.02,0.99,0.77
Fgb,plex_2,,,,,,,0.67,,0.53,0.38,0.6,0.58
Ndufa2,plex_2,,,,,,,1.01,0.5,0.86,0.57,1.03,0.93
Pgd,plex_2,,,,,,,0.89,0.18,0.63,0.66,0.74,0.77
Cenpv,plex_2,,,,,,,1.12,0.33,0.99,,0.84,0.9
Gphn,plex_2,,,,,,,0.88,0.3,0.81,0.91,0.81,0.27
Rpl5,plex_2,,,,,,,0.97,0.53,0.69,0.85,1.02,0.79
Rpl5,plex_2,,,,,,,0.97,0.53,0.69,0.85,1.02,0.79
Uqcr10,plex_2,,,,,,,0.75,0.21,0.53,0.36,0.9,1.25
Cav1,plex_2,,,,,,,0.85,0.28,0.73,0.58,0.94,0.68
Serbp1,plex_2,,,,,,,1.11,0.2,0.89,0.65,0.88,0.76
Gars,plex_2,,,,,,,1.65,0.32,0.98,0.8,1.1,0.75
Tcp1,plex_2,,,,,,,0.94,0.45,0.65,0.75,0.87,0.62
Lrrc20,plex_2,,,,,,,0.87,0.76,0.74,0.97,0.82,0.5
Eif4a1,plex_2,,,,,,,1.08,0.22,0.88,0.9,1.19,0.88
Eif4a1,plex_2,,,,,,,1.08,0.22,0.88,0.9,1.19,0.88
Eif4a1,plex_2,,,,,,,1.08,0.22,0.88,0.9,1.19,0.88
Eif4a1,plex_2,,,,,,,1.08,0.22,0.88,0.9,1.19,0.88
Eif4a1,plex_2,,,,,,,1.08,0.22,0.88,0.9,1.19,0.88
Aco1,plex_2,,,,,,,0.84,0.15,0.86,0.67,0.99,1.07
Rps5,plex_2,,,,,,,1.33,0.71,0.95,0.63,1.13,1.03
Rps5,plex_2,,,,,,,1.33,0.71,0.95,0.63,1.13,1.03
Ndufs5,plex_2,,,,,,,0.88,0.33,0.54,0.49,0.85,0.86
Ndufs5,plex_2,,,,,,,0.88,0.33,0.54,0.49,0.85,0.86
Mccc2,plex_2,,,,,,,1.68,0.37,0.6,0.55,0.96,0.82
Ndufb7,plex_2,,,,,,,0.99,,0.72,0.49,0.76,0.9
Fhod1,plex_2,,,,,,,1.16,0.67,0.92,0.95,1.11,0.67
Cct7,plex_2,,,,,,,1.02,0.26,0.86,0.85,0.9,0.78
Cct7,plex_2,,,,,,,1.02,0.26,0.86,0.85,0.9,0.78
Cct7,plex_2,,,,,,,1.02,0.26,0.86,0.85,0.9,0.78
Cct7,plex_2,,,,,,,1.02,0.26,0.86,0.85,0.9,0.78
Cct7,plex_2,,,,,,,1.02,0.26,0.86,0.85,0.9,0.78
Cct7,plex_2,,,,,,,1.02,0.26,0.86,0.85,0.9,0.78
Cct7,plex_2,,,,,,,1.02,0.26,0.86,0.85,0.9,0.78
Rps28,plex_2,,,,,,,1.31,0.08,0.85,0.93,0.93,0.74
Rps28,plex_2,,,,,,,1.31,0.08,0.85,0.93,0.93,0.74
Armt1,plex_2,,,,,,,0.93,0.18,0.71,0.68,0.81,0.58
Hnrnpd,plex_2,,,,,,,1.17,0.44,0.82,0.88,1.46,1.12
Hnrnpd,plex_2,,,,,,,1.17,0.44,0.82,0.88,1.46,1.12
Hnrnpd,plex_2,,,,,,,1.17,0.44,0.82,0.88,1.46,1.12
Hnrnpd,plex_2,,,,,,,1.17,0.44,0.82,0.88,1.46,1.12
Hnrnpd,plex_2,,,,,,,1.17,0.44,0.82,0.88,1.46,1.12
Hnrnpd,plex_2,,,,,,,1.17,0.44,0.82,0.88,1.46,1.12
Hnrnpd,plex_2,,,,,,,1.17,0.44,0.82,0.88,1.46,1.12
Sept2,plex_2,,,,,,,0.64,,0.65,0.63,0.91,0.74
Pdk4,plex_2,,,,,,,1.8,0.43,0.58,0.47,1.29,0.93
Atp2a3,plex_2,,,,,,,,,,,,
Prps1,plex_2,,,,,,,0.72,0.19,0.71,0.71,1.05,0.65
Prps1l3,plex_2,,,,,,,0.72,0.19,0.71,0.71,1.05,0.65
Prps1,plex_2,,,,,,,0.72,0.19,0.71,0.71,1.05,0.65
Prps1,plex_2,,,,,,,0.72,0.19,0.71,0.71,1.05,0.65
Prps1l3,plex_2,,,,,,,0.72,0.19,0.71,0.71,1.05,0.65
Tpp2,plex_2,,,,,,,1.26,0.28,0.82,0.83,1.23,0.65
Tpp2,plex_2,,,,,,,1.26,0.28,0.82,0.83,1.23,0.65
Pdk2,plex_2,,,,,,,1.08,0.43,0.83,0.55,1.04,0.92
Eml2,plex_2,,,,,,,0.84,0.33,0.94,0.94,0.91,0.77
Hnrnpa2b1,plex_2,,,,,,,1.26,0.25,0.85,0.9,1.23,0.82
Hnrnpa2b1,plex_2,,,,,,,1.26,0.25,0.85,0.9,1.23,0.82
Hnrnpa2b1,plex_2,,,,,,,1.26,0.25,0.85,0.9,1.23,0.82
Neb,plex_2,,,,,,,1.29,0.19,0.64,0.97,1.16,0.98
Ckb,plex_2,,,,,,,1.02,0.19,0.81,0.77,1.19,0.99
Acyp1,plex_2,,,,,,,0.79,0.2,0.83,0.61,1.06,0.6
Acyp1,plex_2,,,,,,,0.79,0.2,0.83,0.61,1.06,0.6
Acyp1,plex_2,,,,,,,0.79,0.2,0.83,0.61,1.06,0.6
Nexn,plex_2,,,,,,,1.75,0.28,1.44,0.77,1.14,0.82
Pa2g4,plex_2,,,,,,,0.81,0.27,0.81,0.62,1.01,0.95
Pa2g4,plex_2,,,,,,,0.81,0.27,0.81,0.62,1.01,0.95
Pa2g4,plex_2,,,,,,,0.81,0.27,0.81,0.62,1.01,0.95
Pa2g4,plex_2,,,,,,,0.81,0.27,0.81,0.62,1.01,0.95
Tuba8,plex_2,,,,,,,0.98,0.79,1.59,0.52,1.32,0.57
Ywhaq,plex_2,,,,,,,,,,,,
Ywhaq,plex_2,,,,,,,,,,,,
Gsr,plex_2,,,,,,,1.1,0.5,0.8,0.95,1.32,0.78
Gsr,plex_2,,,,,,,1.1,0.5,0.8,0.95,1.32,0.78
Gsr,plex_2,,,,,,,1.1,0.5,0.8,0.95,1.32,0.78
Gsr,plex_2,,,,,,,1.1,0.5,0.8,0.95,1.32,0.78
Gsr,plex_2,,,,,,,1.1,0.5,0.8,0.95,1.32,0.78
Gsr,plex_2,,,,,,,1.1,0.5,0.8,0.95,1.32,0.78
Nqo2,plex_2,,,,,,,1.03,0.08,0.66,0.87,1.08,0.85
Nqo2,plex_2,,,,,,,1.03,0.08,0.66,0.87,1.08,0.85
Nqo2,plex_2,,,,,,,1.03,0.08,0.66,0.87,1.08,0.85
Psmb5,plex_2,,,,,,,0.7,0.33,0.95,0.58,1.23,0.88
Chchd3,plex_2,,,,,,,1.27,0.41,0.68,0.62,0.99,1.11
Cbr1,plex_2,,,,,,,0.79,0.19,0.67,0.68,1.06,0.64
Dpt,plex_2,,,,,,,0.78,0.31,1.25,1.17,1.37,0.65
Sdpr,plex_2,,,,,,,1.03,0.3,1.02,0.47,1.23,0.73
Map2k6,plex_2,,,,,,,1.21,0.16,0.85,0.72,0.84,0.67
Map2k6,plex_2,,,,,,,1.21,0.16,0.85,0.72,0.84,0.67
Map2k3,plex_2,,,,,,,0.99,0.31,0.73,0.9,0.96,0.7
Map2k3,plex_2,,,,,,,0.99,0.31,0.73,0.9,0.96,0.7
Map2k3,plex_2,,,,,,,0.99,0.31,0.73,0.9,0.96,0.7
Map2k3,plex_2,,,,,,,0.99,0.31,0.73,0.9,0.96,0.7
Endog,plex_2,,,,,,,1.09,0.14,0.8,0.71,0.68,1.18
Cab39,plex_2,,,,,,,1.02,0.14,1.02,0.89,1.07,0.99
Nefh,plex_2,,,,,,,0.82,0.21,0.7,0.65,1.42,0.49
Prkar1a,plex_2,,,,,,,1.21,0.19,1.09,0.68,1.17,0.61
Prkar1a,plex_2,,,,,,,1.21,0.19,1.09,0.68,1.17,0.61
Rpl23,plex_2,,,,,,,0.94,0.29,0.94,0.7,1.1,0.81
Ppp1r7,plex_2,,,,,,,1.08,0.11,0.83,0.94,0.94,0.74
Eif3j1,plex_2,,,,,,,1.43,,0.95,0.68,0.75,0.58
Eif3j2,plex_2,,,,,,,1.43,,0.95,0.68,0.75,0.58
H1f0,plex_2,,,,,,,1.66,0.25,1.11,1.06,1.94,1.46
H1f0,plex_2,,,,,,,1.66,0.25,1.11,1.06,1.94,1.46
Fam213b,plex_2,,,,,,,1.73,0.23,1.36,1.1,0.98,1.06
Mtco1,plex_2,,,,,,,2.03,0.34,0.53,0.93,1.22,0.89
COI,plex_2,,,,,,,2.03,0.34,0.53,0.93,1.22,0.89
Stat5b,plex_2,,,,,,,0.87,0.12,0.78,0.84,1.18,0.61
Hnrnpu,plex_2,,,,,,,1.64,0.26,1.13,1.09,1.67,0.97
Hnrnpu,plex_2,,,,,,,1.64,0.26,1.13,1.09,1.67,0.97
Gm28062,plex_2,,,,,,,1.64,0.26,1.13,1.09,1.67,0.97
Hnrnpu,plex_2,,,,,,,1.64,0.26,1.13,1.09,1.67,0.97
Hnrnpu,plex_2,,,,,,,1.64,0.26,1.13,1.09,1.67,0.97
Hnrnpu,plex_2,,,,,,,1.64,0.26,1.13,1.09,1.67,0.97
Hnrnpu,plex_2,,,,,,,1.64,0.26,1.13,1.09,1.67,0.97
Ywhab,plex_2,,,,,,,0.79,1.36,0.73,0.95,1.51,0.84
Ywhab,plex_2,,,,,,,0.79,1.36,0.73,0.95,1.51,0.84
Farsa,plex_2,,,,,,,1.14,0.38,1.17,0.77,0.57,0.84
Farsa,plex_2,,,,,,,1.14,0.38,1.17,0.77,0.57,0.84
Camk2b,plex_2,,,,,,,1.16,0.23,0.75,0.68,0.94,0.5
Dnajb4,plex_2,,,,,,,1.27,0.27,0.59,0.65,1.16,0.92
Crip2,plex_2,,,,,,,,,,,,
Atad1,plex_2,,,,,,,1.35,0.19,0.61,0.37,0.53,0.57
Rpl32,plex_2,,,,,,,1.06,0.26,1.0,0.46,0.82,0.55
Rpl32,plex_2,,,,,,,1.06,0.26,1.0,0.46,0.82,0.55
Ndufa6,plex_2,,,,,,,0.98,0.3,0.67,0.62,1.14,0.89
Paics,plex_2,,,,,,,1.94,,1.32,1.32,2.35,2.06
Usmg5,plex_2,,,,,,,1.2,0.28,0.48,0.81,1.4,0.86
Prkaa2,plex_2,,,,,,,1.05,0.33,0.7,0.59,0.85,0.52
Rps3a1,plex_2,,,,,,,0.87,0.2,0.92,0.62,0.77,0.65
Rps3a,plex_2,,,,,,,0.87,0.2,0.92,0.62,0.77,0.65
Rps3a1,plex_2,,,,,,,0.87,0.2,0.92,0.62,0.77,0.65
Ube2k,plex_2,,,,,,,1.28,0.04,0.71,0.73,0.97,0.73
Rpl13a,plex_2,,,,,,,0.98,0.17,0.64,0.64,0.91,0.62
Uso1,plex_2,,,,,,,4.16,,1.74,0.89,2.01,1.93
Hspb8,plex_2,,,,,,,0.85,0.19,0.71,0.71,0.9,0.71
Prosc,plex_2,,,,,,,0.8,0.31,0.61,0.69,1.16,0.77
Prosc,plex_2,,,,,,,0.8,0.31,0.61,0.69,1.16,0.77
Prosc,plex_2,,,,,,,0.8,0.31,0.61,0.69,1.16,0.77
Prosc,plex_2,,,,,,,0.8,0.31,0.61,0.69,1.16,0.77
Chmp4b,plex_2,,,,,,,,,,,,
Gbe1,plex_2,,,,,,,1.48,0.37,1.11,0.4,1.7,1.34
Gbe1,plex_2,,,,,,,1.48,0.37,1.11,0.4,1.7,1.34
,plex_2,,,,,,,1.48,0.37,1.11,0.4,1.7,1.34
Gbe1,plex_2,,,,,,,1.48,0.37,1.11,0.4,1.7,1.34
Cilp2,plex_2,,,,,,,0.97,0.67,1.12,0.76,1.9,0.72
Ppib,plex_2,,,,,,,1.0,0.08,0.8,0.9,0.99,0.73
Rpl8,plex_2,,,,,,,0.95,0.15,0.93,0.59,0.79,0.67
Npm1,plex_2,,,,,,,1.41,0.29,0.83,1.67,0.82,0.78
Mtatp8,plex_2,,,,,,,1.3,0.74,0.75,0.52,0.89,1.02
Ctsb,plex_2,,,,,,,2.39,,2.0,1.17,1.76,0.98
Ctsb,plex_2,,,,,,,2.39,,2.0,1.17,1.76,0.98
Myl4,plex_2,,,,,,,1.13,,1.12,1.28,1.87,1.03
Ca1,plex_2,,,,,,,0.69,0.34,0.69,0.49,1.6,0.68
Clybl,plex_2,,,,,,,1.06,0.3,0.74,0.79,0.87,1.02
Coq6,plex_2,,,,,,,1.12,0.33,0.63,0.44,0.84,0.95
Coq6,plex_2,,,,,,,1.12,0.33,0.63,0.44,0.84,0.95
Gmfb,plex_2,,,,,,,1.4,,1.79,0.86,1.2,0.71
Gmfb,plex_2,,,,,,,1.4,,1.79,0.86,1.2,0.71
Gmfb,plex_2,,,,,,,1.4,,1.79,0.86,1.2,0.71
Prune,plex_2,,,,,,,0.78,0.27,0.8,0.56,0.83,0.75
Ndufa11,plex_2,,,,,,,1.5,0.18,0.53,0.7,1.4,1.0
Ndufa11,plex_2,,,,,,,1.5,0.18,0.53,0.7,1.4,1.0
Rtcb,plex_2,,,,,,,1.03,0.39,0.89,0.86,0.74,0.66
Rtcb,plex_2,,,,,,,1.03,0.39,0.89,0.86,0.74,0.66
Mic13,plex_2,,,,,,,1.1,0.46,0.77,0.58,0.78,0.74
Map4,plex_2,,,,,,,1.37,0.31,0.88,0.7,1.09,0.88
Tmem38a,plex_2,,,,,,,1.2,0.06,0.74,0.87,1.17,0.67
Ankrd2,plex_2,,,,,,,1.48,0.42,0.34,0.3,1.07,0.81
Psmb3,plex_2,,,,,,,0.92,,0.88,0.66,0.81,0.6
ND1,plex_2,,,,,,,1.7,0.06,0.59,0.48,1.18,1.05
ND1,plex_2,,,,,,,1.7,0.06,0.59,0.48,1.18,1.05
mt-Nd1,plex_2,,,,,,,1.7,0.06,0.59,0.48,1.18,1.05
mt-Nd1,plex_2,,,,,,,1.7,0.06,0.59,0.48,1.18,1.05
Cdh13,plex_2,,,,,,,0.84,0.12,0.97,0.86,1.14,1.22
Rps12-ps3,plex_2,,,,,,,1.04,0.35,0.91,0.81,0.97,0.78
Psma6,plex_2,,,,,,,0.97,0.1,0.65,0.74,0.83,0.67
Psma6,plex_2,,,,,,,0.97,0.1,0.65,0.74,0.83,0.67
Mpc2,plex_2,,,,,,,1.24,0.25,0.6,0.67,1.08,1.09
Camk2d,plex_2,,,,,,,1.53,0.44,1.11,0.83,1.49,0.81
Camk2d,plex_2,,,,,,,1.53,0.44,1.11,0.83,1.49,0.81
Cyb5b,plex_2,,,,,,,1.51,,,,0.53,1.34
Plin1,plex_2,,,,,,,0.52,0.44,1.46,0.86,2.41,0.82
Cat,plex_2,,,,,,,1.88,0.52,0.51,0.86,1.58,1.17
Tgfbi,plex_2,,,,,,,0.65,0.28,0.86,0.66,0.97,0.67
Tgfbi,plex_2,,,,,,,0.65,0.28,0.86,0.66,0.97,0.67
Tgfbi,plex_2,,,,,,,0.65,0.28,0.86,0.66,0.97,0.67
Tgfbi,plex_2,,,,,,,0.65,0.28,0.86,0.66,0.97,0.67
Glrx,plex_2,,,,,,,1.76,0.26,1.65,1.32,0.91,1.23
Psme1,plex_2,,,,,,,0.99,0.33,1.0,0.83,0.91,1.18
Psme1,plex_2,,,,,,,0.99,0.33,1.0,0.83,0.91,1.18
Oat,plex_2,,,,,,,1.23,0.41,0.88,0.75,1.0,0.81
Rpl22,plex_2,,,,,,,0.93,0.24,0.7,0.78,0.78,0.88
Nsfl1c,plex_2,,,,,,,1.18,0.48,1.0,0.7,1.1,0.84
Nsfl1c,plex_2,,,,,,,1.18,0.48,1.0,0.7,1.1,0.84
Dnm2,plex_2,,,,,,,0.92,0.34,1.09,0.8,0.96,0.77
Dnm2,plex_2,,,,,,,0.92,0.34,1.09,0.8,0.96,0.77
Ywhah,plex_2,,,,,,,1.1,0.69,0.8,0.66,1.1,0.67
Uqcrq,plex_2,,,,,,,0.99,0.24,0.42,0.5,0.81,0.89
H2afj,plex_2,,,,,,,0.95,0.49,0.83,0.53,1.07,0.51
Hist2h2aa1,plex_2,,,,,,,0.95,0.49,0.83,0.53,1.07,0.51
H2afj,plex_2,,,,,,,0.95,0.49,0.83,0.53,1.07,0.51
Hist1h2al,plex_2,,,,,,,0.95,0.49,0.83,0.53,1.07,0.51
Hist2h2ac,plex_2,,,,,,,0.95,0.49,0.83,0.53,1.07,0.51
Hmga1,plex_2,,,,,,,1.36,0.03,0.48,0.79,0.75,0.84
Nploc4,plex_2,,,,,,,0.83,0.19,0.7,0.83,0.76,0.72
Nploc4,plex_2,,,,,,,0.83,0.19,0.7,0.83,0.76,0.72
Nploc4,plex_2,,,,,,,0.83,0.19,0.7,0.83,0.76,0.72
Nploc4,plex_2,,,,,,,0.83,0.19,0.7,0.83,0.76,0.72
Comp,plex_2,,,,,,,1.61,0.45,1.58,1.06,1.34,0.93
Comp,plex_2,,,,,,,1.61,0.45,1.58,1.06,1.34,0.93
Comp,plex_2,,,,,,,1.61,0.45,1.58,1.06,1.34,0.93
,plex_2,,,,,,,1.61,0.45,1.58,1.06,1.34,0.93
Mfap4,plex_2,,,,,,,0.77,0.17,0.92,0.87,1.31,0.94
Rps9,plex_2,,,,,,,1.07,0.2,0.79,0.67,1.08,0.46
Bzw2,plex_2,,,,,,,1.17,0.21,0.78,0.96,1.11,0.8
Actr2,plex_2,,,,,,,0.86,0.31,0.47,0.29,0.97,0.83
Cobl,plex_2,,,,,,,7.55,0.17,3.6,2.14,4.13,3.85
Cobl,plex_2,,,,,,,7.55,0.17,3.6,2.14,4.13,3.85
Sar1a,plex_2,,,,,,,,,,,,
Sar1a,plex_2,,,,,,,,,,,,
Cox6c,plex_2,,,,,,,1.22,0.35,0.7,0.52,0.91,0.93
Shmt1,plex_2,,,,,,,1.98,0.44,0.94,0.91,1.05,1.11
Matr3,plex_2,,,,,,,0.53,,1.01,,,
Eif4h,plex_2,,,,,,,1.09,0.53,1.16,0.62,0.94,0.78
mKIAA0038,plex_2,,,,,,,1.09,0.53,1.16,0.62,0.94,0.78
Eif4h,plex_2,,,,,,,1.09,0.53,1.16,0.62,0.94,0.78
Psmc1,plex_2,,,,,,,1.81,0.36,1.57,0.85,1.13,1.03
Acad8,plex_2,,,,,,,0.81,,,0.47,,
Ilk,plex_2,,,,,,,0.98,0.18,0.64,0.85,0.96,0.71
Impa1,plex_2,,,,,,,0.99,0.12,1.27,0.88,1.35,0.83
Impa1,plex_2,,,,,,,0.99,0.12,1.27,0.88,1.35,0.83
Impa1,plex_2,,,,,,,0.99,0.12,1.27,0.88,1.35,0.83
Impa1,plex_2,,,,,,,0.99,0.12,1.27,0.88,1.35,0.83
Pmpca,plex_2,,,,,,,4.19,0.25,1.48,2.31,2.23,1.98
Dhrs4,plex_2,,,,,,,0.87,0.77,0.11,0.22,0.98,0.76
Dhrs4,plex_2,,,,,,,0.87,0.77,0.11,0.22,0.98,0.76
Spryd4,plex_2,,,,,,,,,,,,
Cul2,plex_2,,,,,,,1.08,0.21,0.35,0.62,0.75,0.49
Cul2,plex_2,,,,,,,1.08,0.21,0.35,0.62,0.75,0.49
Slc4a1,plex_2,,,,,,,0.92,0.26,0.91,0.63,2.01,0.82
Fn1,plex_2,,,,,,,0.72,0.29,1.4,1.25,0.94,0.98
Ech1,plex_2,,,,,,,1.3,0.36,0.59,0.49,1.0,0.64
Ehd1,plex_2,,,,,,,0.88,,,0.61,1.36,0.82
Actg1,plex_2,,,,,,,,,,,,
Dag1,plex_2,,,,,,,1.36,,0.67,0.78,1.17,0.82
Plin3,plex_2,,,,,,,0.74,0.17,0.4,0.67,0.75,0.92
Prep,plex_2,,,,,,,1.39,0.07,1.14,1.13,1.24,1.15
Sun2,plex_2,,,,,,,0.75,0.48,0.6,0.42,0.3,0.61
Sun2,plex_2,,,,,,,0.75,0.48,0.6,0.42,0.3,0.61
Sun2,plex_2,,,,,,,0.75,0.48,0.6,0.42,0.3,0.61
Tagln2,plex_2,,,,,,,0.98,0.38,1.02,0.91,1.26,0.9
Adh1,plex_2,,,,,,,0.92,0.34,0.71,0.66,1.36,0.84
Kif5b,plex_2,,,,,,,0.88,0.28,0.81,0.65,0.86,0.43
Arl6ip5,plex_2,,,,,,,1.08,0.04,0.9,0.57,0.77,0.93
Ipo5,plex_2,,,,,,,0.8,0.29,0.93,0.76,1.01,0.73
Coro6,plex_2,,,,,,,0.94,0.39,0.93,0.95,1.69,0.81
Rpn2,plex_2,,,,,,,0.95,0.34,0.8,0.54,1.07,0.65
Rpn2,plex_2,,,,,,,0.95,0.34,0.8,0.54,1.07,0.65
Rpn2,plex_2,,,,,,,0.95,0.34,0.8,0.54,1.07,0.65
Rpn2,plex_2,,,,,,,0.95,0.34,0.8,0.54,1.07,0.65
Cmpk1,plex_2,,,,,,,0.9,0.23,0.67,0.71,1.07,0.35
Cmpk1,plex_2,,,,,,,0.9,0.23,0.67,0.71,1.07,0.35
Psmd3,plex_2,,,,,,,1.22,0.87,1.82,1.0,1.01,0.99
Psmd3,plex_2,,,,,,,1.22,0.87,1.82,1.0,1.01,0.99
Psmd3,plex_2,,,,,,,1.22,0.87,1.82,1.0,1.01,0.99
Neb,plex_2,,,,,,,1.0,0.15,0.88,0.74,0.82,0.45
Psmd11,plex_2,,,,,,,0.87,0.39,0.86,0.76,1.13,0.69
Psmd11,plex_2,,,,,,,0.87,0.39,0.86,0.76,1.13,0.69
Psmd11,plex_2,,,,,,,0.87,0.39,0.86,0.76,1.13,0.69
Psmd11,plex_2,,,,,,,0.87,0.39,0.86,0.76,1.13,0.69
Psmd11,plex_2,,,,,,,0.87,0.39,0.86,0.76,1.13,0.69
Psmd11,plex_2,,,,,,,0.87,0.39,0.86,0.76,1.13,0.69
Psmd11,plex_2,,,,,,,0.87,0.39,0.86,0.76,1.13,0.69
Psmd11,plex_2,,,,,,,0.87,0.39,0.86,0.76,1.13,0.69
Ak3,plex_2,,,,,,,2.16,0.54,1.44,1.16,1.52,1.45
Ak3,plex_2,,,,,,,2.16,0.54,1.44,1.16,1.52,1.45
Coq10a,plex_2,,,,,,,1.37,0.31,0.59,0.53,1.14,0.79
Ap2b1,plex_2,,,,,,,0.67,1.04,0.96,0.56,0.91,1.27
H3f3a,plex_2,,,,,,,0.82,,0.79,,0.36,
H3f3c,plex_2,,,,,,,0.82,,0.79,,0.36,
Fam213a,plex_2,,,,,,,,,,,1.64,
Fam213a,plex_2,,,,,,,,,,,1.64,
Prph,plex_2,,,,,,,,,,,,
Prph,plex_2,,,,,,,,,,,,
Psmd8,plex_2,,,,,,,0.85,5.43,1.2,0.71,0.89,0.59
Fgg,plex_2,,,,,,,0.92,0.2,0.69,0.69,1.09,0.71
Acot13,plex_2,,,,,,,1.16,0.37,0.58,0.6,1.05,0.76
Slmap,plex_2,,,,,,,1.11,0.53,1.51,0.76,1.05,0.77
Mtdh,plex_2,,,,,,,1.45,0.04,0.47,0.62,1.31,0.82
Ddt,plex_2,,,,,,,1.13,0.64,0.71,0.41,0.8,0.83
Ndufv3,plex_2,,,,,,,1.47,0.16,0.55,0.57,0.9,0.96
Pdcd5,plex_2,,,,,,,1.28,0.59,1.08,0.59,1.24,0.5
Iars2,plex_2,,,,,,,0.93,0.31,0.77,0.84,0.67,0.62
Lrrc59,plex_2,,,,,,,0.85,0.12,0.68,0.54,0.99,0.52
Mavs,plex_2,,,,,,,1.21,0.09,0.68,0.55,1.1,0.92
Rps25,plex_2,,,,,,,0.82,0.15,0.65,0.63,0.72,0.67
Rps3,plex_2,,,,,,,0.74,0.17,0.67,0.69,0.88,0.59
Hist1h1b,plex_2,,,,,,,1.04,0.23,0.57,0.54,0.85,0.83
Capns1,plex_2,,,,,,,0.86,0.1,1.0,0.74,1.59,0.65
Farsb,plex_2,,,,,,,0.75,,0.88,1.15,0.82,0.3
Farsb,plex_2,,,,,,,0.75,,0.88,1.15,0.82,0.3
Farsb,plex_2,,,,,,,0.75,,0.88,1.15,0.82,0.3
Farsb,plex_2,,,,,,,0.75,,0.88,1.15,0.82,0.3
Farsb,plex_2,,,,,,,0.75,,0.88,1.15,0.82,0.3
Psme2,plex_2,,,,,,,,,,,,
PSME2b,plex_2,,,,,,,,,,,,
Ccbl1,plex_2,,,,,,,1.25,0.2,0.84,0.87,1.31,1.21
Cand1,plex_2,,,,,,,1.09,0.32,0.8,1.13,1.11,0.84
Ttn,plex_2,,,,,,,1.12,0.7,1.35,0.7,0.94,0.67
Abcc9,plex_2,,,,,,,1.05,0.07,0.87,0.64,0.76,0.8
Sccpdh,plex_2,,,,,,,1.42,0.23,1.36,0.74,1.3,0.71
Rps11,plex_2,,,,,,,0.65,0.32,0.71,0.66,0.75,0.69
,plex_2,,,,,,,0.65,0.32,0.71,0.66,0.75,0.69
Eif2s3x,plex_2,,,,,,,1.0,0.16,0.8,0.76,1.2,0.43
Eif2s3y,plex_2,,,,,,,1.0,0.16,0.8,0.76,1.2,0.43
Slc25a5,plex_2,,,,,,,0.82,0.33,0.67,0.53,0.93,0.88
Uggt1,plex_2,,,,,,,0.75,0.21,0.76,0.63,0.85,0.42
Slc25a13,plex_2,,,,,,,,,,,,
Slc25a13,plex_2,,,,,,,,,,,,
Fth1,plex_2,,,,,,,0.86,0.23,0.52,0.67,1.15,0.73
Ahcy,plex_2,,,,,,,1.11,0.25,1.23,1.24,1.44,0.87
Ahcy,plex_2,,,,,,,1.11,0.25,1.23,1.24,1.44,0.87
,plex_2,,,,,,,1.11,0.25,1.23,1.24,1.44,0.87
Serpina1d,plex_2,,,,,,,0.57,0.29,1.16,0.9,1.53,0.57
Sgcd,plex_2,,,,,,,0.97,0.2,0.84,0.69,0.69,0.65
Sgcd,plex_2,,,,,,,0.97,0.2,0.84,0.69,0.69,0.65
Cops3,plex_2,,,,,,,1.14,0.3,1.47,0.79,1.14,0.59
Rpl23a,plex_2,,,,,,,1.08,0.12,0.55,0.79,0.81,0.79
Rpl23a-ps3,plex_2,,,,,,,1.08,0.12,0.55,0.79,0.81,0.79
Rpl23a,plex_2,,,,,,,1.08,0.12,0.55,0.79,0.81,0.79
Rpl23a,plex_2,,,,,,,1.08,0.12,0.55,0.79,0.81,0.79
Hnrnpa3,plex_2,,,,,,,1.09,0.28,0.66,0.71,1.02,0.79
Ddx39b,plex_2,,,,,,,0.77,0.07,0.82,0.69,1.02,0.63
Sdhc,plex_2,,,,,,,1.15,0.12,0.58,0.48,0.86,0.92
Sdhc,plex_2,,,,,,,1.15,0.12,0.58,0.48,0.86,0.92
Sdhc,plex_2,,,,,,,1.15,0.12,0.58,0.48,0.86,0.92
Bckdha,plex_2,,,,,,,1.06,,0.4,0.3,0.45,0.85
Bckdha,plex_2,,,,,,,1.06,,0.4,0.3,0.45,0.85
Bckdha,plex_2,,,,,,,1.06,,0.4,0.3,0.45,0.85
Psmd14,plex_2,,,,,,,2.24,0.32,0.78,1.16,1.04,1.07
Slc27a1,plex_2,,,,,,,1.48,0.25,0.42,0.45,1.25,0.78
Slc27a1,plex_2,,,,,,,1.48,0.25,0.42,0.45,1.25,0.78
Ptges2,plex_2,,,,,,,1.53,,1.67,,0.75,0.39
Pura,plex_2,,,,,,,1.11,0.19,0.75,1.03,1.18,0.58
Rpl27,plex_2,,,,,,,1.07,0.23,0.62,0.63,0.8,0.75
Osbp,plex_2,,,,,,,0.74,0.44,0.51,0.71,0.77,0.68
Gsn,plex_2,,,,,,,1.02,0.28,0.91,0.75,1.06,0.78
Gsn,plex_2,,,,,,,1.02,0.28,0.91,0.75,1.06,0.78
Psmd12,plex_2,,,,,,,1.03,0.36,0.87,0.88,1.24,0.9
Tpm3,plex_2,,,,,,,1.75,0.34,0.69,1.26,1.46,1.36
Marcks,plex_2,,,,,,,0.55,0.38,0.83,0.59,0.76,0.49
Glod4,plex_2,,,,,,,0.83,0.3,0.73,0.64,0.93,0.74
Sirt2,plex_2,,,,,,,1.22,,0.4,0.69,0.52,0.6
Sirt2,plex_2,,,,,,,1.22,,0.4,0.69,0.52,0.6
Sirt2,plex_2,,,,,,,1.22,,0.4,0.69,0.52,0.6
Dynll2,plex_2,,,,,,,0.89,0.37,1.1,0.63,0.85,0.57
St13,plex_2,,,,,,,1.01,0.36,0.74,0.59,0.92,0.51
Eif3f,plex_2,,,,,,,5.57,0.77,1.71,2.34,3.38,2.16
Cstb,plex_2,,,,,,,0.85,0.2,0.72,0.78,0.75,0.68
Eif3i,plex_2,,,,,,,1.01,0.58,1.05,1.27,1.02,0.52
Ahsa1,plex_2,,,,,,,0.97,0.38,0.67,0.61,0.89,0.57
Fn3k,plex_2,,,,,,,1.1,0.27,1.14,0.68,1.44,0.99
Hint2,plex_2,,,,,,,,,,,,
Tor1aip1,plex_2,,,,,,,0.9,0.08,0.64,0.69,0.8,0.45
Tor1aip1,plex_2,,,,,,,0.9,0.08,0.64,0.69,0.8,0.45
Eif2s1,plex_2,,,,,,,2.25,0.21,0.74,1.29,2.2,1.48
Napa,plex_2,,,,,,,1.26,0.51,1.52,0.32,0.91,0.42
Aldh5a1,plex_2,,,,,,,,,,,,
Nek7,plex_2,,,,,,,0.59,0.33,0.87,0.73,0.54,0.51
,plex_2,,,,,,,0.59,0.33,0.87,0.73,0.54,0.51
Nek7,plex_2,,,,,,,0.59,0.33,0.87,0.73,0.54,0.51
Nt5c3a,plex_2,,,,,,,1.06,0.19,0.67,0.6,1.0,0.88
Isoc2a,plex_2,,,,,,,1.45,,1.3,,1.54,0.87
Btf3,plex_2,,,,,,,0.85,0.99,1.02,0.97,1.41,
Btf3,plex_2,,,,,,,0.85,0.99,1.02,0.97,1.41,
Obscn,plex_2,,,,,,,1.28,0.25,0.82,0.83,1.39,0.79
Ap2a2,plex_2,,,,,,,1.33,0.24,0.95,1.0,1.11,0.66
Atp1b2,plex_2,,,,,,,1.0,0.33,0.91,0.91,1.0,0.55
Katnal2,plex_2,,,,,,,,,,,,
Rpl38,plex_2,,,,,,,0.82,0.22,0.77,0.72,0.73,0.68
Cox7a1,plex_2,,,,,,,1.51,0.28,0.43,0.38,0.84,1.17
Cox7a1,plex_2,,,,,,,1.51,0.28,0.43,0.38,0.84,1.17
Rab18,plex_2,,,,,,,0.99,,0.67,1.06,0.54,1.15
Pgam1,plex_2,,,,,,,0.76,,0.72,0.87,1.02,1.22
Cops8,plex_2,,,,,,,0.9,0.27,0.7,0.79,0.87,0.6
,plex_2,,,,,,,1.6,0.63,1.53,0.66,1.38,0.62
Ndufc2,plex_2,,,,,,,0.91,0.27,0.84,0.7,0.78,0.79
Ndufc2,plex_2,,,,,,,0.91,0.27,0.84,0.7,0.78,0.79
Strap,plex_2,,,,,,,1.26,,1.16,1.02,1.49,1.25
Ap2m1,plex_2,,,,,,,2.19,0.42,1.81,1.45,1.36,1.68
Ap2m1,plex_2,,,,,,,2.19,0.42,1.81,1.45,1.36,1.68
Cdc42,plex_2,,,,,,,0.94,0.21,0.64,0.59,1.11,0.8
Cdc42,plex_2,,,,,,,0.94,0.21,0.64,0.59,1.11,0.8
Aimp2,plex_2,,,,,,,1.3,,0.89,0.57,0.92,0.48
Canx,plex_2,,,,,,,1.17,0.36,0.71,0.63,1.02,0.88
Eci2,plex_2,,,,,,,1.28,0.22,0.63,0.52,0.9,0.81
Eci2,plex_2,,,,,,,1.28,0.22,0.63,0.52,0.9,0.81
Eci2,plex_2,,,,,,,1.28,0.22,0.63,0.52,0.9,0.81
Emc1,plex_2,,,,,,,0.68,,0.55,0.49,0.85,0.72
Emc1,plex_2,,,,,,,0.68,,0.55,0.49,0.85,0.72
Rps16,plex_2,,,,,,,0.65,,0.58,0.62,0.83,0.52
Rps16,plex_2,,,,,,,0.65,,0.58,0.62,0.83,0.52
Rps16,plex_2,,,,,,,0.65,,0.58,0.62,0.83,0.52
Rps6ka3,plex_2,,,,,,,1.09,,0.8,0.73,1.0,0.26
Actr1b,plex_2,,,,,,,0.87,0.25,1.02,0.63,0.83,0.58
Slc12a2,plex_2,,,,,,,,,,,0.52,
Capg,plex_2,,,,,,,0.97,0.33,0.93,0.93,0.96,0.68
Capg,plex_2,,,,,,,0.97,0.33,0.93,0.93,0.96,0.68
Capg,plex_2,,,,,,,0.97,0.33,0.93,0.93,0.96,0.68
Ndufab1,plex_2,,,,,,,0.94,0.24,0.58,0.5,0.82,1.04
Ndufab1,plex_2,,,,,,,0.94,0.24,0.58,0.5,0.82,1.04
Ndufab1,plex_2,,,,,,,0.94,0.24,0.58,0.5,0.82,1.04
Ndufab1,plex_2,,,,,,,0.94,0.24,0.58,0.5,0.82,1.04
Usp14,plex_2,,,,,,,0.54,,0.44,0.65,0.63,0.28
Usp14,plex_2,,,,,,,0.54,,0.44,0.65,0.63,0.28
Usp14,plex_2,,,,,,,0.54,,0.44,0.65,0.63,0.28
Dctn2,plex_2,,,,,,,1.25,0.05,0.73,0.7,1.2,0.72
Fam49b,plex_2,,,,,,,1.45,,0.93,0.27,1.61,1.08
Anp32a,plex_2,,,,,,,0.78,0.36,0.77,0.65,1.04,0.91
Pon3,plex_2,,,,,,,0.89,0.3,0.7,0.6,1.06,0.72
Cnbp,plex_2,,,,,,,0.86,,0.49,,,
Cnbp,plex_2,,,,,,,0.86,,0.49,,,
Cnbp,plex_2,,,,,,,0.86,,0.49,,,
Tmco1,plex_2,,,,,,,2.15,,1.59,1.47,2.28,1.43
Tmco1,plex_2,,,,,,,2.15,,1.59,1.47,2.28,1.43
Tmco1,plex_2,,,,,,,2.15,,1.59,1.47,2.28,1.43
Asph,plex_2,,,,,,,2.85,0.26,1.15,1.11,1.46,1.0
Cuta,plex_2,,,,,,,0.8,,0.5,0.44,0.87,0.57
Cuta,plex_2,,,,,,,0.8,,0.5,0.44,0.87,0.57
Sars,plex_2,,,,,,,1.03,,0.89,0.39,1.46,0.82
Sars,plex_2,,,,,,,1.03,,0.89,0.39,1.46,0.82
Arpc3,plex_2,,,,,,,1.32,0.4,1.35,1.05,1.06,0.75
Pter,plex_2,,,,,,,,,,,,
Pter,plex_2,,,,,,,,,,,,
Pter,plex_2,,,,,,,,,,,,
Rps17,plex_2,,,,,,,0.81,0.18,0.67,0.63,0.64,0.86
Rps17,plex_2,,,,,,,0.81,0.18,0.67,0.63,0.64,0.86
Nit1,plex_2,,,,,,,,,,,,
Nit1,plex_2,,,,,,,,,,,,
Rpl15,plex_2,,,,,,,1.1,0.15,0.59,0.63,0.89,0.74
Rpl15,plex_2,,,,,,,1.1,0.15,0.59,0.63,0.89,0.74
Gm10020,plex_2,,,,,,,1.1,0.15,0.59,0.63,0.89,0.74
Vps35,plex_2,,,,,,,0.69,3.39,0.51,0.71,1.41,0.63
Vps35,plex_2,,,,,,,0.69,3.39,0.51,0.71,1.41,0.63
Vps35,plex_2,,,,,,,0.69,3.39,0.51,0.71,1.41,0.63
Rsl1d1,plex_2,,,,,,,0.86,0.12,0.73,0.84,1.02,0.88
Gc,plex_2,,,,,,,,,,,,
Rpl10,plex_2,,,,,,,0.91,0.2,0.79,0.67,0.9,0.89
Ctsl,plex_2,,,,,,,1.08,0.12,0.39,0.94,0.77,0.7
Ctsl,plex_2,,,,,,,1.08,0.12,0.39,0.94,0.77,0.7
Ctsl,plex_2,,,,,,,1.08,0.12,0.39,0.94,0.77,0.7
Ctsl,plex_2,,,,,,,1.08,0.12,0.39,0.94,0.77,0.7
Ctsl,plex_2,,,,,,,1.08,0.12,0.39,0.94,0.77,0.7
Ctsl,plex_2,,,,,,,1.08,0.12,0.39,0.94,0.77,0.7
Ctsl,plex_2,,,,,,,1.08,0.12,0.39,0.94,0.77,0.7
Ctsl,plex_2,,,,,,,1.08,0.12,0.39,0.94,0.77,0.7
Epdr1,plex_2,,,,,,,0.74,0.11,0.52,0.53,0.87,0.53
Mtx1,plex_2,,,,,,,1.26,0.26,0.79,0.62,1.11,0.82
Sfpq,plex_2,,,,,,,1.12,0.28,1.07,1.1,1.16,1.02
Arl8b,plex_2,,,,,,,0.87,0.19,0.43,0.63,0.81,0.63
Vps25,plex_2,,,,,,,1.23,0.2,1.0,0.86,0.99,0.84
Vps25,plex_2,,,,,,,1.23,0.2,1.0,0.86,0.99,0.84
Vps25,plex_2,,,,,,,1.23,0.2,1.0,0.86,0.99,0.84
Kpna6,plex_2,,,,,,,1.18,0.13,0.92,0.96,1.08,0.78
Kpna6,plex_2,,,,,,,1.18,0.13,0.92,0.96,1.08,0.78
Map2k4,plex_2,,,,,,,0.89,0.19,0.94,0.86,0.95,0.64
Carkd,plex_2,,,,,,,0.61,0.16,0.65,0.61,0.73,0.42
Carkd,plex_2,,,,,,,0.61,0.16,0.65,0.61,0.73,0.42
Carkd,plex_2,,,,,,,0.61,0.16,0.65,0.61,0.73,0.42
Carkd,plex_2,,,,,,,0.61,0.16,0.65,0.61,0.73,0.42
Carkd,plex_2,,,,,,,0.61,0.16,0.65,0.61,0.73,0.42
Carkd,plex_2,,,,,,,0.61,0.16,0.65,0.61,0.73,0.42
,plex_2,,,,,,,0.97,0.27,0.36,0.47,0.9,0.89
Grb2,plex_2,,,,,,,1.66,0.18,0.67,0.72,0.72,0.65
Hnrnpl,plex_2,,,,,,,1.41,0.17,1.01,1.04,1.23,0.87
Hnrnpl,plex_2,,,,,,,1.41,0.17,1.01,1.04,1.23,0.87
Psmb7,plex_2,,,,,,,0.85,0.69,2.29,0.48,1.2,0.75
Psmb7,plex_2,,,,,,,0.85,0.69,2.29,0.48,1.2,0.75
Mybpc1,plex_2,,,,,,,1.1,0.43,0.94,0.8,1.24,0.87
Ube2d1,plex_2,,,,,,,1.13,0.26,0.65,1.29,1.12,0.87
Slc37a4,plex_2,,,,,,,0.81,0.23,0.62,0.67,0.93,0.45
Slc37a4,plex_2,,,,,,,0.81,0.23,0.62,0.67,0.93,0.45
Rps24,plex_2,,,,,,,1.08,0.14,0.64,0.7,0.74,0.77
Rps24,plex_2,,,,,,,1.08,0.14,0.64,0.7,0.74,0.77
Rps24,plex_2,,,,,,,1.08,0.14,0.64,0.7,0.74,0.77
Col4a2,plex_2,,,,,,,0.59,0.81,0.86,,1.34,0.4
Rap1a,plex_2,,,,,,,1.08,0.2,0.68,0.85,1.27,1.0
Fahd2,plex_2,,,,,,,1.2,0.12,0.92,0.33,1.13,0.71
Fahd2a,plex_2,,,,,,,1.2,0.12,0.92,0.33,1.13,0.71
Cox6a2,plex_2,,,,,,,1.05,0.19,0.59,0.41,0.72,0.93
Cox6a2,plex_2,,,,,,,1.05,0.19,0.59,0.41,0.72,0.93
Apoh,plex_2,,,,,,,1.18,0.23,0.52,0.4,1.05,0.9
Eno1,plex_2,,,,,,,0.83,1.28,1.06,0.76,1.14,0.58
Acad10,plex_2,,,,,,,1.3,0.37,0.71,1.01,1.23,0.69
Eef1a1,plex_2,,,,,,,,,,,,
Eef1a1,plex_2,,,,,,,,,,,,
Eef1a1,plex_2,,,,,,,,,,,,
Eef1a1,plex_2,,,,,,,,,,,,
Gpt2,plex_2,,,,,,,0.65,,0.36,1.01,1.68,0.86
Psmd6,plex_2,,,,,,,0.99,0.23,0.71,0.8,0.94,0.68
Psmd6,plex_2,,,,,,,0.99,0.23,0.71,0.8,0.94,0.68
Syncrip,plex_2,,,,,,,0.93,0.33,1.22,0.7,0.92,0.53
Syncrip,plex_2,,,,,,,0.93,0.33,1.22,0.7,0.92,0.53
Syncrip,plex_2,,,,,,,0.93,0.33,1.22,0.7,0.92,0.53
Syncrip,plex_2,,,,,,,0.93,0.33,1.22,0.7,0.92,0.53
Rpl31,plex_2,,,,,,,1.04,0.27,0.59,0.63,0.92,0.76
Rpl31,plex_2,,,,,,,1.04,0.27,0.59,0.63,0.92,0.76
Rpl31,plex_2,,,,,,,1.04,0.27,0.59,0.63,0.92,0.76
Bdh1,plex_2,,,,,,,1.07,0.42,,0.35,0.51,1.25
Lypla2,plex_2,,,,,,,1.14,0.29,0.99,0.89,0.96,0.67
Atp6v1a,plex_2,,,,,,,0.89,0.43,0.75,1.21,1.05,0.99
Ddx1,plex_2,,,,,,,1.22,0.34,1.11,0.97,1.08,1.11
Lamb1,plex_2,,,,,,,3.41,0.56,2.04,1.43,1.99,1.11
Lamb1,plex_2,,,,,,,3.41,0.56,2.04,1.43,1.99,1.11
Lamb1,plex_2,,,,,,,3.41,0.56,2.04,1.43,1.99,1.11
Lamb1,plex_2,,,,,,,3.41,0.56,2.04,1.43,1.99,1.11
Ddx5,plex_2,,,,,,,0.84,0.23,1.21,0.8,1.72,1.09
Smtnl2,plex_2,,,,,,,1.17,0.37,1.23,0.81,0.96,0.62
C1qbp,plex_2,,,,,,,0.94,0.24,0.44,0.5,0.65,0.61
Eif2s2,plex_2,,,,,,,1.25,,0.89,1.01,1.53,1.02
Nol3,plex_2,,,,,,,,,,,,
Nol3,plex_2,,,,,,,,,,,,
Nol3,plex_2,,,,,,,,,,,,
Hagh,plex_2,,,,,,,1.0,0.3,0.68,0.74,1.03,0.73
Hagh,plex_2,,,,,,,1.0,0.3,0.68,0.74,1.03,0.73
Sri,plex_2,,,,,,,0.35,,1.02,0.68,0.65,0.91
Sri,plex_2,,,,,,,0.35,,1.02,0.68,0.65,0.91
Coq7,plex_2,,,,,,,0.95,0.34,0.6,0.44,0.93,1.25
Coq7,plex_2,,,,,,,0.95,0.34,0.6,0.44,0.93,1.25
Coq7,plex_2,,,,,,,0.95,0.34,0.6,0.44,0.93,1.25
Tubb3,plex_2,,,,,,,0.1,,0.16,0.34,0.79,0.51
H2afx,plex_2,,,,,,,,,,,,
Zbed5,plex_2,,,,,,,0.97,0.5,0.95,1.03,0.71,0.76
Zbed5,plex_2,,,,,,,0.97,0.5,0.95,1.03,0.71,0.76
Ddx6,plex_2,,,,,,,,,,,,
Aprt,plex_2,,,,,,,,,,,,
Hmgcl,plex_2,,,,,,,1.28,0.3,1.14,0.66,1.52,1.3
Hmgcl,plex_2,,,,,,,1.28,0.3,1.14,0.66,1.52,1.3
Hmox2,plex_2,,,,,,,0.95,0.6,0.46,0.99,0.85,0.62
Ktn1,plex_2,,,,,,,,,,,,
Ktn1,plex_2,,,,,,,,,,,,
Ktn1,plex_2,,,,,,,,,,,,
Ktn1,plex_2,,,,,,,,,,,,
Ago2,plex_2,,,,,,,1.98,0.44,1.09,0.97,1.21,1.08
Ncln,plex_2,,,,,,,0.35,,,,,
Ncln,plex_2,,,,,,,0.35,,,,,
Tfam,plex_2,,,,,,,1.09,0.29,0.67,0.41,0.68,0.59
Tfam,plex_2,,,,,,,1.09,0.29,0.67,0.41,0.68,0.59
Tfam,plex_2,,,,,,,1.09,0.29,0.67,0.41,0.68,0.59
Tfam,plex_2,,,,,,,1.09,0.29,0.67,0.41,0.68,0.59
Gpx1,plex_2,,,,,,,1.03,0.57,1.68,0.94,1.59,0.8
Denr,plex_2,,,,,,,0.91,0.58,2.2,0.55,0.79,0.38
Cbr4,plex_2,,,,,,,,,,,,
Rps4l,plex_2,,,,,,,1.14,0.34,1.1,0.84,1.18,0.71
Acad9,plex_2,,,,,,,0.64,0.17,0.45,0.51,0.62,0.44
Cbfb,plex_2,,,,,,,,,,,,
Hsp90b1,plex_2,,,,,,,0.76,0.33,0.93,0.79,1.0,0.52
Lgalsl,plex_2,,,,,,,0.93,,,,1.12,0.51
Hdgf,plex_2,,,,,,,1.33,,0.29,0.34,1.38,0.65
Anxa1,plex_2,,,,,,,1.16,0.33,1.26,0.84,0.82,0.75
Fundc2,plex_2,,,,,,,1.03,0.4,0.5,0.73,1.18,0.95
Otub1,plex_2,,,,,,,1.07,0.15,0.59,0.61,0.7,0.61
Otub1,plex_2,,,,,,,1.07,0.15,0.59,0.61,0.7,0.61
Ostf1,plex_2,,,,,,,1.46,,0.41,,1.67,
Nap1l1,plex_2,,,,,,,1.24,1.02,0.76,0.86,0.85,0.57
Nap1l1,plex_2,,,,,,,1.24,1.02,0.76,0.86,0.85,0.57
Nap1l1,plex_2,,,,,,,1.24,1.02,0.76,0.86,0.85,0.57
Nap1l1,plex_2,,,,,,,1.24,1.02,0.76,0.86,0.85,0.57
Capn3,plex_2,,,,,,,1.65,0.2,0.82,0.91,0.75,0.82
Nedd8,plex_2,,,,,,,0.69,0.34,1.2,0.67,1.27,0.78
HC,plex_2,,,,,,,2.82,,,0.79,2.14,2.37
Taco1,plex_2,,,,,,,,,,,,
Ccbl2,plex_2,,,,,,,1.59,0.36,0.56,0.61,1.33,1.4
Ccbl2,plex_2,,,,,,,1.59,0.36,0.56,0.61,1.33,1.4
Ccbl2,plex_2,,,,,,,1.59,0.36,0.56,0.61,1.33,1.4
Sh3bgrl,plex_2,,,,,,,,,,,,
Sh3bgrl,plex_2,,,,,,,,,,,,
Twf2,plex_2,,,,,,,,,,,,
Twf2,plex_2,,,,,,,,,,,,
Sumo2,plex_2,,,,,,,0.95,0.16,1.2,0.81,0.6,1.16
Sumo3,plex_2,,,,,,,0.95,0.16,1.2,0.81,0.6,1.16
Sumo3,plex_2,,,,,,,0.95,0.16,1.2,0.81,0.6,1.16
Lactb,plex_2,,,,,,,4.31,0.32,1.38,1.34,1.73,1.46
Ak2,plex_2,,,,,,,0.83,,0.55,1.07,0.84,0.65
Ak2,plex_2,,,,,,,0.83,,0.55,1.07,0.84,0.65
Stbd1,plex_2,,,,,,,2.21,0.39,1.18,1.19,1.25,0.87
Stbd1,plex_2,,,,,,,2.21,0.39,1.18,1.19,1.25,0.87
Gcdh,plex_2,,,,,,,0.99,,1.01,,1.09,0.86
Gcdh,plex_2,,,,,,,0.99,,1.01,,1.09,0.86
Gcdh,plex_2,,,,,,,0.99,,1.01,,1.09,0.86
Cast,plex_2,,,,,,,0.93,0.39,0.67,0.62,0.56,0.71
Cast,plex_2,,,,,,,0.93,0.39,0.67,0.62,0.56,0.71
Cast,plex_2,,,,,,,0.93,0.39,0.67,0.62,0.56,0.71
Cast,plex_2,,,,,,,0.93,0.39,0.67,0.62,0.56,0.71
Snx3,plex_2,,,,,,,0.84,0.24,0.64,0.69,0.84,0.65
Pdcd6ip,plex_2,,,,,,,1.15,0.16,0.84,0.69,0.97,0.77
Pdcd6ip,plex_2,,,,,,,1.15,0.16,0.84,0.69,0.97,0.77
Sgcg,plex_2,,,,,,,1.95,0.16,1.21,1.73,2.14,2.39
Sgcg,plex_2,,,,,,,1.95,0.16,1.21,1.73,2.14,2.39
Mat2a,plex_2,,,,,,,,,,,,
Mvp,plex_2,,,,,,,1.22,,1.23,1.09,0.92,0.71
Mvp,plex_2,,,,,,,1.22,,1.23,1.09,0.92,0.71
Mvp,plex_2,,,,,,,1.22,,1.23,1.09,0.92,0.71
Mvp,plex_2,,,,,,,1.22,,1.23,1.09,0.92,0.71
Mvp,plex_2,,,,,,,1.22,,1.23,1.09,0.92,0.71
Vat1,plex_2,,,,,,,6.28,0.27,0.63,1.28,3.0,2.68
Vat1,plex_2,,,,,,,6.28,0.27,0.63,1.28,3.0,2.68
Vat1,plex_2,,,,,,,6.28,0.27,0.63,1.28,3.0,2.68
Vat1,plex_2,,,,,,,6.28,0.27,0.63,1.28,3.0,2.68
Kctd12,plex_2,,,,,,,0.8,0.42,0.88,0.9,0.91,0.72
Kctd12,plex_2,,,,,,,0.8,0.42,0.88,0.9,0.91,0.72
Gmps,plex_2,,,,,,,1.31,0.11,0.93,0.91,1.08,0.82
Rpl35a,plex_2,,,,,,,0.83,0.15,0.43,0.76,0.83,0.45
Rpl35a,plex_2,,,,,,,0.83,0.15,0.43,0.76,0.83,0.45
Rpl35a,plex_2,,,,,,,0.83,0.15,0.43,0.76,0.83,0.45
Msrb3,plex_2,,,,,,,0.84,,0.84,0.64,0.77,0.43
Msrb3,plex_2,,,,,,,0.84,,0.84,0.64,0.77,0.43
H2afz,plex_2,,,,,,,1.16,0.44,0.92,1.04,1.7,0.9
H2afv,plex_2,,,,,,,1.16,0.44,0.92,1.04,1.7,0.9
Apmap,plex_2,,,,,,,0.59,0.22,0.69,0.79,1.41,0.58
Timm50,plex_2,,,,,,,0.97,,0.87,0.74,1.34,0.86
Nucb1,plex_2,,,,,,,,,,,,
Hook3,plex_2,,,,,,,0.96,0.68,0.67,0.55,1.37,0.66
Pm20d2,plex_2,,,,,,,,,,,,
Pcyox1,plex_2,,,,,,,8.39,0.13,1.89,0.98,3.22,3.21
Pcyox1,plex_2,,,,,,,8.39,0.13,1.89,0.98,3.22,3.21
Pcyox1,plex_2,,,,,,,8.39,0.13,1.89,0.98,3.22,3.21
Pcyox1,plex_2,,,,,,,8.39,0.13,1.89,0.98,3.22,3.21
Marc2,plex_2,,,,,,,0.97,0.17,0.79,0.87,1.04,0.93
Tst,plex_2,,,,,,,,,1.61,0.6,1.66,0.95
Mdp1,plex_2,,,,,,,0.96,0.45,0.96,0.84,0.96,1.04
Pfkfb1,plex_2,,,,,,,1.47,0.1,1.07,1.14,1.39,0.96
Capza1,plex_2,,,,,,,1.31,0.48,1.43,1.21,0.82,1.45
Sept7,plex_2,,,,,,,0.83,0.19,0.75,0.71,1.57,0.77
Mtnd5,plex_2,,,,,,,1.0,,0.65,0.73,0.79,0.69
Stoml2,plex_2,,,,,,,0.75,0.22,0.69,0.74,0.72,0.69
Anxa3,plex_2,,,,,,,0.98,,0.47,0.92,0.86,0.7
Srsf7,plex_2,,,,,,,,,,,,
Srsf7,plex_2,,,,,,,,,,,,
Lancl1,plex_2,,,,,,,0.87,,0.42,,,0.85
Tubb2a,plex_2,,,,,,,0.33,0.18,0.76,0.43,1.32,0.85
Tubb2b,plex_2,,,,,,,0.33,0.18,0.76,0.43,1.32,0.85
Neb,plex_2,,,,,,,0.91,0.2,0.91,0.85,0.9,0.41
Tmed10,plex_2,,,,,,,1.08,0.19,0.66,0.83,1.04,0.7
0610011F06Rik,plex_2,,,,,,,1.07,,0.93,0.79,0.88,0.74
,plex_2,,,,,,,1.07,,0.93,0.79,0.88,0.74
0610011F06Rik,plex_2,,,,,,,1.07,,0.93,0.79,0.88,0.74
Rpl10a,plex_2,,,,,,,1.12,0.37,0.75,0.8,0.94,0.73
Rpl10a,plex_2,,,,,,,1.12,0.37,0.75,0.8,0.94,0.73
Rpl10a,plex_2,,,,,,,1.12,0.37,0.75,0.8,0.94,0.73
Gps1,plex_2,,,,,,,1.09,0.34,1.04,1.09,0.75,0.77
Gps1,plex_2,,,,,,,1.09,0.34,1.04,1.09,0.75,0.77
Ftl2,plex_2,,,,,,,0.64,0.32,0.76,0.6,1.28,0.34
Ubac1,plex_2,,,,,,,,,,,,
Vwa8,plex_2,,,,,,,0.93,0.24,0.67,0.8,1.11,0.66
Rpl24,plex_2,,,,,,,0.73,0.28,0.65,0.65,0.81,0.78
Alpk3,plex_2,,,,,,,0.94,,0.76,0.75,1.6,0.38
Surf4,plex_2,,,,,,,0.82,0.43,0.49,0.7,0.9,0.52
Surf4,plex_2,,,,,,,0.82,0.43,0.49,0.7,0.9,0.52
Plcd4,plex_2,,,,,,,,,,,,
Plcd4,plex_2,,,,,,,,,,,,
Plcd4,plex_2,,,,,,,,,,,,
Vps4b,plex_2,,,,,,,1.02,0.42,1.61,0.75,1.11,0.91
Serpinc1,plex_2,,,,,,,0.96,0.25,0.82,1.14,1.54,0.6
Svil,plex_2,,,,,,,1.79,,0.78,0.86,1.42,0.52
Rab6a,plex_2,,,,,,,5.91,,,,2.34,1.06
Rab6a,plex_2,,,,,,,5.91,,,,2.34,1.06
Acyp2,plex_2,,,,,,,2.9,0.6,1.42,1.05,1.37,0.93
Cox7c,plex_2,,,,,,,0.73,0.47,0.38,0.41,0.88,0.81
Col5a1,plex_2,,,,,,,0.81,0.27,0.56,0.74,1.1,0.68
Aqp1,plex_2,,,,,,,1.08,0.19,0.53,0.67,0.84,0.8
Aqp1,plex_2,,,,,,,1.08,0.19,0.53,0.67,0.84,0.8
Dnajb11,plex_2,,,,,,,,,,,,
Serpina1b,plex_2,,,,,,,0.8,0.23,0.87,0.73,1.15,0.79
Drg1,plex_2,,,,,,,,,,,,
Postn,plex_2,,,,,,,0.37,0.2,0.19,0.47,1.1,0.47
Postn,plex_2,,,,,,,0.37,0.2,0.19,0.47,1.1,0.47
Postn,plex_2,,,,,,,0.37,0.2,0.19,0.47,1.1,0.47
Postn,plex_2,,,,,,,0.37,0.2,0.19,0.47,1.1,0.47
Tmx4,plex_2,,,,,,,0.65,1.11,1.17,,1.2,0.32
Tmx4,plex_2,,,,,,,0.65,1.11,1.17,,1.2,0.32
Dusp23,plex_2,,,,,,,1.84,,1.18,,1.01,1.03
Rmdn1,plex_2,,,,,,,0.95,0.34,0.81,0.67,0.49,0.51
Uqcr11,plex_2,,,,,,,0.64,0.28,0.5,0.45,1.05,1.18
Gsta4,plex_2,,,,,,,1.53,0.31,0.99,0.99,1.48,1.23
Tarsl2,plex_2,,,,,,,1.34,0.2,0.83,1.0,0.9,0.31
Ndufa1,plex_2,,,,,,,0.71,,1.17,,0.83,1.32
Itpa,plex_2,,,,,,,0.98,0.13,0.71,0.74,1.0,0.77
H2-K1,plex_2,,,,,,,0.7,0.49,0.78,1.12,0.99,0.29
Rpl35,plex_2,,,,,,,1.06,0.3,0.76,0.51,0.75,0.65
Rps19,plex_2,,,,,,,0.68,0.19,0.76,0.64,1.03,0.78
Rps19,plex_2,,,,,,,0.68,0.19,0.76,0.64,1.03,0.78
Rps19,plex_2,,,,,,,0.68,0.19,0.76,0.64,1.03,0.78
Rps19,plex_2,,,,,,,0.68,0.19,0.76,0.64,1.03,0.78
Rps19,plex_2,,,,,,,0.68,0.19,0.76,0.64,1.03,0.78
Rps19,plex_2,,,,,,,0.68,0.19,0.76,0.64,1.03,0.78
Mff,plex_2,,,,,,,0.77,0.26,0.57,0.85,1.04,0.51
Srpra,plex_2,,,,,,,1.19,,0.56,1.17,1.12,0.82
H2-Ke6,plex_2,,,,,,,1.44,0.48,0.66,0.55,2.33,0.99
H2-Ke6,plex_2,,,,,,,1.44,0.48,0.66,0.55,2.33,0.99
Hsd17b8,plex_2,,,,,,,1.44,0.48,0.66,0.55,2.33,0.99
Hsd17b8,plex_2,,,,,,,1.44,0.48,0.66,0.55,2.33,0.99
Tpm4,plex_2,,,,,,,1.15,0.28,0.47,1.16,1.48,1.07
fau,plex_2,,,,,,,1.08,0.03,0.78,0.48,0.67,0.75
fau,plex_2,,,,,,,1.08,0.03,0.78,0.48,0.67,0.75
Fau,plex_2,,,,,,,1.08,0.03,0.78,0.48,0.67,0.75
Fau,plex_2,,,,,,,1.08,0.03,0.78,0.48,0.67,0.75
,plex_2,,,,,,,1.08,0.03,0.78,0.48,0.67,0.75
Tmem143,plex_2,,,,,,,,,,,,
Tmem143,plex_2,,,,,,,,,,,,
Tmem143,plex_2,,,,,,,,,,,,
Aarsd1,plex_2,,,,,,,,,,,,
Slc2a4,plex_2,,,,,,,1.4,0.52,0.93,0.95,1.18,0.92
Uchl1,plex_2,,,,,,,1.45,1.05,1.42,0.86,2.02,0.76
Atox1,plex_2,,,,,,,1.58,0.24,1.43,0.96,1.22,0.77
Mylpf,plex_2,,,,,,,0.77,0.78,0.61,0.82,1.12,0.53
Prdx4,plex_2,,,,,,,,,,,,
Prdx4,plex_2,,,,,,,,,,,,
G3bp1,plex_2,,,,,,,0.97,0.35,0.96,0.66,0.95,0.83
G3bp1,plex_2,,,,,,,0.97,0.35,0.96,0.66,0.95,0.83
Rbmx,plex_2,,,,,,,1.18,0.4,0.81,0.64,1.08,0.76
Hspa12b,plex_2,,,,,,,1.21,,,,0.61,0.5
Mecr,plex_2,,,,,,,,,,,,
Rtca,plex_2,,,,,,,1.2,,0.99,0.42,1.32,0.37
RtcA,plex_2,,,,,,,1.2,,0.99,0.42,1.32,0.37
Rtca,plex_2,,,,,,,1.2,,0.99,0.42,1.32,0.37
Rtca,plex_2,,,,,,,1.2,,0.99,0.42,1.32,0.37
Rtca,plex_2,,,,,,,1.2,,0.99,0.42,1.32,0.37
Rpl18a,plex_2,,,,,,,1.18,0.33,0.71,0.49,0.86,0.7
Rpl18a,plex_2,,,,,,,1.18,0.33,0.71,0.49,0.86,0.7
Tapt1,plex_2,,,,,,,0.6,,0.68,0.65,0.58,0.47
Micu3,plex_2,,,,,,,3.61,0.68,3.12,,3.21,3.15
Arpc4,plex_2,,,,,,,0.85,0.17,0.93,0.86,1.11,0.64
Arpc4,plex_2,,,,,,,0.85,0.17,0.93,0.86,1.11,0.64
Arpc4,plex_2,,,,,,,0.85,0.17,0.93,0.86,1.11,0.64
Arpc4,plex_2,,,,,,,0.85,0.17,0.93,0.86,1.11,0.64
Mapre3,plex_2,,,,,,,0.71,0.15,0.67,0.54,0.98,0.56
Mapre3,plex_2,,,,,,,0.71,0.15,0.67,0.54,0.98,0.56
Dctn3,plex_2,,,,,,,0.92,,,,1.1,1.09
Dctn3,plex_2,,,,,,,0.92,,,,1.1,1.09
Lamp1,plex_2,,,,,,,0.9,,0.81,,0.4,0.78
Lamp1,plex_2,,,,,,,0.9,,0.81,,0.4,0.78
Lamp1,plex_2,,,,,,,0.9,,0.81,,0.4,0.78
Lamp1,plex_2,,,,,,,0.9,,0.81,,0.4,0.78
Tmem182,plex_2,,,,,,,0.86,,0.89,0.92,1.3,0.8
Rps10,plex_2,,,,,,,0.91,0.3,1.05,0.77,0.97,0.56
Rps10,plex_2,,,,,,,0.91,0.3,1.05,0.77,0.97,0.56
Myl9,plex_2,,,,,,,0.44,,0.54,0.52,1.49,0.25
Ube2m,plex_2,,,,,,,0.9,0.26,0.72,0.65,0.91,0.73
Eri3,plex_2,,,,,,,,,0.67,,0.76,0.73
Eri3,plex_2,,,,,,,,,0.67,,0.76,0.73
Eri3,plex_2,,,,,,,,,0.67,,0.76,0.73
Gstk1,plex_2,,,,,,,0.94,0.11,0.55,0.51,1.36,0.77
Fsd2,plex_2,,,,,,,0.91,0.22,0.6,0.86,0.9,0.66
Fsd2,plex_2,,,,,,,0.91,0.22,0.6,0.86,0.9,0.66
Fsd2,plex_2,,,,,,,0.91,0.22,0.6,0.86,0.9,0.66
Qars,plex_2,,,,,,,1.69,,1.02,1.74,0.87,1.09
Qars,plex_2,,,,,,,1.69,,1.02,1.74,0.87,1.09
Qars,plex_2,,,,,,,1.69,,1.02,1.74,0.87,1.09
Qars,plex_2,,,,,,,1.69,,1.02,1.74,0.87,1.09
Qars,plex_2,,,,,,,1.69,,1.02,1.74,0.87,1.09
Carns1,plex_2,,,,,,,0.94,0.55,0.57,0.57,0.5,0.91
Carns1,plex_2,,,,,,,0.94,0.55,0.57,0.57,0.5,0.91
Carns1,plex_2,,,,,,,0.94,0.55,0.57,0.57,0.5,0.91
Serpina1a,plex_2,,,,,,,,,,,1.71,
Letm1,plex_2,,,,,,,0.76,0.46,1.15,0.94,1.09,0.44
Xdh,plex_2,,,,,,,,,,,,
Mylk,plex_2,,,,,,,1.19,0.12,0.47,0.87,0.88,0.52
Rps18,plex_2,,,,,,,0.94,,0.64,0.9,0.79,0.58
Rps18-ps3,plex_2,,,,,,,0.94,,0.64,0.9,0.79,0.58
Rps18,plex_2,,,,,,,0.94,,0.64,0.9,0.79,0.58
Gm10260,plex_2,,,,,,,0.94,,0.64,0.9,0.79,0.58
Dnpep,plex_2,,,,,,,1.25,,0.76,0.8,,0.59
Serpinf1,plex_2,,,,,,,1.49,0.13,0.96,0.75,1.12,1.19
Tardbp,plex_2,,,,,,,1.07,0.3,1.09,0.65,0.89,0.66
Tardbp,plex_2,,,,,,,1.07,0.3,1.09,0.65,0.89,0.66
Tardbp,plex_2,,,,,,,1.07,0.3,1.09,0.65,0.89,0.66
Tardbp,plex_2,,,,,,,1.07,0.3,1.09,0.65,0.89,0.66
Tardbp,plex_2,,,,,,,1.07,0.3,1.09,0.65,0.89,0.66
Usp47,plex_2,,,,,,,0.89,0.52,0.33,0.61,1.31,0.74
Usp47,plex_2,,,,,,,0.89,0.52,0.33,0.61,1.31,0.74
Slc16a3,plex_2,,,,,,,0.96,0.11,0.7,0.81,0.94,0.51
Slc16a3,plex_2,,,,,,,0.96,0.11,0.7,0.81,0.94,0.51
Tmem109,plex_2,,,,,,,0.91,0.21,0.87,0.75,1.27,0.64
Slc25a20,plex_2,,,,,,,1.47,0.48,0.72,1.04,1.48,1.27
Slc25a20,plex_2,,,,,,,1.47,0.48,0.72,1.04,1.48,1.27
Myh13,plex_2,,,,,,,0.7,0.31,0.87,0.66,0.92,0.6
Ppm1b,plex_2,,,,,,,1.45,0.34,0.79,0.81,1.24,0.78
Ppm1b,plex_2,,,,,,,1.45,0.34,0.79,0.81,1.24,0.78
Rps20,plex_2,,,,,,,0.77,0.32,0.59,0.75,1.0,0.6
Rhoc,plex_2,,,,,,,0.94,0.25,0.76,0.83,0.99,0.93
Ranbp1,plex_2,,,,,,,0.95,0.16,0.44,,0.78,0.83
Ranbp1,plex_2,,,,,,,0.95,0.16,0.44,,0.78,0.83
Eif3h,plex_2,,,,,,,1.12,0.14,0.74,0.73,1.05,0.49
Eif3h,plex_2,,,,,,,1.12,0.14,0.74,0.73,1.05,0.49
Eif3h,plex_2,,,,,,,1.12,0.14,0.74,0.73,1.05,0.49
Eif3h,plex_2,,,,,,,1.12,0.14,0.74,0.73,1.05,0.49
Eif3h,plex_2,,,,,,,1.12,0.14,0.74,0.73,1.05,0.49
Gapdh,plex_2,,,,,,,1.6,0.4,1.33,1.82,1.68,1.07
Prpsap1,plex_2,,,,,,,,,,,,
Prpsap1,plex_2,,,,,,,,,,,,
Prpsap1,plex_2,,,,,,,,,,,,
Prpsap1,plex_2,,,,,,,,,,,,
Prpsap1,plex_2,,,,,,,,,,,,
Ank1,plex_2,,,,,,,,,,,,
Asb2,plex_2,,,,,,,6.27,0.18,1.09,2.44,1.74,2.09
Asb2,plex_2,,,,,,,6.27,0.18,1.09,2.44,1.74,2.09
Vps29,plex_2,,,,,,,1.45,0.42,1.44,1.17,0.96,0.76
Vps29,plex_2,,,,,,,1.45,0.42,1.44,1.17,0.96,0.76
Vps29,plex_2,,,,,,,1.45,0.42,1.44,1.17,0.96,0.76
Vps29,plex_2,,,,,,,1.45,0.42,1.44,1.17,0.96,0.76
Acaa1a,plex_2,,,,,,,,,,,,
Psmb6,plex_2,,,,,,,0.93,,0.83,0.59,0.92,0.65
Opa1,plex_2,,,,,,,0.79,0.2,0.72,0.65,1.18,0.68
Opa1,plex_2,,,,,,,0.79,0.2,0.72,0.65,1.18,0.68
Rps8,plex_2,,,,,,,0.53,,1.03,0.43,0.67,0.72
Rps8,plex_2,,,,,,,0.53,,1.03,0.43,0.67,0.72
Kcnj11,plex_2,,,,,,,1.38,,1.12,0.82,1.37,1.06
Kcnj11,plex_2,,,,,,,1.38,,1.12,0.82,1.37,1.06
Ovos,plex_2,,,,,,,1.06,0.46,1.55,1.03,1.78,0.64
Dynlrb1,plex_2,,,,,,,,,,,,
Dynlrb1,plex_2,,,,,,,,,,,,
Hist1h1d,plex_2,,,,,,,1.27,0.32,0.7,0.62,1.25,0.87
Serpinh1,plex_2,,,,,,,1.15,0.33,0.99,0.95,1.03,0.75
Serpinh1,plex_2,,,,,,,1.15,0.33,0.99,0.95,1.03,0.75
Serpinh1,plex_2,,,,,,,1.15,0.33,0.99,0.95,1.03,0.75
Serpinh1,plex_2,,,,,,,1.15,0.33,0.99,0.95,1.03,0.75
Serpinh1,plex_2,,,,,,,1.15,0.33,0.99,0.95,1.03,0.75
Serpinh1,plex_2,,,,,,,1.15,0.33,0.99,0.95,1.03,0.75
Hsph1,plex_2,,,,,,,1.39,,,0.81,1.32,0.69
Hsph1,plex_2,,,,,,,1.39,,,0.81,1.32,0.69
Ttc38,plex_2,,,,,,,1.41,0.1,1.1,1.29,0.81,1.11
Me3,plex_2,,,,,,,1.33,0.47,0.99,0.9,1.34,1.01
Snx2,plex_2,,,,,,,1.02,2.6,3.76,0.36,2.37,
Rpn1,plex_2,,,,,,,1.26,0.27,0.73,0.84,1.37,0.73
Rpn1,plex_2,,,,,,,1.26,0.27,0.73,0.84,1.37,0.73
Rpn1,plex_2,,,,,,,1.26,0.27,0.73,0.84,1.37,0.73
Rpn1,plex_2,,,,,,,1.26,0.27,0.73,0.84,1.37,0.73
Mpp6,plex_2,,,,,,,,,,,,
Mpp6,plex_2,,,,,,,,,,,,
Adrm1,plex_2,,,,,,,0.73,,,,1.17,0.31
Cops5,plex_2,,,,,,,0.94,0.25,1.36,,0.88,0.31
Methig1,plex_2,,,,,,,,,,,,
Mettl7a1,plex_2,,,,,,,,,,,,
Mettl7a3,plex_2,,,,,,,,,,,,
Methig1,plex_2,,,,,,,,,,,,
Mettl7a2,plex_2,,,,,,,,,,,,
Mettl7a1,plex_2,,,,,,,,,,,,
Mettl7a1,plex_2,,,,,,,,,,,,
UbiE2,plex_2,,,,,,,,,,,,
Mettl7a1,plex_2,,,,,,,,,,,,
Anp32e,plex_2,,,,,,,1.5,,1.8,1.61,2.61,1.84
Anp32e,plex_2,,,,,,,1.5,,1.8,1.61,2.61,1.84
Crot,plex_2,,,,,,,0.78,0.22,0.64,0.59,0.66,0.45
Tmed9,plex_2,,,,,,,0.74,0.05,0.67,0.56,0.86,0.68
Pgm5,plex_2,,,,,,,2.04,0.66,0.66,0.96,1.44,1.27
Pgm5,plex_2,,,,,,,2.04,0.66,0.66,0.96,1.44,1.27
Pgm5,plex_2,,,,,,,2.04,0.66,0.66,0.96,1.44,1.27
Sms,plex_2,,,,,,,0.87,0.13,0.78,0.76,0.99,0.69
Myl6b,plex_2,,,,,,,1.07,0.48,0.4,0.32,1.28,1.05
Rps14,plex_2,,,,,,,1.2,0.18,0.61,0.75,1.0,0.57
Rps14,plex_2,,,,,,,1.2,0.18,0.61,0.75,1.0,0.57
Rps14,plex_2,,,,,,,1.2,0.18,0.61,0.75,1.0,0.57
Rps14,plex_2,,,,,,,1.2,0.18,0.61,0.75,1.0,0.57
rps14,plex_2,,,,,,,1.2,0.18,0.61,0.75,1.0,0.57
Pepd,plex_2,,,,,,,0.88,0.16,0.78,0.87,0.36,0.47
Tppp3,plex_2,,,,,,,,,,,,
Tppp3,plex_2,,,,,,,,,,,,
Pfdn4,plex_2,,,,,,,0.55,,0.9,1.01,0.86,0.57
Pfdn4,plex_2,,,,,,,0.55,,0.9,1.01,0.86,0.57
Pfdn4,plex_2,,,,,,,0.55,,0.9,1.01,0.86,0.57
Pfdn4,plex_2,,,,,,,0.55,,0.9,1.01,0.86,0.57
Pfdn4,plex_2,,,,,,,0.55,,0.9,1.01,0.86,0.57
Tollip,plex_2,,,,,,,,,,,,
Tollip,plex_2,,,,,,,,,,,,
Tollip,plex_2,,,,,,,,,,,,
Tollip,plex_2,,,,,,,,,,,,
Cndp2,plex_2,,,,,,,1.22,0.26,0.84,1.05,1.42,1.17
Ndrg1,plex_2,,,,,,,,,0.66,1.75,1.88,
Ndrg1,plex_2,,,,,,,,,0.66,1.75,1.88,
Ndrg1,plex_2,,,,,,,,,0.66,1.75,1.88,
Eif2a,plex_2,,,,,,,0.61,0.66,0.69,0.59,1.27,0.58
Slirp,plex_2,,,,,,,1.15,0.55,0.83,0.93,1.1,1.04
Slirp,plex_2,,,,,,,1.15,0.55,0.83,0.93,1.1,1.04
Slirp,plex_2,,,,,,,1.15,0.55,0.83,0.93,1.1,1.04
Col2a1,plex_2,,,,,,,1.46,0.93,,1.15,1.5,1.02
Akr1b7,plex_2,,,,,,,,,,,,
Nqo1,plex_2,,,,,,,0.84,0.34,0.73,0.58,0.8,0.5
Nqo1,plex_2,,,,,,,0.84,0.34,0.73,0.58,0.8,0.5
Rpl30,plex_2,,,,,,,1.07,,1.16,,1.58,0.8
Rpl30,plex_2,,,,,,,1.07,,1.16,,1.58,0.8
Rpl30,plex_2,,,,,,,1.07,,1.16,,1.58,0.8
Vbp1,plex_2,,,,,,,1.07,0.45,0.62,0.3,1.14,0.26
Vbp1,plex_2,,,,,,,1.07,0.45,0.62,0.3,1.14,0.26
Mri1,plex_2,,,,,,,1.16,0.4,0.93,1.02,1.06,0.59
Bola2,plex_2,,,,,,,1.59,,,,1.25,1.05
Arpp19,plex_2,,,,,,,1.19,0.04,0.85,0.71,0.79,0.71
Ensa,plex_2,,,,,,,1.19,0.04,0.85,0.71,0.79,0.71
Ensa,plex_2,,,,,,,1.19,0.04,0.85,0.71,0.79,0.71
Arpp19,plex_2,,,,,,,1.19,0.04,0.85,0.71,0.79,0.71
Arpp19,plex_2,,,,,,,1.19,0.04,0.85,0.71,0.79,0.71
Ubap2l,plex_2,,,,,,,1.53,,1.4,1.04,0.83,1.01
Ubap2l,plex_2,,,,,,,1.53,,1.4,1.04,0.83,1.01
Ubap2l,plex_2,,,,,,,1.53,,1.4,1.04,0.83,1.01
Ubap2l,plex_2,,,,,,,1.53,,1.4,1.04,0.83,1.01
Ubap2l,plex_2,,,,,,,1.53,,1.4,1.04,0.83,1.01
Ubap2l,plex_2,,,,,,,1.53,,1.4,1.04,0.83,1.01
Ubap2l,plex_2,,,,,,,1.53,,1.4,1.04,0.83,1.01
lig-2a,plex_2,,,,,,,1.53,,1.4,1.04,0.83,1.01
Ubap2l,plex_2,,,,,,,1.53,,1.4,1.04,0.83,1.01
Col5a2,plex_2,,,,,,,2.15,0.48,1.44,1.25,1.54,1.13
Mtpn,plex_2,,,,,,,,,,,,
Gpx4,plex_2,,,,,,,1.17,0.17,1.17,0.89,1.24,0.87
Mrrf,plex_2,,,,,,,0.79,0.05,0.22,0.72,0.51,0.52
Rps15,plex_2,,,,,,,0.6,0.12,0.35,0.55,0.5,0.35
Cradd,plex_2,,,,,,,,,,,,
Cradd,plex_2,,,,,,,,,,,,
Cradd,plex_2,,,,,,,,,,,,
Cradd,plex_2,,,,,,,,,,,,
Clta,plex_2,,,,,,,1.39,0.2,1.05,0.69,0.79,0.73
Clta,plex_2,,,,,,,1.39,0.2,1.05,0.69,0.79,0.73
Clta,plex_2,,,,,,,1.39,0.2,1.05,0.69,0.79,0.73
Maoa,plex_2,,,,,,,0.7,0.19,0.66,0.7,1.22,0.56
Sdr39u1,plex_2,,,,,,,0.98,0.28,0.87,0.79,1.39,1.12
Sdr39u1,plex_2,,,,,,,0.98,0.28,0.87,0.79,1.39,1.12
Copg2,plex_2,,,,,,,,,,,,
Hsp90aa1,plex_2,,,,,,,,,,,,0.37
Kras2,plex_2,,,,,,,0.81,0.28,0.66,0.68,1.02,0.71
Mars,plex_2,,,,,,,0.95,,0.32,0.58,0.4,0.43
Clec3b,plex_2,,,,,,,1.4,0.16,0.51,0.49,1.13,1.0
Clec3b,plex_2,,,,,,,1.4,0.16,0.51,0.49,1.13,1.0
Chordc1,plex_2,,,,,,,1.15,0.3,0.32,0.22,1.09,1.18
Bcap31,plex_2,,,,,,,1.0,0.4,0.76,0.43,0.54,
Ufc1,plex_2,,,,,,,0.84,0.38,0.83,0.68,0.95,0.75
Ufc1,plex_2,,,,,,,0.84,0.38,0.83,0.68,0.95,0.75
Grpel1,plex_2,,,,,,,1.88,,,,,
Grpel1,plex_2,,,,,,,1.88,,,,,
Rtn4ip1,plex_2,,,,,,,1.0,0.4,0.84,0.87,0.93,0.69
Rtn4ip1,plex_2,,,,,,,1.0,0.4,0.84,0.87,0.93,0.69
,plex_2,,,,,,,,,,,,
,plex_2,,,,,,,,,,,,
Dpysl3,plex_2,,,,,,,,,,,,
Dpysl3,plex_2,,,,,,,,,,,,
Dpysl3,plex_2,,,,,,,,,,,,
Dpysl3,plex_2,,,,,,,,,,,,
Pycrl,plex_2,,,,,,,1.39,0.13,1.23,1.16,1.11,0.63
Sbk2,plex_2,,,,,,,0.73,0.28,0.48,0.61,0.95,0.86
Amy2,plex_2,,,,,,,,,,,,
Rnpep,plex_2,,,,,,,1.02,0.13,0.71,0.79,0.9,0.68
,plex_2,,,,,,,0.31,0.18,0.37,0.42,0.38,0.38
Phykpl,plex_2,,,,,,,0.91,,1.03,1.07,1.07,0.88
Phykpl,plex_2,,,,,,,0.91,,1.03,1.07,1.07,0.88
Apip,plex_2,,,,,,,0.94,0.31,0.78,0.59,1.08,0.7
Ppp3r1,plex_2,,,,,,,1.66,0.67,1.68,0.62,1.4,0.73
Ppp3r1,plex_2,,,,,,,1.66,0.67,1.68,0.62,1.4,0.73
Pygb,plex_2,,,,,,,0.79,,1.42,1.0,1.01,
Dnajb12,plex_2,,,,,,,0.94,0.33,0.49,0.77,0.78,
Usp15,plex_2,,,,,,,1.28,0.6,0.84,0.42,0.95,0.91
Usp15,plex_2,,,,,,,1.28,0.6,0.84,0.42,0.95,0.91
Usp15,plex_2,,,,,,,1.28,0.6,0.84,0.42,0.95,0.91
Dupd1,plex_2,,,,,,,1.4,,1.65,1.15,1.43,1.06
Ssbp1,plex_2,,,,,,,1.12,0.3,1.07,0.68,1.33,1.0
Ssbp1,plex_2,,,,,,,1.12,0.3,1.07,0.68,1.33,1.0
Krt76,plex_2,,,,,,,2.01,0.23,2.35,0.72,0.59,0.47
Pmpcb,plex_2,,,,,,,1.89,0.21,0.78,0.79,1.19,0.97
Pmpcb,plex_2,,,,,,,1.89,0.21,0.78,0.79,1.19,0.97
Rpl37a,plex_2,,,,,,,1.31,0.3,0.87,0.75,1.12,0.77
Rpl37a,plex_2,,,,,,,1.31,0.3,0.87,0.75,1.12,0.77
Rpl37a,plex_2,,,,,,,1.31,0.3,0.87,0.75,1.12,0.77
Usp9x,plex_2,,,,,,,1.04,0.21,0.7,0.59,0.87,0.46
Usp9x,plex_2,,,,,,,1.04,0.21,0.7,0.59,0.87,0.46
Timm8a1,plex_2,,,,,,,1.1,0.2,0.62,0.57,0.97,0.64
Atp5e,plex_2,,,,,,,0.9,0.4,0.72,0.46,0.72,0.82
Pnpo,plex_2,,,,,,,,,,,,
Tmem11,plex_2,,,,,,,1.07,0.24,0.45,0.33,0.85,0.71
Tmem11,plex_2,,,,,,,1.07,0.24,0.45,0.33,0.85,0.71
Mcu,plex_2,,,,,,,0.59,,,1.22,0.48,0.81
Mgst3,plex_2,,,,,,,,,,,1.27,
Pafah1b2,plex_2,,,,,,,,,,,,
Ddx19a,plex_2,,,,,,,1.23,1.28,5.2,0.54,1.05,1.33
Mapre1,plex_2,,,,,,,,,,,,
Lpp,plex_2,,,,,,,0.64,0.43,1.44,0.55,1.06,0.46
Lpp,plex_2,,,,,,,0.64,0.43,1.44,0.55,1.06,0.46
Blvra,plex_2,,,,,,,1.0,0.12,0.89,0.61,1.35,0.97
Snd1,plex_2,,,,,,,1.19,0.15,1.33,0.94,1.08,0.83
Snd1,plex_2,,,,,,,1.19,0.15,1.33,0.94,1.08,0.83
Snd1,plex_2,,,,,,,1.19,0.15,1.33,0.94,1.08,0.83
Sephs1,plex_2,,,,,,,1.31,,0.91,1.31,0.81,0.92
Sephs1,plex_2,,,,,,,1.31,,0.91,1.31,0.81,0.92
Sephs1,plex_2,,,,,,,1.31,,0.91,1.31,0.81,0.92
Ppp1ca,plex_2,,,,,,,,,,,,
Ppp1ca,plex_2,,,,,,,,,,,,
Gfm2,plex_2,,,,,,,,,,,,
Gm3839,plex_2,,,,,,,1.15,0.44,0.82,0.83,0.9,0.81
Wfs1,plex_2,,,,,,,0.83,0.09,0.69,0.77,0.93,0.89
Wfs1,plex_2,,,,,,,0.83,0.09,0.69,0.77,0.93,0.89
Wfs1,plex_2,,,,,,,0.83,0.09,0.69,0.77,0.93,0.89
Wfs1,plex_2,,,,,,,0.83,0.09,0.69,0.77,0.93,0.89
Rras,plex_2,,,,,,,0.77,0.14,0.65,0.72,0.89,0.62
Iars,plex_2,,,,,,,0.86,,0.72,0.58,0.92,0.56
Sorbs2,plex_2,,,,,,,1.95,0.3,1.59,1.14,1.68,0.97
Sorbs2,plex_2,,,,,,,1.95,0.3,1.59,1.14,1.68,0.97
Sqrdl,plex_2,,,,,,,0.95,,1.11,0.73,1.79,
Sqrdl,plex_2,,,,,,,0.95,,1.11,0.73,1.79,
Sqrdl,plex_2,,,,,,,0.95,,1.11,0.73,1.79,
Hspa1l,plex_2,,,,,,,1.47,0.49,0.51,0.51,0.89,0.92
Lman2,plex_2,,,,,,,0.67,,0.24,0.58,0.82,0.59
Sfn,plex_2,,,,,,,,,,,,
Glul,plex_2,,,,,,,1.07,0.06,0.78,0.97,1.61,1.03
,plex_2,,,,,,,1.07,0.06,0.78,0.97,1.61,1.03
,plex_2,,,,,,,1.07,0.06,0.78,0.97,1.61,1.03
Glul,plex_2,,,,,,,1.07,0.06,0.78,0.97,1.61,1.03
Glul,plex_2,,,,,,,1.07,0.06,0.78,0.97,1.61,1.03
Nt5c1a,plex_2,,,,,,,1.1,0.35,0.98,0.68,0.74,0.63
Nucks1,plex_2,,,,,,,2.0,0.08,1.36,1.07,1.5,1.54
Nucks1,plex_2,,,,,,,2.0,0.08,1.36,1.07,1.5,1.54
Rab12,plex_2,,,,,,,1.16,0.42,0.98,1.35,1.0,1.05
Homer1,plex_2,,,,,,,1.15,,1.39,1.47,1.84,1.39
Homer1,plex_2,,,,,,,1.15,,1.39,1.47,1.84,1.39
Homer1,plex_2,,,,,,,1.15,,1.39,1.47,1.84,1.39
Atp6v1e1,plex_2,,,,,,,2.06,0.66,0.94,0.57,2.05,1.09
Atp6v1e1,plex_2,,,,,,,2.06,0.66,0.94,0.57,2.05,1.09
Prkcq,plex_2,,,,,,,0.95,0.19,0.62,0.94,0.95,0.62
Metap1,plex_2,,,,,,,1.28,0.35,0.69,0.8,1.05,0.6
Metap1,plex_2,,,,,,,1.28,0.35,0.69,0.8,1.05,0.6
mKIAA0094,plex_2,,,,,,,1.28,0.35,0.69,0.8,1.05,0.6
Pfkm,plex_2,,,,,,,1.52,,,0.92,1.31,0.67
Crk,plex_2,,,,,,,,,,,,
Crk,plex_2,,,,,,,,,,,,
Crk,plex_2,,,,,,,,,,,,
Crk,plex_2,,,,,,,,,,,,
Crk,plex_2,,,,,,,,,,,,
Crk,plex_2,,,,,,,,,,,,
Crk,plex_2,,,,,,,,,,,,
Rab1b,plex_2,,,,,,,0.88,,0.66,0.51,0.64,0.26
Phospho1,plex_2,,,,,,,1.48,,0.59,1.02,2.1,0.97
Dstn,plex_2,,,,,,,4.31,0.12,1.57,1.39,1.91,1.45
Nif3l1,plex_2,,,,,,,0.63,,0.7,0.68,,1.45
Atp1a1,plex_2,,,,,,,1.07,,1.8,0.75,1.26,1.04
Cdv3,plex_2,,,,,,,1.98,,1.55,0.95,1.72,1.33
Auh,plex_2,,,,,,,0.63,0.46,0.78,,0.51,0.59
G3bp2,plex_2,,,,,,,,,,,,
G3bp2,plex_2,,,,,,,,,,,,
Dpp3,plex_2,,,,,,,1.69,,1.05,1.25,1.81,1.55
Dpp3,plex_2,,,,,,,1.69,,1.05,1.25,1.81,1.55
Dpp3,plex_2,,,,,,,1.69,,1.05,1.25,1.81,1.55
Psma3,plex_2,,,,,,,1.06,0.29,1.4,1.35,1.05,0.51
Psma3,plex_2,,,,,,,1.06,0.29,1.4,1.35,1.05,0.51
Abhd16a,plex_2,,,,,,,1.13,,0.57,0.75,0.95,
Glrx5,plex_2,,,,,,,,,,,,
Ppid,plex_2,,,,,,,1.94,,1.13,1.37,0.84,1.1
Ppid,plex_2,,,,,,,1.94,,1.13,1.37,0.84,1.1
Cops4,plex_2,,,,,,,0.9,0.26,0.93,0.72,0.93,0.63
Ppa2,plex_2,,,,,,,0.93,0.41,1.46,1.04,0.74,0.55
Ppa2,plex_2,,,,,,,0.93,0.41,1.46,1.04,0.74,0.55
Abcb8,plex_2,,,,,,,1.19,0.39,0.39,1.5,0.89,
Abhd11,plex_2,,,,,,,1.33,0.28,1.33,1.01,1.4,0.84
Mp68,plex_2,,,,,,,1.02,0.31,0.45,0.6,1.28,1.03
Ttn,plex_2,,,,,,,0.93,0.57,1.72,0.49,0.56,0.54
Cept1,plex_2,,,,,,,1.13,0.59,1.15,0.92,1.44,1.02
Cept1,plex_2,,,,,,,1.13,0.59,1.15,0.92,1.44,1.02
Cept1,plex_2,,,,,,,1.13,0.59,1.15,0.92,1.44,1.02
Cept1,plex_2,,,,,,,1.13,0.59,1.15,0.92,1.44,1.02
Cept1,plex_2,,,,,,,1.13,0.59,1.15,0.92,1.44,1.02
Pfdn5,plex_2,,,,,,,1.23,0.38,0.58,0.71,0.49,0.78
Pfdn5,plex_2,,,,,,,1.23,0.38,0.58,0.71,0.49,0.78
Eif3d,plex_2,,,,,,,,,,,,
Timm13,plex_2,,,,,,,1.88,0.46,0.93,0.65,1.21,1.55
Csde1,plex_2,,,,,,,1.2,,1.2,0.97,1.35,0.83
Csde1,plex_2,,,,,,,1.2,,1.2,0.97,1.35,0.83
Csde1,plex_2,,,,,,,1.2,,1.2,0.97,1.35,0.83
Csde1,plex_2,,,,,,,1.2,,1.2,0.97,1.35,0.83
Csde1,plex_2,,,,,,,1.2,,1.2,0.97,1.35,0.83
Csde1,plex_2,,,,,,,1.2,,1.2,0.97,1.35,0.83
Csde1,plex_2,,,,,,,1.2,,1.2,0.97,1.35,0.83
Csde1,plex_2,,,,,,,1.2,,1.2,0.97,1.35,0.83
Aup1,plex_2,,,,,,,0.45,0.3,1.5,0.62,1.26,0.53
Asna1,plex_2,,,,,,,1.0,,0.97,,0.72,1.01
Mat2b,plex_2,,,,,,,1.57,,0.89,0.78,2.32,0.78
Mat2b,plex_2,,,,,,,1.57,,0.89,0.78,2.32,0.78
Msn,plex_2,,,,,,,2.4,0.27,1.77,1.54,1.82,1.11
Msn,plex_2,,,,,,,2.4,0.27,1.77,1.54,1.82,1.11
C2cd2,plex_2,,,,,,,2.67,,1.74,0.93,1.17,0.7
C2cd2,plex_2,,,,,,,2.67,,1.74,0.93,1.17,0.7
Eif1,plex_2,,,,,,,,,,,,
Eif1,plex_2,,,,,,,,,,,,
Eif1,plex_2,,,,,,,,,,,,
Eif1b,plex_2,,,,,,,,,,,,
Tnmd,plex_2,,,,,,,1.2,0.3,0.28,0.63,0.62,0.53
Diaph1,plex_2,,,,,,,0.24,,0.69,0.52,0.84,0.51
Map2k2,plex_2,,,,,,,,,,,,
Map2k2,plex_2,,,,,,,,,,,,
Memo1,plex_2,,,,,,,0.88,0.28,0.37,0.73,1.02,0.98
Memo1,plex_2,,,,,,,0.88,0.28,0.37,0.73,1.02,0.98
S100a6,plex_2,,,,,,,0.71,0.34,1.46,0.87,1.24,0.86
Gnb4,plex_2,,,,,,,0.85,,0.86,0.98,1.3,1.03
Gnb4,plex_2,,,,,,,0.85,,0.86,0.98,1.3,1.03
Gnb4,plex_2,,,,,,,0.85,,0.86,0.98,1.3,1.03
Gnb4,plex_2,,,,,,,0.85,,0.86,0.98,1.3,1.03
Bckdhb,plex_2,,,,,,,0.72,0.23,0.75,0.58,0.49,0.85
Bckdhb,plex_2,,,,,,,0.72,0.23,0.75,0.58,0.49,0.85
Bpnt1,plex_2,,,,,,,0.71,0.21,0.58,0.66,0.7,0.45
Aimp1,plex_2,,,,,,,1.04,0.26,0.99,0.87,0.89,0.74
Col4a1,plex_2,,,,,,,1.23,0.67,0.77,0.87,0.8,0.59
Plaa,plex_2,,,,,,,1.4,0.51,1.43,0.74,1.04,0.8
Rpl28,plex_2,,,,,,,1.48,0.39,1.02,0.76,1.52,0.83
Eif4e,plex_2,,,,,,,1.3,0.27,1.8,1.77,0.9,0.68
Eif4e,plex_2,,,,,,,1.3,0.27,1.8,1.77,0.9,0.68
Eif4e,plex_2,,,,,,,1.3,0.27,1.8,1.77,0.9,0.68
Hnrnph2,plex_2,,,,,,,,,,,,
Clptm1,plex_2,,,,,,,0.66,,0.59,,0.64,0.24
Hars,plex_2,,,,,,,1.13,0.24,1.01,1.26,1.12,0.8
Hars,plex_2,,,,,,,1.13,0.24,1.01,1.26,1.12,0.8
Hars,plex_2,,,,,,,1.13,0.24,1.01,1.26,1.12,0.8
Hars,plex_2,,,,,,,1.13,0.24,1.01,1.26,1.12,0.8
Lars,plex_2,,,,,,,1.55,0.35,1.17,1.13,1.13,0.7
Pak2,plex_2,,,,,,,1.51,0.68,0.96,0.82,0.64,1.03
Rab1a,plex_2,,,,,,,1.97,,,,2.08,1.71
Gaa,plex_2,,,,,,,1.16,,1.78,0.78,1.28,1.12
Gaa,plex_2,,,,,,,1.16,,1.78,0.78,1.28,1.12
Xirp2,plex_2,,,,,,,2.55,0.33,1.27,1.27,1.42,1.07
Zmpste24,plex_2,,,,,,,0.62,,0.48,,0.45,
Wbp2,plex_2,,,,,,,0.91,,1.04,0.47,0.57,0.42
Wbp2,plex_2,,,,,,,0.91,,1.04,0.47,0.57,0.42
Wbp2,plex_2,,,,,,,0.91,,1.04,0.47,0.57,0.42
Rpl21,plex_2,,,,,,,1.35,0.3,1.01,0.93,0.96,0.6
Rpl21,plex_2,,,,,,,1.35,0.3,1.01,0.93,0.96,0.6
Lmod3,plex_2,,,,,,,,,,,,
Cnpy2,plex_2,,,,,,,0.66,0.11,0.6,0.53,0.69,0.28
Rps21,plex_2,,,,,,,1.26,0.37,0.85,0.69,0.8,0.75
mCG_6739,plex_2,,,,,,,1.26,0.37,0.85,0.69,0.8,0.75
Eif3b,plex_2,,,,,,,1.53,,0.59,0.74,0.45,0.72
Tsta3,plex_2,,,,,,,,,,,1.0,
Gpcpd1,plex_2,,,,,,,,,,,,
Ndufb1,plex_2,,,,,,,1.08,0.58,1.19,0.6,0.77,0.69
Minpp1,plex_2,,,,,,,5.55,0.48,3.61,2.16,3.62,2.45
Rragd,plex_2,,,,,,,1.22,0.2,0.65,0.45,1.19,0.41
Rragc,plex_2,,,,,,,1.22,0.2,0.65,0.45,1.19,0.41
Ldb3,plex_2,,,,,,,1.14,0.24,0.78,0.79,0.97,0.4
Skp1a,plex_2,,,,,,,0.56,,0.51,0.5,0.56,1.01
Strip2,plex_2,,,,,,,0.8,0.23,1.12,0.84,1.22,0.77
Asl,plex_2,,,,,,,,,,,,
Stk24,plex_2,,,,,,,1.33,,1.68,,1.11,0.6
,plex_2,,,,,,,1.15,0.39,0.76,0.73,0.83,0.82
Suox,plex_2,,,,,,,1.26,0.15,1.16,0.81,1.28,0.93
Hnrnpab,plex_2,,,,,,,2.17,0.4,1.64,1.48,1.6,1.75
Hnrnpab,plex_2,,,,,,,2.17,0.4,1.64,1.48,1.6,1.75
Hnrnpab,plex_2,,,,,,,2.17,0.4,1.64,1.48,1.6,1.75
Hnrnpab,plex_2,,,,,,,2.17,0.4,1.64,1.48,1.6,1.75
Hnrnpab,plex_2,,,,,,,2.17,0.4,1.64,1.48,1.6,1.75
Ldhd,plex_2,,,,,,,1.46,0.45,0.54,0.47,0.87,0.9
Sorbs1,plex_2,,,,,,,0.97,0.08,0.52,0.56,0.62,0.47
Sorbs1,plex_2,,,,,,,0.97,0.08,0.52,0.56,0.62,0.47
Sorbs1,plex_2,,,,,,,0.97,0.08,0.52,0.56,0.62,0.47
Sorbs1,plex_2,,,,,,,0.97,0.08,0.52,0.56,0.62,0.47
Sorbs1,plex_2,,,,,,,0.97,0.08,0.52,0.56,0.62,0.47
B2m,plex_2,,,,,,,1.12,0.39,1.2,0.55,1.19,1.11
B2m,plex_2,,,,,,,1.12,0.39,1.2,0.55,1.19,1.11
Hnrnpc,plex_2,,,,,,,,1.1,0.73,,,
Hnrnpc,plex_2,,,,,,,,1.1,0.73,,,
Hnrnpc,plex_2,,,,,,,,1.1,0.73,,,
Hnrnpc,plex_2,,,,,,,,1.1,0.73,,,
Hnrnpc,plex_2,,,,,,,,1.1,0.73,,,
Rdh14,plex_2,,,,,,,,,,0.29,,
Rdh14,plex_2,,,,,,,,,,0.29,,
Scn3a,plex_2,,,,,,,0.75,0.08,0.49,0.65,0.54,0.35
Cops6,plex_2,,,,,,,1.4,0.15,0.9,1.28,1.06,0.77
Cops6,plex_2,,,,,,,1.4,0.15,0.9,1.28,1.06,0.77
Odr4,plex_2,,,,,,,1.06,,0.38,0.53,1.1,0.97
Odr4,plex_2,,,,,,,1.06,,0.38,0.53,1.1,0.97
Odr4,plex_2,,,,,,,1.06,,0.38,0.53,1.1,0.97
Dtna,plex_2,,,,,,,0.85,0.19,1.01,0.73,0.86,0.5
Myl1,plex_2,,,,,,,0.69,,0.58,0.41,0.49,0.31
Cdc37,plex_2,,,,,,,,,,,,
Agpat3,plex_2,,,,,,,4.39,,,,2.55,2.09
Erp29,plex_2,,,,,,,0.54,0.4,1.02,0.9,0.56,0.44
Ufd1l,plex_2,,,,,,,,,,,,
Ufd1l,plex_2,,,,,,,,,,,,
Ufd1l,plex_2,,,,,,,,,,,,
Mtm1,plex_2,,,,,,,0.68,0.07,0.55,1.42,2.46,1.67
Palld,plex_2,,,,,,,1.14,0.4,0.76,0.97,1.27,0.87
Palld,plex_2,,,,,,,1.14,0.4,0.76,0.97,1.27,0.87
Npepl1,plex_2,,,,,,,1.4,0.36,0.73,0.8,1.22,0.82
Npepl1,plex_2,,,,,,,1.4,0.36,0.73,0.8,1.22,0.82
Npepl1,plex_2,,,,,,,1.4,0.36,0.73,0.8,1.22,0.82
Npepl1,plex_2,,,,,,,1.4,0.36,0.73,0.8,1.22,0.82
mt-Nd3,plex_2,,,,,,,2.01,0.61,1.14,0.29,0.49,0.68
ND3,plex_2,,,,,,,2.01,0.61,1.14,0.29,0.49,0.68
Csrp1,plex_2,,,,,,,,,,,,
Rpl36,plex_2,,,,,,,1.14,,0.83,0.66,0.88,0.84
Rpl36,plex_2,,,,,,,1.14,,0.83,0.66,0.88,0.84
Rpl36-ps3,plex_2,,,,,,,1.14,,0.83,0.66,0.88,0.84
Rpl36,plex_2,,,,,,,1.14,,0.83,0.66,0.88,0.84
Gm20425,plex_2,,,,,,,,,,,,
Mfap5,plex_2,,,,,,,0.88,0.2,0.62,0.59,0.93,0.91
Mfap5,plex_2,,,,,,,0.88,0.2,0.62,0.59,0.93,0.91
Mfap5,plex_2,,,,,,,0.88,0.2,0.62,0.59,0.93,0.91
Rbmxl1,plex_2,,,,,,,1.15,,0.98,1.58,1.69,1.46
Rpl34,plex_2,,,,,,,1.52,0.78,0.59,0.47,0.47,0.75
Emc7,plex_2,,,,,,,,,1.41,,,0.38
Cd55,plex_2,,,,,,,0.55,,0.43,0.96,0.52,0.54
Pdk1,plex_2,,,,,,,,,,,,
Cisd2,plex_2,,,,,,,0.97,0.08,0.61,0.72,0.81,0.64
Cisd2,plex_2,,,,,,,0.97,0.08,0.61,0.72,0.81,0.64
Mapt,plex_2,,,,,,,,,,,,
Hnrnpa0,plex_2,,,,,,,,,,,,
Ptbp2,plex_2,,,,,,,0.9,0.4,1.36,1.0,1.11,0.87
Ptbp1,plex_2,,,,,,,,,,,,
Ptbp1,plex_2,,,,,,,,,,,,
Ptbp1,plex_2,,,,,,,,,,,,
Ptbp3,plex_2,,,,,,,,,,,,
Ptbp3,plex_2,,,,,,,,,,,,
Rps15a,plex_2,,,,,,,3.38,0.6,2.59,1.6,2.32,1.35
Rps15a,plex_2,,,,,,,3.38,0.6,2.59,1.6,2.32,1.35
Plp2,plex_2,,,,,,,0.66,0.11,1.0,0.73,1.09,0.27
Plp2,plex_2,,,,,,,0.66,0.11,1.0,0.73,1.09,0.27
Pank4,plex_2,,,,,,,1.09,,1.06,0.52,0.74,0.68
Pank4,plex_2,,,,,,,1.09,,1.06,0.52,0.74,0.68
As3mt,plex_2,,,,,,,1.48,0.15,0.71,,0.57,0.85
Rps27l,plex_2,,,,,,,,,,0.49,,
Rps27,plex_2,,,,,,,,,,0.49,,
Rps27,plex_2,,,,,,,,,,0.49,,
Rps27l,plex_2,,,,,,,,,,0.49,,
Rps27l,plex_2,,,,,,,,,,0.49,,
Rps27,plex_2,,,,,,,,,,0.49,,
Ppif,plex_2,,,,,,,1.64,0.54,0.61,0.6,1.03,0.91
Rpl9,plex_2,,,,,,,1.09,0.6,0.98,0.78,1.07,0.84
Rpl9,plex_2,,,,,,,1.09,0.6,0.98,0.78,1.07,0.84
Apoc1,plex_2,,,,,,,0.75,,1.08,0.45,0.92,0.39
Cyb5a,plex_2,,,,,,,0.76,0.25,0.81,0.51,0.86,0.61
Cyb5a,plex_2,,,,,,,0.76,0.25,0.81,0.51,0.86,0.61
Psmd5,plex_2,,,,,,,0.95,0.28,0.51,0.5,1.04,0.79
Eepd1,plex_2,,,,,,,,,1.07,,,
Cbr2,plex_2,,,,,,,0.67,0.31,1.23,0.35,0.86,0.32
Lancl2,plex_2,,,,,,,,,,,,
Ssr1,plex_2,,,,,,,0.93,0.11,0.76,0.74,0.97,0.75
Ssr1,plex_2,,,,,,,0.93,0.11,0.76,0.74,0.97,0.75
Ssr1,plex_2,,,,,,,0.93,0.11,0.76,0.74,0.97,0.75
Sypl,plex_2,,,,,,,0.85,0.94,0.94,1.11,1.02,0.57
Sypl1,plex_2,,,,,,,0.85,0.94,0.94,1.11,1.02,0.57
Sypl,plex_2,,,,,,,0.85,0.94,0.94,1.11,1.02,0.57
Sypl1,plex_2,,,,,,,0.85,0.94,0.94,1.11,1.02,0.57
Cpne3,plex_2,,,,,,,0.33,0.39,0.86,0.66,0.9,0.64
Tmed2,plex_2,,,,,,,1.59,0.27,1.06,0.55,0.56,0.43
Dazap1,plex_2,,,,,,,,,,,,
Dazap1,plex_2,,,,,,,,,,,,
Dazap1,plex_2,,,,,,,,,,,,
Gm20431,plex_2,,,,,,,0.64,0.72,0.68,0.36,0.87,0.35
Asph,plex_2,,,,,,,,,,,,
Acacb,plex_2,,,,,,,1.33,0.38,0.97,1.31,2.13,0.6
Myoc,plex_2,,,,,,,0.97,0.75,3.63,0.31,0.73,0.56
Myoc,plex_2,,,,,,,0.97,0.75,3.63,0.31,0.73,0.56
,plex_2,,,,,,,0.97,0.75,3.63,0.31,0.73,0.56
Dcaf6,plex_2,,,,,,,4.02,0.52,2.19,1.01,1.61,1.99
Clcn1,plex_2,,,,,,,0.82,,1.04,,1.47,
Coro6,plex_2,,,,,,,,,,,,
Mob1b,plex_2,,,,,,,,,,,,
Mob1a,plex_2,,,,,,,,,,,,
Mob1a,plex_2,,,,,,,,,,,,
Mob1b,plex_2,,,,,,,,,,,,
Trim63,plex_2,,,,,,,,,,,,
Trim63,plex_2,,,,,,,,,,,,
Trim63,plex_2,,,,,,,,,,,,
Trim63,plex_2,,,,,,,,,,,,
Ptrh2,plex_2,,,,,,,1.08,0.21,1.27,0.71,0.74,0.56
Vmp1,plex_2,,,,,,,,,,,,
Mut,plex_2,,,,,,,0.98,,0.38,1.16,1.25,0.99
Eif3l,plex_2,,,,,,,1.31,0.21,0.55,0.72,0.59,0.78
Prkcdbp,plex_2,,,,,,,0.72,0.45,0.49,1.02,0.94,0.69
Armc3,plex_2,,,,,,,0.93,1.57,1.1,1.7,1.71,0.51
Hsdl2,plex_2,,,,,,,7.74,0.38,3.04,2.2,2.51,2.26
Dnajb5,plex_2,,,,,,,0.58,0.14,0.88,0.46,1.11,0.58
Txndc17,plex_2,,,,,,,1.7,0.32,1.25,1.25,1.02,0.88
Sec22b,plex_2,,,,,,,1.7,0.29,0.95,1.11,1.22,1.02
Tnnt3,plex_2,,,,,,,1.74,0.67,0.74,0.35,0.78,1.06
Tnnt3,plex_2,,,,,,,1.74,0.67,0.74,0.35,0.78,1.06
Tnnt3,plex_2,,,,,,,1.74,0.67,0.74,0.35,0.78,1.06
Tnnt3,plex_2,,,,,,,1.74,0.67,0.74,0.35,0.78,1.06
Tnnt3,plex_2,,,,,,,1.74,0.67,0.74,0.35,0.78,1.06
Tnnt3,plex_2,,,,,,,1.74,0.67,0.74,0.35,0.78,1.06
Tnnt3,plex_2,,,,,,,1.74,0.67,0.74,0.35,0.78,1.06
Tnnt3,plex_2,,,,,,,1.74,0.67,0.74,0.35,0.78,1.06
Tnnt3,plex_2,,,,,,,1.74,0.67,0.74,0.35,0.78,1.06
Tpm1,plex_2,,,,,,,0.96,0.27,1.15,0.95,1.83,0.59
Anpep,plex_2,,,,,,,1.14,0.4,0.71,1.34,1.08,1.01
Dnaja4,plex_2,,,,,,,,,,,,
Picalm,plex_2,,,,,,,1.21,,1.45,0.6,1.43,0.93
Picalm,plex_2,,,,,,,1.21,,1.45,0.6,1.43,0.93
Picalm,plex_2,,,,,,,1.21,,1.45,0.6,1.43,0.93
Picalm,plex_2,,,,,,,1.21,,1.45,0.6,1.43,0.93
Picalm,plex_2,,,,,,,1.21,,1.45,0.6,1.43,0.93
Picalm,plex_2,,,,,,,1.21,,1.45,0.6,1.43,0.93
Picalm,plex_2,,,,,,,1.21,,1.45,0.6,1.43,0.93
Fahd1,plex_2,,,,,,,1.19,0.26,0.65,0.85,1.02,0.76
Cst3,plex_2,,,,,,,0.61,,0.54,0.77,0.75,0.28
Cst3,plex_2,,,,,,,0.61,,0.54,0.77,0.75,0.28
Cst3,plex_2,,,,,,,0.61,,0.54,0.77,0.75,0.28
Cst3,plex_2,,,,,,,0.61,,0.54,0.77,0.75,0.28
Hrg,plex_2,,,,,,,,,,,,
Psmd4,plex_2,,,,,,,0.82,1.02,1.76,1.23,1.35,0.91
Psmd4,plex_2,,,,,,,0.82,1.02,1.76,1.23,1.35,0.91
Psmd4,plex_2,,,,,,,0.82,1.02,1.76,1.23,1.35,0.91
Psmd4,plex_2,,,,,,,0.82,1.02,1.76,1.23,1.35,0.91
Psmd4,plex_2,,,,,,,0.82,1.02,1.76,1.23,1.35,0.91
Psmd4,plex_2,,,,,,,0.82,1.02,1.76,1.23,1.35,0.91
Fkbp4,plex_2,,,,,,,1.52,0.54,1.05,0.73,1.06,0.77
Fkbp4,plex_2,,,,,,,1.52,0.54,1.05,0.73,1.06,0.77
Fkbp4,plex_2,,,,,,,1.52,0.54,1.05,0.73,1.06,0.77
Mapk14,plex_2,,,,,,,1.24,0.2,0.68,1.0,1.37,0.78
Mapk14,plex_2,,,,,,,1.24,0.2,0.68,1.0,1.37,0.78
Mapk14,plex_2,,,,,,,1.24,0.2,0.68,1.0,1.37,0.78
Mapk14,plex_2,,,,,,,1.24,0.2,0.68,1.0,1.37,0.78
Sarnp,plex_2,,,,,,,0.64,,0.32,0.97,0.56,0.35
Nf1,plex_2,,,,,,,0.84,1.09,1.88,0.73,0.89,0.44
Mybbp1a,plex_2,,,,,,,,,,,,
Khsrp,plex_2,,,,,,,1.19,,1.3,1.36,1.31,0.49
Asap2,plex_2,,,,,,,1.42,,0.7,1.05,0.91,0.89
Sec31b,plex_2,,,,,,,0.79,1.08,0.83,0.41,0.45,0.23
Sec31b,plex_2,,,,,,,0.79,1.08,0.83,0.41,0.45,0.23
Hp1bp3,plex_2,,,,,,,2.0,0.44,1.15,0.94,1.92,1.11
Hp1bp3,plex_2,,,,,,,2.0,0.44,1.15,0.94,1.92,1.11
Hp1bp3,plex_2,,,,,,,2.0,0.44,1.15,0.94,1.92,1.11
Kpna4,plex_2,,,,,,,0.6,,0.25,1.03,0.47,0.34
Kpna4,plex_2,,,,,,,0.6,,0.25,1.03,0.47,0.34
Kpna4,plex_2,,,,,,,0.6,,0.25,1.03,0.47,0.34
S100a1,plex_2,,,,,,,0.95,0.16,0.36,0.39,1.01,0.77
S100a1,plex_2,,,,,,,0.95,0.16,0.36,0.39,1.01,0.77
S100a1,plex_2,,,,,,,0.95,0.16,0.36,0.39,1.01,0.77
S100A1,plex_2,,,,,,,0.95,0.16,0.36,0.39,1.01,0.77
S100b,plex_2,,,,,,,0.69,0.13,0.83,0.58,0.69,0.47
Txndc12,plex_2,,,,,,,0.63,0.12,0.72,0.46,0.86,0.39
Alad,plex_2,,,,,,,,,,,,
Alad,plex_2,,,,,,,,,,,,
Sp3,plex_2,,,,,,,1.2,0.53,0.56,0.76,1.37,0.56
Sp3,plex_2,,,,,,,1.2,0.53,0.56,0.76,1.37,0.56
Sp3,plex_2,,,,,,,1.2,0.53,0.56,0.76,1.37,0.56
Sp3,plex_2,,,,,,,1.2,0.53,0.56,0.76,1.37,0.56
Lrpap1,plex_2,,,,,,,,,1.19,0.96,1.45,0.83
Neu2,plex_2,,,,,,,1.19,,0.7,0.82,1.21,0.89
Neu2,plex_2,,,,,,,1.19,,0.7,0.82,1.21,0.89
Neu2,plex_2,,,,,,,1.19,,0.7,0.82,1.21,0.89
Neu2,plex_2,,,,,,,1.19,,0.7,0.82,1.21,0.89
Neu2,plex_2,,,,,,,1.19,,0.7,0.82,1.21,0.89
Neu2,plex_2,,,,,,,1.19,,0.7,0.82,1.21,0.89
Neu2,plex_2,,,,,,,1.19,,0.7,0.82,1.21,0.89
Hn1,plex_2,,,,,,,0.51,0.39,0.78,0.51,0.56,0.31
Fbf1,plex_2,,,,,,,,,,,,
Sh3kbp1,plex_2,,,,,,,,,,,,
Itgb1,plex_2,,,,,,,0.94,,0.78,0.93,1.34,0.93
Adprh,plex_2,,,,,,,1.41,,0.44,0.82,1.11,0.68
Tomm70,plex_2,,,,,,,1.52,,0.9,0.33,1.21,0.7
Tomm70a,plex_2,,,,,,,1.52,,0.9,0.33,1.21,0.7
Tomm70a,plex_2,,,,,,,1.52,,0.9,0.33,1.21,0.7
Cox7a2,plex_2,,,,,,,5.68,0.11,2.61,2.56,4.36,3.36
Dst,plex_2,,,,,,,1.09,1.68,0.88,1.03,0.87,0.65
Hook2,plex_2,,,,,,,,,,,,
,plex_2,,,,,,,0.89,,1.42,1.09,0.83,0.66
Slit2,plex_2,,,,,,,1.58,0.3,0.46,1.08,1.02,0.84
Erlin2,plex_2,,,,,,,1.05,0.2,0.41,0.99,0.94,
Arhgef2,plex_2,,,,,,,,,,,,
Lrrd1,plex_2,,,,,,,,,,,,
Bcas3,plex_2,,,,,,,,,,,,
Bcas3,plex_2,,,,,,,,,,,,
Bcas3,plex_2,,,,,,,,,,,,
Bcas3,plex_2,,,,,,,,,,,,
Bcas3,plex_2,,,,,,,,,,,,
Abca5,plex_2,,,,,,,0.46,0.05,0.34,0.5,0.42,0.28
Wnk2,plex_2,,,,,,,0.75,0.29,1.08,0.88,0.55,0.56
Wnk2,plex_2,,,,,,,0.75,0.29,1.08,0.88,0.55,0.56
Wnk2,plex_2,,,,,,,0.75,0.29,1.08,0.88,0.55,0.56
Wnk2,plex_2,,,,,,,0.75,0.29,1.08,0.88,0.55,0.56
Bzw1,plex_2,,,,,,,1.07,0.19,0.95,0.88,1.06,0.77
2210016F16Rik,plex_2,,,,,,,1.86,,2.19,1.03,1.08,1.14
Rims2,plex_2,,,,,,,0.61,0.14,0.53,0.64,0.69,0.39
Rims2,plex_2,,,,,,,0.61,0.14,0.53,0.64,0.69,0.39
Tha1,plex_2,,,,,,,,,,,,
Tha1,plex_2,,,,,,,,,,,,
Chpt1,plex_2,,,,,,,,,,,,
Epm2a,plex_2,,,,,,,1.15,0.53,1.21,0.73,1.12,0.7
Prkag1,plex_2,,,,,,,,,1.85,,0.96,
Vwde,plex_2,,,,,,,1.44,0.55,1.37,0.86,1.61,0.82
Mcpt4,plex_2,,,,,,,0.81,,,0.29,0.84,
Mcpt4,plex_2,,,,,,,0.81,,,0.29,0.84,
Piwil4,plex_2,,,,,,,4.14,,1.77,3.47,3.17,1.93
Gm12117,plex_2,,,,,,,,,,,,
Pdia3,plex_2,,,,,,,,,,,,0.38
Cd34,plex_2,,,,,,,,,,,,
Cd34,plex_2,,,,,,,,,,,,
Cd34,plex_2,,,,,,,,,,,,
Cd34,plex_2,,,,,,,,,,,,
Sdhd,plex_2,,,,,,,1.53,0.4,0.41,0.42,1.11,0.99
Sdhd,plex_2,,,,,,,1.53,0.4,0.41,0.42,1.11,0.99
Cadm4,plex_2,,,,,,,1.17,,0.34,0.34,0.91,0.75
Dcaf8,plex_2,,,,,,,0.59,,0.39,0.77,0.7,0.61
Dcaf8,plex_2,,,,,,,0.59,,0.39,0.77,0.7,0.61
Asph,plex_2,,,,,,,1.14,0.2,1.07,1.16,1.14,0.68
Asph,plex_2,,,,,,,1.14,0.2,1.07,1.16,1.14,0.68
Asph,plex_2,,,,,,,1.14,0.2,1.07,1.16,1.14,0.68
Uchl5,plex_2,,,,,,,0.82,0.44,0.79,,1.44,0.88
Ppp3cb,plex_2,,,,,,,1.16,,0.42,0.69,0.84,0.51
Ppp3cb,plex_2,,,,,,,1.16,,0.42,0.69,0.84,0.51
Ppp3cb,plex_2,,,,,,,1.16,,0.42,0.69,0.84,0.51
Ppp3cb,plex_2,,,,,,,1.16,,0.42,0.69,0.84,0.51
Ppp3cb,plex_2,,,,,,,1.16,,0.42,0.69,0.84,0.51
Ppp3cb,plex_2,,,,,,,1.16,,0.42,0.69,0.84,0.51
Carhsp1,plex_2,,,,,,,0.96,,0.67,0.45,1.54,0.81
Carhsp1,plex_2,,,,,,,0.96,,0.67,0.45,1.54,0.81
Rpl39,plex_2,,,,,,,0.7,,0.83,0.43,0.77,0.89
Ptp4a3,plex_2,,,,,,,0.72,0.29,1.02,0.57,0.53,0.6
Actn4,plex_2,,,,,,,,,,,,
Actc1,plex_2,,,,,,,0.86,0.54,2.63,,0.36,0.93
Cfd,plex_2,,,,,,,1.54,0.37,0.62,0.81,1.09,0.74
Cfd,plex_2,,,,,,,1.54,0.37,0.62,0.81,1.09,0.74
Lrrk2,plex_2,,,,,,,,,,,,
Cecr5,plex_2,,,,,,,,,,,,
Rttn,plex_2,,,,,,,2.51,0.22,1.36,2.51,1.8,1.21
Myo9b,plex_2,,,,,,,1.14,0.43,0.95,0.83,1.11,0.75
Minos1,plex_2,,,,,,,1.1,0.5,0.82,0.65,1.08,0.68
Nhp2,plex_2,,,,,,,,,,,,
Abcf2,plex_2,,,,,,,5.8,0.1,1.25,1.36,1.87,0.99
Arl8a,plex_2,,,,,,,,,,,,
Arl8a,plex_2,,,,,,,,,,,,
Myh13,plex_2,,,,,,,1.31,0.03,0.3,0.89,0.73,0.68
Ppp1r14c,plex_2,,,,,,,1.29,0.31,1.55,1.33,1.37,1.15
Nae1,plex_2,,,,,,,1.9,,1.41,1.14,1.45,1.31
Nae1,plex_2,,,,,,,1.9,,1.41,1.14,1.45,1.31
Ehbp1l1,plex_2,,,,,,,0.69,1.08,0.74,0.58,1.26,0.53
Atad3,plex_2,,,,,,,1.35,0.36,0.33,0.81,0.92,0.61
Cmya5,plex_2,,,,,,,1.01,,0.32,0.85,0.85,0.59
Mycbp2,plex_2,,,,,,,1.37,0.23,1.03,0.83,1.16,0.71
Mycbp2,plex_2,,,,,,,1.37,0.23,1.03,0.83,1.16,0.71
Dnaja2,plex_2,,,,,,,1.95,,,1.81,0.72,
Apex1,plex_2,,,,,,,1.06,0.16,0.73,0.94,1.06,0.59
Angptl7,plex_2,,,,,,,,,,,,
Bckdk,plex_2,,,,,,,1.5,0.29,0.67,0.72,1.03,0.88
Art1,plex_2,,,,,,,0.69,0.58,0.75,0.81,0.91,0.83
Rp1l1,plex_2,,,,,,,,,,,,
Gnai2,plex_2,,,,,,,1.34,,0.9,0.88,0.92,0.72
Atpaf1,plex_2,,,,,,,0.78,0.16,0.93,0.71,0.68,0.89
Atpaf1,plex_2,,,,,,,0.78,0.16,0.93,0.71,0.68,0.89
Ptms,plex_2,,,,,,,0.64,,0.6,0.3,0.32,0.49
Cutc,plex_2,,,,,,,2.21,,3.33,2.89,2.36,0.79
Arih1,plex_2,,,,,,,1.62,,,0.3,0.98,0.58
Rad21,plex_2,,,,,,,0.65,,0.38,0.56,0.68,0.49
Rad21,plex_2,,,,,,,0.65,,0.38,0.56,0.68,0.49
Fam134b,plex_2,,,,,,,1.67,0.79,0.8,0.72,1.11,0.77
Fam134b,plex_2,,,,,,,1.67,0.79,0.8,0.72,1.11,0.77
Fam134b,plex_2,,,,,,,1.67,0.79,0.8,0.72,1.11,0.77
Fam134b,plex_2,,,,,,,1.67,0.79,0.8,0.72,1.11,0.77
Gstz1,plex_2,,,,,,,1.03,0.42,0.41,0.59,0.82,0.62
Hsd17b4,plex_2,,,,,,,0.97,0.13,0.73,0.81,0.87,0.87
Add3,plex_2,,,,,,,0.53,,1.31,,0.45,0.21
Add3,plex_2,,,,,,,0.53,,1.31,,0.45,0.21
Eif4g2,plex_2,,,,,,,1.1,0.47,0.89,0.82,1.15,0.67
Lace1,plex_2,,,,,,,0.46,0.16,0.43,,0.68,0.49
Lace1,plex_2,,,,,,,0.46,0.16,0.43,,0.68,0.49
Anxa4,plex_2,,,,,,,1.19,0.31,1.1,0.62,0.92,0.63
Deptor,plex_2,,,,,,,1.18,0.43,1.17,0.72,1.09,0.62
Deptor,plex_2,,,,,,,1.18,0.43,1.17,0.72,1.09,0.62
Deptor,plex_2,,,,,,,1.18,0.43,1.17,0.72,1.09,0.62
Depdc6,plex_2,,,,,,,1.18,0.43,1.17,0.72,1.09,0.62
Deptor,plex_2,,,,,,,1.18,0.43,1.17,0.72,1.09,0.62
Depdc6,plex_2,,,,,,,1.18,0.43,1.17,0.72,1.09,0.62
Cep131,plex_2,,,,,,,1.7,0.34,1.19,1.08,1.05,0.74
Prmt1,plex_2,,,,,,,,,2.0,1.02,2.53,1.05
Prmt1,plex_2,,,,,,,,,2.0,1.02,2.53,1.05
Prmt1,plex_2,,,,,,,,,2.0,1.02,2.53,1.05
Cpne6,plex_2,,,,,,,1.42,2.11,1.75,0.69,1.26,0.49
Ecsit,plex_2,,,,,,,0.69,0.26,0.75,0.66,0.92,0.48
Ecsit,plex_2,,,,,,,0.69,0.26,0.75,0.66,0.92,0.48
Rps29,plex_2,,,,,,,1.24,0.2,0.9,0.49,0.88,0.54
Dnah3,plex_2,,,,,,,,,0.55,,0.5,
Fam162a,plex_2,,,,,,,1.13,0.27,0.66,0.57,0.9,0.91
Myh14,plex_2,,,,,,,0.66,0.79,0.43,0.5,1.25,0.52
Myh14,plex_2,,,,,,,0.66,0.79,0.43,0.5,1.25,0.52
Myh14,plex_2,,,,,,,0.66,0.79,0.43,0.5,1.25,0.52
Sec23a,plex_2,,,,,,,,,,,,
Sec23a,plex_2,,,,,,,,,,,,
Sec23a,plex_2,,,,,,,,,,,,
Parvb,plex_2,,,,,,,0.93,0.29,1.15,0.88,0.84,0.62
Tsn,plex_2,,,,,,,,,,,,
Abca1,plex_2,,,,,,,0.1,3.13,0.46,0.53,0.24,0.28
Numa1,plex_2,,,,,,,1.31,0.13,0.96,0.83,0.78,0.62
Numa1,plex_2,,,,,,,1.31,0.13,0.96,0.83,0.78,0.62
Spag9,plex_2,,,,,,,3.47,,1.56,1.91,2.01,1.97
Ralb,plex_2,,,,,,,1.23,0.17,1.02,0.91,1.62,1.13
Ralb,plex_2,,,,,,,1.23,0.17,1.02,0.91,1.62,1.13
Parp3,plex_2,,,,,,,0.9,0.37,0.85,0.71,0.78,0.42
Parp3,plex_2,,,,,,,0.9,0.37,0.85,0.71,0.78,0.42
Ldha,plex_2,,,,,,,0.72,0.12,0.51,0.63,0.99,0.66
Ldha,plex_2,,,,,,,1.26,,0.81,0.72,1.31,0.59
Rnf123,plex_2,,,,,,,0.9,0.76,1.09,0.75,1.09,0.59
Rnf123,plex_2,,,,,,,0.9,0.76,1.09,0.75,1.09,0.59
Rnf123,plex_2,,,,,,,0.9,0.76,1.09,0.75,1.09,0.59
Mfn1,plex_2,,,,,,,0.62,0.34,1.12,0.53,0.76,0.25
Rcn2,plex_2,,,,,,,1.04,0.3,2.36,0.6,0.89,0.95
Rcn2,plex_2,,,,,,,1.04,0.3,2.36,0.6,0.89,0.95
Mapk13,plex_2,,,,,,,2.89,0.66,2.68,1.0,1.61,1.94
Erp44,plex_2,,,,,,,0.63,0.27,1.33,0.8,0.77,0.75
Erp44,plex_2,,,,,,,0.63,0.27,1.33,0.8,0.77,0.75
Ano10,plex_2,,,,,,,,,,,,
Ano10,plex_2,,,,,,,,,,,,
Ano10,plex_2,,,,,,,,,,,,
Ano10,plex_2,,,,,,,,,,,,
Enoph1,plex_2,,,,,,,0.67,0.21,0.77,0.77,0.75,0.68
Enoph1,plex_2,,,,,,,0.67,0.21,0.77,0.77,0.75,0.68
Ccdc124,plex_2,,,,,,,1.0,,0.88,0.6,0.48,0.54
Gm10264,plex_2,,,,,,,1.37,0.23,0.88,1.16,1.05,1.02
Sepsecs,plex_2,,,,,,,1.48,,0.27,0.67,0.89,1.08
Mecp2,plex_2,,,,,,,0.79,,,,0.9,1.05
Mecp2,plex_2,,,,,,,0.79,,,,0.9,1.05
Syne1,plex_2,,,,,,,1.17,0.16,0.68,0.77,0.98,0.7
Syne1,plex_2,,,,,,,1.17,0.16,0.68,0.77,0.98,0.7
Gamt,plex_2,,,,,,,1.67,0.13,1.13,1.13,1.28,0.97
Gamt,plex_2,,,,,,,1.67,0.13,1.13,1.13,1.28,0.97
Rpl19,plex_2,,,,,,,1.37,0.31,0.92,0.79,1.73,1.16
Rpl19,plex_2,,,,,,,1.37,0.31,0.92,0.79,1.73,1.16
Rpgrip1l,plex_2,,,,,,,1.38,0.07,0.52,0.75,1.07,1.01
Slc44a2,plex_2,,,,,,,0.91,,0.78,0.62,,0.54
Slc44a2,plex_2,,,,,,,0.91,,0.78,0.62,,0.54
Slc35b2,plex_2,,,,,,,1.04,0.39,0.97,0.93,0.77,0.5
Slc35b2,plex_2,,,,,,,1.04,0.39,0.97,0.93,0.77,0.5
Slc35b2,plex_2,,,,,,,1.04,0.39,0.97,0.93,0.77,0.5
Slc35b2,plex_2,,,,,,,1.04,0.39,0.97,0.93,0.77,0.5
Slc35b2,plex_2,,,,,,,1.04,0.39,0.97,0.93,0.77,0.5
Ccdc88b,plex_2,,,,,,,,,,,,
Ccdc88b,plex_2,,,,,,,,,,,,
Xpnpep1,plex_2,,,,,,,0.96,0.21,0.76,0.93,1.08,0.68
Xpnpep1,plex_2,,,,,,,0.96,0.21,0.76,0.93,1.08,0.68
Ift81,plex_2,,,,,,,1.63,0.86,1.16,1.18,1.47,1.02
L2hgdh,plex_2,,,,,,,,,,,,
Vps26b,plex_2,,,,,,,1.62,0.49,1.43,0.65,1.25,1.16
Hyou1,plex_2,,,,,,,0.69,0.2,0.59,0.59,0.71,0.58
Cfh,plex_2,,,,,,,1.1,,0.89,0.28,1.03,
Cox7b,plex_2,,,,,,,1.08,0.21,0.58,0.6,2.05,0.7
Acot10,plex_2,,,,,,,,,,,,
Ctbp1,plex_2,,,,,,,0.83,0.38,0.74,0.46,0.89,0.14
Ctbp1,plex_2,,,,,,,0.83,0.38,0.74,0.46,0.89,0.14
Ctbp1,plex_2,,,,,,,0.83,0.38,0.74,0.46,0.89,0.14
Ctbp1,plex_2,,,,,,,0.83,0.38,0.74,0.46,0.89,0.14
Marf1,plex_2,,,,,,,1.41,0.08,0.36,1.01,0.95,0.62
Marf1,plex_2,,,,,,,1.41,0.08,0.36,1.01,0.95,0.62
Marf1,plex_2,,,,,,,1.41,0.08,0.36,1.01,0.95,0.62
Marf1,plex_2,,,,,,,1.41,0.08,0.36,1.01,0.95,0.62
Ndufb2,plex_2,,,,,,,1.45,0.32,0.46,0.65,0.99,1.16
Coq3,plex_2,,,,,,,1.37,0.45,0.95,0.67,1.21,1.33
Coq3,plex_2,,,,,,,1.37,0.45,0.95,0.67,1.21,1.33
Atp11a,plex_2,,,,,,,,,,,,
Mrpl21,plex_2,,,,,,,1.61,,1.29,1.0,1.01,0.77
A730089K16Rik,plex_2,,,,,,,4.31,1.02,2.5,1.84,3.6,1.67
Csrp3,plex_2,,,,,,,0.95,,,,1.39,0.74
Acss1,plex_2,,,,,,,,,,,,
Ttn,plex_2,,,,,,,1.56,0.35,1.18,0.86,0.51,0.38
Setd3,plex_2,,,,,,,1.98,,0.88,0.79,1.84,0.58
Setd3,plex_2,,,,,,,1.98,,0.88,0.79,1.84,0.58
Olfm5,plex_2,,,,,,,1.49,0.37,1.97,1.62,2.59,1.08
Olfm5,plex_2,,,,,,,1.49,0.37,1.97,1.62,2.59,1.08
Olfm5,plex_2,,,,,,,1.49,0.37,1.97,1.62,2.59,1.08
Mylpf,plex_2,,,,,,,1.26,0.56,0.39,0.9,1.17,0.76
Itih5,plex_2,,,,,,,1.14,0.44,0.72,0.92,0.67,1.06
Por,plex_2,,,,,,,1.33,0.43,0.93,1.15,1.09,0.69
Zbtb38,plex_2,,,,,,,6.08,0.9,0.69,2.17,2.86,2.25
Plcl1,plex_2,,,,,,,,,,,,
Cops7a,plex_2,,,,,,,,,,,,
Cops7a,plex_2,,,,,,,,,,,,
Dnajc13,plex_2,,,,,,,0.93,0.25,0.82,0.68,0.98,0.54
Dnajc13,plex_2,,,,,,,0.93,0.25,0.82,0.68,0.98,0.54
Plk1,plex_2,,,,,,,,,,,,
Col24a1,plex_2,,,,,,,1.11,1.2,0.33,0.54,2.79,0.5
Mical3,plex_2,,,,,,,1.33,0.49,1.6,1.06,1.47,0.74
Copb1,plex_2,,,,,,,0.87,0.22,0.75,0.63,0.81,0.55
Atp6v1b2,plex_2,,,,,,,,,,,,
Gpx7,plex_2,,,,,,,0.83,0.26,0.81,0.81,0.76,0.5
Huwe1,plex_2,,,,,,,1.46,0.5,0.84,0.89,1.86,0.87
Huwe1,plex_2,,,,,,,1.46,0.5,0.84,0.89,1.86,0.87
Sox9,plex_2,,,,,,,3.4,0.2,1.54,1.36,2.24,1.33
Tiprl,plex_2,,,,,,,0.69,0.14,0.54,0.88,0.94,0.5
Dnase1l1,plex_2,,,,,,,,,,,,
Sepw1,plex_2,,,,,,,0.92,0.18,0.37,0.89,1.02,0.72
Gm43738,plex_2,,,,,,,,,,,,
Pld2,plex_2,,,,,,,,,,,,
Pld2,plex_2,,,,,,,,,,,,
Amy1,plex_2,,,,,,,,,,,,
,plex_2,,,,,,,1.11,0.43,0.34,0.82,1.28,0.64
Sugt1,plex_2,,,,,,,,,,,,
Flna,plex_2,,,,,,,,,,,,
Ankrd1,plex_2,,,,,,,,,,,,
Cdh23,plex_2,,,,,,,2.5,0.64,1.76,0.99,1.59,0.86
Cdh23,plex_2,,,,,,,2.5,0.64,1.76,0.99,1.59,0.86
Apob,plex_2,,,,,,,1.12,0.57,1.2,0.78,1.38,0.67
Tomm34,plex_2,,,,,,,1.19,,0.64,0.48,0.98,0.57
Tomm34,plex_2,,,,,,,1.19,,0.64,0.48,0.98,0.57
Blvrb,plex_2,,,,,,,1.07,0.33,0.55,0.4,0.86,0.68
Lrrk2,plex_2,,,,,,,1.18,0.3,0.88,0.7,0.8,0.54
Pkn2,plex_2,,,,,,,,,,,,
Pkn2,plex_2,,,,,,,,,,,,
Pkn2,plex_2,,,,,,,,,,,,
Gypc,plex_2,,,,,,,,,,,,
Gypc,plex_2,,,,,,,,,,,,
Gypc,plex_2,,,,,,,,,,,,
Arhgef6,plex_2,,,,,,,1.03,0.28,0.78,0.85,0.63,0.61
Acta1,plex_2,,,,,,,0.9,0.25,0.57,0.39,0.58,0.35
Cep78,plex_2,,,,,,,1.04,0.2,0.54,0.91,0.69,0.57
Cep295,plex_2,,,,,,,4.1,0.26,1.63,1.46,1.92,1.64
Kiaa1161,plex_2,,,,,,,4.87,0.24,1.47,1.5,1.42,1.61
Oplah,plex_2,,,,,,,,,,,,
Myh7b,plex_2,,,,,,,1.0,0.27,0.95,0.85,0.89,0.62
Sult1a1,plex_2,,,,,,,,,,,,
Sult1a1,plex_2,,,,,,,,,,,,
Sult1a1,plex_2,,,,,,,,,,,,
,plex_2,,,,,,,,,,,,
Sult1a1,plex_2,,,,,,,,,,,,
